# Macroscopic dielectric function epsm
#
# Momentum transfer Q=G+q in lattice cooridnates
# G:   0   0   0
# q:   0.0000000   0.0000000   0.0000000
# Momentum transfer Q=G+q in Cartesian cooridnates
# G:   0.0000000   0.0000000   0.0000000
# q:   0.0000000   0.0000000   0.0000000
# Norm2(G+q)   0.0000000
#
# Energy scale=   27.211384
# Used broadening in scaled energy units:    0.190480
#
# Number of k-points=      64
# Unit cell volume [au]=  110.090925
# Coulomb potential v(Q) [au]=          0.000000
#
#             Frequency                Re(epsm)                Im(epsm)       Re(epsm) form KKT
+0.8163415157999999E+01 +0.2181273972195867E+01 +0.2486711634959976E-01 +0.2204948607394901E+01
+0.8179288465251666E+01 +0.2183346929435630E+01 +0.2502748757216917E-01 +0.2202654182847033E+01
+0.8195161772503333E+01 +0.2185433233207905E+01 +0.2518935907603925E-01 +0.2197558644490044E+01
+0.8211035079755000E+01 +0.2187533008001100E+01 +0.2535275099117083E-01 +0.2197483958948124E+01
+0.8226908387006667E+01 +0.2189646379966763E+01 +0.2551768379226842E-01 +0.2197311501251517E+01
+0.8242781694258333E+01 +0.2191773476947909E+01 +0.2568417830598759E-01 +0.2197849968940737E+01
+0.8258655001510000E+01 +0.2193914428507924E+01 +0.2585225571832000E-01 +0.2198677088487281E+01
+0.8274528308761667E+01 +0.2196069365960081E+01 +0.2602193758216130E-01 +0.2199746915306036E+01
+0.8290401616013334E+01 +0.2198238422397659E+01 +0.2619324582506671E-01 +0.2200985013437723E+01
+0.8306274923264999E+01 +0.2200421732724715E+01 +0.2636620275720024E-01 +0.2202357661053446E+01
+0.8322148230516667E+01 +0.2202619433687484E+01 +0.2654083107948231E-01 +0.2203838145314743E+01
+0.8338021537768334E+01 +0.2204831663906456E+01 +0.2671715389194235E-01 +0.2205408616443346E+01
+0.8353894845020001E+01 +0.2207058563909123E+01 +0.2689519470228174E-01 +0.2207055682993339E+01
+0.8369768152271666E+01 +0.2209300276163436E+01 +0.2707497743465327E-01 +0.2208769327172365E+01
+0.8385641459523333E+01 +0.2211556945111964E+01 +0.2725652643866373E-01 +0.2210541797568849E+01
+0.8401514766775000E+01 +0.2213828717206792E+01 +0.2743986649860575E-01 +0.2212367006100079E+01
+0.8417388074026668E+01 +0.2216115740945178E+01 +0.2762502284292597E-01 +0.2214240088118461E+01
+0.8433261381278333E+01 +0.2218418166905963E+01 +0.2781202115393614E-01 +0.2216157105841155E+01
+0.8449134688530000E+01 +0.2220736147786786E+01 +0.2800088757777484E-01 +0.2218114834610071E+01
+0.8465007995781667E+01 +0.2223069838442100E+01 +0.2819164873462677E-01 +0.2220110607991263E+01
+0.8480881303033334E+01 +0.2225419395922033E+01 +0.2838433172920748E-01 +0.2222142202673903E+01
+0.8496754610285000E+01 +0.2227784979512077E+01 +0.2857896416152163E-01 +0.2224207751685591E+01
+0.8512627917536665E+01 +0.2230166750773673E+01 +0.2877557413790265E-01 +0.2226305677918046E+01
+0.8528501224788334E+01 +0.2232564873585691E+01 +0.2897419028234284E-01 +0.2228434642536256E+01
+0.8544374532040001E+01 +0.2234979514186816E+01 +0.2917484174812178E-01 +0.2230593504447072E+01
+0.8560247839291668E+01 +0.2237410841218892E+01 +0.2937755822974343E-01 +0.2232781288106318E+01
+0.8576121146543333E+01 +0.2239859025771228E+01 +0.2958236997518986E-01 +0.2234997157692127E+01
+0.8591994453794999E+01 +0.2242324241425908E+01 +0.2978930779850258E-01 +0.2237240396195816E+01
+0.8607867761046666E+01 +0.2244806664304106E+01 +0.2999840309270081E-01 +0.2239510388351877E+01
+0.8623741068298333E+01 +0.2247306473113469E+01 +0.3020968784304708E-01 +0.2241806606594676E+01
+0.8639614375550000E+01 +0.2249823849196555E+01 +0.3042319464067157E-01 +0.2244128599423147E+01
+0.8655487682801667E+01 +0.2252358976580391E+01 +0.3063895669656544E-01 +0.2246475981697251E+01
+0.8671360990053333E+01 +0.2254912042027165E+01 +0.3085700785595556E-01 +0.2248848426496436E+01
+0.8687234297305000E+01 +0.2257483235086069E+01 +0.3107738261307182E-01 +0.2251245658250206E+01
+0.8703107604556667E+01 +0.2260072748146353E+01 +0.3130011612631996E-01 +0.2253667446911889E+01
+0.8718980911808334E+01 +0.2262680776491604E+01 +0.3152524423387251E-01 +0.2256113602993217E+01
+0.8734854219060001E+01 +0.2265307518355282E+01 +0.3175280346969104E-01 +0.2258583973313611E+01
+0.8750727526311668E+01 +0.2267953174977559E+01 +0.3198283107999350E-01 +0.2261078437346167E+01
+0.8766600833563334E+01 +0.2270617950663489E+01 +0.3221536504018124E-01 +0.2263596904064443E+01
+0.8782474140814999E+01 +0.2273302052842544E+01 +0.3245044407223983E-01 +0.2266139309211753E+01
+0.8798347448066666E+01 +0.2276005692129561E+01 +0.3268810766262949E-01 +0.2268705612928575E+01
+0.8814220755318333E+01 +0.2278729082387138E+01 +0.3292839608068066E-01 +0.2271295797684934E+01
+0.8830094062570002E+01 +0.2281472440789504E+01 +0.3317135039751185E-01 +0.2273909866473513E+01
+0.8845967369821667E+01 +0.2284235987887936E+01 +0.3341701250548519E-01 +0.2276547841226735E+01
+0.8861840677073333E+01 +0.2287019947677731E+01 +0.3366542513821980E-01 +0.2279209761426983E+01
+0.8877713984325000E+01 +0.2289824547666801E+01 +0.3391663189117872E-01 +0.2281895682883810E+01
+0.8893587291576667E+01 +0.2292650018945933E+01 +0.3417067724285041E-01 +0.2284605676656431E+01
+0.8909460598828334E+01 +0.2295496596260750E+01 +0.3442760657654334E-01 +0.2287339828102658E+01
+0.8925333906079999E+01 +0.2298364518085436E+01 +0.3468746620281498E-01 +0.2290098236038577E+01
+0.8941207213331667E+01 +0.2301254026698263E+01 +0.3495030338255550E-01 +0.2292881011995365E+01
+0.8957080520583334E+01 +0.2304165368258987E+01 +0.3521616635074895E-01 +0.2295688279561642E+01
+0.8972953827835001E+01 +0.2307098792888155E+01 +0.3548510434093503E-01 +0.2298520173801427E+01
+0.8988827135086666E+01 +0.2310054554748374E+01 +0.3575716761039395E-01 +0.2301376840739044E+01
+0.9004700442338333E+01 +0.2313032912127624E+01 +0.3603240746608070E-01 +0.2304258436903520E+01
+0.9020573749590001E+01 +0.2316034127524642E+01 +0.3631087629133267E-01 +0.2307165128926193E+01
+0.9036447056841668E+01 +0.2319058467736462E+01 +0.3659262757337890E-01 +0.2310097093185603E+01
+0.9052320364093333E+01 +0.2322106203948172E+01 +0.3687771593167746E-01 +0.2313054515495184E+01
+0.9068193671345000E+01 +0.2325177611824936E+01 +0.3716619714710981E-01 +0.2316037590829120E+01
+0.9084066978596667E+01 +0.2328272971606376E+01 +0.3745812819206265E-01 +0.2319046523082882E+01
+0.9099940285848334E+01 +0.2331392568203356E+01 +0.3775356726142769E-01 +0.2322081524865063E+01
+0.9115813593100000E+01 +0.2334536691297275E+01 +0.3805257380455174E-01 +0.2325142817317681E+01
+0.9131686900351667E+01 +0.2337705635441895E+01 +0.3835520855817089E-01 +0.2328230629962380E+01
+0.9147560207603334E+01 +0.2340899700167837E+01 +0.3866153358036322E-01 +0.2331345200570361E+01
+0.9163433514855001E+01 +0.2344119190089793E+01 +0.3897161228555709E-01 +0.2334486775054001E+01
+0.9179306822106668E+01 +0.2347364415016532E+01 +0.3928550948063205E-01 +0.2337655607378558E+01
+0.9195180129358333E+01 +0.2350635690063812E+01 +0.3960329140215173E-01 +0.2340851959492224E+01
+0.9211053436609999E+01 +0.2353933335770268E+01 +0.3992502575477016E-01 +0.2344076101273407E+01
+0.9226926743861666E+01 +0.2357257678216373E+01 +0.4025078175085350E-01 +0.2347328310493854E+01
+0.9242800051113335E+01 +0.2360609049146572E+01 +0.4058063015136162E-01 +0.2350608872796659E+01
+0.9258673358365000E+01 +0.2363987786094685E+01 +0.4091464330803590E-01 +0.2353918081688188E+01
+0.9274546665616667E+01 +0.2367394232512674E+01 +0.4125289520694112E-01 +0.2357256238543079E+01
+0.9290419972868333E+01 +0.2370828737902903E+01 +0.4159546151341120E-01 +0.2360623652621604E+01
+0.9306293280120000E+01 +0.2374291657953974E+01 +0.4194241961845187E-01 +0.2364020641098762E+01
+0.9322166587371667E+01 +0.2377783354680276E+01 +0.4229384868665297E-01 +0.2367447529104470E+01
+0.9338039894623332E+01 +0.2381304196565344E+01 +0.4264982970566898E-01 +0.2370904649774442E+01
+0.9353913201875001E+01 +0.2384854558709174E+01 +0.4301044553732530E-01 +0.2374392344311264E+01
+0.9369786509126667E+01 +0.2388434822979613E+01 +0.4337578097041225E-01 +0.2377910962055270E+01
+0.9385659816378334E+01 +0.2392045378167934E+01 +0.4374592277523143E-01 +0.2381460860564961E+01
+0.9401533123629999E+01 +0.2395686620148779E+01 +0.4412095975996096E-01 +0.2385042405706642E+01
+0.9417406430881666E+01 +0.2399358952044568E+01 +0.4450098282890901E-01 +0.2388655971752998E+01
+0.9433279738133335E+01 +0.2403062784394544E+01 +0.4488608504272976E-01 +0.2392301941490528E+01
+0.9449153045385001E+01 +0.2406798535328606E+01 +0.4527636168067632E-01 +0.2395980706335496E+01
+0.9465026352636666E+01 +0.2410566630746088E+01 +0.4567191030497141E-01 +0.2399692666458515E+01
+0.9480899659888333E+01 +0.2414367504499637E+01 +0.4607283082737761E-01 +0.2403438230917383E+01
+0.9496772967140000E+01 +0.2418201598584387E+01 +0.4647922557805440E-01 +0.2407217817798315E+01
+0.9512646274391667E+01 +0.2422069363332578E+01 +0.4689119937679206E-01 +0.2411031854365451E+01
+0.9528519581643332E+01 +0.2425971257613827E+01 +0.4730885960671725E-01 +0.2414880777218602E+01
+0.9544392888895000E+01 +0.2429907749041233E+01 +0.4773231629056868E-01 +0.2418765032459255E+01
+0.9560266196146667E+01 +0.2433879314183516E+01 +0.4816168216964602E-01 +0.2422685075864878E+01
+0.9576139503398334E+01 +0.2437886438783400E+01 +0.4859707278554057E-01 +0.2426641373071577E+01
+0.9592012810649999E+01 +0.2441929617982459E+01 +0.4903860656475952E-01 +0.2430634399765130E+01
+0.9607886117901666E+01 +0.2446009356552637E+01 +0.4948640490636264E-01 +0.2434664641880550E+01
+0.9623759425153333E+01 +0.2450126169134696E+01 +0.4994059227273412E-01 +0.2438732595810207E+01
+0.9639632732405000E+01 +0.2454280580483811E+01 +0.5040129628361958E-01 +0.2442838768620741E+01
+0.9655506039656668E+01 +0.2458473125722585E+01 +0.5086864781356239E-01 +0.2446983678278804E+01
+0.9671379346908333E+01 +0.2462704350601727E+01 +0.5134278109288168E-01 +0.2451167853885850E+01
+0.9687252654160000E+01 +0.2466974811768692E+01 +0.5182383381233986E-01 +0.2455391835922173E+01
+0.9703125961411667E+01 +0.2471285077044536E+01 +0.5231194723165492E-01 +0.2459656176500317E+01
+0.9718999268663334E+01 +0.2475635725709309E+01 +0.5280726629201968E-01 +0.2463961439628162E+01
+0.9734872575915000E+01 +0.2480027348796272E+01 +0.5330993973279941E-01 +0.2468308201481862E+01
+0.9750745883166667E+01 +0.2484460549395280E+01 +0.5382012021258500E-01 +0.2472697050688899E+01
+0.9766619190418334E+01 +0.2488935942965647E+01 +0.5433796443479028E-01 +0.2477128588621510E+01
+0.9782492497670001E+01 +0.2493454157658854E+01 +0.5486363327798860E-01 +0.2481603429700836E+01
+0.9798365804921666E+01 +0.2498015834651452E+01 +0.5539729193119559E-01 +0.2486122201712012E+01
+0.9814239112173333E+01 +0.2502621628488546E+01 +0.5593911003431322E-01 +0.2490685546130570E+01
+0.9830112419424999E+01 +0.2507272207438258E+01 +0.5648926182396277E-01 +0.2495294118460524E+01
+0.9845985726676668E+01 +0.2511968253857565E+01 +0.5704792628494407E-01 +0.2499948588584409E+01
+0.9861859033928333E+01 +0.2516710464569950E+01 +0.5761528730757100E-01 +0.2504649641125774E+01
+0.9877732341180000E+01 +0.2521499551255323E+01 +0.5819153385114628E-01 +0.2509397975824470E+01
+0.9893605648431667E+01 +0.2526336240852654E+01 +0.5877686011385037E-01 +0.2514194307925124E+01
+0.9909478955683333E+01 +0.2531221275975835E+01 +0.5937146570933491E-01 +0.2519039368579367E+01
+0.9925352262935000E+01 +0.2536155415343242E+01 +0.5997555585032498E-01 +0.2523933905262129E+01
+0.9941225570186665E+01 +0.2541139434221580E+01 +0.6058934153955051E-01 +0.2528878682202655E+01
+0.9957098877438334E+01 +0.2546174124884501E+01 +0.6121303976834348E-01 +0.2533874480830658E+01
+0.9972972184690001E+01 +0.2551260297086626E+01 +0.6184687372325527E-01 +0.2538922100238158E+01
+0.9988845491941667E+01 +0.2556398778553559E+01 +0.6249107300106727E-01 +0.2544022357657694E+01
+0.1000471879919333E+02 +0.2561590415488511E+01 +0.6314587383258638E-01 +0.2549176088957350E+01
+0.1002059210644500E+02 +0.2566836073096217E+01 +0.6381151931563989E-01 +0.2554384149153348E+01
+0.1003646541369667E+02 +0.2572136636124810E+01 +0.6448825965770322E-01 +0.2559647412940819E+01
+0.1005233872094833E+02 +0.2577493009426416E+01 +0.6517635242862133E-01 +0.2564966775243454E+01
+0.1006821202820000E+02 +0.2582906118537172E+01 +0.6587606282390462E-01 +0.2570343151782841E+01
+0.1008408533545167E+02 +0.2588376910277495E+01 +0.6658766393911011E-01 +0.2575777479668012E+01
+0.1009995864270333E+02 +0.2593906353373432E+01 +0.6731143705584516E-01 +0.2581270718006373E+01
+0.1011583194995500E+02 +0.2599495439099914E+01 +0.6804767193995960E-01 +0.2586823848536552E+01
+0.1013170525720667E+02 +0.2605145181946878E+01 +0.6879666715252482E-01 +0.2592437876284134E+01
+0.1014757856445833E+02 +0.2610856620309154E+01 +0.6955873037423022E-01 +0.2598113830241290E+01
+0.1016345187171000E+02 +0.2616630817201155E+01 +0.7033417874386470E-01 +0.2603852764071170E+01
+0.1017932517896167E+02 +0.2622468860997377E+01 +0.7112333921158517E-01 +0.2609655756838142E+01
+0.1019519848621333E+02 +0.2628371866199819E+01 +0.7192654890771738E-01 +0.2615523913764863E+01
+0.1021107179346500E+02 +0.2634340974233464E+01 +0.7274415552787361E-01 +0.2621458367017433E+01
+0.1022694510071667E+02 +0.2640377354271028E+01 +0.7357651773521987E-01 +0.2627460276519671E+01
+0.1024281840796833E+02 +0.2646482204088211E+01 +0.7442400558076946E-01 +0.2633530830797839E+01
+0.1025869171522000E+02 +0.2652656750950809E+01 +0.7528700094263432E-01 +0.2639671247857057E+01
+0.1027456502247167E+02 +0.2658902252535038E+01 +0.7616589798521725E-01 +0.2645882776090799E+01
+0.1029043832972333E+02 +0.2665219997882542E+01 +0.7706110363938784E-01 +0.2652166695224919E+01
+0.1030631163697500E+02 +0.2671611308391621E+01 +0.7797303810474494E-01 +0.2658524317297584E+01
+0.1032218494422667E+02 +0.2678077538846253E+01 +0.7890213537513482E-01 +0.2664956987676893E+01
+0.1033805825147833E+02 +0.2684620078484634E+01 +0.7984884378866552E-01 +0.2671466086117677E+01
+0.1035393155873000E+02 +0.2691240352108973E+01 +0.8081362660352912E-01 +0.2678053027859186E+01
+0.1036980486598167E+02 +0.2697939821238432E+01 +0.8179696260102898E-01 +0.2684719264765798E+01
+0.1038567817323333E+02 +0.2704719985307152E+01 +0.8279934671728695E-01 +0.2691466286512162E+01
+0.1040155148048500E+02 +0.2711582382909421E+01 +0.8382129070520494E-01 +0.2698295621815327E+01
+0.1041742478773667E+02 +0.2718528593094175E+01 +0.8486332382834447E-01 +0.2705208839715638E+01
+0.1043329809498833E+02 +0.2725560236711075E+01 +0.8592599358849717E-01 +0.2712207550908732E+01
+0.1044917140224000E+02 +0.2732678977810600E+01 +0.8700986648882897E-01 +0.2719293409131096E+01
+0.1046504470949167E+02 +0.2739886525100649E+01 +0.8811552883459824E-01 +0.2726468112601481E+01
+0.1048091801674333E+02 +0.2747184633462337E+01 +0.8924358757357867E-01 +0.2733733405521003E+01
+0.1049679132399500E+02 +0.2754575105527779E+01 +0.9039467117845090E-01 +0.2741091079634424E+01
+0.1051266463124667E+02 +0.2762059793322824E+01 +0.9156943057357546E-01 +0.2748542975855829E+01
+0.1052853793849833E+02 +0.2769640599977849E+01 +0.9276854010871508E-01 +0.2756090985961515E+01
+0.1054441124575000E+02 +0.2777319481509907E+01 +0.9399269858244459E-01 +0.2763737054353348E+01
+0.1056028455300167E+02 +0.2785098448679701E+01 +0.9524263031816509E-01 +0.2771483179896205E+01
+0.1057615786025333E+02 +0.2792979568927019E+01 +0.9651908629583228E-01 +0.2779331417832745E+01
+0.1059203116750500E+02 +0.2800964968388526E+01 +0.9782284534272284E-01 +0.2787283881779650E+01
+0.1060790447475667E+02 +0.2809056834001978E+01 +0.9915471538677756E-01 +0.2795342745809076E+01
+0.1062377778200833E+02 +0.2817257415701144E+01 +0.1005155347763077E+00 +0.2803510246619672E+01
+0.1063965108926000E+02 +0.2825569028706045E+01 +0.1019061736701088E+00 +0.2811788685801657E+01
+0.1065552439651167E+02 +0.2833994055913245E+01 +0.1033275355023003E+00 +0.2820180432200409E+01
+0.1067139770376333E+02 +0.2842534950391363E+01 +0.1047805585265187E+00 +0.2828687924384158E+01
+0.1068727101101500E+02 +0.2851194237987118E+01 +0.1062662174444025E+00 +0.2837313673220109E+01
+0.1070314431826667E+02 +0.2859974520047644E+01 +0.1077855251236701E+00 +0.2846060264565625E+01
+0.1071901762551833E+02 +0.2868878476265093E+01 +0.1093395344114587E+00 +0.2854930362079511E+01
+0.1073489093277000E+02 +0.2877908867649882E+01 +0.1109293400489990E+00 +0.2863926710160154E+01
+0.1075076424002167E+02 +0.2887068539639368E+01 +0.1125560806941457E+00 +0.2873052137016956E+01
+0.1076663754727333E+02 +0.2896360425349098E+01 +0.1142209410587487E+00 +0.2882309557881866E+01
+0.1078251085452500E+02 +0.2905787548974224E+01 +0.1159251541683722E+00 +0.2891701978369006E+01
+0.1079838416177667E+02 +0.2915353029349106E+01 +0.1176700037524120E+00 +0.2901232497989364E+01
+0.1081425746902833E+02 +0.2925060083673667E+01 +0.1194568267732745E+00 +0.2910904313829872E+01
+0.1083013077628000E+02 +0.2934912031415518E+01 +0.1212870161039200E+00 +0.2920720724404785E+01
+0.1084600408353167E+02 +0.2944912298397464E+01 +0.1231620233637839E+00 +0.2930685133689438E+01
+0.1086187739078333E+02 +0.2955064421080588E+01 +0.1250833619238528E+00 +0.2940801055345877E+01
+0.1087775069803500E+02 +0.2965372051053730E+01 +0.1270526100924990E+00 +0.2951072117151034E+01
+0.1089362400528667E+02 +0.2975838959740878E+01 +0.1290714144945848E+00 +0.2961502065638774E+01
+0.1090949731253833E+02 +0.2986469043338662E+01 +0.1311414936573165E+00 +0.2972094770967553E+01
+0.1092537061979000E+02 +0.2997266327996967E+01 +0.1332646418174045E+00 +0.2982854232026269E+01
+0.1094124392704167E+02 +0.3008234975256472E+01 +0.1354427329652333E+00 +0.2993784581791962E+01
+0.1095711723429333E+02 +0.3019379287757789E+01 +0.1376777251430146E+00 +0.3004890092953380E+01
+0.1097299054154500E+02 +0.3030703715237879E+01 +0.1399716650152692E+00 +0.3016175183815855E+01
+0.1098886384879667E+02 +0.3042212860830332E+01 +0.1423266927314755E+00 +0.3027644424503180E+01
+0.1100473715604833E+02 +0.3053911487687306E+01 +0.1447450471023713E+00 +0.3039302543474363E+01
+0.1102061046330000E+02 +0.3065804525941917E+01 +0.1472290711131671E+00 +0.3051154434372753E+01
+0.1103648377055167E+02 +0.3077897080031253E+01 +0.1497812177988926E+00 +0.3063205163227551E+01
+0.1105235707780333E+02 +0.3090194436401426E+01 +0.1524040565092237E+00 +0.3075459976028274E+01
+0.1106823038505500E+02 +0.3102702071617493E+01 +0.1551002795924779E+00 +0.3087924306693920E+01
+0.1108410369230667E+02 +0.3115425660902653E+01 +0.1578727095310306E+00 +0.3100603785461160E+01
+0.1109997699955833E+02 +0.3128371087132654E+01 +0.1607243065631896E+00 +0.3113504247715357E+01
+0.1111585030681000E+02 +0.3141544450313221E+01 +0.1636581768296759E+00 +0.3126631743292447E+01
+0.1113172361406167E+02 +0.3154952077570003E+01 +0.1666775810861985E+00 +0.3139992546279158E+01
+0.1114759692131333E+02 +0.3168600533682733E+01 +0.1697859440273607E+00 +0.3153593165342319E+01
+0.1116347022856500E+02 +0.3182496632197257E+01 +0.1729868642711904E+00 +0.3167440354619755E+01
+0.1117934353581667E+02 +0.3196647447151492E+01 +0.1762841250581003E+00 +0.3181541125206774E+01
+0.1119521684306833E+02 +0.3211060325453805E+01 +0.1796817057230293E+00 +0.3195902757275714E+01
+0.1121109015032000E+02 +0.3225742899954882E+01 +0.1831837940049718E+00 +0.3210532812867141E+01
+0.1122696345757167E+02 +0.3240703103257028E+01 +0.1867947992641437E+00 +0.3225439149395317E+01
+0.1124283676482333E+02 +0.3255949182307832E+01 +0.1905193666836689E+00 +0.3240629933911831E+01
+0.1125871007207500E+02 +0.3271489713828330E+01 +0.1943623925400582E+00 +0.3256113658175744E+01
+0.1127458337932667E+02 +0.3287333620629250E+01 +0.1983290406348708E+00 +0.3271899154580723E+01
+0.1129045668657833E+02 +0.3303490188872599E+01 +0.2024247599889973E+00 +0.3287995612993347E+01
+0.1130632999383000E+02 +0.3319969086339794E+01 +0.2066553039109982E+00 +0.3304412598560690E+01
+0.1132220330108167E+02 +0.3336780381771651E+01 +0.2110267505620343E+00 +0.3321160070548423E+01
+0.1133807660833333E+02 +0.3353934565350051E+01 +0.2155455251522828E+00 +0.3338248402275328E+01
+0.1135394991558500E+02 +0.3371442570395864E+01 +0.2202184239174413E+00 +0.3355688402214088E+01
+0.1136982322283667E+02 +0.3389315796362593E+01 +0.2250526400392075E+00 +0.3373491336332467E+01
+0.1138569653008833E+02 +0.3407566133210727E+01 +0.2300557916906656E+00 +0.3391668951754582E+01
+0.1140156983734000E+02 +0.3426205987253171E+01 +0.2352359524064737E+00 +0.3410233501825633E+01
+0.1141744314459167E+02 +0.3445248308568257E+01 +0.2406016839990212E+00 +0.3429197772669750E+01
+0.1143331645184333E+02 +0.3464706620082898E+01 +0.2461620722653933E+00 +0.3448575111335650E+01
+0.1144918975909500E+02 +0.3484595048434985E+01 +0.2519267657565820E+00 +0.3468379455629552E+01
+0.1146506306634667E+02 +0.3504928356730952E+01 +0.2579060179101161E+00 +0.3488625365742100E+01
+0.1148093637359833E+02 +0.3525721979321215E+01 +0.2641107328806774E+00 +0.3509328057779749E+01
+0.1149680968085000E+02 +0.3546992058723601E+01 +0.2705525154407818E+00 +0.3530503439318772E+01
+0.1151268298810167E+02 +0.3568755484831867E+01 +0.2772437253657393E+00 +0.3552168147104256E+01
+0.1152855629535333E+02 +0.3591029936553856E+01 +0.2841975367646102E+00 +0.3574339587022548E+01
+0.1154442960260500E+02 +0.3613833926030916E+01 +0.2914280028723663E+00 +0.3597035976480649E+01
+0.1156030290985667E+02 +0.3637186845597032E+01 +0.2989501268788468E+00 +0.3620276389330705E+01
+0.1157617621710833E+02 +0.3661109017642610E+01 +0.3067799394383418E+00 +0.3644080803480838E+01
+0.1159204952436000E+02 +0.3685621747553319E+01 +0.3149345835808059E+00 +0.3668470151336767E+01
+0.1160792283161167E+02 +0.3710747379899040E+01 +0.3234324078331521E+00 +0.3693466373219666E+01
+0.1162379613886333E+02 +0.3736509358050772E+01 +0.3322930684582123E+00 +0.3719092473903833E+01
+0.1163966944611500E+02 +0.3762932287404232E+01 +0.3415376418315683E+00 +0.3745372582414881E+01
+0.1165554275336667E+02 +0.3790042002386852E+01 +0.3511887481044690E+00 +0.3772332015221531E+01
+0.1167141606061833E+02 +0.3817865637418940E+01 +0.3612706874467818E+00 +0.3799997342941490E+01
+0.1168728936787000E+02 +0.3846431701989337E+01 +0.3718095903300995E+00 +0.3828396460666275E+01
+0.1170316267512167E+02 +0.3875770159988528E+01 +0.3828335835006442E+00 +0.3857558661980979E+01
+0.1171903598237333E+02 +0.3905912513417432E+01 +0.3943729735083822E+00 +0.3887514716725792E+01
+0.1173490928962500E+02 +0.3936891890554056E+01 +0.4064604499065588E+00 +0.3918296952494472E+01
+0.1175078259687667E+02 +0.3968743138611833E+01 +0.4191313105199026E+00 +0.3949939339807578E+01
+0.1176665590412833E+02 +0.4001502920857448E+01 +0.4324237115054076E+00 +0.3982477580816373E+01
+0.1178252921138000E+02 +0.4035209818069177E+01 +0.4463789453035674E+00 +0.4015949201290237E+01
+0.1179840251863167E+02 +0.4069904434102719E+01 +0.4610417500078225E+00 +0.4050393645507762E+01
+0.1181427582588333E+02 +0.4105629505183369E+01 +0.4764606541745713E+00 +0.4085852373499576E+01
+0.1183014913313500E+02 +0.4142430012352341E+01 +0.4926883616659309E+00 +0.4122368959877102E+01
+0.1184602244038667E+02 +0.4180353296249461E+01 +0.5097821817741656E+00 +0.4159989193201909E+01
+0.1186189574763833E+02 +0.4219449173100476E+01 +0.5278045106345671E+00 +0.4198761174505658E+01
+0.1187776905489000E+02 +0.4259770050376623E+01 +0.5468233708084277E+00 +0.4238735413126991E+01
+0.1189364236214167E+02 +0.4301371040084262E+01 +0.5669130169281962E+00 +0.4279964917475619E+01
+0.1190951566939333E+02 +0.4344310066994548E+01 +0.5881546164644103E+00 +0.4322505277634897E+01
+0.1192538897664500E+02 +0.4388647968300821E+01 +0.6106370160226247E+00 +0.4366414735823965E+01
+0.1194126228389667E+02 +0.4434448580148416E+01 +0.6344576051364613E+00 +0.4411754239633575E+01
+0.1195713559114833E+02 +0.4481778805159055E+01 +0.6597232913205651E+00 +0.4458587471537245E+01
+0.1197300889840000E+02 +0.4530708653394995E+01 +0.6865516022197529E+00 +0.4506980846414972E+01
+0.1198888220565167E+02 +0.4581311247081608E+01 +0.7150719330751234E+00 +0.4557003466590999E+01
+0.1200475551290333E+02 +0.4633662776708496E+01 +0.7454269604640154E+00 +0.4608727021069632E+01
+0.1202062882015500E+02 +0.4687842392704356E+01 +0.7777742463992225E+00 +0.4662225612098579E+01
+0.1203650212740667E+02 +0.4743932012529207E+01 +0.8122880604308953E+00 +0.4717575487691962E+01
+0.1205237543465833E+02 +0.4802016017496063E+01 +0.8491614514138022E+00 +0.4774854653065479E+01
+0.1206824874191000E+02 +0.4862180806596332E+01 +0.8886086050988073E+00 +0.4834142326741961E+01
+0.1208412204916167E+02 +0.4924514165642107E+01 +0.9308675286706599E+00 +0.4895518197983943E+01
+0.1209999535641333E+02 +0.4989104398621414E+01 +0.9762031087301088E+00 +0.4959061430674661E+01
+0.1211586866366500E+02 +0.5056039153607293E+01 +0.1024910594879981E+01 +0.5024849344149241E+01
+0.1213174197091667E+02 +0.5125403857001849E+01 +0.1077319566783772E+01 +0.5092955682963525E+01
+0.1214761527816833E+02 +0.5197279646228409E+01 +0.1133798447906420E+01 +0.5163448364118602E+01
+0.1216348858542000E+02 +0.5271740660819894E+01 +0.1194759633442446E+01 +0.5236386560580052E+01
+0.1217936189267167E+02 +0.5348850513445908E+01 +0.1260665302107945E+01 +0.5311816942423027E+01
+0.1219523519992333E+02 +0.5428657713620086E+01 +0.1332033979847944E+01 +0.5389768849695216E+01
+0.1221110850717500E+02 +0.5511189755008671E+01 +0.1409447915539391E+01 +0.5470248111823405E+01
+0.1222698181442667E+02 +0.5596445499308261E+01 +0.1493561310613894E+01 +0.5553229154460939E+01
+0.1224285512167833E+02 +0.5684385392026205E+01 +0.1585109410477267E+01 +0.5638644943290508E+01
+0.1225872842893000E+02 +0.5774918924391780E+01 +0.1684918407264992E+01 +0.5726374202621026E+01
+0.1227460173618167E+02 +0.5867888607505252E+01 +0.1793916008626990E+01 +0.5816225212615717E+01
+0.1229047504343333E+02 +0.5963049547354720E+01 +0.1913142378320980E+01 +0.5907915332258434E+01
+0.1230634835068500E+02 +0.6060043503186348E+01 +0.2043760926554295E+01 +0.6001045219093794E+01
+0.1232222165793667E+02 +0.6158366083852198E+01 +0.2187068086744087E+01 +0.6095066531826054E+01
+0.1233809496518833E+02 +0.6257325505891885E+01 +0.2344500714017629E+01 +0.6189241730911762E+01
+0.1235396827244000E+02 +0.6355991142749831E+01 +0.2517639018701728E+01 +0.6282594479516758E+01
+0.1236984157969167E+02 +0.6453130011232746E+01 +0.2708201931048530E+01 +0.6373849170882760E+01
+0.1238571488694333E+02 +0.6547129499942850E+01 +0.2918030399998536E+01 +0.6461358399459589E+01
+0.1240158819419500E+02 +0.6635905261828450E+01 +0.3149052288534367E+01 +0.6543017960384097E+01
+0.1241746150144667E+02 +0.6716794608667241E+01 +0.3403220223688539E+01 +0.6616170517266090E+01
+0.1243333480869833E+02 +0.6786438456498460E+01 +0.3682411108060121E+01 +0.6677501857084010E+01
+0.1244920811595000E+02 +0.6840659541888580E+01 +0.3988273398553424E+01 +0.6722938197040873E+01
+0.1246508142320167E+02 +0.6874352019334976E+01 +0.4322006608266348E+01 +0.6747559876166981E+01
+0.1248095473045333E+02 +0.6881408263910473E+01 +0.4684058490492111E+01 +0.6745556253849003E+01
+0.1249682803770500E+02 +0.6854722605663730E+01 +0.5073731790598513E+01 +0.6710258250693403E+01
+0.1251270134495667E+02 +0.6786326877346332E+01 +0.5488708105075917E+01 +0.6634296517450223E+01
+0.1252857465220833E+02 +0.6667723818952211E+01 +0.5924525193960062E+01 +0.6509939719141417E+01
+0.1254444795946000E+02 +0.6490481651409767E+01 +0.6374087528444024E+01 +0.6329660396408960E+01
+0.1256032126671167E+02 +0.6247122473674245E+01 +0.6827342220400031E+01 +0.6086944495275170E+01
+0.1257619457396333E+02 +0.5932265584416760E+01 +0.7271295263473630E+01 +0.5777296735442917E+01
+0.1259206788121500E+02 +0.5543874493585488E+01 +0.7690543136167640E+01 +0.5399301502141787E+01
+0.1260794118846667E+02 +0.5084332140569328E+01 +0.8068414895151896E+01 +0.4955504652909676E+01
+0.1262381449571833E+02 +0.4560996509335361E+01 +0.8388645569508501E+01 +0.4452836354334353E+01
+0.1263968780297000E+02 +0.3985944998334296E+01 +0.8637275310057557E+01 +0.3902353612683068E+01
+0.1265556111022167E+02 +0.3374834809188240E+01 +0.8804297563050984E+01 +0.3318261482802026E+01
+0.1267143441747333E+02 +0.2745125155717671E+01 +0.8884587217697426E+01 +0.2716419356877652E+01
+0.1268730772472500E+02 +0.2114168317657711E+01 +0.8877874625143328E+01 +0.2112734370447211E+01
+0.1270318103197667E+02 +0.1497718156473194E+01 +0.8787901878709581E+01 +0.1521870950628854E+01
+0.1271905433922833E+02 +0.9091795251578774E+00 +0.8621205619400648E+01 +0.9565336211535526E+00
+0.1273492764648000E+02 +0.3595507178735921E+00 +0.8386037889837249E+01 +0.4273003063006885E+00
+0.1275080095373167E+02 -0.1422880612659642E+00 +0.8091732422729937E+01 -0.5724431511455919E-01
+0.1276667426098333E+02 -0.5893460457117952E+00 +0.7748490202520381E+01 -0.4903778276889270E+00
+0.1278254756823500E+02 -0.9765730166027394E+00 +0.7367310094744639E+01 -0.8672846405088392E+00
+0.1279842087548667E+02 -0.1301132425091277E+01 +0.6959764768698353E+01 -0.1185247016721160E+01
+0.1281429418273833E+02 -0.1562658642336478E+01 +0.6537491935011505E+01 -0.1443815388126535E+01
+0.1283016748999000E+02 -0.1763267759983560E+01 +0.6111487939989880E+01 -0.1644786677893620E+01
+0.1284604079724167E+02 -0.1907234963462553E+01 +0.5691412008253761E+01 -0.1791919386778698E+01
+0.1286191410449333E+02 -0.2000410412680512E+01 +0.5285092045236505E+01 -0.1890433919251118E+01
+0.1287778741174500E+02 -0.2049529991728553E+01 +0.4898320141980509E+01 -0.1946417200303469E+01
+0.1289366071899667E+02 -0.2061572568075097E+01 +0.4534918155895578E+01 -0.1966254596631006E+01
+0.1290953402624833E+02 -0.2043258640362611E+01 +0.4196990206644766E+01 -0.1956172374850957E+01
+0.1292540733350000E+02 -0.2000721010314420E+01 +0.3885265658906516E+01 -0.1921923399351205E+01
+0.1294128064075167E+02 -0.1939332390068143E+01 +0.3599454811603827E+01 -0.1868609569223097E+01
+0.1295715394800333E+02 -0.1863653118761199E+01 +0.3338568806102228E+01 -0.1800613480982651E+01
+0.1297302725525500E+02 -0.1777458537640308E+01 +0.3101181567904944E+01 -0.1721606029008286E+01
+0.1298890056250667E+02 -0.1683811648390365E+01 +0.2885629723714932E+01 -0.1634599963613130E+01
+0.1300477386975833E+02 -0.1585155950756198E+01 +0.2690156480007080E+01 -0.1542026427712467E+01
+0.1302064717701000E+02 -0.1483412168471514E+01 +0.2513009584578329E+01 -0.1445818820808006E+01
+0.1303652048426167E+02 -0.1380069472249041E+01 +0.2352504076840634E+01 -0.1347494430926073E+01
+0.1305239379151333E+02 -0.1276266596956687E+01 +0.2207059359699624E+01 -0.1248228715943414E+01
+0.1306826709876500E+02 -0.1172861272025341E+01 +0.2075218322239987E+01 -0.1148920055306468E+01
+0.1308414040601667E+02 -0.1070488120153947E+01 +0.1955654412738713E+01 -0.1050244576564721E+01
+0.1310001371326833E+02 -0.9696060623358875E+00 +0.1847170973906689E+01 -0.9527016404115318E+00
+0.1311588702052000E+02 -0.8705366256463845E+00 +0.1748695886164272E+01 -0.8566510294808793E+00
+0.1313176032777167E+02 -0.7734946098382212E+00 +0.1659273607664509E+01 -0.7623430371156146E+00
+0.1314763363502333E+02 -0.6786124740545103E+00 +0.1578056002896478E+01 -0.6699426312211205E+00
+0.1316350694227500E+02 -0.5859596429060766E+00 +0.1504292858564341E+01 -0.5795487624018056E+00
+0.1317938024952667E+02 -0.4955577510310615E+00 +0.1437322644613119E+01 -0.4912097466266754E+00
+0.1319525355677833E+02 -0.4073926728283446E+00 +0.1376563847687613E+01 -0.4049355096460119E+00
+0.1321112686403000E+02 -0.3214240312058029E+00 +0.1321507051558519E+01 -0.3207073480561355E+00
+0.1322700017128167E+02 -0.2375927499901359E+00 +0.1271707840085776E+01 -0.2384857467274579E+00
+0.1324287347853333E+02 -0.1558271091159522E+00 +0.1226780535687090E+01 -0.1582166961538338E+00
+0.1325874678578500E+02 -0.7604767795473651E-01 +0.1186392747560382E+01 -0.7983687552006802E-01
+0.1327462009303667E+02 +0.1828562421620147E-02 +0.1150260680135925E+01 -0.3278006350033058E-02
+0.1329049340028833E+02 +0.7788464528572714E-01 +0.1118145136881872E+01 +0.7152936462888271E-01
+0.1330636670754000E+02 +0.1522003638406935E+00 +0.1089848142665155E+01 +0.1446524283582442E+00
+0.1332224001479167E+02 +0.2248491298062792E+00 +0.1065210095225513E+01 +0.2161528200791394E+00
+0.1333811332204333E+02 +0.2958947511770151E+00 +0.1044107339080554E+01 +0.2860832825584774E+00
+0.1335398662929500E+02 +0.3653879410775506E+00 +0.1026450029299976E+01 +0.3544841079353365E+00
+0.1336985993654667E+02 +0.4333623718739171E+00 +0.1012180113505881E+01 +0.4213791874615045E+00
+0.1338573324379833E+02 +0.4998300926205128E+00 +0.1001269202933200E+01 +0.4867715091085683E+00
+0.1340160655105000E+02 +0.5647761418330154E+00 +0.9937160216848699E+00 +0.5506379655445537E+00
+0.1341747985830167E+02 +0.6281522247148896E+00 +0.9895430121020941E+00 +0.6129233822027309E+00
+0.1343335316555333E+02 +0.6898694048325377E+00 +0.9887915307126769E+00 +0.6735337661619742E+00
+0.1344922647280500E+02 +0.7497899149978569E+00 +0.9915148979213492E+00 +0.7323289381924278E+00
+0.1346509978005667E+02 +0.8077184617721407E+00 +0.9977683851267000E+00 +0.7891149769070924E+00
+0.1348097308730833E+02 +0.8633938313990386E+00 +0.1007595083162516E+01 +0.8436373127887801E+00
+0.1349684639456000E+02 +0.9164822461346206E+00 +0.1021006589469255E+01 +0.8955758873450683E+00
+0.1351271970181167E+02 +0.9665747773423400E+00 +0.1037957734824704E+01 +0.9445445253987352E+00
+0.1352859300906333E+02 +0.1013192110751509E+01 +0.1058315365920685E+01 +0.9900974543163450E+00
+0.1354446631631500E+02 +0.1055800818521680E+01 +0.1081822753074730E+01 +0.1031746488684686E+01
+0.1356033962356667E+02 +0.1093845504460383E+01 +0.1108063642913174E+01 +0.1068992331047516E+01
+0.1357621293081833E+02 +0.1126799989697611E+01 +0.1136433116978263E+01 +0.1101372113931706E+01
+0.1359208623807000E+02 +0.1154237328918165E+01 +0.1166125403314508E+01 +0.1128522197635742E+01
+0.1360795954532167E+02 +0.1175912687591240E+01 +0.1196150029813720E+01 +0.1150250341708156E+01
+0.1362383285257333E+02 +0.1191846044167522E+01 +0.1225385326264794E+01 +0.1166605700315418E+01
+0.1363970615982500E+02 +0.1202385907384699E+01 +0.1252671273079848E+01 +0.1177930746557323E+01
+0.1365557946707667E+02 +0.1208233933521626E+01 +0.1276933186676661E+01 +0.1184878601111457E+01
+0.1367145277432833E+02 +0.1210415319655518E+01 +0.1297317020634645E+01 +0.1188383664097181E+01
+0.1368732608158000E+02 +0.1210190369630364E+01 +0.1313309888553644E+01 +0.1189582377399876E+01
+0.1370319938883167E+02 +0.1208916133424618E+01 +0.1324818094369314E+01 +0.1189692396698199E+01
+0.1371907269608333E+02 +0.1207880746702476E+01 +0.1332180423547596E+01 +0.1189869917690087E+01
+0.1373494600333500E+02 +0.1208143856864929E+01 +0.1336107175576010E+01 +0.1191073374599873E+01
+0.1375081931058667E+02 +0.1210419667100127E+01 +0.1337554191657981E+01 +0.1193963548653760E+01
+0.1376669261783833E+02 +0.1215030497459322E+01 +0.1337560582977484E+01 +0.1198862569548755E+01
+0.1378256592509000E+02 +0.1221939185451556E+01 +0.1337090600639772E+01 +0.1205778402942059E+01
+0.1379843923234167E+02 +0.1230845313017061E+01 +0.1336918217640614E+01 +0.1214482666188528E+01
+0.1381431253959333E+02 +0.1241312343700409E+01 +0.1337578266569240E+01 +0.1224615021276442E+01
+0.1383018584684500E+02 +0.1252886167356344E+01 +0.1339386375046548E+01 +0.1235781834606931E+01
+0.1384605915409666E+02 +0.1265171497157374E+01 +0.1342508615840516E+01 +0.1247621606711979E+01
+0.1386193246134833E+02 +0.1277849060498124E+01 +0.1347046972583344E+01 +0.1259823220984766E+01
+0.1387780576860000E+02 +0.1290638940030301E+01 +0.1353103470554974E+01 +0.1272101200198808E+01
+0.1389367907585167E+02 +0.1303236083892146E+01 +0.1360796465517784E+01 +0.1284148563226539E+01
+0.1390955238310333E+02 +0.1315254175745514E+01 +0.1370223848850758E+01 +0.1295595876748292E+01
+0.1392542569035500E+02 +0.1326208937038163E+01 +0.1381390743714131E+01 +0.1306001217769243E+01
+0.1394129899760667E+02 +0.1335554333963767E+01 +0.1394133482346654E+01 +0.1314882106889703E+01
+0.1395717230485833E+02 +0.1342763733734462E+01 +0.1408072009891241E+01 +0.1321783528317481E+01
+0.1397304561211000E+02 +0.1347431892963850E+01 +0.1422610998935079E+01 +0.1326363042224933E+01
+0.1398891891936167E+02 +0.1349368216394732E+01 +0.1436992087141258E+01 +0.1328469264644628E+01
+0.1400479222661333E+02 +0.1348657767743282E+01 +0.1450383367710478E+01 +0.1328194360554101E+01
+0.1402066553386500E+02 +0.1345680224201025E+01 +0.1461984202672320E+01 +0.1325891548322069E+01
+0.1403653884111667E+02 +0.1341090630110429E+01 +0.1471126367783260E+01 +0.1322159018159466E+01
+0.1405241214836833E+02 +0.1335771447519454E+01 +0.1477362466600348E+01 +0.1317796445889923E+01
+0.1406828545562000E+02 +0.1330761161290451E+01 +0.1480540041927396E+01 +0.1313738339265331E+01
+0.1408415876287167E+02 +0.1327157843918124E+01 +0.1480857699597658E+01 +0.1310964833896283E+01
+0.1410003207012333E+02 +0.1325997064230774E+01 +0.1478890603986724E+01 +0.1310392159800275E+01
+0.1411590537737500E+02 +0.1328115262297862E+01 +0.1475567976789286E+01 +0.1312753570071763E+01
+0.1413177868462667E+02 +0.1334023687895459E+01 +0.1472093274343370E+01 +0.1318491210558758E+01
+0.1414765199187833E+02 +0.1343822080784750E+01 +0.1469815711440718E+01 +0.1327681956027780E+01
+0.1416352529913000E+02 +0.1357171092332603E+01 +0.1470078121615969E+01 +0.1340012533849243E+01
+0.1417939860638167E+02 +0.1373324614998549E+01 +0.1474070967085315E+01 +0.1354805719692732E+01
+0.1419527191363333E+02 +0.1391208468903386E+01 +0.1482715024439736E+01 +0.1371087651959260E+01
+0.1421114522088500E+02 +0.1409526572959478E+01 +0.1496582890519488E+01 +0.1387681224345666E+01
+0.1422701852813667E+02 +0.1426878630583062E+01 +0.1515859847960225E+01 +0.1403311678077599E+01
+0.1424289183538833E+02 +0.1441878839903799E+01 +0.1540341313045527E+01 +0.1416714029741683E+01
+0.1425876514264000E+02 +0.1453267778469232E+01 +0.1569465317162208E+01 +0.1426733852908937E+01
+0.1427463844989167E+02 +0.1460007466636533E+01 +0.1602379389203320E+01 +0.1432411735604520E+01
+0.1429051175714334E+02 +0.1461345298124636E+01 +0.1638037102864253E+01 +0.1433039470951054E+01
+0.1430638506439500E+02 +0.1456832143798302E+01 +0.1675309331657982E+01 +0.1428177162865398E+01
+0.1432225837164667E+02 +0.1446289371888255E+01 +0.1713083842612454E+01 +0.1417628833193838E+01
+0.1433813167889834E+02 +0.1429738850853386E+01 +0.1750323984803015E+01 +0.1401389117930263E+01
+0.1435400498615000E+02 +0.1407329995866148E+01 +0.1786070870236790E+01 +0.1379588014942260E+01
+0.1436987829340167E+02 +0.1379303936535014E+01 +0.1819401417101885E+01 +0.1352463876371532E+01
+0.1438575160065333E+02 +0.1346017622321845E+01 +0.1849382313003169E+01 +0.1320380786406109E+01
+0.1440162490790500E+02 +0.1308015489405297E+01 +0.1875068593666293E+01 +0.1283879665198394E+01
+0.1441749821515667E+02 +0.1266102221753339E+01 +0.1895575527380978E+01 +0.1243727216295003E+01
+0.1443337152240833E+02 +0.1221358692234264E+01 +0.1910211461891084E+01 +0.1200919101881781E+01
+0.1444924482966000E+02 +0.1175064700848954E+01 +0.1918619245758772E+01 +0.1156610791796266E+01
+0.1446511813691167E+02 +0.1128537762474425E+01 +0.1920859064503604E+01 +0.1111984284112320E+01
+0.1448099144416333E+02 +0.1082941998949719E+01 +0.1917387254611463E+01 +0.1068092601149454E+01
+0.1449686475141500E+02 +0.1039138783213964E+01 +0.1908933085540559E+01 +0.1025737220935634E+01
+0.1451273805866667E+02 +0.9976309629018358E+00 +0.1896321502330823E+01 +0.9854189167408509E+00
+0.1452861136591833E+02 +0.9586081657915926E+00 +0.1880308875227337E+01 +0.9473691207160919E+00
+0.1454448467317000E+02 +0.9220581783549197E+00 +0.1861483433454121E+01 +0.9116361895476445E+00
+0.1456035798042167E+02 +0.8878905036775188E+00 +0.1840245369071165E+01 +0.8781853561640656E+00
+0.1457623128767333E+02 +0.8560280941824927E+00 +0.1816846151260456E+01 +0.8469772770738037E+00
+0.1459210459492500E+02 +0.8264507385696132E+00 +0.1791449890279941E+01 +0.8180101735358486E+00
+0.1460797790217667E+02 +0.7992005609483893E+00 +0.1764185694348506E+01 +0.7913311372415708E+00
+0.1462385120942833E+02 +0.7743723610956599E+00 +0.1735180078619374E+01 +0.7670322588093965E+00
+0.1463972451668000E+02 +0.7521054589424843E+00 +0.1704577671458866E+01 +0.7452437988616260E+00
+0.1465559782393167E+02 +0.7325770567630175E+00 +0.1672564309758622E+01 +0.7261252850411484E+00
+0.1467147113118333E+02 +0.7159840883377139E+00 +0.1639396522076065E+01 +0.7098465275535457E+00
+0.1468734443843500E+02 +0.7025023459897712E+00 +0.1605424684867490E+01 +0.6965520940588549E+00
+0.1470321774568667E+02 +0.6922279313110882E+00 +0.1571088822908155E+01 +0.6863143187268185E+00
+0.1471909105293833E+02 +0.6851241080814110E+00 +0.1536874992885039E+01 +0.6790924818354721E+00
+0.1473496436019000E+02 +0.6810015398016387E+00 +0.1503241434436267E+01 +0.6747189225391279E+00
+0.1475083766744167E+02 +0.6795467602581010E+00 +0.1470542347174003E+01 +0.6729229772854821E+00
+0.1476671097469333E+02 +0.6803909358268297E+00 +0.1438980686384864E+01 +0.6733865683146016E+00
+0.1478258428194500E+02 +0.6831926091219084E+00 +0.1408608281201489E+01 +0.6758111857046538E+00
+0.1479845758919667E+02 +0.6877037443001968E+00 +0.1379370544179602E+01 +0.6799722624875868E+00
+0.1481433089644833E+02 +0.6937983950002093E+00 +0.1351175688889833E+01 +0.6857442090937638E+00
+0.1483020420370000E+02 +0.7014606165104013E+00 +0.1323962423425315E+01 +0.6930925494984777E+00
+0.1484607751095167E+02 +0.7107433688531206E+00 +0.1297746178288031E+01 +0.7020415370008852E+00
+0.1486195081820333E+02 +0.7217165337387778E+00 +0.1272636438282664E+01 +0.7126312234930423E+00
+0.1487782412545500E+02 +0.7344193224045823E+00 +0.1248828911519525E+01 +0.7248765733274956E+00
+0.1489369743270666E+02 +0.7488250486415221E+00 +0.1226581239813518E+01 +0.7387360779635560E+00
+0.1490957073995833E+02 +0.7648201317184253E+00 +0.1206180184771435E+01 +0.7540925197871375E+00
+0.1492544404721000E+02 +0.7821967526363783E+00 +0.1187905437713632E+01 +0.7707461193005538E+00
+0.1494131735446167E+02 +0.8006586994746911E+00 +0.1171993543306460E+01 +0.7884198137998817E+00
+0.1495719066171333E+02 +0.8198403269589782E+00 +0.1158605606769401E+01 +0.8067763212424197E+00
+0.1497306396896500E+02 +0.8393377892503453E+00 +0.1147803551106971E+01 +0.8254457899933892E+00
+0.1498893727621667E+02 +0.8587494392093904E+00 +0.1139540412795959E+01 +0.8440608912121075E+00
+0.1500481058346833E+02 +0.8777189767220928E+00 +0.1133669276314043E+01 +0.8622935878225537E+00
+0.1502068389072000E+02 +0.8959719083970297E+00 +0.1129972079737031E+01 +0.8798856225780695E+00
+0.1503655719797167E+02 +0.9133351547472957E+00 +0.1128203965183718E+01 +0.8966645124707434E+00
+0.1505243050522333E+02 +0.9297327367802304E+00 +0.1128143050392797E+01 +0.9125395620128649E+00
+0.1506830381247500E+02 +0.9451570880268121E+00 +0.1129632310570407E+01 +0.9274777779663369E+00
+0.1508417711972667E+02 +0.9596232860935884E+00 +0.1132601722475198E+01 +0.9414657196491367E+00
+0.1510005042697833E+02 +0.9731190786517632E+00 +0.1137064868319844E+01 +0.9544676978412254E+00
+0.1511592373423000E+02 +0.9855643965490802E+00 +0.1143092578798235E+01 +0.9663913387949825E+00
+0.1513179704148166E+02 +0.9967894397386821E+00 +0.1150773329654338E+01 +0.9770679269758330E+00
+0.1514767034873333E+02 +0.1006532345997295E+01 +0.1160172510770038E+01 +0.9862487574386730E+00
+0.1516354365598500E+02 +0.1014450137321586E+01 +0.1171298980668257E+01 +0.9936132031393320E+00
+0.1517941696323667E+02 +0.1020134428185599E+01 +0.1184079777282817E+01 +0.9987824790891294E+00
+0.1519529027048833E+02 +0.1023127565967483E+01 +0.1198337582958676E+01 +0.1001336012569194E+01
+0.1521116357774000E+02 +0.1022942275959810E+01 +0.1213764992449820E+01 +0.1000832583624669E+01
+0.1522703688499167E+02 +0.1019093037926381E+01 +0.1229895188415303E+01 +0.9968420565371565E+00
+0.1524291019224333E+02 +0.1011146719216888E+01 +0.1246076508720390E+01 +0.9889928824334508E+00
+0.1525878349949500E+02 +0.9987938624727023E+00 +0.1261463934422147E+01 +0.9770357103763574E+00
+0.1527465680674666E+02 +0.9819334356479819E+00 +0.1275041308607393E+01 +0.9609164693856536E+00
+0.1529053011399833E+02 +0.9607556000659809E+00 +0.1285683961673191E+01 +0.9408455260865835E+00
+0.1530640342125000E+02 +0.9358012295934527E+00 +0.1292262820176745E+01 +0.9173450353419577E+00
+0.1532227672850167E+02 +0.9079760290310543E+00 +0.1293778971199643E+01 +0.8912564958665865E+00
+0.1533815003575333E+02 +0.8785036981099704E+00 +0.1289505092918664E+01 +0.8636965008835461E+00
+0.1535402334300500E+02 +0.8488167134536286E+00 +0.1279102373425815E+01 +0.8359604167410715E+00
+0.1536989665025667E+02 +0.8204009111923883E+00 +0.1262683127935919E+01 +0.8093879609844505E+00
+0.1538576995750833E+02 +0.7946245955304703E+00 +0.1240801163549429E+01 +0.7852162860822842E+00
+0.1540164326476000E+02 +0.7725885836748407E+00 +0.1214370458537132E+01 +0.7644506691809475E+00
+0.1541751657201166E+02 +0.7550280032274299E+00 +0.1184531467083567E+01 +0.7477783671755281E+00
+0.1543338987926333E+02 +0.7422818109436232E+00 +0.1152496683508680E+01 +0.7355392277954410E+00
+0.1544926318651500E+02 +0.7343275512218145E+00 +0.1119409070464285E+01 +0.7277516601657682E+00
+0.1546513649376667E+02 +0.7308633791522241E+00 +0.1086239001703946E+01 +0.7241797328875370E+00
+0.1548100980101833E+02 +0.7314113490938596E+00 +0.1053731478197371E+01 +0.7244202069358310E+00
+0.1549688310827000E+02 +0.7354166217983034E+00 +0.1022400780578786E+01 +0.7279883946431915E+00
+0.1551275641552167E+02 +0.7423249065316553E+00 +0.9925589656525483E+00 +0.7343876210913269E+00
+0.1552862972277333E+02 +0.7516315099480033E+00 +0.9643604776713810E+00 +0.7431558239577998E+00
+0.1554450303002500E+02 +0.7629053261457429E+00 +0.9378478587932765E+00 +0.7538908825520613E+00
+0.1556037633727667E+02 +0.7757963303962516E+00 +0.9129905319841076E+00 +0.7662607754930079E+00
+0.1557624964452833E+02 +0.7900346593074510E+00 +0.8897156627101215E+00 +0.7800048335949219E+00
+0.1559212295178000E+02 +0.8054253209829421E+00 +0.8679337014451458E+00 +0.7949296974895778E+00
+0.1560799625903167E+02 +0.8218386428713891E+00 +0.8475606312940973E+00 +0.8109007692520795E+00
+0.1562386956628333E+02 +0.8391953641580654E+00 +0.8285362296206289E+00 +0.8278289441625120E+00
+0.1563974287353500E+02 +0.8574468722727897E+00 +0.8108357046767324E+00 +0.8456533973595196E+00
+0.1565561618078667E+02 +0.8765535143650580E+00 +0.7944724307953062E+00 +0.8643228879908438E+00
+0.1567148948803833E+02 +0.8964651810986849E+00 +0.7794916186256331E+00 +0.8837789937597782E+00
+0.1568736279529000E+02 +0.9171078756367279E+00 +0.7659570611035856E+00 +0.9039443641873123E+00
+0.1570323610254167E+02 +0.9383783967455978E+00 +0.7539345311147536E+00 +0.9247178350227931E+00
+0.1571910940979333E+02 +0.9601473994643484E+00 +0.7434758311366281E+00 +0.9459766672394483E+00
+0.1573498271704500E+02 +0.9822693396000137E+00 +0.7346071373448008E+00 +0.9675846385287410E+00
+0.1575085602429667E+02 +0.1004596308239132E+01 +0.7273242420805874E+00 +0.9894034336163267E+00
+0.1576672933154834E+02 +0.1026991790188891E+01 +0.7215955880875085E+00 +0.1011304004148805E+01
+0.1578260263880000E+02 +0.1049340361751544E+01 +0.7173718402728714E+00 +0.1033174609965747E+01
+0.1579847594605167E+02 +0.1071550537229202E+01 +0.7145987695451953E+00 +0.1054923268178471E+01
+0.1581434925330333E+02 +0.1093550144146911E+01 +0.7132291728989807E+00 +0.1076474118231004E+01
+0.1583022256055500E+02 +0.1115276068132794E+01 +0.7132298721744966E+00 +0.1097759216583711E+01
+0.1584609586780667E+02 +0.1136662154181118E+01 +0.7145814950903128E+00 +0.1118708840802924E+01
+0.1586196917505833E+02 +0.1157629778949895E+01 +0.7172713242130326E+00 +0.1139243924176723E+01
+0.1587784248231000E+02 +0.1178084640721183E+01 +0.7212821854472899E+00 +0.1159273415740051E+01
+0.1589371578956167E+02 +0.1197920745923823E+01 +0.7265819652404124E+00 +0.1178697323241303E+01
+0.1590958909681333E+02 +0.1217029430610731E+01 +0.7331179035512571E+00 +0.1197413779363351E+01
+0.1592546240406500E+02 +0.1235309176411409E+01 +0.7408173318782116E+00 +0.1215326892040446E+01
+0.1594133571131667E+02 +0.1252672169543659E+01 +0.7495933096257257E+00 +0.1232352268774689E+01
+0.1595720901856833E+02 +0.1269045895812010E+01 +0.7593515029082976E+00 +0.1248418840244795E+01
+0.1597308232582000E+02 +0.1284371115628075E+01 +0.7699948774637190E+00 +0.1263467861732300E+01
+0.1598895563307167E+02 +0.1298599364999959E+01 +0.7814251359318837E+00 +0.1277451296657694E+01
+0.1600482894032333E+02 +0.1311692448212979E+01 +0.7935426533108113E+00 +0.1290331316268316E+01
+0.1602070224757500E+02 +0.1323623725154742E+01 +0.8062477941689492E+00 +0.1302080790613620E+01
+0.1603657555482667E+02 +0.1334378499225616E+01 +0.8194449217538069E+00 +0.1312682937287329E+01
+0.1605244886207833E+02 +0.1343950692146084E+01 +0.8330473324710951E+00 +0.1322128260822994E+01
+0.1606832216933000E+02 +0.1352335558217014E+01 +0.8469793659346329E+00 +0.1330408749358441E+01
+0.1608419547658167E+02 +0.1359521470087810E+01 +0.8611728143351034E+00 +0.1337511625849415E+01
+0.1610006878383333E+02 +0.1365485267940958E+01 +0.8755579209141573E+00 +0.1343415995910089E+01
+0.1611594209108500E+02 +0.1370194278229508E+01 +0.8900524734737272E+00 +0.1348094716580412E+01
+0.1613181539833667E+02 +0.1373614878933871E+01 +0.9045537053804746E+00 +0.1351521407176790E+01
+0.1614768870558834E+02 +0.1375724461382083E+01 +0.9189363211780488E+00 +0.1353680237072616E+01
+0.1616356201284000E+02 +0.1376522582886597E+01 +0.9330570001917289E+00 +0.1354575271056403E+01
+0.1617943532009167E+02 +0.1376038445673555E+01 +0.9467632275389244E+00 +0.1354237017614682E+01
+0.1619530862734333E+02 +0.1374334175668272E+01 +0.9599039171047092E+00 +0.1352725403818877E+01
+0.1621118193459500E+02 +0.1371504418239399E+01 +0.9723407259926550E+00 +0.1350129169807887E+01
+0.1622705524184667E+02 +0.1367671638827392E+01 +0.9839598680356031E+00 +0.1346561141878767E+01
+0.1624292854909833E+02 +0.1362975183949728E+01 +0.9946826013499734E+00 +0.1342148349543137E+01
+0.1625880185635000E+02 +0.1357553735881802E+01 +0.1004469481370589E+01 +0.1337017442855068E+01
+0.1627467516360167E+02 +0.1351525823518148E+01 +0.1013312845235560E+01 +0.1331279473087347E+01
+0.1629054847085333E+02 +0.1344977824760443E+01 +0.1021216706883942E+01 +0.1325021172308404E+01
+0.1630642177810500E+02 +0.1337968273140611E+01 +0.1028171463758628E+01 +0.1318308953091202E+01
+0.1632229508535666E+02 +0.1330549667509511E+01 +0.1034136624138460E+01 +0.1311206022012494E+01
+0.1633816839260833E+02 +0.1322798504262309E+01 +0.1039042947117874E+01 +0.1303795284531735E+01
+0.1635404169986000E+02 +0.1314837854228163E+01 +0.1042815950997651E+01 +0.1296196101516582E+01
+0.1636991500711167E+02 +0.1306839015596246E+01 +0.1045411062981830E+01 +0.1288564740459737E+01
+0.1638578831436333E+02 +0.1298998653006734E+01 +0.1046843603349504E+01 +0.1281075910545990E+01
+0.1640166162161500E+02 +0.1291499989535961E+01 +0.1047198278665784E+01 +0.1273892084298358E+01
+0.1641753492886667E+02 +0.1284474691262014E+01 +0.1046612010166614E+01 +0.1267133557256778E+01
+0.1643340823611834E+02 +0.1277982212666089E+01 +0.1045235955228143E+01 +0.1260862369979205E+01
+0.1644928154337000E+02 +0.1272015929934143E+01 +0.1043191654289448E+01 +0.1255087494921185E+01
+0.1646515485062167E+02 +0.1266534282156260E+01 +0.1040538515747319E+01 +0.1249789991521440E+01
+0.1648102815787333E+02 +0.1261505392103726E+01 +0.1037264973448398E+01 +0.1244959072744262E+01
+0.1649690146512500E+02 +0.1256949098507251E+01 +0.1033306217478986E+01 +0.1240626316637211E+01
+0.1651277477237667E+02 +0.1252962463254004E+01 +0.1028581607156279E+01 +0.1236886782712623E+01
+0.1652864807962833E+02 +0.1249722175319480E+01 +0.1023038967603444E+01 +0.1233901391260007E+01
+0.1654452138688000E+02 +0.1247465818108778E+01 +0.1016693209138290E+01 +0.1231881527504963E+01
+0.1656039469413167E+02 +0.1246459216047932E+01 +0.1009651673824414E+01 +0.1231061182268167E+01
+0.1657626800138333E+02 +0.1246957394409478E+01 +0.1002124041618089E+01 +0.1231662815793299E+01
+0.1659214130863500E+02 +0.1249164501085773E+01 +0.9944170693683989E+00 +0.1233862058732270E+01
+0.1660801461588667E+02 +0.1253197092257944E+01 +0.9869143011733081E+00 +0.1237755775588413E+01
+0.1662388792313833E+02 +0.1259056502463145E+01 +0.9800414099579058E+00 +0.1243338631912468E+01
+0.1663976123039000E+02 +0.1266617080542188E+01 +0.9742210587725585E+00 +0.1250493561857733E+01
+0.1665563453764167E+02 +0.1275634918994106E+01 +0.9698255780813252E+00 +0.1258999546019648E+01
+0.1667150784489333E+02 +0.1285776286019910E+01 +0.9671378826709905E+00 +0.1268555880045613E+01
+0.1668738115214500E+02 +0.1296659202614742E+01 +0.9663289828015679E+00 +0.1278817646823189E+01
+0.1670325445939666E+02 +0.1307898613188508E+01 +0.9674553692511039E+00 +0.1289434631981718E+01
+0.1671912776664833E+02 +0.1319146283840665E+01 +0.9704743487097864E+00 +0.1300086216359866E+01
+0.1673500107390000E+02 +0.1330119569213460E+01 +0.9752722554257310E+00 +0.1310506976004007E+01
+0.1675087438115167E+02 +0.1340616473385412E+01 +0.9816997707621362E+00 +0.1320500321716187E+01
+0.1676674768840333E+02 +0.1350516591890932E+01 +0.9896094482831153E+00 +0.1329939383334402E+01
+0.1678262099565500E+02 +0.1359768163930708E+01 +0.9988916130113233E+00 +0.1338755139020920E+01
+0.1679849430290666E+02 +0.1368361189496520E+01 +0.1009504828892540E+01 +0.1346911988206170E+01
+0.1681436761015834E+02 +0.1376286887045653E+01 +0.1021495637482951E+01 +0.1354371692695346E+01
+0.1683024091741000E+02 +0.1383486314802526E+01 +0.1035000348105295E+01 +0.1361048945182743E+01
+0.1684611422466167E+02 +0.1389795942129250E+01 +0.1050221764060603E+01 +0.1366765728286263E+01
+0.1686198753191333E+02 +0.1394903126435895E+01 +0.1067377925821240E+01 +0.1371215394447230E+01
+0.1687786083916500E+02 +0.1398326328555149E+01 +0.1086627796717133E+01 +0.1373948513988288E+01
+0.1689373414641667E+02 +0.1399431356984111E+01 +0.1107987105901604E+01 +0.1374389502940780E+01
+0.1690960745366833E+02 +0.1397486927025354E+01 +0.1131252535449864E+01 +0.1371886521581964E+01
+0.1692548076092000E+02 +0.1391753464223498E+01 +0.1155952322061827E+01 +0.1365789390977404E+01
+0.1694135406817167E+02 +0.1381591256366717E+01 +0.1181336814149408E+01 +0.1355543598419858E+01
+0.1695722737542333E+02 +0.1366569166876585E+01 +0.1206415217205257E+01 +0.1340784218421648E+01
+0.1697310068267500E+02 +0.1346553659753625E+01 +0.1230036008582475E+01 +0.1321412398619243E+01
+0.1698897398992667E+02 +0.1321760326918687E+01 +0.1250999494035645E+01 +0.1297639347019879E+01
+0.1700484729717833E+02 +0.1292756783818620E+01 +0.1268183463905316E+01 +0.1269988598748367E+01
+0.1702072060443000E+02 +0.1260416028851368E+01 +0.1280659257571338E+01 +0.1239255953844866E+01
+0.1703659391168167E+02 +0.1225830730993820E+01 +0.1287777882524998E+01 +0.1206435746067495E+01
+0.1705246721893333E+02 +0.1190207365134798E+01 +0.1289214477896382E+01 +0.1172628828006420E+01
+0.1706834052618500E+02 +0.1154760660871823E+01 +0.1284971378301589E+01 +0.1138948985659811E+01
+0.1708421383343666E+02 +0.1120622693382087E+01 +0.1275349532033162E+01 +0.1106440099836882E+01
+0.1710008714068833E+02 +0.1088771445315301E+01 +0.1260900226647661E+01 +0.1076009465231704E+01
+0.1711596044794000E+02 +0.1059977618624280E+01 +0.1242364501589925E+01 +0.1048378022075755E+01
+0.1713183375519167E+02 +0.1034769365747679E+01 +0.1220602276156187E+01 +0.1024048236612962E+01
+0.1714770706244333E+02 +0.1013419247715987E+01 +0.1196513231442457E+01 +0.1003292839959639E+01
+0.1716358036969500E+02 +0.9959592080950309E+00 +0.1170957249483269E+01 +0.9861679848146083E+00
+0.1717945367694667E+02 +0.9822238129206871E+00 +0.1144687910567573E+01 +0.9725500471891614E+00
+0.1719532698419833E+02 +0.9719124837900038E+00 +0.1118311768911098E+01 +0.9621883676670093E+00
+0.1721120029145000E+02 +0.9646550250975979E+00 +0.1092277967588417E+01 +0.9547615476705255E+00
+0.1722707359870166E+02 +0.9600660653382896E+00 +0.1066892479397955E+01 +0.9499257683474680E+00
+0.1724294690595333E+02 +0.9577815921641513E+00 +0.1042345402096354E+01 +0.9473490590877758E+00
+0.1725882021320500E+02 +0.9574788872797851E+00 +0.1018740764544560E+01 +0.9467315882980514E+00
+0.1727469352045667E+02 +0.9588850500087115E+00 +0.9961234788197469E+00 +0.9478153820919828E+00
+0.1729056682770833E+02 +0.9617783587005934E+00 +0.9745026262099632E+00 +0.9503867613211747E+00
+0.1730644013496000E+02 +0.9659839840020010E+00 +0.9538714263948896E+00 +0.9542731763371700E+00
+0.1732231344221167E+02 +0.9713644140969524E+00 +0.9342228400278185E+00 +0.9593353558244786E+00
+0.1733818674946333E+02 +0.9778062955097795E+00 +0.9155586547673509E+00 +0.9654565017202158E+00
+0.1735406005671500E+02 +0.9852074112718744E+00 +0.8978911029633475E+00 +0.9725314959261437E+00
+0.1736993336396667E+02 +0.9934677033633891E+00 +0.8812389884834478E+00 +0.9804590590575829E+00
+0.1738580667121833E+02 +0.1002485808256503E+01 +0.8656225446923129E+00 +0.9891379820766497E+00
+0.1740167997847000E+02 +0.1012159116410844E+01 +0.8510608316881952E+00 +0.9984660396575693E+00
+0.1741755328572167E+02 +0.1022383390739185E+01 +0.8375725975241048E+00 +0.1008338738527171E+01
+0.1743342659297333E+02 +0.1033048768345700E+01 +0.8251782004319105E+00 +0.1018645607388737E+01
+0.1744929990022500E+02 +0.1044031819101160E+01 +0.8138984901433495E+00 +0.1029263863646457E+01
+0.1746517320747667E+02 +0.1055186498751598E+01 +0.8037472216352994E+00 +0.1040051738010148E+01
+0.1748104651472833E+02 +0.1066338847154113E+01 +0.7947160827115571E+00 +0.1050845326424210E+01
+0.1749691982198000E+02 +0.1077290453660045E+01 +0.7867547092069265E+00 +0.1061462932146880E+01
+0.1751279312923167E+02 +0.1087833942786040E+01 +0.7797510866578391E+00 +0.1071719334732129E+01
+0.1752866643648333E+02 +0.1097780323667990E+01 +0.7735195273130417E+00 +0.1081449550710107E+01
+0.1754453974373500E+02 +0.1106993710535002E+01 +0.7678031108175715E+00 +0.1090538093143750E+01
+0.1756041305098667E+02 +0.1115424883922282E+01 +0.7622945261227189E+00 +0.1098946571908739E+01
+0.1757628635823833E+02 +0.1123133140385479E+01 +0.7566738091282270E+00 +0.1106731100172477E+01
+0.1759215966549000E+02 +0.1130287599950764E+01 +0.7506549759466070E+00 +0.1114042637721514E+01
+0.1760803297274166E+02 +0.1137145169692801E+01 +0.7440288486794062E+00 +0.1121108327272501E+01
+0.1762390627999333E+02 +0.1144010816511372E+01 +0.7366895464470571E+00 +0.1128198447735631E+01
+0.1763977958724500E+02 +0.1151192476643005E+01 +0.7286381476268282E+00 +0.1135588658487475E+01
+0.1765565289449667E+02 +0.1158963796584250E+01 +0.7199661218409656E+00 +0.1143527897734740E+01
+0.1767152620174833E+02 +0.1167542458130828E+01 +0.7108280322738374E+00 +0.1152218340655914E+01
+0.1768739950900000E+02 +0.1177083928979973E+01 +0.7014139787490294E+00 +0.1161807940061890E+01
+0.1770327281625167E+02 +0.1187685200323455E+01 +0.6919280147604161E+00 +0.1172391882300437E+01
+0.1771914612350334E+02 +0.1199392668108857E+01 +0.6825734424229530E+00 +0.1184018525680794E+01
+0.1773501943075500E+02 +0.1212211036320985E+01 +0.6735431238667251E+00 +0.1196697025532473E+01
+0.1775089273800667E+02 +0.1226112660688669E+01 +0.6650132961590783E+00 +0.1210405635036714E+01
+0.1776676604525833E+02 +0.1241047247751044E+01 +0.6571408946238505E+00 +0.1225100180252718E+01
+0.1778263935251000E+02 +0.1256950731817990E+01 +0.6500649770463396E+00 +0.1240721609375273E+01
+0.1779851265976167E+02 +0.1273751100018358E+01 +0.6439118256109794E+00 +0.1257200908424926E+01
+0.1781438596701333E+02 +0.1291369241785511E+01 +0.6388014793477854E+00 +0.1274460017381597E+01
+0.1783025927426500E+02 +0.1309714757019770E+01 +0.6348522575070770E+00 +0.1292408821311021E+01
+0.1784613258151667E+02 +0.1328679090291900E+01 +0.6321803571375421E+00 +0.1310940112610719E+01
+0.1786200588876833E+02 +0.1348129865800045E+01 +0.6308938210587079E+00 +0.1329925528434245E+01
+0.1787787919602000E+02 +0.1367909883310243E+01 +0.6310829156615581E+00 +0.1349215132734163E+01
+0.1789375250327167E+02 +0.1387842072231759E+01 +0.6328107345844596E+00 +0.1368641647865020E+01
+0.1790962581052333E+02 +0.1407738910488069E+01 +0.6361077664741479E+00 +0.1388028177703868E+01
+0.1792549911777500E+02 +0.1427412721281358E+01 +0.6409723024137814E+00 +0.1407196640711105E+01
+0.1794137242502667E+02 +0.1446682825746578E+01 +0.6473757153257824E+00 +0.1425973829195382E+01
+0.1795724573227833E+02 +0.1465377107062679E+01 +0.6552690465030011E+00 +0.1444193291857466E+01
+0.1797311903953000E+02 +0.1483328671361118E+01 +0.6645863247909736E+00 +0.1461693676135906E+01
+0.1798899234678166E+02 +0.1500371589468009E+01 +0.6752415026214075E+00 +0.1478316650221113E+01
+0.1800486565403333E+02 +0.1516341311980749E+01 +0.6871195186454278E+00 +0.1493908646877856E+01
+0.1802073896128500E+02 +0.1531083992632964E+01 +0.7000661186652231E+00 +0.1508329516896517E+01
+0.1803661226853666E+02 +0.1544474887833659E+01 +0.7138834306996116E+00 +0.1521467987049301E+01
+0.1805248557578833E+02 +0.1556441041876936E+01 +0.7283373634812395E+00 +0.1533259987849964E+01
+0.1806835888304000E+02 +0.1566980057807076E+01 +0.7431787743742700E+00 +0.1543703324105513E+01
+0.1808423219029167E+02 +0.1576166699748022E+01 +0.7581747373699630E+00 +0.1552862196354097E+01
+0.1810010549754334E+02 +0.1584142657992972E+01 +0.7731416484742211E+00 +0.1560857947019738E+01
+0.1811597880479500E+02 +0.1591090597566210E+01 +0.7879705010939222E+00 +0.1567846964230439E+01
+0.1813185211204667E+02 +0.1597199016409074E+01 +0.8026371767385869E+00 +0.1573990928699923E+01
+0.1814772541929833E+02 +0.1602626988815045E+01 +0.8171957873141411E+00 +0.1579426665414770E+01
+0.1816359872655000E+02 +0.1607476655555896E+01 +0.8317583530126410E+00 +0.1584242069614659E+01
+0.1817947203380167E+02 +0.1611777546413206E+01 +0.8464670240532473E+00 +0.1588461758259311E+01
+0.1819534534105333E+02 +0.1615482813741438E+01 +0.8614649667004396E+00 +0.1592042951351437E+01
+0.1821121864830500E+02 +0.1618475034792431E+01 +0.8768699893812469E+00 +0.1594880018767486E+01
+0.1822709195555667E+02 +0.1620578836857728E+01 +0.8927526883141930E+00 +0.1596815559755284E+01
+0.1824296526280833E+02 +0.1621578454463340E+01 +0.9091196135659148E+00 +0.1597656309411168E+01
+0.1825883857006000E+02 +0.1621239173261362E+01 +0.9259019771464698E+00 +0.1597192671739172E+01
+0.1827471187731167E+02 +0.1619331511017046E+01 +0.9429509910622633E+00 +0.1595220592381248E+01
+0.1829058518456333E+02 +0.1615656044706359E+01 +0.9600408754893784E+00 +0.1591563875581863E+01
+0.1830645849181500E+02 +0.1610066082211760E+01 +0.9768794515784722E+00 +0.1586094619994284E+01
+0.1832233179906667E+02 +0.1602485818647864E+01 +0.9931247844570819E+00 +0.1578749787781366E+01
+0.1833820510631833E+02 +0.1592922948760933E+01 +0.1008405772106530E+01 +0.1569542846977397E+01
+0.1835407841357000E+02 +0.1581475695561972E+01 +0.1022345216378993E+01 +0.1558570129244740E+01
+0.1836995172082166E+02 +0.1568333955252988E+01 +0.1034584784942317E+01 +0.1546011445749744E+01
+0.1838582502807333E+02 +0.1553773203051521E+01 +0.1044811036850647E+01 +0.1532123932475219E+01
+0.1840169833532500E+02 +0.1538139452110527E+01 +0.1052780038374502E+01 +0.1517228069081650E+01
+0.1841757164257667E+02 +0.1521825059398980E+01 +0.1058336247413650E+01 +0.1501686087025435E+01
+0.1843344494982833E+02 +0.1505238149128294E+01 +0.1061421072489620E+01 +0.1485875243783799E+01
+0.1844931825708000E+02 +0.1488771089700803E+01 +0.1062068593057122E+01 +0.1470160429590456E+01
+0.1846519156433167E+02 +0.1472774092194623E+01 +0.1060389323798055E+01 +0.1454871098045000E+01
+0.1848106487158334E+02 +0.1457538504730074E+01 +0.1056545672426010E+01 +0.1440286463628254E+01
+0.1849693817883500E+02 +0.1443292198654741E+01 +0.1050723950772007E+01 +0.1426631169434178E+01
+0.1851281148608667E+02 +0.1430207670551556E+01 +0.1043108242602581E+01 +0.1414081896776952E+01
+0.1852868479333833E+02 +0.1418421514885378E+01 +0.1033862022033756E+01 +0.1402783394269999E+01
+0.1854455810059000E+02 +0.1408060631689370E+01 +0.1023123313850116E+01 +0.1392869656541749E+01
+0.1856043140784167E+02 +0.1399266645945481E+01 +0.1011016365889262E+01 +0.1384483196018225E+01
+0.1857630471509333E+02 +0.1392208495809328E+01 +0.9976767653704872E+00 +0.1377784586984775E+01
+0.1859217802234500E+02 +0.1387076636915174E+01 +0.9832804269645011E+00 +0.1372947391285006E+01
+0.1860805132959667E+02 +0.1384060062843018E+01 +0.9680643409114223E+00 +0.1370139483503287E+01
+0.1862392463684833E+02 +0.1383314950014974E+01 +0.9523307429953648E+00 +0.1369497489483803E+01
+0.1863979794410000E+02 +0.1384936374508885E+01 +0.9364343045288750E+00 +0.1371103129564672E+01
+0.1865567125135166E+02 +0.1388940945320549E+01 +0.9207588567209313E+00 +0.1374967795515075E+01
+0.1867154455860333E+02 +0.1395261585898114E+01 +0.9056920322507180E+00 +0.1381026903160202E+01
+0.1868741786585500E+02 +0.1403750863426860E+01 +0.8916031870641932E+00 +0.1389141821056049E+01
+0.1870329117310667E+02 +0.1414188605127684E+01 +0.8788255944788311E+00 +0.1399106298588458E+01
+0.1871916448035833E+02 +0.1426291735491585E+01 +0.8676415883823410E+00 +0.1410655587361999E+01
+0.1873503778761000E+02 +0.1439726384800266E+01 +0.8582697020235878E+00 +0.1423477917647090E+01
+0.1875091109486167E+02 +0.1454122731336104E+01 +0.8508541815654403E+00 +0.1437228433070904E+01
+0.1876678440211333E+02 +0.1469092309113794E+01 +0.8454578288078567E+00 +0.1451545313316131E+01
+0.1878265770936500E+02 +0.1484247000029057E+01 +0.8420587863948376E+00 +0.1466067462109983E+01
+0.1879853101661667E+02 +0.1499219122222148E+01 +0.8405515987287364E+00 +0.1480453149455106E+01
+0.1881440432386833E+02 +0.1513682188066223E+01 +0.8407533652976760E+00 +0.1494398924197727E+01
+0.1883027763112000E+02 +0.1527370999167565E+01 +0.8424165522569507E+00 +0.1507657329145030E+01
+0.1884615093837167E+02 +0.1540097723205021E+01 +0.8452495897470664E+00 +0.1520050544457305E+01
+0.1886202424562333E+02 +0.1551759024543112E+01 +0.8489436742964002E+00 +0.1531476232055030E+01
+0.1887789755287500E+02 +0.1562330528599123E+01 +0.8532000611727997E+00 +0.1541903121608908E+01
+0.1889377086012666E+02 +0.1571849805271731E+01 +0.8577495850862119E+00 +0.1551357699662591E+01
+0.1890964416737833E+02 +0.1580395405716384E+01 +0.8623583382328750E+00 +0.1559907949034430E+01
+0.1892551747463000E+02 +0.1588072697486103E+01 +0.8668205559579931E+00 +0.1567652161640304E+01
+0.1894139078188167E+02 +0.1595013885970394E+01 +0.8709478638289260E+00 +0.1574718101236487E+01
+0.1895726408913333E+02 +0.1601390660822400E+01 +0.8745674542930140E+00 +0.1581271069582481E+01
+0.1897313739638500E+02 +0.1607428658956092E+01 +0.8775373830149857E+00 +0.1587522622322308E+01
+0.1898901070363667E+02 +0.1613409442882643E+01 +0.8797770348569990E+00 +0.1593729192148095E+01
+0.1900488401088834E+02 +0.1619650534480524E+01 +0.8813008954074375E+00 +0.1600173573465898E+01
+0.1902075731814000E+02 +0.1626464503133625E+01 +0.8822400491508993E+00 +0.1607130110150165E+01
+0.1903663062539167E+02 +0.1634107996509279E+01 +0.8828402826513801E+00 +0.1614821983083482E+01
+0.1905250393264333E+02 +0.1642735519736969E+01 +0.8834351040329100E+00 +0.1623382223605001E+01
+0.1906837723989500E+02 +0.1652369639152894E+01 +0.8844006182999433E+00 +0.1632828048370140E+01
+0.1908425054714667E+02 +0.1662892437664087E+01 +0.8861028851361972E+00 +0.1643053072998902E+01
+0.1910012385439833E+02 +0.1674057104092510E+01 +0.8888470217969517E+00 +0.1653837247878832E+01
+0.1911599716165000E+02 +0.1685516067021154E+01 +0.8928338677528636E+00 +0.1664871971502087E+01
+0.1913187046890167E+02 +0.1696862458532193E+01 +0.8981277568027700E+00 +0.1675797497428483E+01
+0.1914774377615333E+02 +0.1707682308214815E+01 +0.9046390910658352E+00 +0.1686249686456450E+01
+0.1916361708340500E+02 +0.1717613369231197E+01 +0.9121266442350693E+00 +0.1695911727795624E+01
+0.1917949039065666E+02 +0.1726402585281805E+01 +0.9202240595535803E+00 +0.1704563534320736E+01
+0.1919536369790833E+02 +0.1733950190474275E+01 +0.9284906966259114E+00 +0.1712118835058940E+01
+0.1921123700516000E+02 +0.1740327949271271E+01 +0.9364792146494282E+00 +0.1718640188338354E+01
+0.1922711031241167E+02 +0.1745764651523570E+01 +0.9438046246126571E+00 +0.1724326899251116E+01
+0.1924298361966333E+02 +0.1750602568573980E+01 +0.9501970855817163E+00 +0.1729479072605730E+01
+0.1925885692691500E+02 +0.1755238887164500E+01 +0.9555263842206236E+00 +0.1734448820365710E+01
+0.1927473023416666E+02 +0.1760069887128079E+01 +0.9597974610790708E+00 +0.1739592506608233E+01
+0.1929060354141833E+02 +0.1765450523131560E+01 +0.9631267524021474E+00 +0.1745234302578835E+01
+0.1930647684867000E+02 +0.1771672079926246E+01 +0.9657123885584359E+00 +0.1751644051556691E+01
+0.1932235015592167E+02 +0.1778952777573890E+01 +0.9678068834639088E+00 +0.1759026495938270E+01
+0.1933822346317333E+02 +0.1787434970715549E+01 +0.9696938957443153E+00 +0.1767517482155058E+01
+0.1935409677042500E+02 +0.1797186502286376E+01 +0.9716668339054215E+00 +0.1777185049086965E+01
+0.1936997007767667E+02 +0.1808207793628652E+01 +0.9740084768945296E+00 +0.1788035910805556E+01
+0.1938584338492833E+02 +0.1820446416816759E+01 +0.9769746580698470E+00 +0.1800027933006978E+01
+0.1940171669218000E+02 +0.1833817220444972E+01 +0.9807871004372195E+00 +0.1813086648067082E+01
+0.1941758999943167E+02 +0.1848221777376637E+01 +0.9856384321519455E+00 +0.1827120847360378E+01
+0.1943346330668333E+02 +0.1863559453919999E+01 +0.9917073350908741E+00 +0.1842031332860508E+01
+0.1944933661393500E+02 +0.1879725075151922E+01 +0.9991768040918307E+00 +0.1857709026324275E+01
+0.1946520992118667E+02 +0.1896593677120169E+01 +0.1008246515949114E+01 +0.1874022905430249E+01
+0.1948108322843833E+02 +0.1913998393110722E+01 +0.1019132417210945E+01 +0.1890802553742481E+01
+0.1949695653569000E+02 +0.1931710436959083E+01 +0.1032051792544079E+01 +0.1907822407566626E+01
+0.1951282984294167E+02 +0.1949429160117077E+01 +0.1047197791585220E+01 +0.1924794062281667E+01
+0.1952870315019333E+02 +0.1966785945475002E+01 +0.1064711074666606E+01 +0.1941369748280354E+01
+0.1954457645744500E+02 +0.1983360362850315E+01 +0.1084656451213371E+01 +0.1957155902128026E+01
+0.1956044976469666E+02 +0.1998702908427111E+01 +0.1107009345529543E+01 +0.1971732505768825E+01
+0.1957632307194833E+02 +0.2012357437134605E+01 +0.1131652109548131E+01 +0.1984672901767081E+01
+0.1959219637920000E+02 +0.2023878629019872E+01 +0.1158375743721853E+01 +0.1995560540101685E+01
+0.1960806968645167E+02 +0.2032844697191482E+01 +0.1186880760285895E+01 +0.2004002826643364E+01
+0.1962394299370333E+02 +0.2038870659995808E+01 +0.1216773220480534E+01 +0.2009646001089743E+01
+0.1963981630095500E+02 +0.2041629628429919E+01 +0.1247557794300872E+01 +0.2012196360782261E+01
+0.1965568960820666E+02 +0.2040886600815771E+01 +0.1278635931849625E+01 +0.2011450711488302E+01
+0.1967156291545833E+02 +0.2036542072103659E+01 +0.1309319890793065E+01 +0.2007333401051789E+01
+0.1968743622271000E+02 +0.2028675054831298E+01 +0.1338870158347489E+01 +0.1999931461233441E+01
+0.1970330952996167E+02 +0.2017571210889423E+01 +0.1366555839224143E+01 +0.1989516479324142E+01
+0.1971918283721333E+02 +0.2003723968955627E+01 +0.1391728733729156E+01 +0.1976543547087574E+01
+0.1973505614446500E+02 +0.1987803598229752E+01 +0.1413896303661130E+01 +0.1961623199751255E+01
+0.1975092945171667E+02 +0.1970597717655448E+01 +0.1432778456800845E+01 +0.1945469117188278E+01
+0.1976680275896833E+02 +0.1952933381151077E+01 +0.1448337124238964E+01 +0.1928829990529706E+01
+0.1978267606622000E+02 +0.1935594369749763E+01 +0.1460773790241839E+01 +0.1912417070239294E+01
+0.1979854937347167E+02 +0.1919247659929946E+01 +0.1470496859993405E+01 +0.1896839249080209E+01
+0.1981442268072333E+02 +0.1904390282933252E+01 +0.1478066929088815E+01 +0.1882555156974930E+01
+0.1983029598797500E+02 +0.1891322140907529E+01 +0.1484132150281293E+01 +0.1869847036241584E+01
+0.1984616929522667E+02 +0.1880143152250639E+01 +0.1489366294288415E+01 +0.1858815343776625E+01
+0.1986204260247833E+02 +0.1870766940671952E+01 +0.1494418191330866E+01 +0.1849388134381103E+01
+0.1987791590973000E+02 +0.1862940830663935E+01 +0.1499874359302894E+01 +0.1841337360890846E+01
+0.1989378921698167E+02 +0.1856264514180294E+01 +0.1506229796454833E+01 +0.1834296231609077E+01
+0.1990966252423334E+02 +0.1850206347933462E+01 +0.1513858666101785E+01 +0.1827776762458159E+01
+0.1992553583148500E+02 +0.1844123318768225E+01 +0.1522978931866114E+01 +0.1821191967867934E+01
+0.1994140913873666E+02 +0.1837294199964161E+01 +0.1533611722137334E+01 +0.1813889744876493E+01
+0.1995728244598833E+02 +0.1828973469071046E+01 +0.1545543581028516E+01 +0.1805203987167346E+01
+0.1997315575324000E+02 +0.1818467485558230E+01 +0.1558304336812512E+01 +0.1794523604926265E+01
+0.1998902906049167E+02 +0.1805226841175252E+01 +0.1571173881579889E+01 +0.1781373797439473E+01
+0.2000490236774333E+02 +0.1788941455999626E+01 +0.1583227978447170E+01 +0.1765497740447731E+01
+0.2002077567499500E+02 +0.1769619043458363E+01 +0.1593426256316484E+01 +0.1746922170877955E+01
+0.2003664898224667E+02 +0.1747625259114860E+01 +0.1600734703301341E+01 +0.1725989127389221E+01
+0.2005252228949833E+02 +0.1723668478032631E+01 +0.1604262345119979E+01 +0.1703340586833868E+01
+0.2006839559675000E+02 +0.1698725043065516E+01 +0.1603382772946314E+01 +0.1679853453158811E+01
+0.2008426890400166E+02 +0.1673918390415666E+01 +0.1597811637981864E+01 +0.1656536305300110E+01
+0.2010014221125333E+02 +0.1650380068196978E+01 +0.1587622899616443E+01 +0.1634410744917734E+01
+0.2011601551850500E+02 +0.1629125294266797E+01 +0.1573205097046632E+01 +0.1614403859187607E+01
+0.2013188882575667E+02 +0.1610968331368425E+01 +0.1555176083558588E+01 +0.1597272675778079E+01
+0.2014776213300833E+02 +0.1596487586249586E+01 +0.1534283369622558E+01 +0.1583569499596468E+01
+0.2016363544026000E+02 +0.1586034404499288E+01 +0.1511315088943780E+01 +0.1573644286404033E+01
+0.2017950874751167E+02 +0.1579769509407215E+01 +0.1487036801075973E+01 +0.1567671710112474E+01
+0.2019538205476333E+02 +0.1577708985008844E+01 +0.1462157842915040E+01 +0.1565688180688214E+01
+0.2021125536201500E+02 +0.1579765364226932E+01 +0.1437322312221307E+01 +0.1567626457561344E+01
+0.2022712866926667E+02 +0.1585775288294044E+01 +0.1413115199294743E+01 +0.1573340205529948E+01
+0.2024300197651833E+02 +0.1595511318544043E+01 +0.1390072895208668E+01 +0.1582616048452457E+01
+0.2025887528377000E+02 +0.1608681023533751E+01 +0.1368688685859270E+01 +0.1595175397302834E+01
+0.2027474859102167E+02 +0.1624920462862667E+01 +0.1349407650757144E+01 +0.1610671649255811E+01
+0.2029062189827333E+02 +0.1643790339373707E+01 +0.1332610598160555E+01 +0.1628689355749422E+01
+0.2030649520552500E+02 +0.1664781016694689E+01 +0.1318591186615508E+01 +0.1648750463115237E+01
+0.2032236851277667E+02 +0.1687328682913915E+01 +0.1307532311480623E+01 +0.1670329782556089E+01
+0.2033824182002833E+02 +0.1710841527302730E+01 +0.1299486968025980E+01 +0.1692879137401203E+01
+0.2035411512728000E+02 +0.1734733419390624E+01 +0.1294366737705097E+01 +0.1715858294531597E+01
+0.2036998843453167E+02 +0.1758462899764633E+01 +0.1291939766414557E+01 +0.1738770640915986E+01
+0.2038586174178333E+02 +0.1781575640776981E+01 +0.1291840391330852E+01 +0.1761201480146834E+01
+0.2040173504903500E+02 +0.1803747375718085E+01 +0.1293593530628665E+01 +0.1782855725858105E+01
+0.2041760835628667E+02 +0.1824821390743427E+01 +0.1296656719640173E+01 +0.1803589545924369E+01
+0.2043348166353833E+02 +0.1844831442920443E+01 +0.1300479658929035E+01 +0.1823428291926093E+01
+0.2044935497079000E+02 +0.1863999965738883E+01 +0.1304575237883256E+01 +0.1842562746825812E+01
+0.2046522827804166E+02 +0.1882704904180269E+01 +0.1308589322787270E+01 +0.1861318906639923E+01
+0.2048110158529333E+02 +0.1901416602463475E+01 +0.1312352801729480E+01 +0.1880103090801241E+01
+0.2049697489254500E+02 +0.1920616006722603E+01 +0.1315901510345049E+01 +0.1899331904297955E+01
+0.2051284819979667E+02 +0.1940712470356563E+01 +0.1319457926587119E+01 +0.1919362000035973E+01
+0.2052872150704833E+02 +0.1961980035922966E+01 +0.1323379708712885E+01 +0.1940435012418062E+01
+0.2054459481430000E+02 +0.1984524819523046E+01 +0.1328089320567698E+01 +0.1962648163675562E+01
+0.2056046812155166E+02 +0.2008286147282186E+01 +0.1334002366390425E+01 +0.1985953187998593E+01
+0.2057634142880334E+02 +0.2033064984226909E+01 +0.1341469335711718E+01 +0.2010178825557829E+01
+0.2059221473605500E+02 +0.2058568224293064E+01 +0.1350738790402815E+01 +0.2035067789880798E+01
+0.2060808804330667E+02 +0.2084457088072518E+01 +0.1361943073346727E+01 +0.2060318420860568E+01
+0.2062396135055833E+02 +0.2110390687616506E+01 +0.1375102695165999E+01 +0.2085623219420320E+01
+0.2063983465781000E+02 +0.2136059806252573E+01 +0.1390143352944422E+01 +0.2110699597586307E+01
+0.2065570796506167E+02 +0.2161209542663274E+01 +0.1406919736859868E+01 +0.2135311127517416E+01
+0.2067158127231333E+02 +0.2185651577434724E+01 +0.1425241983842013E+01 +0.2159279409624479E+01
+0.2068745457956500E+02 +0.2209267025057713E+01 +0.1444902394528770E+01 +0.2182487128221933E+01
+0.2070332788681667E+02 +0.2231999961278205E+01 +0.1465700380567665E+01 +0.2204872573893934E+01
+0.2071920119406833E+02 +0.2253841636927210E+01 +0.1487462315369129E+01 +0.2226416184423452E+01
+0.2073507450132000E+02 +0.2274807475849359E+01 +0.1510051668619397E+01 +0.2247121347739543E+01
+0.2075094780857167E+02 +0.2294912424923664E+01 +0.1533365827541554E+01 +0.2266994197416174E+01
+0.2076682111582333E+02 +0.2314152415454277E+01 +0.1557320009717815E+01 +0.2286028564196916E+01
+0.2078269442307500E+02 +0.2332498374150483E+01 +0.1581823687401389E+01 +0.2304201101818643E+01
+0.2079856773032667E+02 +0.2349904623044802E+01 +0.1606757904973157E+01 +0.2321478057599491E+01
+0.2081444103757833E+02 +0.2366328105705245E+01 +0.1631961032232976E+01 +0.2337830988969904E+01
+0.2083031434483000E+02 +0.2381751481624343E+01 +0.1657226463928410E+01 +0.2353256042929982E+01
+0.2084618765208166E+02 +0.2396203228555482E+01 +0.1682310795418693E+01 +0.2367791392177773E+01
+0.2086206095933333E+02 +0.2409771108738443E+01 +0.1706947623195013E+01 +0.2381529789998608E+01
+0.2087793426658500E+02 +0.2422609724388729E+01 +0.1730861996040171E+01 +0.2394626448193445E+01
+0.2089380757383666E+02 +0.2434945745396156E+01 +0.1753783542970788E+01 +0.2407304550768687E+01
+0.2090968088108833E+02 +0.2447083866985541E+01 +0.1775460322172223E+01 +0.2419860342309674E+01
+0.2092555418834000E+02 +0.2459412953402889E+01 +0.1795677512470549E+01 +0.2432667146910280E+01
+0.2094142749559167E+02 +0.2472407693435169E+01 +0.1814283408451969E+01 +0.2446174754566556E+01
+0.2095730080284333E+02 +0.2486619561093164E+01 +0.1831220590945342E+01 +0.2460899608508455E+01
+0.2097317411009500E+02 +0.2502653345135915E+01 +0.1846555588264041E+01 +0.2477403150794180E+01
+0.2098904741734667E+02 +0.2521130636218782E+01 +0.1860498745546987E+01 +0.2496259596608433E+01
+0.2100492072459833E+02 +0.2542646540520915E+01 +0.1873408202349022E+01 +0.2518018220034033E+01
+0.2102079403185000E+02 +0.2567728268483201E+01 +0.1885776456700329E+01 +0.2543167190208791E+01
+0.2103666733910167E+02 +0.2596803544180765E+01 +0.1898202874332402E+01 +0.2572105492570332E+01
+0.2105254064635333E+02 +0.2630183557166241E+01 +0.1911359030945776E+01 +0.2605126881094193E+01
+0.2106841395360500E+02 +0.2668060568329377E+01 +0.1925954800702580E+01 +0.2642416127046662E+01
+0.2108428726085667E+02 +0.2710516069721498E+01 +0.1942711115996851E+01 +0.2684054527510805E+01
+0.2110016056810833E+02 +0.2757533629053537E+01 +0.1962341232578295E+01 +0.2730030206679857E+01
+0.2111603387536000E+02 +0.2809012048957612E+01 +0.1985538551639252E+01 +0.2780249711957800E+01
+0.2113190718261167E+02 +0.2864777804313815E+01 +0.2012967861192450E+01 +0.2834549742715226E+01
+0.2114778048986333E+02 +0.2924598235573770E+01 +0.2045258471899227E+01 +0.2892709701491655E+01
+0.2116365379711500E+02 +0.2988197106404666E+01 +0.2083000254692775E+01 +0.2954465968888064E+01
+0.2117952710436667E+02 +0.3055272443936226E+01 +0.2126745029397560E+01 +0.3019527633909647E+01
+0.2119540041161833E+02 +0.3125514585751654E+01 +0.2177015579528496E+01 +0.3087591861089085E+01
+0.2121127371887000E+02 +0.3198620912464095E+01 +0.2234323357754082E+01 +0.3158355864315534E+01
+0.2122714702612167E+02 +0.3274302948394580E+01 +0.2299194096437771E+01 +0.3231521862100136E+01
+0.2124302033337333E+02 +0.3352281704035001E+01 +0.2372198074758183E+01 +0.3306791733892191E+01
+0.2125889364062500E+02 +0.3432269054248271E+01 +0.2453979341052981E+01 +0.3383849797456980E+01
+0.2127476694787667E+02 +0.3513936587601463E+01 +0.2545277307376985E+01 +0.3462335002320574E+01
+0.2129064025512833E+02 +0.3596877109485509E+01 +0.2646936089713349E+01 +0.3541806647361744E+01
+0.2130651356238000E+02 +0.3680565492407593E+01 +0.2759901214718359E+01 +0.3621708820622185E+01
+0.2132238686963167E+02 +0.3764323674105486E+01 +0.2885207530319893E+01 +0.3701337312257924E+01
+0.2133826017688333E+02 +0.3847290284787594E+01 +0.3023963891156889E+01 +0.3779809480195105E+01
+0.2135413348413500E+02 +0.3928391011726886E+01 +0.3177338462880863E+01 +0.3856034227549866E+01
+0.2137000679138666E+02 +0.4006303684977208E+01 +0.3346544156469652E+01 +0.3928677667263291E+01
+0.2138588009863833E+02 +0.4079413379443254E+01 +0.3532818856835145E+01 +0.3996121127615354E+01
+0.2140175340589000E+02 +0.4145757142128749E+01 +0.3737392205431754E+01 +0.4056411502379444E+01
+0.2141762671314167E+02 +0.4202963102526780E+01 +0.3961431413290718E+01 +0.4107207875325875E+01
+0.2143350002039333E+02 +0.4248191623481206E+01 +0.4205962444932013E+01 +0.4145730621343626E+01
+0.2144937332764500E+02 +0.4278084944459281E+01 +0.4471766803533684E+01 +0.4168718648188367E+01
+0.2146524663489667E+02 +0.4288728096360583E+01 +0.4759254077436912E+01 +0.4172398473784094E+01
+0.2148111994214834E+02 +0.4275622771695163E+01 +0.5068305105789426E+01 +0.4152469068242567E+01
+0.2149699324940000E+02 +0.4233682267363777E+01 +0.5398073974743906E+01 +0.4104112138853912E+01
+0.2151286655665166E+02 +0.4157269799042198E+01 +0.5746736522614773E+01 +0.4022048599263007E+01
+0.2152873986390333E+02 +0.4040318328802584E+01 +0.6111184483925927E+01 +0.3900673643866635E+01
+0.2154461317115500E+02 +0.3876578591773807E+01 +0.6486687700685316E+01 +0.3734308330321096E+01
+0.2156048647840667E+02 +0.3660036756168144E+01 +0.6866576243782026E+01 +0.3517599550495607E+01
+0.2157635978565833E+02 +0.3385521939223540E+01 +0.7242022577169046E+01 +0.3246080479077158E+01
+0.2159223309291000E+02 +0.3049486401393023E+01 +0.7602024335397397E+01 +0.2916869873535392E+01
+0.2160810640016167E+02 +0.2650888391970662E+01 +0.7933692091007632E+01 +0.2529442894719633E+01
+0.2162397970741333E+02 +0.2192045891560034E+01 +0.8222921248889726E+01 +0.2086355632147549E+01
+0.2163985301466500E+02 +0.1679277078451734E+01 +0.8455463198891572E+01 +0.1593765753743576E+01
+0.2165572632191667E+02 +0.1123127013085783E+01 +0.8618312620214761E+01 +0.1061583400411359E+01
+0.2167159962916833E+02 +0.5380217466346171E+00 +0.8701219586983012E+01 +0.5031258167956312E+00
+0.2168747293642000E+02 -0.5870571761083704E-01 +0.8698053621451677E+01 -0.6576213965021882E-01
+0.2170334624367167E+02 -0.6483280845050967E+00 +0.8607727449397995E+01 -0.6280385773996908E+00
+0.2171921955092333E+02 -0.1212538037046317E+01 +0.8434452209495770E+01 -0.1167043242352709E+01
+0.2173509285817500E+02 -0.1735228291441777E+01 +0.8187238893266104E+01 -0.1668043381544106E+01
+0.2175096616542666E+02 -0.2203896210289458E+01 +0.7878744303174514E+01 -0.2119463840723033E+01
+0.2176683947267833E+02 -0.2610431758127213E+01 +0.7523718656492624E+01 -0.2513599621488642E+01
+0.2178271277993000E+02 -0.2951217076032466E+01 +0.7137385116235786E+01 -0.2846745171971734E+01
+0.2179858608718167E+02 -0.3226636701903434E+01 +0.6734047556319778E+01 -0.3118813548956968E+01
+0.2181445939443333E+02 -0.3440207633898042E+01 +0.6326110543033707E+01 -0.3332612301180358E+01
+0.2183033270168500E+02 -0.3597564106107566E+01 +0.5923561558453241E+01 -0.3492970806874118E+01
+0.2184620600893667E+02 -0.3705489995938161E+01 +0.5533859854956978E+01 -0.3605886020733834E+01
+0.2186207931618834E+02 -0.3771119154700596E+01 +0.5162120977738465E+01 -0.3677797272642997E+01
+0.2187795262344000E+02 -0.3801353650009624E+01 +0.4811475846656181E+01 -0.3715042232529815E+01
+0.2189382593069167E+02 -0.3802498743516910E+01 +0.4483500303787734E+01 -0.3723500608006198E+01
+0.2190969923794333E+02 -0.3780083211925941E+01 +0.4178638190079238E+01 -0.3708403212500893E+01
+0.2192557254519500E+02 -0.3738819193084244E+01 +0.3896568785113418E+01 -0.3674269073356835E+01
+0.2194144585244667E+02 -0.3682652162197241E+01 +0.3636494526123908E+01 -0.3624928592913711E+01
+0.2195731915969833E+02 -0.3614856317628613E+01 +0.3397345860065930E+01 -0.3563593848071182E+01
+0.2197319246695000E+02 -0.3538141447913384E+01 +0.3177914907161977E+01 -0.3492945641077483E+01
+0.2198906577420167E+02 -0.3454750864743282E+01 +0.2976936804882357E+01 -0.3415217957251000E+01
+0.2200493908145333E+02 -0.3366542273013993E+01 +0.2793137716574807E+01 -0.3332270851366253E+01
+0.2202081238870500E+02 -0.3275051808365869E+01 +0.2625264067215871E+01 -0.3245650201845745E+01
+0.2203668569595666E+02 -0.3181545248221116E+01 +0.2472101694300308E+01 -0.3156636522811661E+01
+0.2205255900320833E+02 -0.3087060531064271E+01 +0.2332488682541835E+01 -0.3066285721091391E+01
+0.2206843231046000E+02 -0.2992443926908670E+01 +0.2205322940658806E+01 -0.2975463665118435E+01
+0.2208430561771167E+02 -0.2898380302164290E+01 +0.2089565118615087E+01 -0.2884875138298531E+01
+0.2210017892496333E+02 -0.2805417158309402E+01 +0.1984238298898778E+01 -0.2795087182816845E+01
+0.2211605223221500E+02 -0.2713982701036171E+01 +0.1888426685663273E+01 -0.2706547217017354E+01
+0.2213192553946666E+02 -0.2624399374354844E+01 +0.1801275362754767E+01 -0.2619597139927899E+01
+0.2214779884671833E+02 -0.2536895074780720E+01 +0.1721992110988371E+01 -0.2534485212007714E+01
+0.2216367215397000E+02 -0.2451614136287266E+01 +0.1649850955786567E+01 -0.2451377428955360E+01
+0.2217954546122166E+02 -0.2368629348856217E+01 +0.1584196257510610E+01 -0.2370369490248898E+01
+0.2219541876847333E+02 -0.2287955293895136E+01 +0.1524445989503417E+01 -0.2291499686917241E+01
+0.2221129207572500E+02 -0.2209562560621697E+01 +0.1470093166802921E+01 -0.2214762416028947E+01
+0.2222716538297667E+02 -0.2133392042697027E+01 +0.1420704887080833E+01 -0.2140121686268776E+01
+0.2224303869022834E+02 -0.2059368435385622E+01 +0.1375918951381594E+01 -0.2067523888369116E+01
+0.2225891199748000E+02 -0.1987412203920928E+01 +0.1335438466369555E+01 -0.1996909219308838E+01
+0.2227478530473167E+02 -0.1917449622121413E+01 +0.1299025108432963E+01 -0.1928221414910659E+01
+0.2229065861198333E+02 -0.1849420884453891E+01 +0.1266491790674838E+01 -0.1861415777860627E+01
+0.2230653191923500E+02 -0.1783286663308649E+01 +0.1237695321145086E+01 -0.1796465793818642E+01
+0.2232240522648667E+02 -0.1719033730438615E+01 +0.1212529306648185E+01 -0.1733368823540257E+01
+0.2233827853373833E+02 -0.1656680283498003E+01 +0.1190917099697376E+01 -0.1672151361302551E+01
+0.2235415184099000E+02 -0.1596281332958711E+01 +0.1172804175381251E+01 -0.1612874117879487E+01
+0.2237002514824167E+02 -0.1537934011057172E+01 +0.1158149192890556E+01 -0.1555636806419454E+01
+0.2238589845549333E+02 -0.1481782254944975E+01 +0.1146913198404548E+01 -0.1500582180420125E+01
+0.2240177176274500E+02 -0.1428020195530126E+01 +0.1139046712546385E+01 -0.1447898721320291E+01
+0.2241764506999666E+02 -0.1376893596089288E+01 +0.1134474501232770E+01 -0.1397821289202130E+01
+0.2243351837724833E+02 -0.1328698415516018E+01 +0.1133077670813444E+01 -0.1350628768698282E+01
+0.2244939168450000E+02 -0.1283774789123594E+01 +0.1134672832531023E+01 -0.1306637146869592E+01
+0.2246526499175167E+02 -0.1242493766115960E+01 +0.1138989038133503E+01 -0.1266185836197146E+01
+0.2248113829900333E+02 -0.1205233859157273E+01 +0.1145645124851334E+01 -0.1229615021134834E+01
+0.2249701160625500E+02 -0.1172345618017959E+01 +0.1154132379426847E+01 -0.1197232901524153E+01
+0.2251288491350667E+02 -0.1144105107373696E+01 +0.1163808942763479E+01 -0.1169273969160488E+01
+0.2252875822075833E+02 -0.1120660649927176E+01 +0.1173912305627026E+01 -0.1145852372604728E+01
+0.2254463152801000E+02 -0.1101980599049815E+01 +0.1183594431150067E+01 -0.1126917297018375E+01
+0.2256050483526166E+02 -0.1087812659486053E+01 +0.1191980601751470E+01 -0.1112219515806841E+01
+0.2257637814251333E+02 -0.1077666773197002E+01 +0.1198247858568362E+01 -0.1101299153024216E+01
+0.2259225144976500E+02 -0.1070832297559915E+01 +0.1201711885255018E+01 -0.1093502983706842E+01
+0.2260812475701667E+02 -0.1066433930488159E+01 +0.1201904211204038E+01 -0.1088033930741433E+01
+0.2262399806426833E+02 -0.1063519223032486E+01 +0.1198619093208368E+01 -0.1084026054791583E+01
+0.2263987137152000E+02 -0.1061157775249397E+01 +0.1191915816972248E+01 -0.1080628728811929E+01
+0.2265574467877166E+02 -0.1058526017196089E+01 +0.1182077037830272E+01 -0.1077079366298125E+01
+0.2267161798602333E+02 -0.1054957183670486E+01 +0.1169539995927120E+01 -0.1072748626079383E+01
+0.2268749129327500E+02 -0.1049951422995266E+01 +0.1154825600119078E+01 -0.1067153670409717E+01
+0.2270336460052667E+02 -0.1043157154150524E+01 +0.1138486125549047E+01 -0.1059947469869664E+01
+0.2271923790777833E+02 -0.1034343147904319E+01 +0.1121079244898721E+01 -0.1050898926326901E+01
+0.2273511121503000E+02 -0.1023378494915894E+01 +0.1103162397488926E+01 -0.1039877327341145E+01
+0.2275098452228167E+02 -0.1010228023590159E+01 +0.1085293870109229E+01 -0.1026847596155421E+01
+0.2276685782953334E+02 -0.9949600475921074E+00 +0.1068027566147655E+01 -0.1011874561127395E+01
+0.2278273113678500E+02 -0.9777567221070542E+00 +0.1051894977506510E+01 -0.9951290883138753E+00
+0.2279860444403667E+02 -0.9589167130715242E+00 +0.1037375893950106E+01 -0.9768881034428341E+00
+0.2281447775128833E+02 -0.9388439954210368E+00 +0.1024864950478504E+01 -0.9575234519921365E+00
+0.2283035105854000E+02 -0.9180223069307674E+00 +0.1014642546338450E+01 -0.9374789513918056E+00
+0.2284622436579167E+02 -0.8969792864342072E+00 +0.1006856703348257E+01 -0.9172386998380919E+00
+0.2286209767304333E+02 -0.8762464142210972E+00 +0.1001519026825167E+01 -0.8972916503620956E+00
+0.2287797098029500E+02 -0.8563209254048347E+00 +0.9985147566900976E+00 -0.8780977388529168E+00
+0.2289384428754667E+02 -0.8376348401531739E+00 +0.9976245615260879E+00 -0.8600600942427024E+00
+0.2290971759479833E+02 -0.8205347382913659E+00 +0.9985541149188193E+00 -0.8435065390063419E+00
+0.2292559090205000E+02 -0.8052739981701046E+00 +0.1000966497724938E+01 -0.8286818975775174E+00
+0.2294146420930166E+02 -0.7920170178846438E+00 +0.1004512297872449E+01 -0.8157507349388577E+00
+0.2295733751655333E+02 -0.7808528708966708E+00 +0.1008853120768327E+01 -0.8048083967558419E+00
+0.2297321082380500E+02 -0.7718144719135887E+00 +0.1013675877000515E+01 -0.7958970289062792E+00
+0.2298908413105667E+02 -0.7648989148796722E+00 +0.1018697144196707E+01 -0.7890228356418809E+00
+0.2300495743830833E+02 -0.7600850614721140E+00 +0.1023658583537857E+01 -0.7841711146810411E+00
+0.2302083074556000E+02 -0.7573453447670939E+00 +0.1028315553257338E+01 -0.7813163143646358E+00
+0.2303670405281166E+02 -0.7566497184101239E+00 +0.1032421707035493E+01 -0.7804251887893792E+00
+0.2305257736006334E+02 -0.7579604611510427E+00 +0.1035712763085945E+01 -0.7814518943897031E+00
+0.2306845066731500E+02 -0.7612172208025734E+00 +0.1037893217878746E+01 -0.7843246695601060E+00
+0.2308432397456666E+02 -0.7663128565384529E+00 +0.1038630788132361E+01 -0.7889250138675084E+00
+0.2310019728181833E+02 -0.7730631679716570E+00 +0.1037564223167888E+01 -0.7950625562550528E+00
+0.2311607058907000E+02 -0.7811776288634396E+00 +0.1034329250052884E+01 -0.8024519694998542E+00
+0.2313194389632167E+02 -0.7902421584642613E+00 +0.1028603113023052E+01 -0.8107009847921574E+00
+0.2314781720357334E+02 -0.7997255602076854E+00 +0.1020160566255586E+01 -0.8193184507746183E+00
+0.2316369051082500E+02 -0.8090158865932542E+00 +0.1008926469145133E+01 -0.8277467583562312E+00
+0.2317956381807667E+02 -0.8174824017722161E+00 +0.9950073302945402E+00 -0.8354146424655990E+00
+0.2319543712532833E+02 -0.8245479139154791E+00 +0.9786894732013606E+00 -0.8417980913442917E+00
+0.2321131043258000E+02 -0.8297512815444271E+00 +0.9604033134404948E+00 -0.8464733879081885E+00
+0.2322718373983167E+02 -0.8327839978224887E+00 +0.9406655377400757E+00 -0.8491494332970375E+00
+0.2324305704708333E+02 -0.8334956278675475E+00 +0.9200173390596034E+00 -0.8496747884162832E+00
+0.2325893035433500E+02 -0.8318744537757181E+00 +0.8989746366738041E+00 -0.8480238540987524E+00
+0.2327480366158667E+02 -0.8280162140014338E+00 +0.8779977819627446E+00 -0.8442719504011114E+00
+0.2329067696883833E+02 -0.8220931811321839E+00 +0.8574789381413473E+00 -0.8385690028649211E+00
+0.2330655027609000E+02 -0.8143300813546404E+00 +0.8377398602921373E+00 -0.8311174846470872E+00
+0.2332242358334166E+02 -0.8049868205721233E+00 +0.8190328215980851E+00 -0.8221553430955402E+00
+0.2333829689059333E+02 -0.7943443046110492E+00 +0.8015412130874220E+00 -0.8119416502505217E+00
+0.2335417019784500E+02 -0.7826899254983984E+00 +0.7853805528926181E+00 -0.8007426285927155E+00
+0.2337004350509667E+02 -0.7703020757230853E+00 +0.7706026378071360E+00 -0.7888175761988210E+00
+0.2338591681234833E+02 -0.7574358610050300E+00 +0.7572047545951794E+00 -0.7764062519843253E+00
+0.2340179011960000E+02 -0.7443132220267201E+00 +0.7451434387924324E+00 -0.7637200954085208E+00
+0.2341766342685166E+02 -0.7311196489659418E+00 +0.7343500009189462E+00 -0.7509389234195170E+00
+0.2343353673410333E+02 -0.7180074603708095E+00 +0.7247441544430875E+00 -0.7382130635486908E+00
+0.2344941004135500E+02 -0.7051034512484573E+00 +0.7162428110123301E+00 -0.7256691754293838E+00
+0.2346528334860666E+02 -0.6925174978728215E+00 +0.7087629454868557E+00 -0.7134170267053630E+00
+0.2348115665585833E+02 -0.6803488129284099E+00 +0.7022195875140678E+00 -0.7015545671435743E+00
+0.2349702996311000E+02 -0.6686879151910983E+00 +0.6965216633940553E+00 -0.6901697365315957E+00
+0.2351290327036167E+02 -0.6576145192003076E+00 +0.6915688674989146E+00 -0.6793391103334523E+00
+0.2352877657761334E+02 -0.6471934743003853E+00 +0.6872516558445563E+00 -0.6691249509030621E+00
+0.2354464988486500E+02 -0.6374714851051824E+00 +0.6834543563764177E+00 -0.6595726981491328E+00
+0.2356052319211667E+02 -0.6284762580038910E+00 +0.6800596008231314E+00 -0.6507101716987185E+00
+0.2357639649936833E+02 -0.6202177888870650E+00 +0.6769519797006206E+00 -0.6425483808331300E+00
+0.2359226980662000E+02 -0.6126902006802329E+00 +0.6740200416879409E+00 -0.6350828801882624E+00
+0.2360814311387167E+02 -0.6058727331993496E+00 +0.6711573792760598E+00 -0.6282947008303792E+00
+0.2362401642112333E+02 -0.5997298285238883E+00 +0.6682642584774375E+00 -0.6221508015561352E+00
+0.2363988972837500E+02 -0.5942115596809409E+00 +0.6652505733308645E+00 -0.6166048903028920E+00
+0.2365576303562667E+02 -0.5892558425163226E+00 +0.6620394335110369E+00 -0.6115995850012212E+00
+0.2367163634287833E+02 -0.5847927369382949E+00 +0.6585696319426219E+00 -0.6070700697379554E+00
+0.2368750965013000E+02 -0.5807495177555932E+00 +0.6547955404658057E+00 -0.6029482647179796E+00
+0.2370338295738166E+02 -0.5770544166425855E+00 +0.6506845649978776E+00 -0.5991660119921047E+00
+0.2371925626463333E+02 -0.5736377940017291E+00 +0.6462139510169895E+00 -0.5956564073903194E+00
+0.2373512957188500E+02 -0.5704314315347464E+00 +0.6413690225584950E+00 -0.5923537605016882E+00
+0.2375100287913667E+02 -0.5673680370057437E+00 +0.6361434758308099E+00 -0.5891936203307064E+00
+0.2376687618638833E+02 -0.5643826274077715E+00 +0.6305403033191761E+00 -0.5861139903430974E+00
+0.2378274949364000E+02 -0.5614154639394036E+00 +0.6245711008346242E+00 -0.5830574723750237E+00
+0.2379862280089167E+02 -0.5584143450140115E+00 +0.6182527225694464E+00 -0.5799727945413546E+00
+0.2381449610814333E+02 -0.5553339611982282E+00 +0.6116025305353870E+00 -0.5768141199529748E+00
+0.2383036941539500E+02 -0.5521317848506435E+00 +0.6046349514444314E+00 -0.5735377869709100E+00
+0.2384624272264666E+02 -0.5487621568559615E+00 +0.5973616134636704E+00 -0.5700977200976420E+00
+0.2386211602989833E+02 -0.5451712563001135E+00 +0.5897955463054150E+00 -0.5664415675953152E+00
+0.2387798933715000E+02 -0.5412951452985728E+00 +0.5819582304027860E+00 -0.5625093563771153E+00
+0.2389386264440167E+02 -0.5370619245743742E+00 +0.5738875451577657E+00 -0.5582356145366967E+00
+0.2390973595165334E+02 -0.5323980997070581E+00 +0.5656446453450275E+00 -0.5535550940555334E+00
+0.2392560925890500E+02 -0.5272386030672024E+00 +0.5573178675923840E+00 -0.5484115484031218E+00
+0.2394148256615667E+02 -0.5215391081554313E+00 +0.5490218615286404E+00 -0.5427682803882632E+00
+0.2395735587340833E+02 -0.5152882395589782E+00 +0.5408907222525486E+00 -0.5366183730811869E+00
+0.2397322918066000E+02 -0.5085165691588500E+00 +0.5330652572017435E+00 -0.5299920268239675E+00
+0.2398910248791166E+02 -0.5012995290061241E+00 +0.5256762798814454E+00 -0.5229586756610760E+00
+0.2400497579516333E+02 -0.4937526723307122E+00 +0.5188272063295583E+00 -0.5156226193608171E+00
+0.2402084910241500E+02 -0.4860195800003803E+00 +0.5125796414060823E+00 -0.5081124234553880E+00
+0.2403672240966667E+02 -0.4782544335803109E+00 +0.5069450157320646E+00 -0.5005657766839238E+00
+0.2405259571691834E+02 -0.4706023783645408E+00 +0.5018840328821390E+00 -0.4931124584515807E+00
+0.2406846902417000E+02 -0.4631811694947391E+00 +0.4973141622789916E+00 -0.4858584260244163E+00
+0.2408434233142167E+02 -0.4560673404426298E+00 +0.4931239685343347E+00 -0.4788738313833287E+00
+0.2410021563867333E+02 -0.4492893821007728E+00 +0.4891918514390866E+00 -0.4721871161980264E+00
+0.2411608894592500E+02 -0.4428292499906143E+00 +0.4854058985927903E+00 -0.4657862949553619E+00
+0.2413196225317667E+02 -0.4366320218610182E+00 +0.4816811827117324E+00 -0.4596272290757073E+00
+0.2414783556042833E+02 -0.4306219038387468E+00 +0.4779711340890491E+00 -0.4536473038363658E+00
+0.2416370886768000E+02 -0.4247213463539072E+00 +0.4742706696700132E+00 -0.4477817197811755E+00
+0.2417958217493167E+02 -0.4188691704757819E+00 +0.4706104740353797E+00 -0.4419789221629855E+00
+0.2419545548218333E+02 -0.4130336682300321E+00 +0.4670438784387428E+00 -0.4362117856604402E+00
+0.2421132878943500E+02 -0.4072177634400841E+00 +0.4636296410687778E+00 -0.4304821385035926E+00
+0.2422720209668666E+02 -0.4014553064837784E+00 +0.4604150262028995E+00 -0.4248178780210146E+00
+0.2424307540393833E+02 -0.3957999312379231E+00 +0.4574235214459664E+00 -0.4192638862591718E+00
+0.2425894871119000E+02 -0.3903099812911937E+00 +0.4546502327218098E+00 -0.4138696583927444E+00
+0.2427482201844167E+02 -0.3850341664074397E+00 +0.4520656955472933E+00 -0.4086774659654839E+00
+0.2429069532569333E+02 -0.3800023178962103E+00 +0.4496261307204182E+00 -0.4037145878336041E+00
+0.2430656863294500E+02 -0.3752237206852927E+00 +0.4472859877954184E+00 -0.3989915880100270E+00
+0.2432244194019666E+02 -0.3706925370901076E+00 +0.4450079720272809E+00 -0.3945062704456392E+00
+0.2433831524744834E+02 -0.3663970380966972E+00 +0.4427671368981881E+00 -0.3902507640014539E+00
+0.2435418855470000E+02 -0.3623281080000993E+00 +0.4405485038035498E+00 -0.3862182167205366E+00
+0.2437006186195167E+02 -0.3584834248109141E+00 +0.4383405957075819E+00 -0.3824062666188541E+00
+0.2438593516920333E+02 -0.3548662447455542E+00 +0.4361287584136081E+00 -0.3788163671618678E+00
+0.2440180847645500E+02 -0.3514804070534774E+00 +0.4338916021252557E+00 -0.3754501222192670E+00
+0.2441768178370667E+02 -0.3483247008848527E+00 +0.4316018704302564E+00 -0.3723050109146020E+00
+0.2443355509095834E+02 -0.3453895587340372E+00 +0.4292307073998254E+00 -0.3693718023466184E+00
+0.2444942839821000E+02 -0.3426574814613286E+00 +0.4267527632308317E+00 -0.3666347888365835E+00
+0.2446530170546167E+02 -0.3401065353521154E+00 +0.4241494726056392E+00 -0.3640743829712660E+00
+0.2448117501271333E+02 -0.3377147258089700E+00 +0.4214090952937546E+00 -0.3616704374458324E+00
+0.2449704831996500E+02 -0.3354627945406247E+00 +0.4185240126545338E+00 -0.3594044338357429E+00
+0.2451292162721666E+02 -0.3333340847759768E+00 +0.4154872877008740E+00 -0.3572595045270672E+00
+0.2452879493446833E+02 -0.3313119142195691E+00 +0.4122908201027359E+00 -0.3552186084002116E+00
+0.2454466824172000E+02 -0.3293763870583196E+00 +0.4089264478527228E+00 -0.3532623204369181E+00
+0.2456054154897167E+02 -0.3275029981169062E+00 +0.4053896433140189E+00 -0.3513680246561435E+00
+0.2457641485622333E+02 -0.3256645647220564E+00 +0.4016839144985143E+00 -0.3495116724642666E+00
+0.2459228816347500E+02 -0.3238363956711185E+00 +0.3978234028128426E+00 -0.3476720106627875E+00
+0.2460816147072666E+02 -0.3220029646528054E+00 +0.3938317594002377E+00 -0.3458359112932274E+00
+0.2462403477797833E+02 -0.3201634942265182E+00 +0.3897368908724255E+00 -0.3440027618550427E+00
+0.2463990808523000E+02 -0.3183341724663492E+00 +0.3855628258462690E+00 -0.3421860958643996E+00
+0.2465578139248167E+02 -0.3165459534209430E+00 +0.3813209422980743E+00 -0.3404115671284036E+00
+0.2467165469973333E+02 -0.3148382687821407E+00 +0.3770027691497307E+00 -0.3387114475308002E+00
+0.2468752800698500E+02 -0.3132498116316436E+00 +0.3725758887593217E+00 -0.3371165600290005E+00
+0.2470340131423666E+02 -0.3118077591585238E+00 +0.3679837975732684E+00 -0.3356468568692930E+00
+0.2471927462148833E+02 -0.3105168586053182E+00 +0.3631502694855028E+00 -0.3343020072262599E+00
+0.2473514792874000E+02 -0.3093501577542475E+00 +0.3579885148642218E+00 -0.3330536417443835E+00
+0.2475102123599167E+02 -0.3082436842510009E+00 +0.3524146786599719E+00 -0.3318412048340418E+00
+0.2476689454324333E+02 -0.3070973974874185E+00 +0.3463638197139945E+00 -0.3305732316798566E+00
+0.2478276785049500E+02 -0.3057836497421205E+00 +0.3398050285007489E+00 -0.3291349028974442E+00
+0.2479864115774667E+02 -0.3041622755022082E+00 +0.3327517359672080E+00 -0.3274010320824894E+00
+0.2481451446499833E+02 -0.3020991424005442E+00 +0.3252642014072127E+00 -0.3252518682180647E+00
+0.2483038777225000E+02 -0.2994837080911943E+00 +0.3174434583966383E+00 -0.3225881099772689E+00
+0.2484626107950167E+02 -0.2962415544348297E+00 +0.3094186365961659E+00 -0.3193418600702844E+00
+0.2486213438675333E+02 -0.2923398015708892E+00 +0.3013313194277520E+00 -0.3154817347896550E+00
+0.2487800769400500E+02 -0.2877857197468277E+00 +0.2933207282494881E+00 -0.3110122310773724E+00
+0.2489388100125666E+02 -0.2826205886862221E+00 +0.2855122624639648E+00 -0.3059688667638250E+00
+0.2490975430850833E+02 -0.2769113073255599E+00 +0.2780101863425234E+00 -0.3004110773076041E+00
+0.2492562761576000E+02 -0.2707416615956925E+00 +0.2708939709532185E+00 -0.2944145005787344E+00
+0.2494150092301167E+02 -0.2642042279715289E+00 +0.2642173596864189E+00 -0.2880636091758706E+00
+0.2495737423026334E+02 -0.2573932406293600E+00 +0.2580094042017019E+00 -0.2814451222045102E+00
+0.2497324753751500E+02 -0.2503985590300892E+00 +0.2522770396129588E+00 -0.2746424157739591E+00
+0.2498912084476666E+02 -0.2433009519099459E+00 +0.2470089013068873E+00 -0.2677311489117824E+00
+0.2500499415201833E+02 -0.2361689804339957E+00 +0.2421799848745060E+00 -0.2607763314512861E+00
+0.2502086745927000E+02 -0.2290576538095637E+00 +0.2377565638190053E+00 -0.2538309546091035E+00
+0.2503674076652167E+02 -0.2220087536723710E+00 +0.2337006885794281E+00 -0.2469360805226122E+00
+0.2505261407377333E+02 -0.2150524033058061E+00 +0.2299736955214997E+00 -0.2401220325769067E+00
+0.2506848738102500E+02 -0.2082092396468759E+00 +0.2265384396167061E+00 -0.2334101543983469E+00
+0.2508436068827667E+02 -0.2014925193381339E+00 +0.2233603295168470E+00 -0.2268145846023772E+00
+0.2510023399552833E+02 -0.1949096657920204E+00 +0.2204075683538803E+00 -0.2203436396841045E+00
+0.2511610730278000E+02 -0.1884630973461162E+00 +0.2176511839385081E+00 -0.2140006699937378E+00
+0.2513198061003166E+02 -0.1821505733507125E+00 +0.2150653838685434E+00 -0.2077845681047850E+00
+0.2514785391728333E+02 -0.1759655953830534E+00 +0.2126284645134315E+00 -0.2016903346097207E+00
+0.2516372722453500E+02 -0.1698984211869492E+00 +0.2103240423490078E+00 -0.1957101120606031E+00
+0.2517960053178667E+02 -0.1639379242961438E+00 +0.2081420108154253E+00 -0.1898348484175008E+00
+0.2519547383903833E+02 -0.1580740257488607E+00 +0.2060785987053969E+00 -0.1840563727051501E+00
+0.2521134714629000E+02 -0.1523000456929445E+00 +0.2041352517624836E+00 -0.1783693818359089E+00
+0.2522722045354167E+02 -0.1466142997198824E+00 +0.2023165612644885E+00 -0.1727728146339294E+00
+0.2524309376079333E+02 -0.1410205816520900E+00 +0.2006278202790618E+00 -0.1672703211800566E+00
+0.2525896706804500E+02 -0.1355276123574238E+00 +0.1990728256666029E+00 -0.1618698670102907E+00
+0.2527484037529666E+02 -0.1301478428009575E+00 +0.1976522993201951E+00 -0.1565827552811567E+00
+0.2529071368254833E+02 -0.1248960453972084E+00 +0.1963629592455410E+00 -0.1514223992650638E+00
+0.2530658698980000E+02 -0.1197879394813218E+00 +0.1951970352412342E+00 -0.1464030493868349E+00
+0.2532246029705167E+02 -0.1148388283465736E+00 +0.1941420180538717E+00 -0.1415384890425331E+00
+0.2533833360430334E+02 -0.1100620720751671E+00 +0.1931806353961546E+00 -0.1368406078835813E+00
+0.2535420691155500E+02 -0.1054673075058843E+00 +0.1922913044061956E+00 -0.1323178307202013E+00
+0.2537008021880667E+02 -0.1010586207162452E+00 +0.1914494102355366E+00 -0.1279735976207417E+00
+0.2538595352605833E+02 -0.9683319689633643E-01 +0.1906295858112282E+00 -0.1238053216960731E+00
+0.2540182683331000E+02 -0.9278110541860199E-01 +0.1898087686246812E+00 -0.1198043367197694E+00
+0.2541770014056166E+02 -0.8888670841000570E-01 +0.1889693650103119E+00 -0.1159571961074024E+00
+0.2543357344781333E+02 -0.8513173115671509E-01 +0.1881015647010918E+00 -0.1122483135374186E+00
+0.2544944675506500E+02 -0.8149943531863364E-01 +0.1872038749866289E+00 -0.1086634547962577E+00
+0.2546532006231667E+02 -0.7797880571644100E-01 +0.1862813506549633E+00 -0.1051931777961121E+00
+0.2548119336956833E+02 -0.7456744658901338E-01 +0.1853417015352829E+00 -0.1018351655397394E+00
+0.2549706667682000E+02 -0.7127214625702116E-01 +0.1843902077672699E+00 -0.9859461976842443E-01
+0.2551293998407166E+02 -0.6810675219898576E-01 +0.1834248317693464E+00 -0.9548242885746716E-01
+0.2552881329132333E+02 -0.6508781636427526E-01 +0.1824328750816053E+00 -0.9251147537858473E-01
+0.2554468659857500E+02 -0.6222907367224957E-01 +0.1813900367730358E+00 -0.8969194326607433E-01
+0.2556055990582667E+02 -0.5953600320276749E-01 +0.1802620546557319E+00 -0.8702666416677918E-01
+0.2557643321307833E+02 -0.5700153907373632E-01 +0.1790085491035840E+00 -0.8450742994491800E-01
+0.2559230652033000E+02 -0.5460366354542463E-01 +0.1775883769993700E+00 -0.8211293995459368E-01
+0.2560817982758167E+02 -0.5230531183661902E-01 +0.1759656619029994E+00 -0.7980877724517832E-01
+0.2562405313483334E+02 -0.5005674291056753E-01 +0.1741155502017548E+00 -0.7754952853531405E-01
+0.2563992644208500E+02 -0.4780014946744315E-01 +0.1720286479915054E+00 -0.7528281077031984E-01
+0.2565579974933667E+02 -0.4547575456002202E-01 +0.1697132006180731E+00 -0.7295454045566441E-01
+0.2567167305658833E+02 -0.4302817433071882E-01 +0.1671945510660549E+00 -0.7051443326168205E-01
+0.2568754636384000E+02 -0.4041173475592763E-01 +0.1645121590466185E+00 -0.6792066765814009E-01
+0.2570341967109167E+02 -0.3759384747437725E-01 +0.1617151200857649E+00 -0.6514297038243488E-01
+0.2571929297834333E+02 -0.3455626361988817E-01 +0.1588573478681011E+00 -0.6216393004024101E-01
+0.2573516628559500E+02 -0.3129464232682833E-01 +0.1559933222793653E+00 -0.5897883674459536E-01
+0.2575103959284667E+02 -0.2781712830691840E-01 +0.1531748039310382E+00 -0.5559457903563536E-01
+0.2576691290009833E+02 -0.2414254029831390E-01 +0.1504484766559688E+00 -0.5202809168066969E-01
+0.2578278620735000E+02 -0.2029850985314955E-01 +0.1478542579338049E+00 -0.4830465964355857E-01
+0.2579865951460166E+02 -0.1631965087994340E-01 +0.1454240009616709E+00 -0.4445617766479493E-01
+0.2581453282185333E+02 -0.1224566807215965E-01 +0.1431804201003748E+00 -0.4051931956849031E-01
+0.2583040612910500E+02 -0.8119247220502872E-02 +0.1411362335585215E+00 -0.3653351488205647E-01
+0.2584627943635667E+02 -0.3983616737448662E-02 +0.1392936803534889E+00 -0.3253866815672457E-01
+0.2586215274360833E+02 +0.1201810666237408E-03 +0.1376446720349832E+00 -0.2857267577460254E-01
+0.2587802605086000E+02 +0.4156069008033151E-02 +0.1361718215123600E+00 -0.2466895142288594E-01
+0.2589389935811166E+02 +0.8095365277627071E-02 +0.1348504365207435E+00 -0.2085429311406672E-01
+0.2590977266536333E+02 +0.1191843039236425E-01 +0.1336513359064535E+00 -0.1714745207420765E-01
+0.2592564597261500E+02 +0.1561519049772157E-01 +0.1325441390035838E+00 -0.1355868838538754E-01
+0.2594151927986667E+02 +0.1918436514198400E-01 +0.1315005416098463E+00 -0.1009045249485130E-01
+0.2595739258711833E+02 +0.2263143542478940E-01 +0.1304970159309266E+00 -0.6739140878910366E-02
+0.2597326589437000E+02 +0.2596565494801524E-01 +0.1295163640097768E+00 -0.3497638932209890E-02
+0.2598913920162167E+02 +0.2919672546128334E-01 +0.1285476962311146E+00 -0.3581091795350488E-03
+0.2600501250887334E+02 +0.3233200827791467E-01 +0.1275847782403858E+00 +0.2685692657762306E-02
+0.2602088581612499E+02 +0.3537512461589957E-01 +0.1266232304328655E+00 +0.5637249156898783E-02
+0.2603675912337667E+02 +0.3832640655568760E-01 +0.1256575446201073E+00 +0.8497608824781899E-02
+0.2605263243062833E+02 +0.4118499763086832E-01 +0.1246790365038836E+00 +0.1126703105658156E-01
+0.2606850573788000E+02 +0.4395174287235759E-01 +0.1236755506422725E+00 +0.1394725318932566E-01
+0.2608437904513167E+02 +0.4663165287953026E-01 +0.1226330641503689E+00 +0.1654341141920845E-01
+0.2610025235238333E+02 +0.4923485490068239E-01 +0.1215385591713798E+00 +0.1906475760250537E-01
+0.2611612565963500E+02 +0.5177553627411398E-01 +0.1203829775590057E+00 +0.2152378841477620E-01
+0.2613199896688667E+02 +0.5426921872552248E-01 +0.1191629918695940E+00 +0.2393406102648132E-01
+0.2614787227413833E+02 +0.5672941907791818E-01 +0.1178807906849861E+00 +0.2630753076043668E-01
+0.2616374558139000E+02 +0.5916502125219410E-01 +0.1165418888111333E+00 +0.2865245990449161E-01
+0.2617961888864166E+02 +0.6157939494821447E-01 +0.1151517566051913E+00 +0.3097272862526246E-01
+0.2619549219589333E+02 +0.6397162700322581E-01 +0.1137124847361850E+00 +0.3326885447614114E-01
+0.2621136550314500E+02 +0.6633949925662319E-01 +0.1122206636762805E+00 +0.3554043024599407E-01
+0.2622723881039667E+02 +0.6868328493603755E-01 +0.1106672694306291E+00 +0.3778921502537802E-01
+0.2624311211764833E+02 +0.7100913698458203E-01 +0.1090397490459523E+00 +0.4002186493395543E-01
+0.2625898542490000E+02 +0.7333087144688917E-01 +0.1073257940610891E+00 +0.4225133432499584E-01
+0.2627485873215166E+02 +0.7566939231584149E-01 +0.1055176447994517E+00 +0.4449636050510442E-01
+0.2629073203940333E+02 +0.7804982225322943E-01 +0.1036154765415131E+00 +0.4677910104317340E-01
+0.2630660534665500E+02 +0.8049728612001664E-01 +0.1016287250428685E+00 +0.4912167476272278E-01
+0.2632247865390666E+02 +0.8303277914324954E-01 +0.9957503961440414E-01 +0.5154272982319885E-01
+0.2633835196115833E+02 +0.8567036701198816E-01 +0.9747747972945732E-01 +0.5405503205134343E-01
+0.2635422526841000E+02 +0.8841625198932901E-01 +0.9536110496736241E-01 +0.5666453363726986E-01
+0.2637009857566167E+02 +0.9126943518282445E-01 +0.9325003288620448E-01 +0.5937076449823997E-01
+0.2638597188291333E+02 +0.9422323029506541E-01 +0.9116551456588692E-01 +0.6216800220356200E-01
+0.2640184519016500E+02 +0.9726689621667431E-01 +0.8912497526739087E-01 +0.6504665208512717E-01
+0.2641771849741667E+02 +0.1003870144893663E+00 +0.8714161843095310E-01 +0.6799451562200010E-01
+0.2643359180466833E+02 +0.1035686487401645E+00 +0.8522420833082120E-01 +0.7099792810631855E-01
+0.2644946511192000E+02 +0.1067965377614165E+00 +0.8337691617447782E-01 +0.7404291434633070E-01
+0.2646533841917167E+02 +0.1100565069178263E+00 +0.8159941485686126E-01 +0.7711646952098994E-01
+0.2648121172642333E+02 +0.1133370097733817E+00 +0.7988754228508894E-01 +0.8020787413471764E-01
+0.2649708503367500E+02 +0.1166304083497324E+00 +0.7823472531173405E-01 +0.8330973374026907E-01
+0.2651295834092667E+02 +0.1199334698240358E+00 +0.7663400570688265E-01 +0.8641835203074300E-01
+0.2652883164817834E+02 +0.1232467363526219E+00 +0.7508012013619890E-01 +0.8953319665952475E-01
+0.2654470495543000E+02 +0.1265728751525675E+00 +0.7357091285200684E-01 +0.9265556313015533E-01
+0.2656057826268166E+02 +0.1299146018111588E+00 +0.7210756476496921E-01 +0.9578690512252208E-01
+0.2657645156993333E+02 +0.1332729916110716E+00 +0.7069363243086262E-01 +0.9892746219616078E-01
+0.2659232487718500E+02 +0.1366468032411498E+00 +0.6933342329600432E-01 +0.1020756705898014E+00
+0.2660819818443667E+02 +0.1400329460453170E+00 +0.6803049409052327E-01 +0.1052284671303557E+00
+0.2662407149168833E+02 +0.1434277005745416E+00 +0.6678693215908557E-01 +0.1083821917493565E+00
+0.2663994479894000E+02 +0.1468280043748740E+00 +0.6560366701266238E-01 +0.1115335548829417E+00
+0.2665581810619167E+02 +0.1502321456839482E+00 +0.6448158027261652E-01 +0.1146801513159329E+00
+0.2667169141344333E+02 +0.1536395147656092E+00 +0.6342284795276053E-01 +0.1178202371397959E+00
+0.2668756472069500E+02 +0.1570494875360736E+00 +0.6243188469671083E-01 +0.1209518183505012E+00
+0.2670343802794666E+02 +0.1604598645729582E+00 +0.6151546517710930E-01 +0.1240713761396270E+00
+0.2671931133519833E+02 +0.1638654153561920E+00 +0.6068194979082271E-01 +0.1271726628205937E+00
+0.2673518464245000E+02 +0.1672569614520032E+00 +0.5993985619871364E-01 +0.1302459250704601E+00
+0.2675105794970167E+02 +0.1706211819237735E+00 +0.5929615914761874E-01 +0.1332777250819529E+00
+0.2676693125695333E+02 +0.1739410962041996E+00 +0.5875465539501436E-01 +0.1362513504246140E+00
+0.2678280456420500E+02 +0.1771970744018426E+00 +0.5831459110383144E-01 +0.1391477083435995E+00
+0.2679867787145666E+02 +0.1803682418872430E+00 +0.5796963153071492E-01 +0.1419465956995458E+00
+0.2681455117870833E+02 +0.1834342117768002E+00 +0.5770722334810637E-01 +0.1446282715751418E+00
+0.2683042448596000E+02 +0.1863771099274274E+00 +0.5750845310480483E-01 +0.1471752714603072E+00
+0.2684629779321166E+02 +0.1891837981881741E+00 +0.5734858081609218E-01 +0.1495743486876219E+00
+0.2686217110046333E+02 +0.1918480547729070E+00 +0.5719844139276825E-01 +0.1518183140546866E+00
+0.2687804440771500E+02 +0.1943723017518363E+00 +0.5702679038989532E-01 +0.1539074217864221E+00
+0.2689391771496667E+02 +0.1967683908021848E+00 +0.5680342000351284E-01 +0.1558499037100597E+00
+0.2690979102221834E+02 +0.1990570667007107E+00 +0.5650257681110171E-01 +0.1576613513828784E+00
+0.2692566432947000E+02 +0.2012660241606827E+00 +0.5610602691684215E-01 +0.1593628825892990E+00
+0.2694153763672167E+02 +0.2034268341710825E+00 +0.5560514722235488E-01 +0.1609783125825842E+00
+0.2695741094397333E+02 +0.2055712767161696E+00 +0.5500165049414700E-01 +0.1625307621992953E+00
+0.2697328425122500E+02 +0.2077277002486448E+00 +0.5430684870807587E-01 +0.1640392126905859E+00
+0.2698915755847667E+02 +0.2099179753039614E+00 +0.5353961505041328E-01 +0.1655154714496934E+00
+0.2700503086572833E+02 +0.2121554865015739E+00 +0.5272339928433406E-01 +0.1669618997633425E+00
+0.2702090417298000E+02 +0.2144444281383227E+00 +0.5188279368098955E-01 +0.1683700266014012E+00
+0.2703677748023167E+02 +0.2167804331189214E+00 +0.5104020606871319E-01 +0.1697200583972719E+00
+0.2705265078748333E+02 +0.2191523265304700E+00 +0.5021313003556301E-01 +0.1709804922617358E+00
+0.2706852409473500E+02 +0.2215446411111162E+00 +0.4941233177929534E-01 +0.1721085828585839E+00
+0.2708439740198666E+02 +0.2239404994703561E+00 +0.4864108765864594E-01 +0.1730451084858531E+00
+0.2710027070923833E+02 +0.2263245080756424E+00 +0.4789548445746200E-01 +0.1737211468811022E+00
+0.2711614401649000E+02 +0.2286853363059478E+00 +0.4716573563846203E-01 +0.1739995117674294E+00
+0.2713201732374167E+02 +0.2310176323801987E+00 +0.4643840010887029E-01 +0.1738051652853875E+00
+0.2714789063099333E+02 +0.2333229071173609E+00 +0.4569924278586554E-01 +0.1723984573316328E+00
+0.2716376393824500E+02 +0.2356091044884876E+00 +0.4493625548815666E-01 +0.1712596517412062E+00
+0.2717963724549666E+02 +0.2378888483069010E+00 +0.4414217934555566E-01 +0.1614281190543957E+00
+0.2719551055274833E+02 +0.2401767502709647E+00 +0.4331589897591176E-01 +0.1566650159622111E+00
