# Macroscopic dielectric function epsm
#
# Momentum transfer Q=G+q in lattice cooridnates
# G:   0   0   0
# q:   0.0000000   0.0000000   0.0000000
# Momentum transfer Q=G+q in Cartesian cooridnates
# G:   0.0000000   0.0000000   0.0000000
# q:   0.0000000   0.0000000   0.0000000
# Norm2(G+q)   0.0000000
#
# Energy scale=   27.211384
# Used broadening in scaled energy units:    0.190480
#
# Number of k-points=      64
# Unit cell volume [au]=  110.090925
# Coulomb potential v(Q) [au]=          0.000000
#
#             Frequency                Re(epsm)                Im(epsm)       Re(epsm) form KKT
+0.6530732126400001E+03 +0.1000446912339560E+01 +0.7470074078597401E-05 +0.1000457653658486E+01
+0.6531639172528667E+03 +0.1000450496985746E+01 +0.7595404363731233E-05 +0.1000460000516064E+01
+0.6532546218657334E+03 +0.1000454142005456E+01 +0.7723997310278871E-05 +0.1000461543154168E+01
+0.6533453264786001E+03 +0.1000457848976250E+01 +0.7855969504681892E-05 +0.1000464648062829E+01
+0.6534360310914667E+03 +0.1000461619532259E+01 +0.7991442873820341E-05 +0.1000467770999332E+01
+0.6535267357043333E+03 +0.1000465455366792E+01 +0.8130544985157678E-05 +0.1000471165718389E+01
+0.6536174403172000E+03 +0.1000469358235076E+01 +0.8273409366960455E-05 +0.1000474706023983E+01
+0.6537081449300667E+03 +0.1000473329957162E+01 +0.8420175850158485E-05 +0.1000478381269642E+01
+0.6537988495429333E+03 +0.1000477372420996E+01 +0.8570990933545483E-05 +0.1000482171181271E+01
+0.6538895541558001E+03 +0.1000481487585666E+01 +0.8726008174176216E-05 +0.1000486067980424E+01
+0.6539802587686668E+03 +0.1000485677484843E+01 +0.8885388604984159E-05 +0.1000490065879329E+01
+0.6540709633815334E+03 +0.1000489944230423E+01 +0.9049301181829596E-05 +0.1000494161804768E+01
+0.6541616679944000E+03 +0.1000494290016393E+01 +0.9217923262394707E-05 +0.1000498354051722E+01
+0.6542523726072667E+03 +0.1000498717122922E+01 +0.9391441119565770E-05 +0.1000502641986013E+01
+0.6543430772201334E+03 +0.1000503227920713E+01 +0.9570050492199426E-05 +0.1000507025719386E+01
+0.6544337818330000E+03 +0.1000507824875618E+01 +0.9753957176442258E-05 +0.1000511505939505E+01
+0.6545244864458667E+03 +0.1000512510553546E+01 +0.9943377661084544E-05 +0.1000516083786185E+01
+0.6546151910587334E+03 +0.1000517287625678E+01 +0.1013853981077015E-04 +0.1000520760770462E+01
+0.6547058956716000E+03 +0.1000522158874021E+01 +0.1033968360126439E-04 +0.1000525538718060E+01
+0.6547966002844666E+03 +0.1000527127197321E+01 +0.1054706191140607E-04 +0.1000530419730417E+01
+0.6548873048973334E+03 +0.1000532195617358E+01 +0.1076094137683650E-04 +0.1000535406157684E+01
+0.6549780095102001E+03 +0.1000537367285669E+01 +0.1098160331113061E-04 +0.1000540500580380E+01
+0.6550687141230667E+03 +0.1000542645490714E+01 +0.1120934470053448E-04 +0.1000545705797387E+01
+0.6551594187359334E+03 +0.1000548033665535E+01 +0.1144447927917351E-04 +0.1000551024818744E+01
+0.6552501233488000E+03 +0.1000553535395939E+01 +0.1168733869232743E-04 +0.1000556460862167E+01
+0.6553408279616667E+03 +0.1000559154429252E+01 +0.1193827375619343E-04 +0.1000562017352544E+01
+0.6554315325745333E+03 +0.1000564894683690E+01 +0.1219765582347624E-04 +0.1000567697923878E+01
+0.6555222371874000E+03 +0.1000570760258402E+01 +0.1246587826519184E-04 +0.1000573506423318E+01
+0.6556129418002668E+03 +0.1000576755444240E+01 +0.1274335808023047E-04 +0.1000579446917013E+01
+0.6557036464131334E+03 +0.1000582884735315E+01 +0.1303053764554853E-04 +0.1000585523697616E+01
+0.6557943510260001E+03 +0.1000589152841415E+01 +0.1332788662134472E-04 +0.1000591741293338E+01
+0.6558850556388667E+03 +0.1000595564701361E+01 +0.1363590402725893E-04 +0.1000598104478486E+01
+0.6559757602517334E+03 +0.1000602125497375E+01 +0.1395512050754119E-04 +0.1000604618285452E+01
+0.6560664648646000E+03 +0.1000608840670570E+01 +0.1428610080529471E-04 +0.1000611288018175E+01
+0.6561571694774667E+03 +0.1000615715937646E+01 +0.1462944646836713E-04 +0.1000618119267116E+01
+0.6562478740903334E+03 +0.1000622757308927E+01 +0.1498579881225349E-04 +0.1000625117925779E+01
+0.6563385787032000E+03 +0.1000629971107839E+01 +0.1535584216857450E-04 +0.1000632290208907E+01
+0.6564292833160667E+03 +0.1000637363992003E+01 +0.1574030745134221E-04 +0.1000639642672405E+01
+0.6565199879289333E+03 +0.1000644942976068E+01 +0.1613997607740449E-04 +0.1000647182235172E+01
+0.6566106925418001E+03 +0.1000652715456478E+01 +0.1655568428225788E-04 +0.1000654916202949E+01
+0.6567013971546667E+03 +0.1000660689238363E+01 +0.1698832787792139E-04 +0.1000662852294383E+01
+0.6567921017675334E+03 +0.1000668872564767E+01 +0.1743886750592967E-04 +0.1000670998669497E+01
+0.6568828063804001E+03 +0.1000677274148470E+01 +0.1790833444581914E-04 +0.1000679363960804E+01
+0.6569735109932667E+03 +0.1000685903206661E+01 +0.1839783704797256E-04 +0.1000687957307307E+01
+0.6570642156061334E+03 +0.1000694769498786E+01 +0.1890856786952067E-04 +0.1000696788391712E+01
+0.6571549202190000E+03 +0.1000703883367905E+01 +0.1944181160343379E-04 +0.1000705867481159E+01
+0.6572456248318667E+03 +0.1000713255785960E+01 +0.1999895390426380E-04 +0.1000715205471866E+01
+0.6573363294447333E+03 +0.1000722898403394E+01 +0.2058149122955043E-04 +0.1000724813938121E+01
+0.6574270340576001E+03 +0.1000732823603616E+01 +0.2119104183415557E-04 +0.1000734705186108E+01
+0.6575177386704668E+03 +0.1000743044562888E+01 +0.2182935807618060E-04 +0.1000744892313122E+01
+0.6576084432833334E+03 +0.1000753575316285E+01 +0.2249834021834923E-04 +0.1000755389272818E+01
+0.6576991478962001E+03 +0.1000764430830458E+01 +0.2320005193851806E-04 +0.1000766210947210E+01
+0.6577898525090667E+03 +0.1000775627084049E+01 +0.2393673779826329E-04 +0.1000777373226257E+01
+0.6578805571219333E+03 +0.1000787181156728E+01 +0.2471084296043274E-04 +0.1000788893095985E+01
+0.6579712617348000E+03 +0.1000799111327959E+01 +0.2552503549653794E-04 +0.1000800788736232E+01
+0.6580619663476667E+03 +0.1000811437186777E+01 +0.2638223168471095E-04 +0.1000813079629284E+01
+0.6581526709605334E+03 +0.1000824179754050E+01 +0.2728562477075154E-04 +0.1000825786680843E+01
+0.6582433755734000E+03 +0.1000837361618951E+01 +0.2823871775136874E-04 +0.1000838932355011E+01
+0.6583340801862668E+03 +0.1000851007091599E+01 +0.2924536084344377E-04 +0.1000852540825238E+01
+0.6584247847991334E+03 +0.1000865142374219E+01 +0.3030979443036568E-04 +0.1000866638143511E+01
+0.6585154894120000E+03 +0.1000879795753498E+01 +0.3143669843172171E-04 +0.1000881252430417E+01
+0.6586061940248667E+03 +0.1000894997817321E+01 +0.3263124923284735E-04 +0.1000896414089201E+01
+0.6586968986377334E+03 +0.1000910781699619E+01 +0.3389918554508652E-04 +0.1000912156047455E+01
+0.6587876032506001E+03 +0.1000927183357724E+01 +0.3524688485763847E-04 +0.1000928514030752E+01
+0.6588783078634667E+03 +0.1000944241887471E+01 +0.3668145250298022E-04 +0.1000945526873298E+01
+0.6589690124763333E+03 +0.1000961999882245E+01 +0.3821082581006272E-04 +0.1000963236871684E+01
+0.6590597170892000E+03 +0.1000980503843408E+01 +0.3984389638956494E-04 +0.1000981690188934E+01
+0.6591504217020666E+03 +0.1000999804651022E+01 +0.4159065431934025E-04 +0.1001000937317522E+01
+0.6592411263149334E+03 +0.1001019958105619E+01 +0.4346235892496975E-04 +0.1001021033611768E+01
+0.6593318309278001E+03 +0.1001041025554052E+01 +0.4547174204776553E-04 +0.1001042039902216E+01
+0.6594225355406668E+03 +0.1001063074615321E+01 +0.4763325125683604E-04 +0.1001064023207321E+01
+0.6595132401535334E+03 +0.1001086180025821E+01 +0.4996334253170769E-04 +0.1001087057561122E+01
+0.6596039447664000E+03 +0.1001110424628047E+01 +0.5248083472459712E-04 +0.1001111224979922E+01
+0.6596946493792667E+03 +0.1001135900532514E+01 +0.5520734192680179E-04 +0.1001136616596286E+01
+0.6597853539921333E+03 +0.1001162710490100E+01 +0.5816780522869134E-04 +0.1001163333995557E+01
+0.6598760586050000E+03 +0.1001190969521555E+01 +0.6139115315754670E-04 +0.1001191490798594E+01
+0.6599667632178667E+03 +0.1001220806863151E+01 +0.6491113189104053E-04 +0.1001221214545064E+01
+0.6600574678307333E+03 +0.1001252368302863E+01 +0.6876736523855683E-04 +0.1001252648943986E+01
+0.6601481724436001E+03 +0.1001285818999407E+01 +0.7300673664740968E-04 +0.1001285956570311E+01
+0.6602388770564667E+03 +0.1001321346891865E+01 +0.7768524479030548E-04 +0.1001321322089548E+01
+0.6603295816693334E+03 +0.1001359166797520E+01 +0.8287060118896979E-04 +0.1001358956055982E+01
+0.6604202862822000E+03 +0.1001399525165969E+01 +0.8864607762421834E-04 +0.1001399099146578E+01
+0.6605109908950667E+03 +0.1001442704828022E+01 +0.9511655747813100E-04 +0.1001442025998573E+01
+0.6606016955079334E+03 +0.1001489026457186E+01 +0.1024179711134058E-03 +0.1001488045596532E+01
+0.6606924001208000E+03 +0.1001538834765730E+01 +0.1107253056606503E-03 +0.1001537491491729E+01
+0.6607831047336667E+03 +0.1001592458366034E+01 +0.1202068530188160E-03 +0.1001590718723557E+01
+0.6608738093465333E+03 +0.1001650336188390E+01 +0.1308437173053577E-03 +0.1001648234832417E+01
+0.6609645139594001E+03 +0.1001713432484366E+01 +0.1427261496108626E-03 +0.1001710834834626E+01
+0.6610552185722667E+03 +0.1001782703918961E+01 +0.1565003810659587E-03 +0.1001779387276337E+01
+0.6611459231851334E+03 +0.1001858939725693E+01 +0.1727729624340626E-03 +0.1001854730189210E+01
+0.6612366277980001E+03 +0.1001943201324515E+01 +0.1921333874144847E-03 +0.1001937885985943E+01
+0.6613273324108667E+03 +0.1002036896878081E+01 +0.2153773756316870E-03 +0.1002030176575526E+01
+0.6614180370237334E+03 +0.1002141824907090E+01 +0.2436293719108254E-03 +0.1002133275295165E+01
+0.6615087416366000E+03 +0.1002260282692840E+01 +0.2784956093332684E-03 +0.1002249292483174E+01
+0.6615994462494667E+03 +0.1002395234453125E+01 +0.3223200243304366E-03 +0.1002380900061211E+01
+0.6616901508623333E+03 +0.1002550545876097E+01 +0.3786270256769340E-03 +0.1002531486657468E+01
+0.6617808554752000E+03 +0.1002731288514834E+01 +0.4529144819771158E-03 +0.1002705309599137E+01
+0.6618715600880668E+03 +0.1002944062431011E+01 +0.5541374957474172E-03 +0.1002907510700930E+01
+0.6619622647009334E+03 +0.1003197041276653E+01 +0.6976117044381091E-03 +0.1003143523035251E+01
+0.6620529693138000E+03 +0.1003498457641055E+01 +0.9108552537416350E-03 +0.1003416259837297E+01
+0.6621436739266667E+03 +0.1003848358023016E+01 +0.1244747409343231E-02 +0.1003715925965691E+01
+0.6622343785395334E+03 +0.1004205261630596E+01 +0.1786119908360541E-02 +0.1003990194734473E+01
+0.6623250831524000E+03 +0.1004400768600477E+01 +0.2607471519798828E-02 +0.1004105325107070E+01
+0.6624157877652667E+03 +0.1004220646279812E+01 +0.3519959803133723E-02 +0.1003953896157285E+01
+0.6625064923781334E+03 +0.1003854870318895E+01 +0.4371805468571853E-02 +0.1003554474749275E+01
+0.6625971969910000E+03 +0.1003056047455631E+01 +0.5372711047755861E-02 +0.1002772203967092E+01
+0.6626879016038666E+03 +0.1001535005156642E+01 +0.5803430264163850E-02 +0.1001580970356027E+01
+0.6627786062167334E+03 +0.1000223613948710E+01 +0.5170473964375165E-02 +0.1000520260495836E+01
+0.6628693108296001E+03 +0.9997479616504683E+00 +0.4336752618542703E-02 +0.9999636586183911E+00
+0.6629600154424667E+03 +0.9995437576337618E+00 +0.3711640801503606E-02 +0.9997486394217365E+00
+0.6630507200553334E+03 +0.9996259433995458E+00 +0.3123802715439296E-02 +0.9997700764735589E+00
+0.6631414246682001E+03 +0.9999262724732736E+00 +0.2905459479829975E-02 +0.9999278599965787E+00
+0.6632321292810667E+03 +0.9999969489646987E+00 +0.2984321193588581E-02 +0.9999790600981960E+00
+0.6633228338939333E+03 +0.9998716077170562E+00 +0.2920892854495022E-02 +0.9999225205538677E+00
+0.6634135385068000E+03 +0.9998925291683574E+00 +0.2809434007629804E-02 +0.9998993788887520E+00
+0.6635042431196667E+03 +0.9998761090053931E+00 +0.2871378163669870E-02 +0.9998484779704693E+00
+0.6635949477325333E+03 +0.9996566948159702E+00 +0.2865153989504639E-02 +0.9997025637814617E+00
+0.6636856523454001E+03 +0.9995191368237307E+00 +0.2642757981395662E-02 +0.9995943660023362E+00
+0.6637763569582668E+03 +0.9995533031554543E+00 +0.2486142122569058E-02 +0.9995834270043615E+00
+0.6638670615711334E+03 +0.9995644114331967E+00 +0.2399224710444551E-02 +0.9995975624682133E+00
+0.6639577661840000E+03 +0.9996127056330091E+00 +0.2295895835576213E-02 +0.9996403498927914E+00
+0.6640484707968667E+03 +0.9997458791006397E+00 +0.2282221648361935E-02 +0.9997234568275093E+00
+0.6641391754097334E+03 +0.9998422505914444E+00 +0.2459432167098726E-02 +0.9997552777879279E+00
+0.6642298800226000E+03 +0.9996656403768522E+00 +0.2766179386723900E-02 +0.9995856687431631E+00
+0.6643205846354667E+03 +0.9991623267124958E+00 +0.2786038081300174E-02 +0.9992425935705135E+00
+0.6644112892483334E+03 +0.9988620730293053E+00 +0.2392128998222868E-02 +0.9990008017504133E+00
+0.6645019938612000E+03 +0.9988910409037590E+00 +0.2043957188736328E-02 +0.9989750365001693E+00
+0.6645926984740667E+03 +0.9989994303787973E+00 +0.1843090379999290E-02 +0.9990474667910111E+00
+0.6646834030869334E+03 +0.9990984250660316E+00 +0.1737675906114775E-02 +0.9991262292268398E+00
+0.6647741076998001E+03 +0.9991566866573205E+00 +0.1624981843104358E-02 +0.9992040684740877E+00
+0.6648648123126667E+03 +0.9993052379214685E+00 +0.1494422337288962E-02 +0.9993335669396298E+00
+0.6649555169255334E+03 +0.9995337967150808E+00 +0.1487020950144013E-02 +0.9995110209581314E+00
+0.6650462215384001E+03 +0.9997231516781433E+00 +0.1633957636428954E-02 +0.9996578717531174E+00
+0.6651369261512667E+03 +0.9997940937840726E+00 +0.1891316712164092E-02 +0.9996992129467880E+00
+0.6652276307641333E+03 +0.9996522315642631E+00 +0.2181659879789283E-02 +0.9995813096566656E+00
+0.6653183353770000E+03 +0.9993618804700881E+00 +0.2297082835743022E-02 +0.9993501006104567E+00
+0.6654090399898668E+03 +0.9990569810699640E+00 +0.2318682465626248E-02 +0.9990677781763609E+00
+0.6654997446027334E+03 +0.9986694444564752E+00 +0.2119520389517386E-02 +0.9987901745153234E+00
+0.6655904492156001E+03 +0.9985389549217301E+00 +0.1685410034216825E-02 +0.9986730775040232E+00
+0.6656811538284668E+03 +0.9986748345709452E+00 +0.1358214774824307E-02 +0.9987498494812729E+00
+0.6657718584413333E+03 +0.9988664575641488E+00 +0.1197822167926140E-02 +0.9989005887637373E+00
+0.6658625630542000E+03 +0.9990376336184167E+00 +0.1127102564404003E-02 +0.9990529734877586E+00
+0.6659532676670667E+03 +0.9991963293810537E+00 +0.1103056293037516E-02 +0.9991976176217572E+00
+0.6660439722799333E+03 +0.9993530300653028E+00 +0.1127559980012722E-02 +0.9993379458447914E+00
+0.6661346768928000E+03 +0.9995119135765760E+00 +0.1219946164373191E-02 +0.9994663775605980E+00
+0.6662253815056667E+03 +0.9996235821803849E+00 +0.1430550935619749E-02 +0.9995375207221793E+00
+0.6663160861185335E+03 +0.9995587035373206E+00 +0.1744015165022693E-02 +0.9994591009529709E+00
+0.6664067907314000E+03 +0.9992132256644339E+00 +0.1934217714878887E-02 +0.9992083997911044E+00
+0.6664974953442667E+03 +0.9988599138741412E+00 +0.1816148037904265E-02 +0.9989282205135659E+00
+0.6665881999571334E+03 +0.9986579181164045E+00 +0.1545964189459669E-02 +0.9987594530466284E+00
+0.6666789045700000E+03 +0.9986438071885750E+00 +0.1235582368576173E-02 +0.9987353747088241E+00
+0.6667696091828667E+03 +0.9987707764018738E+00 +0.9936683848240785E-03 +0.9988334002885599E+00
+0.6668603137957334E+03 +0.9989752028759864E+00 +0.8562079718897393E-03 +0.9990019965404052E+00
+0.6669510184086001E+03 +0.9992035206608931E+00 +0.8281069072182425E-03 +0.9991966848568191E+00
+0.6670417230214666E+03 +0.9994270241419347E+00 +0.9113321911958974E-03 +0.9993811455302649E+00
+0.6671324276343333E+03 +0.9995919399399162E+00 +0.1128651829684435E-02 +0.9995023285438187E+00
+0.6672231322472001E+03 +0.9995866711384925E+00 +0.1452196928714214E-02 +0.9994804097645117E+00
+0.6673138368600667E+03 +0.9993193446137925E+00 +0.1724660346326893E-02 +0.9992708043706746E+00
+0.6674045414729334E+03 +0.9989147577367945E+00 +0.1685653231410060E-02 +0.9989874124162182E+00
+0.6674952460858001E+03 +0.9987478425608667E+00 +0.1390705023198882E-02 +0.9988413930795734E+00
+0.6675859506986667E+03 +0.9988429673816419E+00 +0.1194242590334932E-02 +0.9988715874560913E+00
+0.6676766553115333E+03 +0.9989616002610820E+00 +0.1209564196837820E-02 +0.9989314065518438E+00
+0.6677673599244000E+03 +0.9989215516192614E+00 +0.1318415479273023E-02 +0.9988971248508189E+00
+0.6678580645372667E+03 +0.9987574835173821E+00 +0.1327630418475529E-02 +0.9987784369967108E+00
+0.6679487691501333E+03 +0.9986149145487497E+00 +0.1206366219363482E-02 +0.9986675820346246E+00
+0.6680394737630000E+03 +0.9985701150859204E+00 +0.1040571848537301E-02 +0.9986205884122966E+00
+0.6681301783758668E+03 +0.9985899621486467E+00 +0.9070673368601134E-03 +0.9986265333619636E+00
+0.6682208829887334E+03 +0.9986242350424125E+00 +0.8071756178880067E-03 +0.9986541931349981E+00
+0.6683115876016000E+03 +0.9986645055904098E+00 +0.7217864593441609E-03 +0.9986911635853213E+00
+0.6684022922144667E+03 +0.9987158751205941E+00 +0.6457879912186788E-03 +0.9987387943218006E+00
+0.6684929968273334E+03 +0.9987827057786833E+00 +0.5873907082488877E-03 +0.9987979183017823E+00
+0.6685837014402000E+03 +0.9988566536190310E+00 +0.5617930895900536E-03 +0.9988593670876194E+00
+0.6686744060530667E+03 +0.9989088803189297E+00 +0.5708182976338449E-03 +0.9989036197375059E+00
+0.6687651106659334E+03 +0.9989157895573952E+00 +0.5847867416239314E-03 +0.9989173713283983E+00
+0.6688558152788000E+03 +0.9989018745899614E+00 +0.5568928747208159E-03 +0.9989180042349401E+00
+0.6689465198916666E+03 +0.9989175243428792E+00 +0.5083998620214048E-03 +0.9989319998911205E+00
+0.6690372245045334E+03 +0.9989482384835149E+00 +0.4739757391889912E-03 +0.9989580132294779E+00
+0.6691279291174001E+03 +0.9989748764321402E+00 +0.4470348726048148E-03 +0.9989848090120119E+00
+0.6692186337302667E+03 +0.9990023233665052E+00 +0.4163879282066775E-03 +0.9990131701265712E+00
+0.6693093383431334E+03 +0.9990385585665413E+00 +0.3884732248520334E-03 +0.9990466167002526E+00
+0.6694000429560001E+03 +0.9990756854753836E+00 +0.3710853047419862E-03 +0.9990811893799274E+00
+0.6694907475688667E+03 +0.9991069123525563E+00 +0.3551664941789872E-03 +0.9991135480598526E+00
+0.6695814521817333E+03 +0.9991403554699196E+00 +0.3349287988368546E-03 +0.9991479778975105E+00
+0.6696721567946000E+03 +0.9991845993979740E+00 +0.3176593141446217E-03 +0.9991887300138338E+00
+0.6697628614074667E+03 +0.9992316911491423E+00 +0.3168180285857611E-03 +0.9992302503907081E+00
+0.6698535660203333E+03 +0.9992631720342502E+00 +0.3240217118696964E-03 +0.9992634534409132E+00
+0.6699442706332001E+03 +0.9992885608375650E+00 +0.3168790024638037E-03 +0.9992936365787922E+00
+0.6700349752460668E+03 +0.9993286128629604E+00 +0.3039217690275192E-03 +0.9993327062634794E+00
+0.6701256798589334E+03 +0.9993833306007184E+00 +0.3013764489365955E-03 +0.9993819372424950E+00
+0.6702163844718000E+03 +0.9994402938197473E+00 +0.3191206650481411E-03 +0.9994324484158144E+00
+0.6703070890846667E+03 +0.9994821494294308E+00 +0.3473916479742677E-03 +0.9994756833962065E+00
+0.6703977936975334E+03 +0.9995248159389973E+00 +0.3627278569126701E-03 +0.9995210222389980E+00
+0.6704884983104000E+03 +0.9995940625273614E+00 +0.3937091651071673E-03 +0.9995780706571844E+00
+0.6705792029232667E+03 +0.9996572524802979E+00 +0.4672575286869853E-03 +0.9996301359146815E+00
+0.6706699075361335E+03 +0.9996904054589755E+00 +0.5544384985989423E-03 +0.9996643005100563E+00
+0.6707606121490001E+03 +0.9997255424201595E+00 +0.6501026394836944E-03 +0.9996883513496139E+00
+0.6708513167618667E+03 +0.9997428226622380E+00 +0.8128029152208336E-03 +0.9996786401154584E+00
+0.6709420213747334E+03 +0.9996267396117275E+00 +0.1012222504170181E-02 +0.9995777875892812E+00
+0.6710327259876001E+03 +0.9994014767764406E+00 +0.1081111922113692E-02 +0.9994063277665214E+00
+0.6711234306004667E+03 +0.9992217806901167E+00 +0.1016899692271730E-02 +0.9992550385057827E+00
+0.6712141352133334E+03 +0.9991416014289523E+00 +0.9084013700133919E-03 +0.9991733857723533E+00
+0.6713048398262001E+03 +0.9991330499862158E+00 +0.8429835701211517E-03 +0.9991442602819643E+00
+0.6713955444390666E+03 +0.9991191043885929E+00 +0.8331699671923461E-03 +0.9991188547859661E+00
+0.6714862490519333E+03 +0.9990648543334849E+00 +0.8243862421725676E-03 +0.9990744838504796E+00
+0.6715769536648000E+03 +0.9990145698351298E+00 +0.7879546136125604E-03 +0.9990265550510333E+00
+0.6716676582776668E+03 +0.9989685482339983E+00 +0.7590801314687693E-03 +0.9989785430368233E+00
+0.6717583628905334E+03 +0.9988996882825029E+00 +0.7089393778833570E-03 +0.9989254061973262E+00
+0.6718490675034001E+03 +0.9988600473509707E+00 +0.6125569697740604E-03 +0.9988926590678553E+00
+0.6719397721162668E+03 +0.9988709075559624E+00 +0.5302528948401787E-03 +0.9988918432437986E+00
+0.6720304767291333E+03 +0.9988845474003555E+00 +0.4754056140408202E-03 +0.9989020885535383E+00
+0.6721211813420000E+03 +0.9988981365308591E+00 +0.4212865556253982E-03 +0.9989157295652077E+00
+0.6722118859548667E+03 +0.9989228390137077E+00 +0.3756083591718277E-03 +0.9989356620315170E+00
+0.6723025905677334E+03 +0.9989464651081076E+00 +0.3418712834368544E-03 +0.9989574412059165E+00
+0.6723932951806000E+03 +0.9989703874043949E+00 +0.3113564812778185E-03 +0.9989797010391858E+00
+0.6724839997934668E+03 +0.9989960735745287E+00 +0.2905262674673765E-03 +0.9990018260988681E+00
+0.6725747044063334E+03 +0.9990150712392689E+00 +0.2767869667811698E-03 +0.9990199084250991E+00
+0.6726654090192000E+03 +0.9990286211147301E+00 +0.2650358670441394E-03 +0.9990327146416296E+00
+0.6727561136320667E+03 +0.9990345000306369E+00 +0.2538492417389140E-03 +0.9990397217019206E+00
+0.6728468182449334E+03 +0.9990345580873239E+00 +0.2336183980755612E-03 +0.9990437576850034E+00
+0.6729375228578001E+03 +0.9990421455406828E+00 +0.2041687722787350E-03 +0.9990523601028862E+00
+0.6730282274706667E+03 +0.9990601251753098E+00 +0.1780831245691532E-03 +0.9990678059900785E+00
+0.6731189320835334E+03 +0.9990797615369971E+00 +0.1601232472916386E-03 +0.9990852483856717E+00
+0.6732096366964000E+03 +0.9990949427065897E+00 +0.1457587846090930E-03 +0.9991005788588309E+00
+0.6733003413092666E+03 +0.9991082190944948E+00 +0.1281933489178030E-03 +0.9991150701747522E+00
+0.6733910459221333E+03 +0.9991257078380928E+00 +0.1094166597738153E-03 +0.9991319915343624E+00
+0.6734817505350001E+03 +0.9991464335202398E+00 +0.9431604604134823E-04 +0.9991512605322195E+00
+0.6735724551478667E+03 +0.9991669521759270E+00 +0.8311988051586045E-04 +0.9991708342788480E+00
+0.6736631597607334E+03 +0.9991863679895017E+00 +0.7412178261648706E-04 +0.9991897545883300E+00
+0.6737538643736001E+03 +0.9992054656397409E+00 +0.6635386032587851E-04 +0.9992083694789262E+00
+0.6738445689864667E+03 +0.9992249673127268E+00 +0.6149124095694336E-04 +0.9992265457448848E+00
+0.6739352735993333E+03 +0.9992415710839589E+00 +0.6037645077529257E-04 +0.9992424481815384E+00
+0.6740259782122000E+03 +0.9992536291520524E+00 +0.5848444548034081E-04 +0.9992555476034092E+00
+0.6741166828250667E+03 +0.9992661821282607E+00 +0.5412630514511231E-04 +0.9992681335214076E+00
+0.6742073874379333E+03 +0.9992797830303085E+00 +0.5203304636738000E-04 +0.9992806229278757E+00
+0.6742980920508001E+03 +0.9992897775427382E+00 +0.5189478011629545E-04 +0.9992908359202833E+00
+0.6743887966636668E+03 +0.9992966289707871E+00 +0.4847107526951676E-04 +0.9992991494128254E+00
+0.6744795012765334E+03 +0.9993054165653928E+00 +0.4172867304722522E-04 +0.9993083809072774E+00
+0.6745702058894000E+03 +0.9993171989225723E+00 +0.3541971616848777E-04 +0.9993195964819929E+00
+0.6746609105022667E+03 +0.9993300494322348E+00 +0.3119001088095513E-04 +0.9993317905895867E+00
+0.6747516151151334E+03 +0.9993426265599900E+00 +0.2874685500690060E-04 +0.9993438805731134E+00
+0.6748423197280000E+03 +0.9993544095360460E+00 +0.2761827724249801E-04 +0.9993553079106094E+00
+0.6749330243408667E+03 +0.9993651242747330E+00 +0.2733950369024602E-04 +0.9993658318728297E+00
+0.6750237289537334E+03 +0.9993749098790903E+00 +0.2767324500823370E-04 +0.9993753518656329E+00
+0.6751144335666000E+03 +0.9993830622687297E+00 +0.2889510507182341E-04 +0.9993833512386838E+00
+0.6752051381794666E+03 +0.9993884672171360E+00 +0.2896746078982430E-04 +0.9993896895124413E+00
+0.6752958427923334E+03 +0.9993941596364523E+00 +0.2596481117743497E-04 +0.9993960176511356E+00
+0.6753865474052001E+03 +0.9994020393354240E+00 +0.2266564024856584E-04 +0.9994036028795603E+00
+0.6754772520180667E+03 +0.9994107031977084E+00 +0.2052018515535552E-04 +0.9994119011753418E+00
+0.6755679566309334E+03 +0.9994192645992022E+00 +0.1936856284295553E-04 +0.9994201843273742E+00
+0.6756586612438000E+03 +0.9994273912866239E+00 +0.1903269145671719E-04 +0.9994280561808179E+00
+0.6757493658566667E+03 +0.9994346226097872E+00 +0.1942972977349405E-04 +0.9994351075254836E+00
+0.6758400704695333E+03 +0.9994402722130800E+00 +0.1973474511788809E-04 +0.9994410688667505E+00
+0.6759307750824000E+03 +0.9994453155619083E+00 +0.1847652832983722E-04 +0.9994465994241769E+00
+0.6760214796952667E+03 +0.9994513518210650E+00 +0.1655435404209714E-04 +0.9994525846964247E+00
+0.6761121843081334E+03 +0.9994579233787556E+00 +0.1508439269816424E-04 +0.9994589818673477E+00
+0.6762028889210001E+03 +0.9994644584280867E+00 +0.1406975685263044E-04 +0.9994654014268809E+00
+0.6762935935338667E+03 +0.9994707882290472E+00 +0.1332856825766021E-04 +0.9994716641213737E+00
+0.6763842981467334E+03 +0.9994768915678851E+00 +0.1274596839724703E-04 +0.9994777266784500E+00
+0.6764750027596000E+03 +0.9994827819911518E+00 +0.1226088975259693E-04 +0.9994835902812079E+00
+0.6765657073724667E+03 +0.9994884780794990E+00 +0.1184036058610245E-04 +0.9994892673062346E+00
+0.6766564119853334E+03 +0.9994939967922590E+00 +0.1146556819211551E-04 +0.9994947715371644E+00
+0.6767471165982000E+03 +0.9994993524831844E+00 +0.1112510073441130E-04 +0.9995001156204405E+00
+0.6768378212110667E+03 +0.9995045571846398E+00 +0.1081162284727530E-04 +0.9995053106198311E+00
+0.6769285258239333E+03 +0.9995096210760395E+00 +0.1052016725060099E-04 +0.9995103661362438E+00
+0.6770192304368001E+03 +0.9995145528919551E+00 +0.1024721241880692E-04 +0.9995152905420578E+00
+0.6771099350496667E+03 +0.9995193602360108E+00 +0.9990160230839755E-05 +0.9995200912042801E+00
+0.6772006396625334E+03 +0.9995240498145042E+00 +0.9747026769048532E-05 +0.9995247746686113E+00
+0.6772913442754001E+03 +0.9995286276098276E+00 +0.9516251781561964E-05 +0.9995293468046462E+00
+0.6773820488882667E+03 +0.9995330990104105E+00 +0.9296576919418807E-05 +0.9995338129191231E+00
+0.6774727535011334E+03 +0.9995374689094918E+00 +0.9086965322197149E-05 +0.9995381778444712E+00
+0.6775634581140000E+03 +0.9995417417814150E+00 +0.8886546904599820E-05 +0.9995424460086439E+00
+0.6776541627268667E+03 +0.9995459217415340E+00 +0.8694580108779674E-05 +0.9995466214908222E+00
+0.6777448673397333E+03 +0.9995500125940003E+00 +0.8510424500611659E-05 +0.9995507080663928E+00
+0.6778355719526000E+03 +0.9995540178704523E+00 +0.8333520689744720E-05 +0.9995547092437198E+00
+0.6779262765654668E+03 +0.9995579408617763E+00 +0.8163375311557568E-05 +0.9995586282945628E+00
+0.6780169811783334E+03 +0.9995617846445104E+00 +0.7999549582778333E-05 +0.9995624682795232E+00
+0.6781076857912001E+03 +0.9995655521030499E+00 +0.7841650429951145E-05 +0.9995662320695531E+00
+0.6781983904040667E+03 +0.9995692459485159E+00 +0.7689323504012883E-05 +0.9995699223643100E+00
+0.6782890950169334E+03 +0.9995728687349442E+00 +0.7542247600877421E-05 +0.9995735417079565E+00
+0.6783797996298000E+03 +0.9995764228732882E+00 +0.7400130146518535E-05 +0.9995770925028707E+00
+0.6784705042426667E+03 +0.9995799106436304E+00 +0.7262703499668033E-05 +0.9995805770216273E+00
+0.6785612088555334E+03 +0.9995833342059020E+00 +0.7129721890953311E-05 +0.9995839974175380E+00
+0.6786519134684000E+03 +0.9995866956093520E+00 +0.7000958863627371E-05 +0.9995873557339801E+00
+0.6787426180812668E+03 +0.9995899968009614E+00 +0.6876205114198534E-05 +0.9995906539126953E+00
+0.6788333226941334E+03 +0.9995932396329554E+00 +0.6755266655316640E-05 +0.9995938938012114E+00
+0.6789240273070001E+03 +0.9995964258695453E+00 +0.6637963240942765E-05 +0.9995970771595075E+00
+0.6790147319198667E+03 +0.9995995571930014E+00 +0.6524127006975446E-05 +0.9996002056660245E+00
+0.6791054365327334E+03 +0.9996026352091461E+00 +0.6413601290389038E-05 +0.9996032809231075E+00
+0.6791961411456001E+03 +0.9996056614523399E+00 +0.6306239597463040E-05 +0.9996063044619479E+00
+0.6792868457584667E+03 +0.9996086373900229E+00 +0.6201904697454705E-05 +0.9996092777470880E+00
+0.6793775503713333E+03 +0.9996115644268615E+00 +0.6100467822548360E-05 +0.9996122021805366E+00
+0.6794682549842000E+03 +0.9996144439085471E+00 +0.6001807958421190E-05 +0.9996150791055414E+00
+0.6795589595970666E+03 +0.9996172771252847E+00 +0.5905811212536503E-05 +0.9996179098100536E+00
+0.6796496642099333E+03 +0.9996200653150017E+00 +0.5812370249476052E-05 +0.9996206955299194E+00
+0.6797403688228001E+03 +0.9996228096663118E+00 +0.5721383784395281E-05 +0.9996234374518230E+00
+0.6798310734356668E+03 +0.9996255113212504E+00 +0.5632756127112311E-05 +0.9996261367160103E+00
+0.6799217780485334E+03 +0.9996281713778112E+00 +0.5546396770505427E-05 +0.9996287944188097E+00
+0.6800124826614000E+03 +0.9996307908922976E+00 +0.5462220017846805E-05 +0.9996314116149739E+00
+0.6801031872742667E+03 +0.9996333708815089E+00 +0.5380144644485158E-05 +0.9996339893198549E+00
+0.6801938918871333E+03 +0.9996359123247762E+00 +0.5300093589943482E-05 +0.9996365285114301E+00
+0.6802845965000000E+03 +0.9996384161658582E+00 +0.5221993677038302E-05 +0.9996390301321916E+00
+0.6803753011128667E+03 +0.9996408833147131E+00 +0.5145775355085648E-05 +0.9996414950909093E+00
+0.6804660057257335E+03 +0.9996433146491541E+00 +0.5071372464641144E-05 +0.9996439242642812E+00
+0.6805567103386001E+03 +0.9996457110164000E+00 +0.4998722021547455E-05 +0.9996463184984765E+00
+0.6806474149514667E+03 +0.9996480732345263E+00 +0.4927764018339002E-05 +0.9996486786105837E+00
+0.6807381195643334E+03 +0.9996504020938294E+00 +0.4858441241289776E-05 +0.9996510053899683E+00
+0.6808288241772000E+03 +0.9996526983581061E+00 +0.4790699101594492E-05 +0.9996532995995485E+00
+0.6809195287900667E+03 +0.9996549627658577E+00 +0.4724485479345480E-05 +0.9996555619769956E+00
+0.6810102334029334E+03 +0.9996571960314230E+00 +0.4659750579121405E-05 +0.9996577932358631E+00
+0.6811009380158001E+03 +0.9996593988460456E+00 +0.4596446796133382E-05 +0.9996599940666516E+00
+0.6811916426286667E+03 +0.9996615718788808E+00 +0.4534528591988806E-05 +0.9996621651378119E+00
+0.6812823472415333E+03 +0.9996637157779464E+00 +0.4473952379232793E-05 +0.9996643070966933E+00
+0.6813730518544000E+03 +0.9996658311710195E+00 +0.4414676413914102E-05 +0.9996664205704382E+00
+0.6814637564672666E+03 +0.9996679186664861E+00 +0.4356660695500391E-05 +0.9996685061668295E+00
+0.6815544610801334E+03 +0.9996699788541439E+00 +0.4299866873533151E-05 +0.9996705644750907E+00
+0.6816451656930001E+03 +0.9996720123059628E+00 +0.4244258160474522E-05 +0.9996725960666460E+00
+0.6817358703058667E+03 +0.9996740195768067E+00 +0.4189799250249835E-05 +0.9996746014958378E+00
+0.6818265749187333E+03 +0.9996760012051152E+00 +0.4136456242037144E-05 +0.9996765813006097E+00
+0.6819172795316000E+03 +0.9996779577135542E+00 +0.4084196568896362E-05 +0.9996785360031534E+00
+0.6820079841444667E+03 +0.9996798896096306E+00 +0.4032988930869110E-05 +0.9996804661105235E+00
+0.6820986887573333E+03 +0.9996817973862788E+00 +0.3982803232211641E-05 +0.9996823721152215E+00
+0.6821893933702000E+03 +0.9996836815224168E+00 +0.3933610522455105E-05 +0.9996842544957513E+00
+0.6822800979830668E+03 +0.9996855424834756E+00 +0.3885382941012910E-05 +0.9996861137171481E+00
+0.6823708025959334E+03 +0.9996873807219042E+00 +0.3838093665079481E-05 +0.9996879502314813E+00
+0.6824615072088000E+03 +0.9996891966776491E+00 +0.3791716860586296E-05 +0.9996897644783337E+00
+0.6825522118216667E+03 +0.9996909907786128E+00 +0.3746227636000341E-05 +0.9996915568852588E+00
+0.6826429164345334E+03 +0.9996927634410899E+00 +0.3701601998768766E-05 +0.9996933278682166E+00
+0.6827336210474000E+03 +0.9996945150701839E+00 +0.3657816814227869E-05 +0.9996950778319889E+00
+0.6828243256602667E+03 +0.9996962460602044E+00 +0.3614849766810630E-05 +0.9996968071705764E+00
+0.6829150302731334E+03 +0.9996979567950476E+00 +0.3572679323399246E-05 +0.9996985162675784E+00
+0.6830057348860000E+03 +0.9996996476485588E+00 +0.3531284698681347E-05 +0.9997002054965541E+00
+0.6830964394988666E+03 +0.9997013189848791E+00 +0.3490645822379456E-05 +0.9997018752213698E+00
+0.6831871441117333E+03 +0.9997029711587779E+00 +0.3450743308232904E-05 +0.9997035257965295E+00
+0.6832778487246001E+03 +0.9997046045159695E+00 +0.3411558424621356E-05 +0.9997051575674930E+00
+0.6833685533374667E+03 +0.9997062193934186E+00 +0.3373073066725823E-05 +0.9997067708709779E+00
+0.6834592579503334E+03 +0.9997078161196298E+00 +0.3335269730132174E-05 +0.9997083660352518E+00
+0.6835499625632001E+03 +0.9997093950149273E+00 +0.3298131485788161E-05 +0.9997099433804100E+00
+0.6836406671760667E+03 +0.9997109563917227E+00 +0.3261641956231597E-05 +0.9997115032186423E+00
+0.6837313717889333E+03 +0.9997125005547710E+00 +0.3225785293013203E-05 +0.9997130458544902E+00
+0.6838220764018000E+03 +0.9997140278014164E+00 +0.3190546155242722E-05 +0.9997145715850912E+00
+0.6839127810146667E+03 +0.9997155384218289E+00 +0.3155909689192574E-05 +0.9997160807004155E+00
+0.6840034856275333E+03 +0.9997170326992306E+00 +0.3121861508896630E-05 +0.9997175734834919E+00
+0.6840941902404001E+03 +0.9997185109101133E+00 +0.3088387677687106E-05 +0.9997190502106250E+00
+0.6841848948532668E+03 +0.9997199733244480E+00 +0.3055474690615694E-05 +0.9997205111516047E+00
+0.6842755994661334E+03 +0.9997214202058853E+00 +0.3023109457708860E-05 +0.9997219565699063E+00
+0.6843663040790000E+03 +0.9997228518119496E+00 +0.2991279288010533E-05 +0.9997233867228837E+00
+0.6844570086918667E+03 +0.9997242683942240E+00 +0.2959971874368192E-05 +0.9997248018619553E+00
+0.6845477133047334E+03 +0.9997256701985295E+00 +0.2929175278921940E-05 +0.9997262022327822E+00
+0.6846384179176000E+03 +0.9997270574650969E+00 +0.2898877919257541E-05 +0.9997275880754402E+00
+0.6847291225304667E+03 +0.9997284304287328E+00 +0.2869068555187993E-05 +0.9997289596245850E+00
+0.6848198271433334E+03 +0.9997297893189792E+00 +0.2839736276129815E-05 +0.9997303171096121E+00
+0.6849105317562000E+03 +0.9997311343602663E+00 +0.2810870489042448E-05 +0.9997316607548101E+00
+0.6850012363690666E+03 +0.9997324657720617E+00 +0.2782460906901230E-05 +0.9997329907795083E+00
+0.6850919409819334E+03 +0.9997337837690123E+00 +0.2754497537675848E-05 +0.9997343073982193E+00
+0.6851826455948001E+03 +0.9997350885610825E+00 +0.2726970673788650E-05 +0.9997356108207771E+00
+0.6852733502076667E+03 +0.9997363803536866E+00 +0.2699870882027561E-05 +0.9997369012524687E+00
+0.6853640548205334E+03 +0.9997376593478170E+00 +0.2673188993890947E-05 +0.9997381788941631E+00
+0.6854547594334001E+03 +0.9997389257401672E+00 +0.2646916096342488E-05 +0.9997394439424336E+00
+0.6855454640462667E+03 +0.9997401797232521E+00 +0.2621043522955542E-05 +0.9997406965896778E+00
+0.6856361686591333E+03 +0.9997414214855227E+00 +0.2595562845427758E-05 +0.9997419370242322E+00
+0.6857268732720000E+03 +0.9997426512114761E+00 +0.2570465865447517E-05 +0.9997431654304834E+00
+0.6858175778848668E+03 +0.9997438690817653E+00 +0.2545744606895456E-05 +0.9997443819889754E+00
+0.6859082824977334E+03 +0.9997450752733009E+00 +0.2521391308364303E-05 +0.9997455868765134E+00
+0.6859989871106001E+03 +0.9997462699593525E+00 +0.2497398415982137E-05 +0.9997467802662636E+00
+0.6860896917234668E+03 +0.9997474533096453E+00 +0.2473758576524444E-05 +0.9997479623278510E+00
+0.6861803963363334E+03 +0.9997486254904538E+00 +0.2450464630801336E-05 +0.9997491332274518E+00
+0.6862711009492000E+03 +0.9997497866646934E+00 +0.2427509607307033E-05 +0.9997502931278851E+00
+0.6863618055620667E+03 +0.9997509369920060E+00 +0.2404886716119257E-05 +0.9997514421887000E+00
+0.6864525101749334E+03 +0.9997520766288477E+00 +0.2382589343037329E-05 +0.9997525805662607E+00
+0.6865432147878000E+03 +0.9997532057285689E+00 +0.2360611043947532E-05 +0.9997537084138284E+00
+0.6866339194006667E+03 +0.9997543244414944E+00 +0.2338945539405761E-05 +0.9997548258816407E+00
+0.6867246240135335E+03 +0.9997554329150009E+00 +0.2317586709427456E-05 +0.9997559331169888E+00
+0.6868153286263999E+03 +0.9997565312935910E+00 +0.2296528588475581E-05 +0.9997570302642922E+00
+0.6869060332392667E+03 +0.9997576197189659E+00 +0.2275765360637683E-05 +0.9997581174651702E+00
+0.6869967378521334E+03 +0.9997586983300949E+00 +0.2255291354983966E-05 +0.9997591948585124E+00
+0.6870874424650001E+03 +0.9997597672632836E+00 +0.2235101041098009E-05 +0.9997602625805466E+00
+0.6871781470778667E+03 +0.9997608266522402E+00 +0.2215189024772912E-05 +0.9997613207649040E+00
+0.6872688516907334E+03 +0.9997618766281378E+00 +0.2195550043865548E-05 +0.9997623695426833E+00
+0.6873595563036001E+03 +0.9997629173196778E+00 +0.2176178964302162E-05 +0.9997634090425125E+00
+0.6874502609164666E+03 +0.9997639488531488E+00 +0.2157070776228839E-05 +0.9997644393906084E+00
+0.6875409655293333E+03 +0.9997649713524853E+00 +0.2138220590300582E-05 +0.9997654607108353E+00
+0.6876316701422001E+03 +0.9997659849393240E+00 +0.2119623634103434E-05 +0.9997664731247610E+00
+0.6877223747550667E+03 +0.9997669897330584E+00 +0.2101275248703692E-05 +0.9997674767517114E+00
+0.6878130793679334E+03 +0.9997679858508923E+00 +0.2083170885319186E-05 +0.9997684717088241E+00
+0.6879037839808001E+03 +0.9997689734078911E+00 +0.2065306102107475E-05 +0.9997694581110997E+00
+0.6879944885936668E+03 +0.9997699525170319E+00 +0.2047676561066178E-05 +0.9997704360714518E+00
+0.6880851932065333E+03 +0.9997709232892527E+00 +0.2030278025040841E-05 +0.9997714057007556E+00
+0.6881758978194000E+03 +0.9997718858334986E+00 +0.2013106354835917E-05 +0.9997723671078953E+00
+0.6882666024322667E+03 +0.9997728402567687E+00 +0.1996157506424929E-05 +0.9997733203998099E+00
+0.6883573070451333E+03 +0.9997737866641607E+00 +0.1979427528255501E-05 +0.9997742656815378E+00
+0.6884480116580000E+03 +0.9997747251589131E+00 +0.1962912558645743E-05 +0.9997752030562600E+00
+0.6885387162708668E+03 +0.9997756558424487E+00 +0.1946608823268258E-05 +0.9997761326253423E+00
+0.6886294208837334E+03 +0.9997765788144148E+00 +0.1930512632718374E-05 +0.9997770544883762E+00
+0.6887201254966000E+03 +0.9997774941727235E+00 +0.1914620380163188E-05 +0.9997779687432188E+00
+0.6888108301094667E+03 +0.9997784020135896E+00 +0.1898928539068547E-05 +0.9997788754860313E+00
+0.6889015347223334E+03 +0.9997793024315692E+00 +0.1883433661000602E-05 +0.9997797748113167E+00
+0.6889922393352000E+03 +0.9997801955195958E+00 +0.1868132373499349E-05 +0.9997806668119568E+00
+0.6890829439480667E+03 +0.9997810813690162E+00 +0.1853021378021268E-05 +0.9997815515792469E+00
+0.6891736485609334E+03 +0.9997819600696246E+00 +0.1838097447948495E-05 +0.9997824292029313E+00
+0.6892643531738000E+03 +0.9997828317096974E+00 +0.1823357426661998E-05 +0.9997832997712367E+00
+0.6893550577866666E+03 +0.9997836963760249E+00 +0.1808798225676289E-05 +0.9997841633709053E+00
+0.6894457623995334E+03 +0.9997845541539443E+00 +0.1794416822833577E-05 +0.9997850200872259E+00
+0.6895364670124001E+03 +0.9997854051273698E+00 +0.1780210260554881E-05 +0.9997858700040662E+00
+0.6896271716252667E+03 +0.9997862493788237E+00 +0.1766175644146212E-05 +0.9997867132039022E+00
+0.6897178762381334E+03 +0.9997870869894657E+00 +0.1752310140157712E-05 +0.9997875497678481E+00
+0.6898085808510001E+03 +0.9997879180391218E+00 +0.1738610974793847E-05 +0.9997883797756849E+00
+0.6898992854638667E+03 +0.9997887426063113E+00 +0.1725075432372796E-05 +0.9997892033058884E+00
+0.6899899900767333E+03 +0.9997895607682759E+00 +0.1711700853833198E-05 +0.9997900204356563E+00
+0.6900806946896000E+03 +0.9997903726010046E+00 +0.1698484635286752E-05 +0.9997908312409354E+00
+0.6901713993024667E+03 +0.9997911781792604E+00 +0.1685424226614758E-05 +0.9997916357964466E+00
+0.6902621039153333E+03 +0.9997919775766057E+00 +0.1672517130107255E-05 +0.9997924341757106E+00
+0.6903528085282001E+03 +0.9997927708654262E+00 +0.1659760899143156E-05 +0.9997932264510729E+00
+0.6904435131410668E+03 +0.9997935581169558E+00 +0.1647153136909970E-05 +0.9997940126937268E+00
+0.6905342177539334E+03 +0.9997943394012994E+00 +0.1634691495161724E-05 +0.9997947929737376E+00
+0.6906249223668000E+03 +0.9997951147874553E+00 +0.1622373673013694E-05 +0.9997955673600651E+00
+0.6907156269796667E+03 +0.9997958843433388E+00 +0.1610197415772856E-05 +0.9997963359205859E+00
+0.6908063315925334E+03 +0.9997966481358027E+00 +0.1598160513802583E-05 +0.9997970987221150E+00
+0.6908970362054000E+03 +0.9997974062306587E+00 +0.1586260801420587E-05 +0.9997978558304269E+00
+0.6909877408182667E+03 +0.9997981586926987E+00 +0.1574496155828931E-05 +0.9997986073102766E+00
+0.6910784454311334E+03 +0.9997989055857140E+00 +0.1562864496074999E-05 +0.9997993532254191E+00
+0.6911691500440000E+03 +0.9997996469725157E+00 +0.1551363782042429E-05 +0.9998000936386299E+00
+0.6912598546568667E+03 +0.9998003829149534E+00 +0.1539992013470902E-05 +0.9998008286117234E+00
+0.6913505592697334E+03 +0.9998011134739344E+00 +0.1528747229004031E-05 +0.9998015582055720E+00
+0.6914412638826001E+03 +0.9998018387094414E+00 +0.1517627505264153E-05 +0.9998022824801245E+00
+0.6915319684954667E+03 +0.9998025586805512E+00 +0.1506630955953338E-05 +0.9998030014944234E+00
+0.6916226731083334E+03 +0.9998032734454511E+00 +0.1495755730979657E-05 +0.9998037153066229E+00
+0.6917133777212001E+03 +0.9998039830614567E+00 +0.1485000015607925E-05 +0.9998044239740058E+00
+0.6918040823340667E+03 +0.9998046875850283E+00 +0.1474362029634099E-05 +0.9998051275529999E+00
+0.6918947869469333E+03 +0.9998053870717869E+00 +0.1463840026582528E-05 +0.9998058260991941E+00
+0.6919854915598000E+03 +0.9998060815765306E+00 +0.1453432292925471E-05 +0.9998065196673548E+00
+0.6920761961726668E+03 +0.9998067711532493E+00 +0.1443137147323939E-05 +0.9998072083114409E+00
+0.6921669007855334E+03 +0.9998074558551409E+00 +0.1432952939889371E-05 +0.9998078920846191E+00
+0.6922576053984001E+03 +0.9998081357346247E+00 +0.1422878051465385E-05 +0.9998085710392788E+00
+0.6923483100112668E+03 +0.9998088108433569E+00 +0.1412910892929005E-05 +0.9998092452270464E+00
+0.6924390146241334E+03 +0.9998094812322453E+00 +0.1403049904510749E-05 +0.9998099146987991E+00
+0.6925297192370000E+03 +0.9998101469514610E+00 +0.1393293555132923E-05 +0.9998105795046797E+00
+0.6926204238498667E+03 +0.9998108080504540E+00 +0.1383640341765718E-05 +0.9998112396941086E+00
+0.6927111284627334E+03 +0.9998114645779652E+00 +0.1374088788800339E-05 +0.9998118953157986E+00
+0.6928018330756000E+03 +0.9998121165820397E+00 +0.1364637447438809E-05 +0.9998125464177665E+00
+0.6928925376884667E+03 +0.9998127641100395E+00 +0.1355284895099851E-05 +0.9998131930473464E+00
+0.6929832423013335E+03 +0.9998134072086555E+00 +0.1346029734840394E-05 +0.9998138352512018E+00
+0.6930739469142001E+03 +0.9998140459239203E+00 +0.1336870594792205E-05 +0.9998144730753379E+00
+0.6931646515270667E+03 +0.9998146803012187E+00 +0.1327806127613161E-05 +0.9998151065651129E+00
+0.6932553561399334E+03 +0.9998153103853001E+00 +0.1318835009952840E-05 +0.9998157357652497E+00
+0.6933460607528001E+03 +0.9998159362202906E+00 +0.1309955941931814E-05 +0.9998163607198480E+00
+0.6934367653656667E+03 +0.9998165578497022E+00 +0.1301167646634385E-05 +0.9998169814723941E+00
+0.6935274699785334E+03 +0.9998171753164451E+00 +0.1292468869614297E-05 +0.9998175980657722E+00
+0.6936181745914000E+03 +0.9998177886628372E+00 +0.1283858378413058E-05 +0.9998182105422754E+00
+0.6937088792042666E+03 +0.9998183979306156E+00 +0.1275334962090453E-05 +0.9998188189436152E+00
+0.6937995838171333E+03 +0.9998190031609455E+00 +0.1266897430767006E-05 +0.9998194233109329E+00
+0.6938902884300001E+03 +0.9998196043944314E+00 +0.1258544615177891E-05 +0.9998200236848077E+00
+0.6939809930428668E+03 +0.9998202016711255E+00 +0.1250275366238055E-05 +0.9998206201052681E+00
+0.6940716976557334E+03 +0.9998207950305382E+00 +0.1242088554618204E-05 +0.9998212126118005E+00
+0.6941624022686001E+03 +0.9998213845116468E+00 +0.1233983070331335E-05 +0.9998218012433585E+00
+0.6942531068814667E+03 +0.9998219701529052E+00 +0.1225957822329513E-05 +0.9998223860383727E+00
+0.6943438114943333E+03 +0.9998225519922519E+00 +0.1218011738110557E-05 +0.9998229670347586E+00
+0.6944345161072000E+03 +0.9998231300671199E+00 +0.1210143763334474E-05 +0.9998235442699260E+00
+0.6945252207200667E+03 +0.9998237044144442E+00 +0.1202352861449195E-05 +0.9998241177807877E+00
+0.6946159253329334E+03 +0.9998242750706707E+00 +0.1194638013325478E-05 +0.9998246876037671E+00
+0.6947066299458000E+03 +0.9998248420717647E+00 +0.1186998216900666E-05 +0.9998252537748071E+00
+0.6947973345586668E+03 +0.9998254054532180E+00 +0.1179432486831057E-05 +0.9998258163293778E+00
+0.6948880391715334E+03 +0.9998259652500577E+00 +0.1171939854152667E-05 +0.9998263753024847E+00
+0.6949787437844000E+03 +0.9998265214968534E+00 +0.1164519365950076E-05 +0.9998269307286761E+00
+0.6950694483972667E+03 +0.9998270742277248E+00 +0.1157170085033283E-05 +0.9998274826420503E+00
+0.6951601530101334E+03 +0.9998276234763497E+00 +0.1149891089622171E-05 +0.9998280310762642E+00
+0.6952508576230000E+03 +0.9998281692759702E+00 +0.1142681473038490E-05 +0.9998285760645390E+00
+0.6953415622358667E+03 +0.9998287116594007E+00 +0.1135540343405117E-05 +0.9998291176396688E+00
+0.6954322668487334E+03 +0.9998292506590345E+00 +0.1128466823352395E-05 +0.9998296558340264E+00
+0.6955229714616000E+03 +0.9998297863068509E+00 +0.1121460049731353E-05 +0.9998301906795709E+00
+0.6956136760744666E+03 +0.9998303186344213E+00 +0.1114519173333604E-05 +0.9998307222078540E+00
+0.6957043806873334E+03 +0.9998308476729163E+00 +0.1107643358617822E-05 +0.9998312504500265E+00
+0.6957950853002001E+03 +0.9998313734531123E+00 +0.1100831783442492E-05 +0.9998317754368453E+00
+0.6958857899130667E+03 +0.9998318960053973E+00 +0.1094083638804874E-05 +0.9998322971986791E+00
+0.6959764945259334E+03 +0.9998324153597774E+00 +0.1087398128585952E-05 +0.9998328157655144E+00
+0.6960671991388000E+03 +0.9998329315458824E+00 +0.1080774469301258E-05 +0.9998333311669628E+00
+0.6961579037516667E+03 +0.9998334445929726E+00 +0.1074211889857332E-05 +0.9998338434322657E+00
+0.6962486083645333E+03 +0.9998339545299442E+00 +0.1067709631313809E-05 +0.9998343525903002E+00
+0.6963393129774000E+03 +0.9998344613853347E+00 +0.1061266946650825E-05 +0.9998348586695859E+00
+0.6964300175902667E+03 +0.9998349651873291E+00 +0.1054883100541711E-05 +0.9998353616982893E+00
+0.6965207222031333E+03 +0.9998354659637646E+00 +0.1048557369130804E-05 +0.9998358617042301E+00
+0.6966114268160001E+03 +0.9998359637421375E+00 +0.1042289039816233E-05 +0.9998363587148861E+00
+0.6967021314288667E+03 +0.9998364585496066E+00 +0.1036077411037574E-05 +0.9998368527573988E+00
+0.6967928360417334E+03 +0.9998369504129999E+00 +0.1029921792068197E-05 +0.9998373438585785E+00
+0.6968835406546000E+03 +0.9998374393588191E+00 +0.1023821502812283E-05 +0.9998378320449096E+00
+0.6969742452674667E+03 +0.9998379254132445E+00 +0.1017775873606274E-05 +0.9998383173425552E+00
+0.6970649498803334E+03 +0.9998384086021402E+00 +0.1011784245024725E-05 +0.9998387997773626E+00
+0.6971556544932000E+03 +0.9998388889510588E+00 +0.1005845967690405E-05 +0.9998392793748672E+00
+0.6972463591060667E+03 +0.9998393664852461E+00 +0.9999604020885714E-06 +0.9998397561602983E+00
+0.6973370637189333E+03 +0.9998398412296462E+00 +0.9941269183852771E-06 +0.9998402301585830E+00
+0.6974277683318001E+03 +0.9998403132089049E+00 +0.9883448962496172E-06 +0.9998407013943514E+00
+0.6975184729446667E+03 +0.9998407824473755E+00 +0.9826137246798688E-06 +0.9998411698919403E+00
+0.6976091775575334E+03 +0.9998412489691229E+00 +0.9769328018333345E-06 +0.9998416356753981E+00
+0.6976998821704001E+03 +0.9998417127979267E+00 +0.9713015348598606E-06 +0.9998420987684891E+00
+0.6977905867832667E+03 +0.9998421739572876E+00 +0.9657193397389370E-06 +0.9998425591946976E+00
+0.6978812913961334E+03 +0.9998426324704295E+00 +0.9601856411202580E-06 +0.9998430169772321E+00
+0.6979719960090000E+03 +0.9998430883603048E+00 +0.9546998721676934E-06 +0.9998434721390296E+00
+0.6980627006218667E+03 +0.9998435416495981E+00 +0.9492614744065388E-06 +0.9998439247027591E+00
+0.6981534052347333E+03 +0.9998439923607301E+00 +0.9438698975740524E-06 +0.9998443746908260E+00
+0.6982441098476000E+03 +0.9998444405158615E+00 +0.9385245994730822E-06 +0.9998448221253760E+00
+0.6983348144604668E+03 +0.9998448861368967E+00 +0.9332250458288025E-06 +0.9998452670282983E+00
+0.6984255190733334E+03 +0.9998453292454876E+00 +0.9279707101484363E-06 +0.9998457094212305E+00
+0.6985162236862001E+03 +0.9998457698630377E+00 +0.9227610735839101E-06 +0.9998461493255608E+00
+0.6986069282990667E+03 +0.9998462080107048E+00 +0.9175956247973671E-06 +0.9998465867624328E+00
+0.6986976329119334E+03 +0.9998466437094055E+00 +0.9124738598294418E-06 +0.9998470217527482E+00
+0.6987883375248000E+03 +0.9998470769798179E+00 +0.9073952819703125E-06 +0.9998474543171711E+00
+0.6988790421376667E+03 +0.9998475078423854E+00 +0.9023594016333509E-06 +0.9998478844761307E+00
+0.6989697467505334E+03 +0.9998479363173203E+00 +0.8973657362313954E-06 +0.9998483122498251E+00
+0.6990604513634000E+03 +0.9998483624246067E+00 +0.8924138100555506E-06 +0.9998487376582242E+00
+0.6991511559762668E+03 +0.9998487861840035E+00 +0.8875031541564568E-06 +0.9998491607210735E+00
+0.6992418605891334E+03 +0.9998492076150487E+00 +0.8826333062279780E-06 +0.9998495814578968E+00
+0.6993325652020001E+03 +0.9998496267370610E+00 +0.8778038104932257E-06 +0.9998499998879995E+00
+0.6994232698148667E+03 +0.9998500435691442E+00 +0.8730142175929290E-06 +0.9998504160304716E+00
+0.6995139744277334E+03 +0.9998504581301895E+00 +0.8682640844760092E-06 +0.9998508299041912E+00
+0.6996046790406001E+03 +0.9998508704388787E+00 +0.8635529742923699E-06 +0.9998512415278266E+00
+0.6996953836534667E+03 +0.9998512805136870E+00 +0.8588804562878300E-06 +0.9998516509198401E+00
+0.6997860882663334E+03 +0.9998516883728864E+00 +0.8542461057011541E-06 +0.9998520580984901E+00
+0.6998767928792000E+03 +0.9998520940345474E+00 +0.8496495036631315E-06 +0.9998524630818347E+00
+0.6999674974920667E+03 +0.9998524975165434E+00 +0.8450902370976345E-06 +0.9998528658877340E+00
+0.7000582021049333E+03 +0.9998528988365516E+00 +0.8405678986246790E-06 +0.9998532665338529E+00
+0.7001489067178001E+03 +0.9998532980120574E+00 +0.8360820864653464E-06 +0.9998536650376636E+00
+0.7002396113306668E+03 +0.9998536950603554E+00 +0.8316324043485977E-06 +0.9998540614164487E+00
+0.7003303159435334E+03 +0.9998540899985537E+00 +0.8272184614199077E-06 +0.9998544556873036E+00
+0.7004210205564001E+03 +0.9998544828435754E+00 +0.8228398721516794E-06 +0.9998548478671389E+00
+0.7005117251692667E+03 +0.9998548736121607E+00 +0.8184962562554123E-06 +0.9998552379726828E+00
+0.7006024297821334E+03 +0.9998552623208710E+00 +0.8141872385955457E-06 +0.9998556260204844E+00
+0.7006931343950000E+03 +0.9998556489860894E+00 +0.8099124491050177E-06 +0.9998560120269150E+00
+0.7007838390078667E+03 +0.9998560336240246E+00 +0.8056715227024072E-06 +0.9998563960081711E+00
+0.7008745436207334E+03 +0.9998564162507126E+00 +0.8014640992106897E-06 +0.9998567779802769E+00
+0.7009652482336001E+03 +0.9998567968820191E+00 +0.7972898232775475E-06 +0.9998571579590863E+00
+0.7010559528464667E+03 +0.9998571755336416E+00 +0.7931483442972064E-06 +0.9998575359602849E+00
+0.7011466574593334E+03 +0.9998575522211118E+00 +0.7890393163337425E-06 +0.9998579119993933E+00
+0.7012373620722000E+03 +0.9998579269597980E+00 +0.7849623980458845E-06 +0.9998582860917681E+00
+0.7013280666850667E+03 +0.9998582997649070E+00 +0.7809172526132024E-06 +0.9998586582526046E+00
+0.7014187712979334E+03 +0.9998586706514864E+00 +0.7769035476637098E-06 +0.9998590284969390E+00
+0.7015094759108001E+03 +0.9998590396344262E+00 +0.7729209552028242E-06 +0.9998593968396505E+00
+0.7016001805236667E+03 +0.9998594067284622E+00 +0.7689691515436628E-06 +0.9998597632954632E+00
+0.7016908851365333E+03 +0.9998597719481763E+00 +0.7650478172386479E-06 +0.9998601278789483E+00
+0.7017815897494000E+03 +0.9998601353079996E+00 +0.7611566370123666E-06 +0.9998604906045258E+00
+0.7018722943622666E+03 +0.9998604968222139E+00 +0.7572952996957217E-06 +0.9998608514864666E+00
+0.7019629989751334E+03 +0.9998608565049543E+00 +0.7534634981612660E-06 +0.9998612105388950E+00
+0.7020537035880001E+03 +0.9998612143702101E+00 +0.7496609292597528E-06 +0.9998615677757897E+00
+0.7021444082008668E+03 +0.9998615704318278E+00 +0.7458872937578506E-06 +0.9998619232109863E+00
+0.7022351128137334E+03 +0.9998619247035119E+00 +0.7421422962770081E-06 +0.9998622768581789E+00
+0.7023258174266000E+03 +0.9998622771988271E+00 +0.7384256452334424E-06 +0.9998626287309217E+00
+0.7024165220394667E+03 +0.9998626279312008E+00 +0.7347370527792069E-06 +0.9998629788426316E+00
+0.7025072266523333E+03 +0.9998629769139238E+00 +0.7310762347443710E-06 +0.9998633272065890E+00
+0.7025979312652000E+03 +0.9998633241601523E+00 +0.7274429105802194E-06 +0.9998636738359401E+00
+0.7026886358780667E+03 +0.9998636696829104E+00 +0.7238368033034910E-06 +0.9998640187436986E+00
+0.7027793404909335E+03 +0.9998640134950906E+00 +0.7202576394416341E-06 +0.9998643619427469E+00
+0.7028700451038000E+03 +0.9998643556094564E+00 +0.7167051489790442E-06 +0.9998647034458384E+00
+0.7029607497166667E+03 +0.9998646960386431E+00 +0.7131790653042560E-06 +0.9998650432655990E+00
+0.7030514543295334E+03 +0.9998650347951608E+00 +0.7096791251581161E-06 +0.9998653814145280E+00
+0.7031421589424000E+03 +0.9998653718913941E+00 +0.7062050685828511E-06 +0.9998657179050008E+00
+0.7032328635552667E+03 +0.9998657073396050E+00 +0.7027566388720566E-06 +0.9998660527492694E+00
+0.7033235681681334E+03 +0.9998660411519342E+00 +0.6993335825215786E-06 +0.9998663859594650E+00
+0.7034142727810000E+03 +0.9998663733404023E+00 +0.6959356491812608E-06 +0.9998667175475984E+00
+0.7035049773938666E+03 +0.9998667039169113E+00 +0.6925625916075556E-06 +0.9998670475255622E+00
+0.7035956820067333E+03 +0.9998670328932469E+00 +0.6892141656169490E-06 +0.9998673759051323E+00
+0.7036863866196001E+03 +0.9998673602810781E+00 +0.6858901300402413E-06 +0.9998677026979690E+00
+0.7037770912324667E+03 +0.9998676860919611E+00 +0.6825902466775986E-06 +0.9998680279156184E+00
+0.7038677958453334E+03 +0.9998680103373385E+00 +0.6793142802544039E-06 +0.9998683515695140E+00
+0.7039585004582001E+03 +0.9998683330285418E+00 +0.6760619983778804E-06 +0.9998686736709785E+00
+0.7040492050710667E+03 +0.9998686541767929E+00 +0.6728331714944652E-06 +0.9998689942312243E+00
+0.7041399096839333E+03 +0.9998689737932047E+00 +0.6696275728479315E-06 +0.9998693132613551E+00
+0.7042306142968000E+03 +0.9998692918887826E+00 +0.6664449784382153E-06 +0.9998696307723677E+00
+0.7043213189096667E+03 +0.9998696084744266E+00 +0.6632851669809910E-06 +0.9998699467751528E+00
+0.7044120235225333E+03 +0.9998699235609317E+00 +0.6601479198679044E-06 +0.9998702612804967E+00
+0.7045027281354000E+03 +0.9998702371589895E+00 +0.6570330211275126E-06 +0.9998705742990820E+00
+0.7045934327482668E+03 +0.9998705492791893E+00 +0.6539402573868845E-06 +0.9998708858414892E+00
+0.7046841373611334E+03 +0.9998708599320194E+00 +0.6508694178338609E-06 +0.9998711959181982E+00
+0.7047748419740000E+03 +0.9998711691278688E+00 +0.6478202941799583E-06 +0.9998715045395887E+00
+0.7048655465868667E+03 +0.9998714768770272E+00 +0.6447926806238920E-06 +0.9998718117159425E+00
+0.7049562511997334E+03 +0.9998717831896873E+00 +0.6417863738157450E-06 +0.9998721174574435E+00
+0.7050469558126000E+03 +0.9998720880759457E+00 +0.6388011728217143E-06 +0.9998724217741799E+00
+0.7051376604254667E+03 +0.9998723915458038E+00 +0.6358368790894668E-06 +0.9998727246761444E+00
+0.7052283650383334E+03 +0.9998726936091689E+00 +0.6328932964140760E-06 +0.9998730261732361E+00
+0.7053190696512000E+03 +0.9998729942758555E+00 +0.6299702309045285E-06 +0.9998733262752614E+00
+0.7054097742640666E+03 +0.9998732935555866E+00 +0.6270674909507971E-06 +0.9998736249919347E+00
+0.7055004788769334E+03 +0.9998735914579941E+00 +0.6241848871914459E-06 +0.9998739223328797E+00
+0.7055911834898001E+03 +0.9998738879926207E+00 +0.6213222324818081E-06 +0.9998742183076311E+00
+0.7056818881026667E+03 +0.9998741831689200E+00 +0.6184793418626591E-06 +0.9998745129256346E+00
+0.7057725927155334E+03 +0.9998744769962585E+00 +0.6156560325294292E-06 +0.9998748061962482E+00
+0.7058632973284001E+03 +0.9998747694839161E+00 +0.6128521238019140E-06 +0.9998750981287442E+00
+0.7059540019412667E+03 +0.9998750606410871E+00 +0.6100674370944931E-06 +0.9998753887323086E+00
+0.7060447065541333E+03 +0.9998753504768811E+00 +0.6073017958868362E-06 +0.9998756780160437E+00
+0.7061354111670000E+03 +0.9998756390003246E+00 +0.6045550256950767E-06 +0.9998759659889677E+00
+0.7062261157798667E+03 +0.9998759262203614E+00 +0.6018269540434866E-06 +0.9998762526600163E+00
+0.7063168203927333E+03 +0.9998762121458531E+00 +0.5991174104365836E-06 +0.9998765380380441E+00
+0.7064075250056001E+03 +0.9998764967855811E+00 +0.5964262263317108E-06 +0.9998768221318246E+00
+0.7064982296184668E+03 +0.9998767801482472E+00 +0.5937532351120511E-06 +0.9998771049500517E+00
+0.7065889342313334E+03 +0.9998770622424737E+00 +0.5910982720600898E-06 +0.9998773865013405E+00
+0.7066796388442000E+03 +0.9998773430768058E+00 +0.5884611743314987E-06 +0.9998776667942281E+00
+0.7067703434570667E+03 +0.9998776226597107E+00 +0.5858417809294333E-06 +0.9998779458371746E+00
+0.7068610480699334E+03 +0.9998779009995798E+00 +0.5832399326792700E-06 +0.9998782236385640E+00
+0.7069517526828000E+03 +0.9998781781047295E+00 +0.5806554722037210E-06 +0.9998785002067051E+00
+0.7070424572956667E+03 +0.9998784539834008E+00 +0.5780882438983627E-06 +0.9998787755498318E+00
+0.7071331619085335E+03 +0.9998787286437620E+00 +0.5755380939075463E-06 +0.9998790496761049E+00
+0.7072238665214001E+03 +0.9998790020939079E+00 +0.5730048701007015E-06 +0.9998793225936120E+00
+0.7073145711342667E+03 +0.9998792743418616E+00 +0.5704884220490123E-06 +0.9998795943103691E+00
+0.7074052757471334E+03 +0.9998795453955751E+00 +0.5679886010024519E-06 +0.9998798648343208E+00
+0.7074959803600001E+03 +0.9998798152629296E+00 +0.5655052598672072E-06 +0.9998801341733412E+00
+0.7075866849728667E+03 +0.9998800839517368E+00 +0.5630382531834327E-06 +0.9998804023352351E+00
+0.7076773895857334E+03 +0.9998803514697396E+00 +0.5605874371033693E-06 +0.9998806693277383E+00
+0.7077680941986001E+03 +0.9998806178246129E+00 +0.5581526693698006E-06 +0.9998809351585186E+00
+0.7078587988114667E+03 +0.9998808830239638E+00 +0.5557338092948512E-06 +0.9998811998351765E+00
+0.7079495034243333E+03 +0.9998811470753336E+00 +0.5533307177391152E-06 +0.9998814633652459E+00
+0.7080402080372000E+03 +0.9998814099861970E+00 +0.5509432570911005E-06 +0.9998817257561947E+00
+0.7081309126500668E+03 +0.9998816717639635E+00 +0.5485712912470144E-06 +0.9998819870154261E+00
+0.7082216172629334E+03 +0.9998819324159787E+00 +0.5462146855908412E-06 +0.9998822471502785E+00
+0.7083123218758001E+03 +0.9998821919495242E+00 +0.5438733069747411E-06 +0.9998825061680268E+00
+0.7084030264886668E+03 +0.9998824503718188E+00 +0.5415470236997447E-06 +0.9998827640758827E+00
+0.7084937311015333E+03 +0.9998827076900181E+00 +0.5392357054967532E-06 +0.9998830208809960E+00
+0.7085844357144000E+03 +0.9998829639112170E+00 +0.5369392235078140E-06 +0.9998832765904544E+00
+0.7086751403272667E+03 +0.9998832190424489E+00 +0.5346574502677120E-06 +0.9998835312112849E+00
+0.7087658449401334E+03 +0.9998834730906869E+00 +0.5323902596858135E-06 +0.9998837847504540E+00
+0.7088565495530000E+03 +0.9998837260628445E+00 +0.5301375270282046E-06 +0.9998840372148687E+00
+0.7089472541658668E+03 +0.9998839779657760E+00 +0.5278991289000954E-06 +0.9998842886113769E+00
+0.7090379587787334E+03 +0.9998842288062775E+00 +0.5256749432284958E-06 +0.9998845389467680E+00
+0.7091286633916000E+03 +0.9998844785910868E+00 +0.5234648492451408E-06 +0.9998847882277738E+00
+0.7092193680044667E+03 +0.9998847273268852E+00 +0.5212687274697010E-06 +0.9998850364610690E+00
+0.7093100726173334E+03 +0.9998849750202967E+00 +0.5190864596932182E-06 +0.9998852836532715E+00
+0.7094007772302000E+03 +0.9998852216778900E+00 +0.5169179289618061E-06 +0.9998855298109433E+00
+0.7094914818430667E+03 +0.9998854673061779E+00 +0.5147630195605921E-06 +0.9998857749405913E+00
+0.7095821864559334E+03 +0.9998857119116185E+00 +0.5126216169978991E-06 +0.9998860190486675E+00
+0.7096728910688000E+03 +0.9998859555006161E+00 +0.5104936079896687E-06 +0.9998862621415695E+00
+0.7097635956816666E+03 +0.9998861980795206E+00 +0.5083788804441019E-06 +0.9998865042256417E+00
+0.7098543002945333E+03 +0.9998864396546294E+00 +0.5062773234465549E-06 +0.9998867453071753E+00
+0.7099450049074001E+03 +0.9998866802321874E+00 +0.5041888272446339E-06 +0.9998869853924085E+00
+0.7100357095202667E+03 +0.9998869198183872E+00 +0.5021132832335241E-06 +0.9998872244875284E+00
+0.7101264141331334E+03 +0.9998871584193700E+00 +0.5000505839415312E-06 +0.9998874625986702E+00
+0.7102171187460001E+03 +0.9998873960412262E+00 +0.4980006230158401E-06 +0.9998876997319184E+00
+0.7103078233588667E+03 +0.9998876326899959E+00 +0.4959632952084805E-06 +0.9998879358933068E+00
+0.7103985279717333E+03 +0.9998878683716693E+00 +0.4939384963624923E-06 +0.9998881710888199E+00
+0.7104892325846000E+03 +0.9998881030921871E+00 +0.4919261233983130E-06 +0.9998884053243926E+00
+0.7105799371974667E+03 +0.9998883368574414E+00 +0.4899260743003437E-06 +0.9998886386059112E+00
+0.7106706418103333E+03 +0.9998885696732759E+00 +0.4879382481037212E-06 +0.9998888709392134E+00
+0.7107613464232001E+03 +0.9998888015454864E+00 +0.4859625448812812E-06 +0.9998891023300894E+00
+0.7108520510360668E+03 +0.9998890324798215E+00 +0.4839988657307116E-06 +0.9998893327842822E+00
+0.7109427556489334E+03 +0.9998892624819828E+00 +0.4820471127618915E-06 +0.9998895623074874E+00
+0.7110334602618000E+03 +0.9998894915576260E+00 +0.4801071890844073E-06 +0.9998897909053549E+00
+0.7111241648746667E+03 +0.9998897197123601E+00 +0.4781789987952662E-06 +0.9998900185834885E+00
+0.7112148694875334E+03 +0.9998899469517493E+00 +0.4762624469667667E-06 +0.9998902453474465E+00
+0.7113055741004000E+03 +0.9998901732813126E+00 +0.4743574396345556E-06 +0.9998904712027425E+00
+0.7113962787132667E+03 +0.9998903987065245E+00 +0.4724638837858529E-06 +0.9998906961548454E+00
+0.7114869833261334E+03 +0.9998906232328155E+00 +0.4705816873478440E-06 +0.9998909202091800E+00
+0.7115776879390000E+03 +0.9998908468655727E+00 +0.4687107591762435E-06 +0.9998911433711279E+00
+0.7116683925518666E+03 +0.9998910696101393E+00 +0.4668510090440075E-06 +0.9998913656460273E+00
+0.7117590971647334E+03 +0.9998912914718168E+00 +0.4650023476302301E-06 +0.9998915870391736E+00
+0.7118498017776001E+03 +0.9998915124558633E+00 +0.4631646865091745E-06 +0.9998918075558201E+00
+0.7119405063904667E+03 +0.9998917325674958E+00 +0.4613379381394730E-06 +0.9998920272011781E+00
+0.7120312110033334E+03 +0.9998919518118896E+00 +0.4595220158534739E-06 +0.9998922459804175E+00
+0.7121219156162001E+03 +0.9998921701941789E+00 +0.4577168338467411E-06 +0.9998924638986674E+00
+0.7122126202290667E+03 +0.9998923877194572E+00 +0.4559223071677022E-06 +0.9998926809610158E+00
+0.7123033248419333E+03 +0.9998926043927777E+00 +0.4541383517074336E-06 +0.9998928971725108E+00
+0.7123940294548000E+03 +0.9998928202191542E+00 +0.4523648841896066E-06 +0.9998931125381609E+00
+0.7124847340676667E+03 +0.9998930352035605E+00 +0.4506018221605556E-06 +0.9998933270629347E+00
+0.7125754386805334E+03 +0.9998932493509317E+00 +0.4488490839794948E-06 +0.9998935407517620E+00
+0.7126661432934001E+03 +0.9998934626661640E+00 +0.4471065888088681E-06 +0.9998937536095338E+00
+0.7127568479062668E+03 +0.9998936751541152E+00 +0.4453742566048347E-06 +0.9998939656411032E+00
+0.7128475525191334E+03 +0.9998938868196056E+00 +0.4436520081078873E-06 +0.9998941768512850E+00
+0.7129382571320000E+03 +0.9998940976674175E+00 +0.4419397648335918E-06 +0.9998943872448567E+00
+0.7130289617448667E+03 +0.9998943077022966E+00 +0.4402374490634719E-06 +0.9998945968265586E+00
+0.7131196663577334E+03 +0.9998945169289510E+00 +0.4385449838360021E-06 +0.9998948056010940E+00
+0.7132103709706000E+03 +0.9998947253520529E+00 +0.4368622929377349E-06 +0.9998950135731300E+00
+0.7133010755834667E+03 +0.9998949329762383E+00 +0.4351893008945453E-06 +0.9998952207472978E+00
+0.7133917801963335E+03 +0.9998951398061072E+00 +0.4335259329629967E-06 +0.9998954271281922E+00
+0.7134824848092001E+03 +0.9998953458462246E+00 +0.4318721151218269E-06 +0.9998956327203733E+00
+0.7135731894220667E+03 +0.9998955511011199E+00 +0.4302277740635410E-06 +0.9998958375283659E+00
+0.7136638940349334E+03 +0.9998957555752884E+00 +0.4285928371861363E-06 +0.9998960415566599E+00
+0.7137545986478001E+03 +0.9998959592731902E+00 +0.4269672325849225E-06 +0.9998962448097112E+00
+0.7138453032606667E+03 +0.9998961621992521E+00 +0.4253508890444605E-06 +0.9998964472919413E+00
+0.7139360078735334E+03 +0.9998963643578668E+00 +0.4237437360306099E-06 +0.9998966490077381E+00
+0.7140267124864001E+03 +0.9998965657533934E+00 +0.4221457036826838E-06 +0.9998968499614562E+00
+0.7141174170992667E+03 +0.9998967663901583E+00 +0.4205567228057092E-06 +0.9998970501574171E+00
+0.7142081217121333E+03 +0.9998969662724551E+00 +0.4189767248627864E-06 +0.9998972495999094E+00
+0.7142988263250001E+03 +0.9998971654045443E+00 +0.4174056419675632E-06 +0.9998974482931894E+00
+0.7143895309378668E+03 +0.9998973637906550E+00 +0.4158434068767990E-06 +0.9998976462414811E+00
+0.7144802355507334E+03 +0.9998975614349840E+00 +0.4142899529830304E-06 +0.9998978434489768E+00
+0.7145709401636001E+03 +0.9998977583416967E+00 +0.4127452143073386E-06 +0.9998980399198372E+00
+0.7146616447764668E+03 +0.9998979545149271E+00 +0.4112091254922088E-06 +0.9998982356581916E+00
+0.7147523493893334E+03 +0.9998981499587785E+00 +0.4096816217944891E-06 +0.9998984306681388E+00
+0.7148430540022000E+03 +0.9998983446773231E+00 +0.4081626390784334E-06 +0.9998986249537465E+00
+0.7149337586150667E+03 +0.9998985386746032E+00 +0.4066521138088519E-06 +0.9998988185190520E+00
+0.7150244632279334E+03 +0.9998987319546304E+00 +0.4051499830443381E-06 +0.9998990113680631E+00
+0.7151151678408000E+03 +0.9998989245213871E+00 +0.4036561844305911E-06 +0.9998992035047571E+00
+0.7152058724536668E+03 +0.9998991163788258E+00 +0.4021706561938251E-06 +0.9998993949330821E+00
+0.7152965770665334E+03 +0.9998993075308696E+00 +0.4006933371342669E-06 +0.9998995856569569E+00
+0.7153872816794000E+03 +0.9998994979814130E+00 +0.3992241666197313E-06 +0.9998997756802714E+00
+0.7154779862922667E+03 +0.9998996877343213E+00 +0.3977630845792950E-06 +0.9998999650068866E+00
+0.7155686909051334E+03 +0.9998998767934318E+00 +0.3963100314970389E-06 +0.9999001536406352E+00
+0.7156593955180001E+03 +0.9999000651625533E+00 +0.3948649484058787E-06 +0.9999003415853217E+00
+0.7157501001308667E+03 +0.9999002528454668E+00 +0.3934277768814749E-06 +0.9999005288447227E+00
+0.7158408047437333E+03 +0.9999004398459254E+00 +0.3919984590362228E-06 +0.9999007154225868E+00
+0.7159315093566000E+03 +0.9999006261676548E+00 +0.3905769375133134E-06 +0.9999009013226359E+00
+0.7160222139694666E+03 +0.9999008118143540E+00 +0.3891631554808860E-06 +0.9999010865485639E+00
+0.7161129185823334E+03 +0.9999009967896944E+00 +0.3877570566262410E-06 +0.9999012711040384E+00
+0.7162036231952001E+03 +0.9999011810973211E+00 +0.3863585851501344E-06 +0.9999014549927000E+00
+0.7162943278080668E+03 +0.9999013647408523E+00 +0.3849676857611462E-06 +0.9999016382181631E+00
+0.7163850324209334E+03 +0.9999015477238808E+00 +0.3835843036701179E-06 +0.9999018207840157E+00
+0.7164757370338000E+03 +0.9999017300499731E+00 +0.3822083845846657E-06 +0.9999020026938200E+00
+0.7165664416466667E+03 +0.9999019117226692E+00 +0.3808398747037543E-06 +0.9999021839511124E+00
+0.7166571462595333E+03 +0.9999020927454847E+00 +0.3794787207123568E-06 +0.9999023645594038E+00
+0.7167478508724000E+03 +0.9999022731219094E+00 +0.3781248697761651E-06 +0.9999025445221801E+00
+0.7168385554852667E+03 +0.9999024528554079E+00 +0.3767782695363782E-06 +0.9999027238429018E+00
+0.7169292600981335E+03 +0.9999026319494205E+00 +0.3754388681045520E-06 +0.9999029025250048E+00
+0.7170199647110001E+03 +0.9999028104073625E+00 +0.3741066140575175E-06 +0.9999030805719004E+00
+0.7171106693238667E+03 +0.9999029882326251E+00 +0.3727814564323608E-06 +0.9999032579869754E+00
+0.7172013739367334E+03 +0.9999031654285749E+00 +0.3714633447214640E-06 +0.9999034347735929E+00
+0.7172920785496000E+03 +0.9999033419985551E+00 +0.3701522288676184E-06 +0.9999036109350916E+00
+0.7173827831624667E+03 +0.9999035179458848E+00 +0.3688480592591878E-06 +0.9999037864747867E+00
+0.7174734877753334E+03 +0.9999036932738598E+00 +0.3675507867253387E-06 +0.9999039613959699E+00
+0.7175641923882000E+03 +0.9999038679857523E+00 +0.3662603625313281E-06 +0.9999041357019095E+00
+0.7176548970010667E+03 +0.9999040420848118E+00 +0.3649767383738515E-06 +0.9999043093958510E+00
+0.7177456016139333E+03 +0.9999042155742645E+00 +0.3636998663764499E-06 +0.9999044824810164E+00
+0.7178363062268000E+03 +0.9999043884573143E+00 +0.3624296990849656E-06 +0.9999046549606058E+00
+0.7179270108396667E+03 +0.9999045607371424E+00 +0.3611661894630719E-06 +0.9999048268377964E+00
+0.7180177154525334E+03 +0.9999047324169075E+00 +0.3599092908878400E-06 +0.9999049981157430E+00
+0.7181084200654001E+03 +0.9999049034997467E+00 +0.3586589571453713E-06 +0.9999051687975785E+00
+0.7181991246782667E+03 +0.9999050739887746E+00 +0.3574151424264803E-06 +0.9999053388864142E+00
+0.7182898292911334E+03 +0.9999052438870846E+00 +0.3561778013224320E-06 +0.9999055083853391E+00
+0.7183805339040000E+03 +0.9999054131977483E+00 +0.3549468888207319E-06 +0.9999056772974211E+00
+0.7184712385168667E+03 +0.9999055819238162E+00 +0.3537223603009626E-06 +0.9999058456257066E+00
+0.7185619431297333E+03 +0.9999057500683173E+00 +0.3525041715306835E-06 +0.9999060133732210E+00
+0.7186526477426000E+03 +0.9999059176342596E+00 +0.3512922786613678E-06 +0.9999061805429686E+00
+0.7187433523554668E+03 +0.9999060846246310E+00 +0.3500866382243967E-06 +0.9999063471379331E+00
+0.7188340569683334E+03 +0.9999062510423979E+00 +0.3488872071270998E-06 +0.9999065131610775E+00
+0.7189247615812001E+03 +0.9999064168905070E+00 +0.3476939426488450E-06 +0.9999066786153442E+00
+0.7190154661940667E+03 +0.9999065821718841E+00 +0.3465068024371760E-06 +0.9999068435036557E+00
+0.7191061708069334E+03 +0.9999067468894355E+00 +0.3453257445039922E-06 +0.9999070078289143E+00
+0.7191968754198000E+03 +0.9999069110460472E+00 +0.3441507272217846E-06 +0.9999071715940023E+00
+0.7192875800326667E+03 +0.9999070746445859E+00 +0.3429817093199085E-06 +0.9999073348017826E+00
+0.7193782846455334E+03 +0.9999072376878980E+00 +0.3418186498809036E-06 +0.9999074974550980E+00
+0.7194689892584000E+03 +0.9999074001788113E+00 +0.3406615083368604E-06 +0.9999076595567725E+00
+0.7195596938712667E+03 +0.9999075621201338E+00 +0.3395102444658281E-06 +0.9999078211096105E+00
+0.7196503984841333E+03 +0.9999077235146548E+00 +0.3383648183882683E-06 +0.9999079821163974E+00
+0.7197411030970001E+03 +0.9999078843651444E+00 +0.3372251905635443E-06 +0.9999081425798999E+00
+0.7198318077098667E+03 +0.9999080446743542E+00 +0.3360913217864649E-06 +0.9999083025028658E+00
+0.7199225123227334E+03 +0.9999082044450169E+00 +0.3349631731838576E-06 +0.9999084618880243E+00
+0.7200132169356001E+03 +0.9999083636798474E+00 +0.3338407062111878E-06 +0.9999086207380862E+00
+0.7201039215484667E+03 +0.9999085223815417E+00 +0.3327238826492187E-06 +0.9999087790557443E+00
+0.7201946261613334E+03 +0.9999086805527776E+00 +0.3316126646007093E-06 +0.9999089368436728E+00
+0.7202853307742000E+03 +0.9999088381962156E+00 +0.3305070144871535E-06 +0.9999090941045283E+00
+0.7203760353870667E+03 +0.9999089953144975E+00 +0.3294068950455519E-06 +0.9999092508409496E+00
+0.7204667399999333E+03 +0.9999091519102485E+00 +0.3283122693252336E-06 +0.9999094070555576E+00
+0.7205574446128001E+03 +0.9999093079860755E+00 +0.3272231006847033E-06 +0.9999095627509561E+00
+0.7206481492256668E+03 +0.9999094635445680E+00 +0.3261393527885322E-06 +0.9999097179297310E+00
+0.7207388538385334E+03 +0.9999096185882987E+00 +0.3250609896042832E-06 +0.9999098725944514E+00
+0.7208295584514001E+03 +0.9999097731198232E+00 +0.3239879753994735E-06 +0.9999100267476692E+00
+0.7209202630642667E+03 +0.9999099271416797E+00 +0.3229202747385736E-06 +0.9999101803919193E+00
+0.7210109676771334E+03 +0.9999100806563899E+00 +0.3218578524800345E-06 +0.9999103335297198E+00
+0.7211016722900000E+03 +0.9999102336664589E+00 +0.3208006737733623E-06 +0.9999104861635725E+00
+0.7211923769028667E+03 +0.9999103861743753E+00 +0.3197487040562158E-06 +0.9999106382959621E+00
+0.7212830815157334E+03 +0.9999105381826109E+00 +0.3187019090515425E-06 +0.9999107899293573E+00
+0.7213737861286000E+03 +0.9999106896936217E+00 +0.3176602547647464E-06 +0.9999109410662107E+00
+0.7214644907414668E+03 +0.9999108407098476E+00 +0.3166237074808916E-06 +0.9999110917089583E+00
+0.7215551953543334E+03 +0.9999109912337121E+00 +0.3155922337619351E-06 +0.9999112418600204E+00
+0.7216458999672001E+03 +0.9999111412676230E+00 +0.3145658004439896E-06 +0.9999113915218018E+00
+0.7217366045800667E+03 +0.9999112908139728E+00 +0.3135443746346268E-06 +0.9999115406966907E+00
+0.7218273091929334E+03 +0.9999114398751379E+00 +0.3125279237102027E-06 +0.9999116893870608E+00
+0.7219180138058001E+03 +0.9999115884534793E+00 +0.3115164153132160E-06 +0.9999118375952694E+00
+0.7220087184186667E+03 +0.9999117365513429E+00 +0.3105098173497002E-06 +0.9999119853236589E+00
+0.7220994230315333E+03 +0.9999118841710590E+00 +0.3095080979866422E-06 +0.9999121325745566E+00
+0.7221901276444000E+03 +0.9999120313149434E+00 +0.3085112256494286E-06 +0.9999122793502745E+00
+0.7222808322572668E+03 +0.9999121779852962E+00 +0.3075191690193291E-06 +0.9999124256531097E+00
+0.7223715368701334E+03 +0.9999123241844033E+00 +0.3065318970310003E-06 +0.9999125714853443E+00
+0.7224622414830001E+03 +0.9999124699145354E+00 +0.3055493788700220E-06 +0.9999127168492461E+00
+0.7225529460958668E+03 +0.9999126151779487E+00 +0.3045715839704597E-06 +0.9999128617470678E+00
+0.7226436507087333E+03 +0.9999127599768851E+00 +0.3035984820124582E-06 +0.9999130061810479E+00
+0.7227343553216000E+03 +0.9999129043135722E+00 +0.3026300429198546E-06 +0.9999131501534106E+00
+0.7228250599344667E+03 +0.9999130481902228E+00 +0.3016662368578305E-06 +0.9999132936663655E+00
+0.7229157645473334E+03 +0.9999131916090358E+00 +0.3007070342305798E-06 +0.9999134367221085E+00
+0.7230064691602000E+03 +0.9999133345721967E+00 +0.2997524056790076E-06 +0.9999135793228211E+00
+0.7230971737730667E+03 +0.9999134770818758E+00 +0.2988023220784545E-06 +0.9999137214706710E+00
+0.7231878783859335E+03 +0.9999136191402308E+00 +0.2978567545364462E-06 +0.9999138631678123E+00
+0.7232785829987999E+03 +0.9999137607494053E+00 +0.2969156743904696E-06 +0.9999140044163851E+00
+0.7233692876116667E+03 +0.9999139019115288E+00 +0.2959790532057681E-06 +0.9999141452185161E+00
+0.7234599922245334E+03 +0.9999140426287180E+00 +0.2950468627731727E-06 +0.9999142855763183E+00
+0.7235506968374000E+03 +0.9999141829030759E+00 +0.2941190751069468E-06 +0.9999144254918918E+00
+0.7236414014502667E+03 +0.9999143227366921E+00 +0.2931956624426588E-06 +0.9999145649673230E+00
+0.7237321060631334E+03 +0.9999144621316436E+00 +0.2922765972350797E-06 +0.9999147040046852E+00
+0.7238228106760001E+03 +0.9999146010899936E+00 +0.2913618521561024E-06 +0.9999148426060388E+00
+0.7239135152888666E+03 +0.9999147396137930E+00 +0.2904514000926855E-06 +0.9999149807734312E+00
+0.7240042199017333E+03 +0.9999148777050790E+00 +0.2895452141448149E-06 +0.9999151185088968E+00
+0.7240949245146001E+03 +0.9999150153658773E+00 +0.2886432676234979E-06 +0.9999152558144575E+00
+0.7241856291274667E+03 +0.9999151525981997E+00 +0.2877455340487697E-06 +0.9999153926921223E+00
+0.7242763337403334E+03 +0.9999152894040462E+00 +0.2868519871477262E-06 +0.9999155291438878E+00
+0.7243670383532001E+03 +0.9999154257854039E+00 +0.2859626008525785E-06 +0.9999156651717381E+00
+0.7244577429660668E+03 +0.9999155617442478E+00 +0.2850773492987276E-06 +0.9999158007776449E+00
+0.7245484475789333E+03 +0.9999156972825408E+00 +0.2841962068228618E-06 +0.9999159359635678E+00
+0.7246391521918000E+03 +0.9999158324022330E+00 +0.2833191479610704E-06 +0.9999160707314539E+00
+0.7247298568046667E+03 +0.9999159671052631E+00 +0.2824461474469872E-06 +0.9999162050832388E+00
+0.7248205614175333E+03 +0.9999161013935575E+00 +0.2815771802099442E-06 +0.9999163390208454E+00
+0.7249112660304000E+03 +0.9999162352690305E+00 +0.2807122213731515E-06 +0.9999164725461853E+00
+0.7250019706432668E+03 +0.9999163687335851E+00 +0.2798512462518950E-06 +0.9999166056611581E+00
+0.7250926752561334E+03 +0.9999165017891124E+00 +0.2789942303517538E-06 +0.9999167383676516E+00
+0.7251833798690000E+03 +0.9999166344374916E+00 +0.2781411493668379E-06 +0.9999168706675421E+00
+0.7252740844818667E+03 +0.9999167666805907E+00 +0.2772919791780415E-06 +0.9999170025626942E+00
+0.7253647890947334E+03 +0.9999168985202661E+00 +0.2764466958513221E-06 +0.9999171340549615E+00
+0.7254554937076000E+03 +0.9999170299583628E+00 +0.2756052756359908E-06 +0.9999172651461858E+00
+0.7255461983204667E+03 +0.9999171609967150E+00 +0.2747676949630253E-06 +0.9999173958381979E+00
+0.7256369029333334E+03 +0.9999172916371450E+00 +0.2739339304434002E-06 +0.9999175261328173E+00
+0.7257276075462000E+03 +0.9999174218814644E+00 +0.2731039588664337E-06 +0.9999176560318523E+00
+0.7258183121590666E+03 +0.9999175517314738E+00 +0.2722777571981551E-06 +0.9999177855371005E+00
+0.7259090167719334E+03 +0.9999176811889630E+00 +0.2714553025796847E-06 +0.9999179146503484E+00
+0.7259997213848001E+03 +0.9999178102557105E+00 +0.2706365723256390E-06 +0.9999180433733715E+00
+0.7260904259976667E+03 +0.9999179389334844E+00 +0.2698215439225447E-06 +0.9999181717079350E+00
+0.7261811306105334E+03 +0.9999180672240421E+00 +0.2690101950272740E-06 +0.9999182996557929E+00
+0.7262718352234001E+03 +0.9999181951291303E+00 +0.2682025034654964E-06 +0.9999184272186891E+00
+0.7263625398362667E+03 +0.9999183226504852E+00 +0.2673984472301452E-06 +0.9999185543983565E+00
+0.7264532444491333E+03 +0.9999184497898327E+00 +0.2665980044799025E-06 +0.9999186811965178E+00
+0.7265439490620000E+03 +0.9999185765488882E+00 +0.2658011535376958E-06 +0.9999188076148856E+00
+0.7266346536748667E+03 +0.9999187029293566E+00 +0.2650078728892191E-06 +0.9999189336551617E+00
+0.7267253582877333E+03 +0.9999188289329333E+00 +0.2642181411814599E-06 +0.9999190593190380E+00
+0.7268160629006001E+03 +0.9999189545613025E+00 +0.2634319372212475E-06 +0.9999191846081964E+00
+0.7269067675134668E+03 +0.9999190798161396E+00 +0.2626492399738154E-06 +0.9999193095243083E+00
+0.7269974721263334E+03 +0.9999192046991090E+00 +0.2618700285613783E-06 +0.9999194340690357E+00
+0.7270881767392000E+03 +0.9999193292118655E+00 +0.2610942822617252E-06 +0.9999195582440302E+00
+0.7271788813520667E+03 +0.9999194533560545E+00 +0.2603219805068224E-06 +0.9999196820509338E+00
+0.7272695859649334E+03 +0.9999195771333109E+00 +0.2595531028814413E-06 +0.9999198054913789E+00
+0.7273602905778000E+03 +0.9999197005452605E+00 +0.2587876291217898E-06 +0.9999199285669879E+00
+0.7274509951906667E+03 +0.9999198235935194E+00 +0.2580255391141639E-06 +0.9999200512793736E+00
+0.7275416998035334E+03 +0.9999199462796939E+00 +0.2572668128936118E-06 +0.9999201736301396E+00
+0.7276324044164000E+03 +0.9999200686053809E+00 +0.2565114306426118E-06 +0.9999202956208797E+00
+0.7277231090292667E+03 +0.9999201905721680E+00 +0.2557593726897650E-06 +0.9999204172531785E+00
+0.7278138136421334E+03 +0.9999203121816336E+00 +0.2550106195084979E-06 +0.9999205385286111E+00
+0.7279045182550001E+03 +0.9999204334353466E+00 +0.2542651517157854E-06 +0.9999206594487435E+00
+0.7279952228678667E+03 +0.9999205543348666E+00 +0.2535229500708798E-06 +0.9999207800151324E+00
+0.7280859274807334E+03 +0.9999206748817447E+00 +0.2527839954740570E-06 +0.9999209002293253E+00
+0.7281766320936001E+03 +0.9999207950775221E+00 +0.2520482689653742E-06 +0.9999210200928610E+00
+0.7282673367064667E+03 +0.9999209149237314E+00 +0.2513157517234407E-06 +0.9999211396072688E+00
+0.7283580413193333E+03 +0.9999210344218966E+00 +0.2505864250642024E-06 +0.9999212587740693E+00
+0.7284487459322000E+03 +0.9999211535735322E+00 +0.2498602704397346E-06 +0.9999213775947745E+00
+0.7285394505450668E+03 +0.9999212723801444E+00 +0.2491372694370548E-06 +0.9999214960708872E+00
+0.7286301551579334E+03 +0.9999213908432303E+00 +0.2484174037769399E-06 +0.9999216142039017E+00
+0.7287208597708001E+03 +0.9999215089642786E+00 +0.2477006553127594E-06 +0.9999217319953034E+00
+0.7288115643836668E+03 +0.9999216267447694E+00 +0.2469870060293205E-06 +0.9999218494465693E+00
+0.7289022689965333E+03 +0.9999217441861737E+00 +0.2462764380417243E-06 +0.9999219665591679E+00
+0.7289929736094000E+03 +0.9999218612899552E+00 +0.2455689335942310E-06 +0.9999220833345589E+00
+0.7290836782222667E+03 +0.9999219780575678E+00 +0.2448644750591432E-06 +0.9999221997741939E+00
+0.7291743828351334E+03 +0.9999220944904581E+00 +0.2441630449356940E-06 +0.9999223158795161E+00
+0.7292650874480000E+03 +0.9999222105900635E+00 +0.2434646258489497E-06 +0.9999224316519602E+00
+0.7293557920608667E+03 +0.9999223263578140E+00 +0.2427692005487222E-06 +0.9999225470929528E+00
+0.7294464966737333E+03 +0.9999224417951309E+00 +0.2420767519084944E-06 +0.9999226622039122E+00
+0.7295372012866000E+03 +0.9999225569034278E+00 +0.2413872629243514E-06 +0.9999227769862488E+00
+0.7296279058994667E+03 +0.9999226716841096E+00 +0.2407007167139310E-06 +0.9999228914413646E+00
+0.7297186105123334E+03 +0.9999227861385735E+00 +0.2400170965153761E-06 +0.9999230055706539E+00
+0.7298093151252001E+03 +0.9999229002682092E+00 +0.2393363856863030E-06 +0.9999231193755029E+00
+0.7299000197380667E+03 +0.9999230140743977E+00 +0.2386585677027773E-06 +0.9999232328572899E+00
+0.7299907243509334E+03 +0.9999231275585126E+00 +0.2379836261583020E-06 +0.9999233460173854E+00
+0.7300814289638000E+03 +0.9999232407219198E+00 +0.2373115447628146E-06 +0.9999234588571521E+00
+0.7301721335766666E+03 +0.9999233535659774E+00 +0.2366423073416923E-06 +0.9999235713779449E+00
+0.7302628381895333E+03 +0.9999234660920356E+00 +0.2359758978347729E-06 +0.9999236835811111E+00
+0.7303535428024001E+03 +0.9999235783014373E+00 +0.2353123002953793E-06 +0.9999237954679903E+00
+0.7304442474152668E+03 +0.9999236901955175E+00 +0.2346514988893562E-06 +0.9999239070399146E+00
+0.7305349520281334E+03 +0.9999238017756040E+00 +0.2339934778941172E-06 +0.9999240182982087E+00
+0.7306256566410001E+03 +0.9999239130430169E+00 +0.2333382216976992E-06 +0.9999241292441895E+00
+0.7307163612538667E+03 +0.9999240239990692E+00 +0.2326857147978292E-06 +0.9999242398791669E+00
+0.7308070658667333E+03 +0.9999241346450660E+00 +0.2320359418009950E-06 +0.9999243502044431E+00
+0.7308977704796000E+03 +0.9999242449823058E+00 +0.2313888874215330E-06 +0.9999244602213132E+00
+0.7309884750924667E+03 +0.9999243550120791E+00 +0.2307445364807167E-06 +0.9999245699310648E+00
+0.7310791797053333E+03 +0.9999244647356702E+00 +0.2301028739058609E-06 +0.9999246793349786E+00
+0.7311698843182000E+03 +0.9999245741543550E+00 +0.2294638847294292E-06 +0.9999247884343281E+00
+0.7312605889310668E+03 +0.9999246832694031E+00 +0.2288275540881547E-06 +0.9999248972303795E+00
+0.7313512935439334E+03 +0.9999247920820772E+00 +0.2281938672221666E-06 +0.9999250057243919E+00
+0.7314419981568000E+03 +0.9999249005936324E+00 +0.2275628094741253E-06 +0.9999251139176176E+00
+0.7315327027696667E+03 +0.9999250088053169E+00 +0.2269343662883687E-06 +0.9999252218113021E+00
+0.7316234073825334E+03 +0.9999251167183727E+00 +0.2263085232100636E-06 +0.9999253294066833E+00
+0.7317141119954000E+03 +0.9999252243340342E+00 +0.2256852658843670E-06 +0.9999254367049931E+00
+0.7318048166082667E+03 +0.9999253316535293E+00 +0.2250645800555954E-06 +0.9999255437074560E+00
+0.7318955212211334E+03 +0.9999254386780788E+00 +0.2244464515664014E-06 +0.9999256504152899E+00
+0.7319862258340000E+03 +0.9999255454088976E+00 +0.2238308663569601E-06 +0.9999257568297061E+00
+0.7320769304468666E+03 +0.9999256518471928E+00 +0.2232178104641594E-06 +0.9999258629519089E+00
+0.7321676350597334E+03 +0.9999257579941661E+00 +0.2226072700208045E-06 +0.9999259687830963E+00
+0.7322583396726001E+03 +0.9999258638510116E+00 +0.2219992312548241E-06 +0.9999260743244593E+00
+0.7323490442854667E+03 +0.9999259694189171E+00 +0.2213936804884874E-06 +0.9999261795771831E+00
+0.7324397488983334E+03 +0.9999260746990642E+00 +0.2207906041376271E-06 +0.9999262845424456E+00
+0.7325304535112001E+03 +0.9999261796926282E+00 +0.2201899887108715E-06 +0.9999263892214186E+00
+0.7326211581240667E+03 +0.9999262844007772E+00 +0.2195918208088832E-06 +0.9999264936152676E+00
+0.7327118627369333E+03 +0.9999263888246740E+00 +0.2189960871236023E-06 +0.9999265977251517E+00
+0.7328025673498000E+03 +0.9999264929654741E+00 +0.2184027744375037E-06 +0.9999267015522232E+00
+0.7328932719626667E+03 +0.9999265968243274E+00 +0.2178118696228545E-06 +0.9999268050976288E+00
+0.7329839765755333E+03 +0.9999267004023773E+00 +0.2172233596409820E-06 +0.9999269083625084E+00
+0.7330746811884001E+03 +0.9999268037007609E+00 +0.2166372315415477E-06 +0.9999270113479963E+00
+0.7331653858012668E+03 +0.9999269067206095E+00 +0.2160534724618292E-06 +0.9999271140552201E+00
+0.7332560904141334E+03 +0.9999270094630481E+00 +0.2154720696260076E-06 +0.9999272164853014E+00
+0.7333467950270000E+03 +0.9999271119291955E+00 +0.2148930103444615E-06 +0.9999273186393559E+00
+0.7334374996398667E+03 +0.9999272141201646E+00 +0.2143162820130699E-06 +0.9999274205184934E+00
+0.7335282042527334E+03 +0.9999273160370624E+00 +0.2137418721125202E-06 +0.9999275221238171E+00
+0.7336189088656000E+03 +0.9999274176809898E+00 +0.2131697682076216E-06 +0.9999276234564249E+00
+0.7337096134784667E+03 +0.9999275190530421E+00 +0.2125999579466269E-06 +0.9999277245174085E+00
+0.7338003180913335E+03 +0.9999276201543085E+00 +0.2120324290605598E-06 +0.9999278253078536E+00
+0.7338910227042001E+03 +0.9999277209858721E+00 +0.2114671693625495E-06 +0.9999279258288404E+00
+0.7339817273170667E+03 +0.9999278215488109E+00 +0.2109041667471682E-06 +0.9999280260814430E+00
+0.7340724319299334E+03 +0.9999279218441965E+00 +0.2103434091897806E-06 +0.9999281260667300E+00
+0.7341631365428001E+03 +0.9999280218730954E+00 +0.2097848847458948E-06 +0.9999282257857640E+00
+0.7342538411556667E+03 +0.9999281216365679E+00 +0.2092285815505202E-06 +0.9999283252396021E+00
+0.7343445457685334E+03 +0.9999282211356685E+00 +0.2086744878175329E-06 +0.9999284244292956E+00
+0.7344352503814001E+03 +0.9999283203714471E+00 +0.2081225918390453E-06 +0.9999285233558906E+00
+0.7345259549942667E+03 +0.9999284193449471E+00 +0.2075728819847836E-06 +0.9999286220204271E+00
+0.7346166596071333E+03 +0.9999285180572068E+00 +0.2070253467014671E-06 +0.9999287204239399E+00
+0.7347073642200000E+03 +0.9999286165092589E+00 +0.2064799745121995E-06 +0.9999288185674581E+00
+0.7347980688328668E+03 +0.9999287147021307E+00 +0.2059367540158601E-06 +0.9999289164520057E+00
+0.7348887734457334E+03 +0.9999288126368441E+00 +0.2053956738865036E-06 +0.9999290140786006E+00
+0.7349794780586001E+03 +0.9999289103144154E+00 +0.2048567228727647E-06 +0.9999291114482561E+00
+0.7350701826714668E+03 +0.9999290077358560E+00 +0.2043198897972683E-06 +0.9999292085619796E+00
+0.7351608872843334E+03 +0.9999291049021715E+00 +0.2037851635560454E-06 +0.9999293054207735E+00
+0.7352515918972000E+03 +0.9999292018143626E+00 +0.2032525331179523E-06 +0.9999294020256345E+00
+0.7353422965100667E+03 +0.9999292984734247E+00 +0.2027219875241000E-06 +0.9999294983775545E+00
+0.7354330011229334E+03 +0.9999293948803477E+00 +0.2021935158872836E-06 +0.9999295944775201E+00
+0.7355237057358000E+03 +0.9999294910361169E+00 +0.2016671073914202E-06 +0.9999296903265122E+00
+0.7356144103486668E+03 +0.9999295869417120E+00 +0.2011427512909897E-06 +0.9999297859255074E+00
+0.7357051149615335E+03 +0.9999296825981075E+00 +0.2006204369104834E-06 +0.9999298812754764E+00
+0.7357958195744001E+03 +0.9999297780062735E+00 +0.2001001536438555E-06 +0.9999299763773853E+00
+0.7358865241872667E+03 +0.9999298731671743E+00 +0.1995818909539791E-06 +0.9999300712321951E+00
+0.7359772288001334E+03 +0.9999299680817698E+00 +0.1990656383721108E-06 +0.9999301658408616E+00
+0.7360679334130001E+03 +0.9999300627510144E+00 +0.1985513854973558E-06 +0.9999302602043355E+00
+0.7361586380258667E+03 +0.9999301571758581E+00 +0.1980391219961408E-06 +0.9999303543235629E+00
+0.7362493426387333E+03 +0.9999302513572454E+00 +0.1975288376016902E-06 +0.9999304481994848E+00
+0.7363400472516000E+03 +0.9999303452961164E+00 +0.1970205221135066E-06 +0.9999305418330373E+00
+0.7364307518644667E+03 +0.9999304389934065E+00 +0.1965141653968592E-06 +0.9999306352251516E+00
+0.7365214564773333E+03 +0.9999305324500455E+00 +0.1960097573822730E-06 +0.9999307283767541E+00
+0.7366121610902001E+03 +0.9999306256669593E+00 +0.1955072880650246E-06 +0.9999308212887665E+00
+0.7367028657030668E+03 +0.9999307186450687E+00 +0.1950067475046419E-06 +0.9999309139621055E+00
+0.7367935703159334E+03 +0.9999308113852894E+00 +0.1945081258244086E-06 +0.9999310063976834E+00
+0.7368842749288000E+03 +0.9999309038885331E+00 +0.1940114132108743E-06 +0.9999310985964075E+00
+0.7369749795416667E+03 +0.9999309961557064E+00 +0.1935165999133650E-06 +0.9999311905591803E+00
+0.7370656841545333E+03 +0.9999310881877113E+00 +0.1930236762435038E-06 +0.9999312822869001E+00
+0.7371563887674000E+03 +0.9999311799854453E+00 +0.1925326325747317E-06 +0.9999313737804603E+00
+0.7372470933802667E+03 +0.9999312715498014E+00 +0.1920434593418339E-06 +0.9999314650407495E+00
+0.7373377979931334E+03 +0.9999313628816680E+00 +0.1915561470404703E-06 +0.9999315560686522E+00
+0.7374285026060001E+03 +0.9999314539819291E+00 +0.1910706862267101E-06 +0.9999316468650481E+00
+0.7375192072188667E+03 +0.9999315448514636E+00 +0.1905870675165722E-06 +0.9999317374308122E+00
+0.7376099118317334E+03 +0.9999316354911468E+00 +0.1901052815855648E-06 +0.9999318277668156E+00
+0.7377006164446000E+03 +0.9999317259018492E+00 +0.1896253191682363E-06 +0.9999319178739241E+00
+0.7377913210574667E+03 +0.9999318160844368E+00 +0.1891471710577245E-06 +0.9999320077530000E+00
+0.7378820256703334E+03 +0.9999319060397713E+00 +0.1886708281053117E-06 +0.9999320974049004E+00
+0.7379727302832001E+03 +0.9999319957687104E+00 +0.1881962812199842E-06 +0.9999321868304787E+00
+0.7380634348960667E+03 +0.9999320852721068E+00 +0.1877235213679947E-06 +0.9999322760305833E+00
+0.7381541395089333E+03 +0.9999321745508093E+00 +0.1872525395724302E-06 +0.9999323650060588E+00
+0.7382448441218000E+03 +0.9999322636056628E+00 +0.1867833269127804E-06 +0.9999324537577452E+00
+0.7383355487346666E+03 +0.9999323524375072E+00 +0.1863158745245147E-06 +0.9999325422864785E+00
+0.7384262533475334E+03 +0.9999324410471787E+00 +0.1858501735986591E-06 +0.9999326305930902E+00
+0.7385169579604001E+03 +0.9999325294355093E+00 +0.1853862153813780E-06 +0.9999327186784077E+00
+0.7386076625732668E+03 +0.9999326176033266E+00 +0.1849239911735601E-06 +0.9999328065432542E+00
+0.7386983671861334E+03 +0.9999327055514544E+00 +0.1844634923304074E-06 +0.9999328941884488E+00
+0.7387890717990000E+03 +0.9999327932807122E+00 +0.1840047102610285E-06 +0.9999329816148063E+00
+0.7388797764118667E+03 +0.9999328807919152E+00 +0.1835476364280331E-06 +0.9999330688231374E+00
+0.7389704810247333E+03 +0.9999329680858751E+00 +0.1830922623471346E-06 +0.9999331558142490E+00
+0.7390611856376000E+03 +0.9999330551633990E+00 +0.1826385795867519E-06 +0.9999332425889436E+00
+0.7391518902504667E+03 +0.9999331420252904E+00 +0.1821865797676162E-06 +0.9999333291480198E+00
+0.7392425948633334E+03 +0.9999332286723487E+00 +0.1817362545623819E-06 +0.9999334154922721E+00
+0.7393332994762001E+03 +0.9999333151053692E+00 +0.1812875956952397E-06 +0.9999335016224913E+00
+0.7394240040890667E+03 +0.9999334013251435E+00 +0.1808405949415341E-06 +0.9999335875394637E+00
+0.7395147087019334E+03 +0.9999334873324592E+00 +0.1803952441273822E-06 +0.9999336732439721E+00
+0.7396054133148000E+03 +0.9999335731280998E+00 +0.1799515351293000E-06 +0.9999337587367952E+00
+0.7396961179276667E+03 +0.9999336587128456E+00 +0.1795094598738275E-06 +0.9999338440187079E+00
+0.7397868225405334E+03 +0.9999337440874723E+00 +0.1790690103371588E-06 +0.9999339290904811E+00
+0.7398775271534000E+03 +0.9999338292527522E+00 +0.1786301785447759E-06 +0.9999340139528818E+00
+0.7399682317662667E+03 +0.9999339142094538E+00 +0.1781929565710848E-06 +0.9999340986066735E+00
+0.7400589363791333E+03 +0.9999339989583413E+00 +0.1777573365390561E-06 +0.9999341830526155E+00
+0.7401496409920001E+03 +0.9999340835001764E+00 +0.1773233106198652E-06 +0.9999342672914634E+00
+0.7402403456048667E+03 +0.9999341678357159E+00 +0.1768908710325409E-06 +0.9999343513239692E+00
+0.7403310502177334E+03 +0.9999342519657131E+00 +0.1764600100436131E-06 +0.9999344351508811E+00
+0.7404217548306001E+03 +0.9999343358909183E+00 +0.1760307199667639E-06 +0.9999345187729435E+00
+0.7405124594434667E+03 +0.9999344196120774E+00 +0.1756029931624835E-06 +0.9999346021908971E+00
+0.7406031640563334E+03 +0.9999345031299331E+00 +0.1751768220377271E-06 +0.9999346854054789E+00
+0.7406938686692000E+03 +0.9999345864452243E+00 +0.1747521990455764E-06 +0.9999347684174225E+00
+0.7407845732820667E+03 +0.9999346695586865E+00 +0.1743291166849012E-06 +0.9999348512274575E+00
+0.7408752778949333E+03 +0.9999347524710513E+00 +0.1739075675000289E-06 +0.9999349338363100E+00
+0.7409659825078000E+03 +0.9999348351830473E+00 +0.1734875440804113E-06 +0.9999350162447027E+00
+0.7410566871206668E+03 +0.9999349176953990E+00 +0.1730690390602976E-06 +0.9999350984533544E+00
+0.7411473917335334E+03 +0.9999350000088278E+00 +0.1726520451184093E-06 +0.9999351804629806E+00
+0.7412380963464001E+03 +0.9999350821240516E+00 +0.1722365549776171E-06 +0.9999352622742932E+00
+0.7413288009592667E+03 +0.9999351640417844E+00 +0.1718225614046227E-06 +0.9999353438880005E+00
+0.7414195055721334E+03 +0.9999352457627375E+00 +0.1714100572096392E-06 +0.9999354253048075E+00
+0.7415102101850000E+03 +0.9999353272876181E+00 +0.1709990352460799E-06 +0.9999355065254153E+00
+0.7416009147978667E+03 +0.9999354086171304E+00 +0.1705894884102448E-06 +0.9999355875505221E+00
+0.7416916194107334E+03 +0.9999354897519752E+00 +0.1701814096410119E-06 +0.9999356683808223E+00
+0.7417823240236000E+03 +0.9999355706928499E+00 +0.1697747919195308E-06 +0.9999357490170068E+00
+0.7418730286364668E+03 +0.9999356514404484E+00 +0.1693696282689195E-06 +0.9999358294597634E+00
+0.7419637332493334E+03 +0.9999357319954615E+00 +0.1689659117539621E-06 +0.9999359097097765E+00
+0.7420544378622001E+03 +0.9999358123585766E+00 +0.1685636354808097E-06 +0.9999359897677269E+00
+0.7421451424750667E+03 +0.9999358925304780E+00 +0.1681627925966863E-06 +0.9999360696342920E+00
+0.7422358470879334E+03 +0.9999359725118463E+00 +0.1677633762895926E-06 +0.9999361493101464E+00
+0.7423265517008001E+03 +0.9999360523033596E+00 +0.1673653797880163E-06 +0.9999362287959607E+00
+0.7424172563136667E+03 +0.9999361319056921E+00 +0.1669687963606421E-06 +0.9999363080924026E+00
+0.7425079609265334E+03 +0.9999362113195153E+00 +0.1665736193160659E-06 +0.9999363872001366E+00
+0.7425986655394000E+03 +0.9999362905454969E+00 +0.1661798420025107E-06 +0.9999364661198236E+00
+0.7426893701522667E+03 +0.9999363695843022E+00 +0.1657874578075434E-06 +0.9999365448521215E+00
+0.7427800747651333E+03 +0.9999364484365928E+00 +0.1653964601577977E-06 +0.9999366233976851E+00
+0.7428707793780001E+03 +0.9999365271030274E+00 +0.1650068425186956E-06 +0.9999367017571656E+00
+0.7429614839908668E+03 +0.9999366055842616E+00 +0.1646185983941726E-06 +0.9999367799312113E+00
+0.7430521886037334E+03 +0.9999366838809480E+00 +0.1642317213264056E-06 +0.9999368579204674E+00
+0.7431428932166000E+03 +0.9999367619937358E+00 +0.1638462048955427E-06 +0.9999369357255755E+00
+0.7432335978294667E+03 +0.9999368399232716E+00 +0.1634620427194337E-06 +0.9999370133471747E+00
+0.7433243024423334E+03 +0.9999369176701987E+00 +0.1630792284533667E-06 +0.9999370907859003E+00
+0.7434150070552000E+03 +0.9999369952351572E+00 +0.1626977557898025E-06 +0.9999371680423851E+00
+0.7435057116680667E+03 +0.9999370726187848E+00 +0.1623176184581139E-06 +0.9999372451172582E+00
+0.7435964162809335E+03 +0.9999371498217156E+00 +0.1619388102243265E-06 +0.9999373220111462E+00
+0.7436871208937999E+03 +0.9999372268445810E+00 +0.1615613248908610E-06 +0.9999373987246722E+00
+0.7437778255066667E+03 +0.9999373036880097E+00 +0.1611851562962778E-06 +0.9999374752584567E+00
+0.7438685301195334E+03 +0.9999373803526268E+00 +0.1608102983150250E-06 +0.9999375516131165E+00
+0.7439592347324001E+03 +0.9999374568390553E+00 +0.1604367448571872E-06 +0.9999376277892660E+00
+0.7440499393452667E+03 +0.9999375331479148E+00 +0.1600644898682356E-06 +0.9999377037875163E+00
+0.7441406439581334E+03 +0.9999376092798224E+00 +0.1596935273287825E-06 +0.9999377796084756E+00
+0.7442313485710001E+03 +0.9999376852353916E+00 +0.1593238512543352E-06 +0.9999378552527490E+00
+0.7443220531838666E+03 +0.9999377610152341E+00 +0.1589554556950546E-06 +0.9999379307209390E+00
+0.7444127577967333E+03 +0.9999378366199578E+00 +0.1585883347355118E-06 +0.9999380060136445E+00
+0.7445034624096000E+03 +0.9999379120501684E+00 +0.1582224824944523E-06 +0.9999380811314620E+00
+0.7445941670224668E+03 +0.9999379873064689E+00 +0.1578578931245566E-06 +0.9999381560749849E+00
+0.7446848716353334E+03 +0.9999380623894587E+00 +0.1574945608122066E-06 +0.9999382308448038E+00
+0.7447755762482001E+03 +0.9999381372997354E+00 +0.1571324797772510E-06 +0.9999383054415062E+00
+0.7448662808610668E+03 +0.9999382120378933E+00 +0.1567716442727754E-06 +0.9999383798656769E+00
+0.7449569854739333E+03 +0.9999382866045244E+00 +0.1564120485848724E-06 +0.9999384541178976E+00
+0.7450476900868000E+03 +0.9999383610002173E+00 +0.1560536870324124E-06 +0.9999385281987475E+00
+0.7451383946996667E+03 +0.9999384352255585E+00 +0.1556965539668209E-06 +0.9999386021088027E+00
+0.7452290993125333E+03 +0.9999385092811316E+00 +0.1553406437718520E-06 +0.9999386758486363E+00
+0.7453198039254000E+03 +0.9999385831675177E+00 +0.1549859508633678E-06 +0.9999387494188190E+00
+0.7454105085382668E+03 +0.9999386568852952E+00 +0.1546324696891168E-06 +0.9999388228199184E+00
+0.7455012131511335E+03 +0.9999387304350393E+00 +0.1542801947285164E-06 +0.9999388960524995E+00
+0.7455919177640000E+03 +0.9999388038173235E+00 +0.1539291204924356E-06 +0.9999389691171242E+00
+0.7456826223768667E+03 +0.9999388770327180E+00 +0.1535792415229791E-06 +0.9999390420143519E+00
+0.7457733269897334E+03 +0.9999389500817908E+00 +0.1532305523932752E-06 +0.9999391147447392E+00
+0.7458640316026000E+03 +0.9999390229651073E+00 +0.1528830477072638E-06 +0.9999391873088397E+00
+0.7459547362154667E+03 +0.9999390956832299E+00 +0.1525367220994856E-06 +0.9999392597072045E+00
+0.7460454408283334E+03 +0.9999391682367188E+00 +0.1521915702348748E-06 +0.9999393319403821E+00
+0.7461361454412001E+03 +0.9999392406261319E+00 +0.1518475868085516E-06 +0.9999394040089179E+00
+0.7462268500540666E+03 +0.9999393128520244E+00 +0.1515047665456179E-06 +0.9999394759133547E+00
+0.7463175546669333E+03 +0.9999393849149486E+00 +0.1511631042009524E-06 +0.9999395476542329E+00
+0.7464082592798001E+03 +0.9999394568154547E+00 +0.1508225945590109E-06 +0.9999396192320896E+00
+0.7464989638926667E+03 +0.9999395285540904E+00 +0.1504832324336246E-06 +0.9999396906474599E+00
+0.7465896685055334E+03 +0.9999396001314009E+00 +0.1501450126678022E-06 +0.9999397619008756E+00
+0.7466803731184001E+03 +0.9999396715479290E+00 +0.1498079301335321E-06 +0.9999398329928664E+00
+0.7467710777312668E+03 +0.9999397428042149E+00 +0.1494719797315876E-06 +0.9999399039239588E+00
+0.7468617823441333E+03 +0.9999398139007964E+00 +0.1491371563913332E-06 +0.9999399746946770E+00
+0.7469524869570000E+03 +0.9999398848382091E+00 +0.1488034550705300E-06 +0.9999400453055425E+00
+0.7470431915698667E+03 +0.9999399556169861E+00 +0.1484708707551482E-06 +0.9999401157570740E+00
+0.7471338961827333E+03 +0.9999400262376581E+00 +0.1481393984591747E-06 +0.9999401860497876E+00
+0.7472246007956001E+03 +0.9999400967007533E+00 +0.1478090332244271E-06 +0.9999402561841971E+00
+0.7473153054084668E+03 +0.9999401670067979E+00 +0.1474797701203657E-06 +0.9999403261608132E+00
+0.7474060100213334E+03 +0.9999402371563153E+00 +0.1471516042439098E-06 +0.9999403959801443E+00
+0.7474967146342000E+03 +0.9999403071498270E+00 +0.1468245307192536E-06 +0.9999404656426960E+00
+0.7475874192470667E+03 +0.9999403769878518E+00 +0.1464985446976829E-06 +0.9999405351489715E+00
+0.7476781238599334E+03 +0.9999404466709065E+00 +0.1461736413573969E-06 +0.9999406044994713E+00
+0.7477688284728000E+03 +0.9999405161995056E+00 +0.1458498159033267E-06 +0.9999406736946932E+00
+0.7478595330856667E+03 +0.9999405855741610E+00 +0.1455270635669582E-06 +0.9999407427351327E+00
+0.7479502376985334E+03 +0.9999406547953829E+00 +0.1452053796061559E-06 +0.9999408116212823E+00
+0.7480409423114000E+03 +0.9999407238636785E+00 +0.1448847593049868E-06 +0.9999408803536323E+00
+0.7481316469242666E+03 +0.9999407927795534E+00 +0.1445651979735479E-06 +0.9999409489326703E+00
+0.7482223515371334E+03 +0.9999408615435108E+00 +0.1442466909477918E-06 +0.9999410173588812E+00
+0.7483130561500001E+03 +0.9999409301560513E+00 +0.1439292335893577E-06 +0.9999410856327475E+00
+0.7484037607628667E+03 +0.9999409986176742E+00 +0.1436128212854004E-06 +0.9999411537547491E+00
+0.7484944653757334E+03 +0.9999410669288753E+00 +0.1432974494484220E-06 +0.9999412217253633E+00
+0.7485851699886001E+03 +0.9999411350901496E+00 +0.1429831135161047E-06 +0.9999412895450647E+00
+0.7486758746014667E+03 +0.9999412031019890E+00 +0.1426698089511449E-06 +0.9999413572143255E+00
+0.7487665792143333E+03 +0.9999412709648836E+00 +0.1423575312410890E-06 +0.9999414247336155E+00
+0.7488572838272000E+03 +0.9999413386793212E+00 +0.1420462758981686E-06 +0.9999414921034014E+00
+0.7489479884400668E+03 +0.9999414062457875E+00 +0.1417360384591403E-06 +0.9999415593241481E+00
+0.7490386930529334E+03 +0.9999414736647665E+00 +0.1414268144851238E-06 +0.9999416263963172E+00
+0.7491293976658001E+03 +0.9999415409367394E+00 +0.1411185995614421E-06 +0.9999416933203683E+00
+0.7492201022786668E+03 +0.9999416080621857E+00 +0.1408113892974636E-06 +0.9999417600967579E+00
+0.7493108068915334E+03 +0.9999416750415826E+00 +0.1405051793264445E-06 +0.9999418267259403E+00
+0.7494015115044000E+03 +0.9999417418754057E+00 +0.1401999653053734E-06 +0.9999418932083673E+00
+0.7494922161172667E+03 +0.9999418085641283E+00 +0.1398957429148148E-06 +0.9999419595444879E+00
+0.7495829207301334E+03 +0.9999418751082212E+00 +0.1395925078587577E-06 +0.9999420257347484E+00
+0.7496736253430000E+03 +0.9999419415081536E+00 +0.1392902558644620E-06 +0.9999420917795929E+00
+0.7497643299558667E+03 +0.9999420077643927E+00 +0.1389889826823069E-06 +0.9999421576794627E+00
+0.7498550345687335E+03 +0.9999420738774035E+00 +0.1386886840856416E-06 +0.9999422234347963E+00
+0.7499457391816001E+03 +0.9999421398476492E+00 +0.1383893558706354E-06 +0.9999422890460300E+00
+0.7500364437944667E+03 +0.9999422056755909E+00 +0.1380909938561298E-06 +0.9999423545135971E+00
+0.7501271484073334E+03 +0.9999422713616872E+00 +0.1377935938834927E-06 +0.9999424198379286E+00
+0.7502178530202001E+03 +0.9999423369063959E+00 +0.1374971518164718E-06 +0.9999424850194528E+00
+0.7503085576330667E+03 +0.9999424023101717E+00 +0.1372016635410508E-06 +0.9999425500585951E+00
+0.7503992622459334E+03 +0.9999424675734681E+00 +0.1369071249653048E-06 +0.9999426149557785E+00
+0.7504899668588000E+03 +0.9999425326967362E+00 +0.1366135320192590E-06 +0.9999426797114234E+00
+0.7505806714716667E+03 +0.9999425976804250E+00 +0.1363208806547464E-06 +0.9999427443259471E+00
+0.7506713760845333E+03 +0.9999426625249824E+00 +0.1360291668452684E-06 +0.9999428087997647E+00
+0.7507620806974001E+03 +0.9999427272308536E+00 +0.1357383865858554E-06 +0.9999428731332883E+00
+0.7508527853102668E+03 +0.9999427917984824E+00 +0.1354485358929280E-06 +0.9999429373269275E+00
+0.7509434899231334E+03 +0.9999428562283104E+00 +0.1351596108041607E-06 +0.9999430013810888E+00
+0.7510341945360001E+03 +0.9999429205207774E+00 +0.1348716073783450E-06 +0.9999430652961763E+00
+0.7511248991488667E+03 +0.9999429846763210E+00 +0.1345845216952553E-06 +0.9999431290725911E+00
+0.7512156037617333E+03 +0.9999430486953778E+00 +0.1342983498555130E-06 +0.9999431927107315E+00
+0.7513063083746000E+03 +0.9999431125783819E+00 +0.1340130879804560E-06 +0.9999432562109932E+00
+0.7513970129874667E+03 +0.9999431763257656E+00 +0.1337287322120045E-06 +0.9999433195737688E+00
+0.7514877176003334E+03 +0.9999432399379593E+00 +0.1334452787125308E-06 +0.9999433827994481E+00
+0.7515784222132000E+03 +0.9999433034153919E+00 +0.1331627236647288E-06 +0.9999434458884179E+00
+0.7516691268260668E+03 +0.9999433667584904E+00 +0.1328810632714852E-06 +0.9999435088410623E+00
+0.7517598314389334E+03 +0.9999434299676796E+00 +0.1326002937557512E-06 +0.9999435716577623E+00
+0.7518505360518000E+03 +0.9999434930433833E+00 +0.1323204113604145E-06 +0.9999436343388958E+00
+0.7519412406646667E+03 +0.9999435559860226E+00 +0.1320414123481742E-06 +0.9999436968848379E+00
+0.7520319452775334E+03 +0.9999436187960173E+00 +0.1317632930014145E-06 +0.9999437592959602E+00
+0.7521226498904001E+03 +0.9999436814737857E+00 +0.1314860496220811E-06 +0.9999438215726317E+00
+0.7522133545032667E+03 +0.9999437440197438E+00 +0.1312096785315563E-06 +0.9999438837152180E+00
+0.7523040591161334E+03 +0.9999438064343060E+00 +0.1309341760705377E-06 +0.9999439457240815E+00
+0.7523947637290000E+03 +0.9999438687178853E+00 +0.1306595385989162E-06 +0.9999440075995814E+00
+0.7524854683418666E+03 +0.9999439308708926E+00 +0.1303857624956539E-06 +0.9999440693420735E+00
+0.7525761729547334E+03 +0.9999439928937373E+00 +0.1301128441586660E-06 +0.9999441309519103E+00
+0.7526668775676001E+03 +0.9999440547868268E+00 +0.1298407800047010E-06 +0.9999441924294409E+00
+0.7527575821804668E+03 +0.9999441165505673E+00 +0.1295695664692218E-06 +0.9999442537750111E+00
+0.7528482867933334E+03 +0.9999441781853625E+00 +0.1292992000062896E-06 +0.9999443149889627E+00
+0.7529389914062001E+03 +0.9999442396916154E+00 +0.1290296770884463E-06 +0.9999443760716347E+00
+0.7530296960190667E+03 +0.9999443010697266E+00 +0.1287609942066000E-06 +0.9999444370233616E+00
+0.7531204006319333E+03 +0.9999443623200952E+00 +0.1284931478699086E-06 +0.9999444978444745E+00
+0.7532111052448000E+03 +0.9999444234431191E+00 +0.1282261346056679E-06 +0.9999445585353007E+00
+0.7533018098576667E+03 +0.9999444844391937E+00 +0.1279599509591971E-06 +0.9999446190961637E+00
+0.7533925144705333E+03 +0.9999445453087135E+00 +0.1276945934937269E-06 +0.9999446795273830E+00
+0.7534832190834001E+03 +0.9999446060520709E+00 +0.1274300587902881E-06 +0.9999447398292736E+00
+0.7535739236962668E+03 +0.9999446666696571E+00 +0.1271663434476007E-06 +0.9999448000021466E+00
+0.7536646283091334E+03 +0.9999447271618613E+00 +0.1269034440819645E-06 +0.9999448600463090E+00
+0.7537553329220000E+03 +0.9999447875290713E+00 +0.1266413573271493E-06 +0.9999449199620631E+00
+0.7538460375348667E+03 +0.9999448477716734E+00 +0.1263800798342876E-06 +0.9999449797497068E+00
+0.7539367421477334E+03 +0.9999449078900517E+00 +0.1261196082717663E-06 +0.9999450394095332E+00
+0.7540274467606000E+03 +0.9999449678845896E+00 +0.1258599393251204E-06 +0.9999450989418308E+00
+0.7541181513734667E+03 +0.9999450277556685E+00 +0.1256010696969270E-06 +0.9999451583468830E+00
+0.7542088559863334E+03 +0.9999450875036680E+00 +0.1253429961066999E-06 +0.9999452176249682E+00
+0.7542995605992000E+03 +0.9999451471289664E+00 +0.1250857152907859E-06 +0.9999452767763596E+00
+0.7543902652120667E+03 +0.9999452066319406E+00 +0.1248292240022596E-06 +0.9999453358013247E+00
+0.7544809698249334E+03 +0.9999452660129656E+00 +0.1245735190108223E-06 +0.9999453947001257E+00
+0.7545716744378001E+03 +0.9999453252724153E+00 +0.1243185971026988E-06 +0.9999454534730189E+00
+0.7546623790506667E+03 +0.9999453844106616E+00 +0.1240644550805359E-06 +0.9999455121202544E+00
+0.7547530836635334E+03 +0.9999454434280750E+00 +0.1238110897633024E-06 +0.9999455706420763E+00
+0.7548437882764001E+03 +0.9999455023250250E+00 +0.1235584979861883E-06 +0.9999456290387222E+00
+0.7549344928892667E+03 +0.9999455611018788E+00 +0.1233066766005059E-06 +0.9999456873104228E+00
+0.7550251975021333E+03 +0.9999456197590026E+00 +0.1230556224735907E-06 +0.9999457454574018E+00
+0.7551159021150000E+03 +0.9999456782967612E+00 +0.1228053324887047E-06 +0.9999458034798757E+00
+0.7552066067278668E+03 +0.9999457367155175E+00 +0.1225558035449382E-06 +0.9999458613780534E+00
+0.7552973113407334E+03 +0.9999457950156332E+00 +0.1223070325571135E-06 +0.9999459191521358E+00
+0.7553880159536001E+03 +0.9999458531974685E+00 +0.1220590164556895E-06 +0.9999459768023155E+00
+0.7554787205664668E+03 +0.9999459112613823E+00 +0.1218117521866661E-06 +0.9999460343287763E+00
+0.7555694251793334E+03 +0.9999459692077317E+00 +0.1215652367114900E-06 +0.9999460917316930E+00
+0.7556601297922000E+03 +0.9999460270368725E+00 +0.1213194670069608E-06 +0.9999461490112310E+00
+0.7557508344050667E+03 +0.9999460847491592E+00 +0.1210744400651378E-06 +0.9999462061675454E+00
+0.7558415390179334E+03 +0.9999461423449448E+00 +0.1208301528932484E-06 +0.9999462632007807E+00
+0.7559322436308000E+03 +0.9999461998245808E+00 +0.1205866025135950E-06 +0.9999463201110708E+00
+0.7560229482436667E+03 +0.9999462571884172E+00 +0.1203437859634647E-06 +0.9999463768985372E+00
+0.7561136528565335E+03 +0.9999463144368030E+00 +0.1201017002950387E-06 +0.9999464335632896E+00
+0.7562043574694001E+03 +0.9999463715700854E+00 +0.1198603425753022E-06 +0.9999464901054245E+00
+0.7562950620822667E+03 +0.9999464285886104E+00 +0.1196197098859550E-06 +0.9999465465250245E+00
+0.7563857666951334E+03 +0.9999464854927224E+00 +0.1193797993233235E-06 +0.9999466028221576E+00
+0.7564764713080001E+03 +0.9999465422827645E+00 +0.1191406079982724E-06 +0.9999466589968764E+00
+0.7565671759208667E+03 +0.9999465989590788E+00 +0.1189021330361173E-06 +0.9999467150492169E+00
+0.7566578805337334E+03 +0.9999466555220056E+00 +0.1186643715765378E-06 +0.9999467709791976E+00
+0.7567485851466000E+03 +0.9999467119718839E+00 +0.1184273207734919E-06 +0.9999468267868182E+00
+0.7568392897594667E+03 +0.9999467683090515E+00 +0.1181909777951294E-06 +0.9999468824720588E+00
+0.7569299943723333E+03 +0.9999468245338448E+00 +0.1179553398237081E-06 +0.9999469380348778E+00
+0.7570206989852001E+03 +0.9999468806465986E+00 +0.1177204040555091E-06 +0.9999469934752109E+00
+0.7571114035980668E+03 +0.9999469366476472E+00 +0.1174861677007527E-06 +0.9999470487929695E+00
+0.7572021082109334E+03 +0.9999469925373222E+00 +0.1172526279835155E-06 +0.9999471039880384E+00
+0.7572928128238000E+03 +0.9999470483159553E+00 +0.1170197821416480E-06 +0.9999471590602748E+00
+0.7573835174366667E+03 +0.9999471039838759E+00 +0.1167876274266914E-06 +0.9999472140095048E+00
+0.7574742220495334E+03 +0.9999471595414127E+00 +0.1165561611037982E-06 +0.9999472688355220E+00
+0.7575649266624000E+03 +0.9999472149888926E+00 +0.1163253804516495E-06 +0.9999473235380845E+00
+0.7576556312752667E+03 +0.9999472703266417E+00 +0.1160952827623755E-06 +0.9999473781169117E+00
+0.7577463358881334E+03 +0.9999473255549842E+00 +0.1158658653414757E-06 +0.9999474325716815E+00
+0.7578370405010000E+03 +0.9999473806742437E+00 +0.1156371255077394E-06 +0.9999474869020263E+00
+0.7579277451138666E+03 +0.9999474356847421E+00 +0.1154090605931674E-06 +0.9999475411075290E+00
+0.7580184497267334E+03 +0.9999474905868002E+00 +0.1151816679428931E-06 +0.9999475951877185E+00
+0.7581091543396001E+03 +0.9999475453807376E+00 +0.1149549449151060E-06 +0.9999476491420642E+00
+0.7581998589524667E+03 +0.9999476000668722E+00 +0.1147288888809738E-06 +0.9999477029699714E+00
+0.7582905635653334E+03 +0.9999476546455213E+00 +0.1145034972245665E-06 +0.9999477566707730E+00
+0.7583812681782001E+03 +0.9999477091170005E+00 +0.1142787673427797E-06 +0.9999478102437237E+00
+0.7584719727910667E+03 +0.9999477634816243E+00 +0.1140546966452598E-06 +0.9999478636879912E+00
+0.7585626774039333E+03 +0.9999478177397060E+00 +0.1138312825543289E-06 +0.9999479170026463E+00
+0.7586533820168000E+03 +0.9999478718915578E+00 +0.1136085225049095E-06 +0.9999479701866530E+00
+0.7587440866296666E+03 +0.9999479259374903E+00 +0.1133864139444518E-06 +0.9999480232388553E+00
+0.7588347912425334E+03 +0.9999479798778131E+00 +0.1131649543328597E-06 +0.9999480761579634E+00
+0.7589254958554001E+03 +0.9999480337128348E+00 +0.1129441411424180E-06 +0.9999481289425372E+00
+0.7590162004682668E+03 +0.9999480874428626E+00 +0.1127239718577197E-06 +0.9999481815909671E+00
+0.7591069050811334E+03 +0.9999481410682023E+00 +0.1125044439755944E-06 +0.9999482341014522E+00
+0.7591976096940000E+03 +0.9999481945891591E+00 +0.1122855550050369E-06 +0.9999482864719740E+00
+0.7592883143068667E+03 +0.9999482480060361E+00 +0.1120673024671353E-06 +0.9999483387002662E+00
+0.7593790189197333E+03 +0.9999483013191364E+00 +0.1118496838950020E-06 +0.9999483907837783E+00
+0.7594697235326000E+03 +0.9999483545287609E+00 +0.1116326968337031E-06 +0.9999484427196328E+00
+0.7595604281454667E+03 +0.9999484076352096E+00 +0.1114163388401883E-06 +0.9999484945045741E+00
+0.7596511327583335E+03 +0.9999484606387818E+00 +0.1112006074832227E-06 +0.9999485461349062E+00
+0.7597418373712001E+03 +0.9999485135397752E+00 +0.1109855003433176E-06 +0.9999485976064181E+00
+0.7598325419840667E+03 +0.9999485663384865E+00 +0.1107710150126632E-06 +0.9999486489142911E+00
+0.7599232465969334E+03 +0.9999486190352112E+00 +0.1105571490950594E-06 +0.9999487000529869E+00
+0.7600139512098000E+03 +0.9999486716302435E+00 +0.1103439002058505E-06 +0.9999487510161050E+00
+0.7601046558226667E+03 +0.9999487241238770E+00 +0.1101312659718572E-06 +0.9999488017962070E+00
+0.7601953604355334E+03 +0.9999487765164035E+00 +0.1099192440313107E-06 +0.9999488523845900E+00
+0.7602860650484001E+03 +0.9999488288081142E+00 +0.1097078320337869E-06 +0.9999489027709969E+00
+0.7603767696612667E+03 +0.9999488809992989E+00 +0.1094970276401411E-06 +0.9999489529432387E+00
+0.7604674742741333E+03 +0.9999489330902464E+00 +0.1092868285224426E-06 +0.9999490028866926E+00
+0.7605581788870001E+03 +0.9999489850812442E+00 +0.1090772323639102E-06 +0.9999490525836293E+00
+0.7606488834998667E+03 +0.9999490369725792E+00 +0.1088682368588488E-06 +0.9999491020122840E+00
+0.7607395881127334E+03 +0.9999490887645366E+00 +0.1086598397125854E-06 +0.9999491511455701E+00
+0.7608302927256001E+03 +0.9999491404574010E+00 +0.1084520386414053E-06 +0.9999491999491743E+00
+0.7609209973384667E+03 +0.9999491920514554E+00 +0.1082448313724900E-06 +0.9999492483789383E+00
+0.7610117019513334E+03 +0.9999492435469822E+00 +0.1080382156438547E-06 +0.9999492963761006E+00
+0.7611024065642000E+03 +0.9999492949442627E+00 +0.1078321892042860E-06 +0.9999493438625143E+00
+0.7611931111770667E+03 +0.9999493462435767E+00 +0.1076267498132802E-06 +0.9999493907219670E+00
+0.7612838157899333E+03 +0.9999493974452032E+00 +0.1074218952409832E-06 +0.9999494368071479E+00
+0.7613745204028000E+03 +0.9999494485494203E+00 +0.1072176232681284E-06 +0.9999494817978313E+00
+0.7614652250156668E+03 +0.9999494995565049E+00 +0.1070139316859774E-06 +0.9999495254888038E+00
+0.7615559296285334E+03 +0.9999495504667327E+00 +0.1068108182962595E-06 +0.9999495660810606E+00
+0.7616466342414001E+03 +0.9999496012803788E+00 +0.1066082809111122E-06 +0.9999496069750164E+00
+0.7617373388542667E+03 +0.9999496519977167E+00 +0.1064063173530226E-06 +0.9999496263400494E+00
+0.7618280434671334E+03 +0.9999497026190192E+00 +0.1062049254547675E-06 +0.9999496575497152E+00
