# Macroscopic dielectric function epsm
#
# Momentum transfer Q=G+q in lattice cooridnates
# G:   0   0   0
# q:   0.0000000   0.0000000   0.0000000
# Momentum transfer Q=G+q in Cartesian cooridnates
# G:   0.0000000   0.0000000   0.0000000
# q:   0.0000000   0.0000000   0.0000000
# Norm2(G+q)   0.0000000
#
# Energy scale=   27.211384
# Used broadening in scaled energy units:    0.190480
#
# Number of k-points=      64
# Unit cell volume [au]=  110.090925
# Coulomb potential v(Q) [au]=          0.000000
#
#             Frequency                Re(epsm)                Im(epsm)       Re(epsm) form KKT
+0.6503520742539999E+03 +0.1005693674810054E+01 +0.3938044849484691E-03 +0.1006391526268198E+01
+0.6503566094846433E+03 +0.1005702948609149E+01 +0.3952300283522843E-03 +0.1006330254014730E+01
+0.6503611447152866E+03 +0.1005712255421559E+01 +0.3966640409287486E-03 +0.1006224582595693E+01
+0.6503656799459300E+03 +0.1005721595437981E+01 +0.3981065951370262E-03 +0.1006198362479516E+01
+0.6503702151765733E+03 +0.1005730968850674E+01 +0.3995577642605425E-03 +0.1006170586372458E+01
+0.6503747504072167E+03 +0.1005740375853477E+01 +0.4010176224185390E-03 +0.1006153940860615E+01
+0.6503792856378600E+03 +0.1005749816641828E+01 +0.4024862445783211E-03 +0.1006141747119298E+01
+0.6503838208685033E+03 +0.1005759291412779E+01 +0.4039637065672225E-03 +0.1006133255898732E+01
+0.6503883560991467E+03 +0.1005768800365013E+01 +0.4054500850852785E-03 +0.1006127281846181E+01
+0.6503928913297900E+03 +0.1005778343698865E+01 +0.4069454577176170E-03 +0.1006123282172068E+01
+0.6503974265604332E+03 +0.1005787921616336E+01 +0.4084499029475424E-03 +0.1006120827730040E+01
+0.6504019617910767E+03 +0.1005797534321114E+01 +0.4099635001695315E-03 +0.1006119630205707E+01
+0.6504064970217199E+03 +0.1005807182018590E+01 +0.4114863297024556E-03 +0.1006119472663714E+01
+0.6504110322523634E+03 +0.1005816864915879E+01 +0.4130184728033648E-03 +0.1006120192027293E+01
+0.6504155674830066E+03 +0.1005826583221835E+01 +0.4145600116810249E-03 +0.1006121661476836E+01
+0.6504201027136501E+03 +0.1005836337147077E+01 +0.4161110295102211E-03 +0.1006123780799671E+01
+0.6504246379442933E+03 +0.1005846126904000E+01 +0.4176716104457889E-03 +0.1006126469366535E+01
+0.6504291731749368E+03 +0.1005855952706802E+01 +0.4192418396374301E-03 +0.1006129661387323E+01
+0.6504337084055800E+03 +0.1005865814771498E+01 +0.4208218032442561E-03 +0.1006133302491130E+01
+0.6504382436362233E+03 +0.1005875713315945E+01 +0.4224115884501018E-03 +0.1006137347245574E+01
+0.6504427788668667E+03 +0.1005885648559859E+01 +0.4240112834787776E-03 +0.1006141757312206E+01
+0.6504473140975100E+03 +0.1005895620724837E+01 +0.4256209776095942E-03 +0.1006146500054586E+01
+0.6504518493281533E+03 +0.1005905630034380E+01 +0.4272407611935185E-03 +0.1006151547471433E+01
+0.6504563845587967E+03 +0.1005915676713908E+01 +0.4288707256691034E-03 +0.1006156875367759E+01
+0.6504609197894400E+03 +0.1005925760990792E+01 +0.4305109635792650E-03 +0.1006162462703335E+01
+0.6504654550200834E+03 +0.1005935883094363E+01 +0.4321615685878116E-03 +0.1006168291074491E+01
+0.6504699902507267E+03 +0.1005946043255947E+01 +0.4338226354968370E-03 +0.1006174344298242E+01
+0.6504745254813701E+03 +0.1005956241708877E+01 +0.4354942602638701E-03 +0.1006180608074980E+01
+0.6504790607120133E+03 +0.1005966478688523E+01 +0.4371765400198785E-03 +0.1006187069713012E+01
+0.6504835959426567E+03 +0.1005976754432312E+01 +0.4388695730872478E-03 +0.1006193717901514E+01
+0.6504881311733000E+03 +0.1005987069179750E+01 +0.4405734589980955E-03 +0.1006200542522178E+01
+0.6504926664039433E+03 +0.1005997423172450E+01 +0.4422882985132918E-03 +0.1006207534492002E+01
+0.6504972016345866E+03 +0.1006007816654152E+01 +0.4440141936412914E-03 +0.1006214685630953E+01
+0.6505017368652300E+03 +0.1006018249870750E+01 +0.4457512476579053E-03 +0.1006221988550353E+01
+0.6505062720958733E+03 +0.1006028723070316E+01 +0.4474995651258576E-03 +0.1006229436557781E+01
+0.6505108073265167E+03 +0.1006039236503124E+01 +0.4492592519153084E-03 +0.1006237023576018E+01
+0.6505153425571600E+03 +0.1006049790421678E+01 +0.4510304152241674E-03 +0.1006244744073330E+01
+0.6505198777878032E+03 +0.1006060385080735E+01 +0.4528131635993609E-03 +0.1006252593003490E+01
+0.6505244130184467E+03 +0.1006071020737334E+01 +0.4546076069581290E-03 +0.1006260565753758E+01
+0.6505289482490899E+03 +0.1006081697650818E+01 +0.4564138566097294E-03 +0.1006268658099638E+01
+0.6505334834797334E+03 +0.1006092416082870E+01 +0.4582320252779466E-03 +0.1006276866165552E+01
+0.6505380187103766E+03 +0.1006103176297529E+01 +0.4600622271234557E-03 +0.1006285186390189E+01
+0.6505425539410201E+03 +0.1006113978561225E+01 +0.4619045777672437E-03 +0.1006293615496263E+01
+0.6505470891716633E+03 +0.1006124823142805E+01 +0.4637591943138598E-03 +0.1006302150463665E+01
+0.6505516244023067E+03 +0.1006135710313564E+01 +0.4656261953757526E-03 +0.1006310788505927E+01
+0.6505561596329500E+03 +0.1006146640347268E+01 +0.4675057010974478E-03 +0.1006319527049152E+01
+0.6505606948635933E+03 +0.1006157613520191E+01 +0.4693978331808045E-03 +0.1006328363713428E+01
+0.6505652300942367E+03 +0.1006168630111138E+01 +0.4713027149103639E-03 +0.1006337296296189E+01
+0.6505697653248800E+03 +0.1006179690401479E+01 +0.4732204711792034E-03 +0.1006346322757319E+01
+0.6505743005555233E+03 +0.1006190794675180E+01 +0.4751512285157130E-03 +0.1006355441205943E+01
+0.6505788357861667E+03 +0.1006201943218831E+01 +0.4770951151102871E-03 +0.1006364649888321E+01
+0.6505833710168100E+03 +0.1006213136321681E+01 +0.4790522608432164E-03 +0.1006373947177260E+01
+0.6505879062474534E+03 +0.1006224374275667E+01 +0.4810227973124715E-03 +0.1006383331562239E+01
+0.6505924414780966E+03 +0.1006235657375449E+01 +0.4830068578626759E-03 +0.1006392801640810E+01
+0.6505969767087400E+03 +0.1006246985918442E+01 +0.4850045776142455E-03 +0.1006402356110540E+01
+0.6506015119393833E+03 +0.1006258360204847E+01 +0.4870160934931156E-03 +0.1006411993761830E+01
+0.6506060471700267E+03 +0.1006269780537691E+01 +0.4890415442615071E-03 +0.1006421713471460E+01
+0.6506105824006700E+03 +0.1006281247222854E+01 +0.4910810705486698E-03 +0.1006431514196483E+01
+0.6506151176313134E+03 +0.1006292760569110E+01 +0.4931348148829551E-03 +0.1006441394968955E+01
+0.6506196528619566E+03 +0.1006304320888157E+01 +0.4952029217238481E-03 +0.1006451354890831E+01
+0.6506241880926001E+03 +0.1006315928494661E+01 +0.4972855374953677E-03 +0.1006461393129577E+01
+0.6506287233232433E+03 +0.1006327583706281E+01 +0.4993828106194463E-03 +0.1006471508913874E+01
+0.6506332585538867E+03 +0.1006339286843719E+01 +0.5014948915506801E-03 +0.1006481701529899E+01
+0.6506377937845300E+03 +0.1006351038230745E+01 +0.5036219328113496E-03 +0.1006491970317820E+01
+0.6506423290151733E+03 +0.1006362838194246E+01 +0.5057640890271792E-03 +0.1006502314668534E+01
+0.6506468642458167E+03 +0.1006374687064257E+01 +0.5079215169643013E-03 +0.1006512734020776E+01
+0.6506513994764600E+03 +0.1006386585174004E+01 +0.5100943755663152E-03 +0.1006523227858290E+01
+0.6506559347071034E+03 +0.1006398532859945E+01 +0.5122828259928698E-03 +0.1006533795707451E+01
+0.6506604699377467E+03 +0.1006410530461804E+01 +0.5144870316583224E-03 +0.1006544437134767E+01
+0.6506650051683901E+03 +0.1006422578322622E+01 +0.5167071582719736E-03 +0.1006555151744909E+01
+0.6506695403990333E+03 +0.1006434676788790E+01 +0.5189433738784061E-03 +0.1006565939178532E+01
+0.6506740756296766E+03 +0.1006446826210096E+01 +0.5211958488994097E-03 +0.1006576799110617E+01
+0.6506786108603200E+03 +0.1006459026939767E+01 +0.5234647561763275E-03 +0.1006587731248619E+01
+0.6506831460909633E+03 +0.1006471279334511E+01 +0.5257502710133209E-03 +0.1006598735330912E+01
+0.6506876813216066E+03 +0.1006483583754564E+01 +0.5280525712220632E-03 +0.1006609811125398E+01
+0.6506922165522500E+03 +0.1006495940563733E+01 +0.5303718371666720E-03 +0.1006620958427977E+01
+0.6506967517828933E+03 +0.1006508350129442E+01 +0.5327082518104167E-03 +0.1006632177061439E+01
+0.6507012870135367E+03 +0.1006520812822780E+01 +0.5350620007626568E-03 +0.1006643466874140E+01
+0.6507058222441800E+03 +0.1006533329018545E+01 +0.5374332723276197E-03 +0.1006654827738997E+01
+0.6507103574748234E+03 +0.1006545899095293E+01 +0.5398222575534494E-03 +0.1006666259552359E+01
+0.6507148927054666E+03 +0.1006558523435390E+01 +0.5422291502831107E-03 +0.1006677762233140E+01
+0.6507194279361100E+03 +0.1006571202425055E+01 +0.5446541472059179E-03 +0.1006689335721864E+01
+0.6507239631667533E+03 +0.1006583936454414E+01 +0.5470974479102147E-03 +0.1006700979979815E+01
+0.6507284983973967E+03 +0.1006596725917552E+01 +0.5495592549377647E-03 +0.1006712694988315E+01
+0.6507330336280399E+03 +0.1006609571212558E+01 +0.5520397738385790E-03 +0.1006724480747909E+01
+0.6507375688586834E+03 +0.1006622472741587E+01 +0.5545392132278364E-03 +0.1006736337277772E+01
+0.6507421040893266E+03 +0.1006635430910903E+01 +0.5570577848432443E-03 +0.1006748264614956E+01
+0.6507466393199701E+03 +0.1006648446130941E+01 +0.5595957036045678E-03 +0.1006760262813930E+01
+0.6507511745506133E+03 +0.1006661518816358E+01 +0.5621531876736630E-03 +0.1006772331945887E+01
+0.6507557097812567E+03 +0.1006674649386089E+01 +0.5647304585167047E-03 +0.1006784472098308E+01
+0.6507602450119000E+03 +0.1006687838263403E+01 +0.5673277409673093E-03 +0.1006796683374423E+01
+0.6507647802425433E+03 +0.1006701085875963E+01 +0.5699452632911157E-03 +0.1006808965892786E+01
+0.6507693154731867E+03 +0.1006714392655880E+01 +0.5725832572524338E-03 +0.1006821319786816E+01
+0.6507738507038300E+03 +0.1006727759039775E+01 +0.5752419581816053E-03 +0.1006833745204399E+01
+0.6507783859344734E+03 +0.1006741185468841E+01 +0.5779216050448552E-03 +0.1006846242307568E+01
+0.6507829211651167E+03 +0.1006754672388898E+01 +0.5806224405148740E-03 +0.1006858811272006E+01
+0.6507874563957600E+03 +0.1006768220250460E+01 +0.5833447110439934E-03 +0.1006871452286931E+01
+0.6507919916264034E+03 +0.1006781829508797E+01 +0.5860886669381712E-03 +0.1006884165554568E+01
+0.6507965268570466E+03 +0.1006795500623997E+01 +0.5888545624336171E-03 +0.1006896951290039E+01
+0.6508010620876901E+03 +0.1006809234061032E+01 +0.5916426557746704E-03 +0.1006909809720968E+01
+0.6508055973183333E+03 +0.1006823030289825E+01 +0.5944532092935421E-03 +0.1006922741087295E+01
+0.6508101325489766E+03 +0.1006836889785315E+01 +0.5972864894925883E-03 +0.1006935745641057E+01
+0.6508146677796200E+03 +0.1006850813027525E+01 +0.6001427671276687E-03 +0.1006948823646078E+01
+0.6508192030102633E+03 +0.1006864800501633E+01 +0.6030223172945098E-03 +0.1006961975377920E+01
+0.6508237382409067E+03 +0.1006878852698039E+01 +0.6059254195161987E-03 +0.1006975201123500E+01
+0.6508282734715500E+03 +0.1006892970112438E+01 +0.6088523578338102E-03 +0.1006988501181126E+01
+0.6508328087021933E+03 +0.1006907153245894E+01 +0.6118034208982717E-03 +0.1007001875860134E+01
+0.6508373439328366E+03 +0.1006921402604908E+01 +0.6147789020654458E-03 +0.1007015325480881E+01
+0.6508418791634800E+03 +0.1006935718701498E+01 +0.6177790994929384E-03 +0.1007028850374583E+01
+0.6508464143941233E+03 +0.1006950102053271E+01 +0.6208043162393231E-03 +0.1007042450883103E+01
+0.6508509496247667E+03 +0.1006964553183502E+01 +0.6238548603664973E-03 +0.1007056127358942E+01
+0.6508554848554099E+03 +0.1006979072621208E+01 +0.6269310450436362E-03 +0.1007069880165053E+01
+0.6508600200860534E+03 +0.1006993660901235E+01 +0.6300331886548210E-03 +0.1007083709674839E+01
+0.6508645553166966E+03 +0.1007008318564328E+01 +0.6331616149083454E-03 +0.1007097616271888E+01
+0.6508690905473401E+03 +0.1007023046157222E+01 +0.6363166529498625E-03 +0.1007111600350146E+01
+0.6508736257779833E+03 +0.1007037844232718E+01 +0.6394986374773624E-03 +0.1007125662313608E+01
+0.6508781610086266E+03 +0.1007052713349770E+01 +0.6427079088601080E-03 +0.1007139802576385E+01
+0.6508826962392700E+03 +0.1007067654073571E+01 +0.6459448132599683E-03 +0.1007154021562643E+01
+0.6508872314699133E+03 +0.1007082666975639E+01 +0.6492097027558805E-03 +0.1007168319706490E+01
+0.6508917667005567E+03 +0.1007097752633901E+01 +0.6525029354722582E-03 +0.1007182697452024E+01
+0.6508963019312000E+03 +0.1007112911632790E+01 +0.6558248757096911E-03 +0.1007197155253198E+01
+0.6509008371618434E+03 +0.1007128144563329E+01 +0.6591758940802155E-03 +0.1007211693573884E+01
+0.6509053723924867E+03 +0.1007143452023225E+01 +0.6625563676449979E-03 +0.1007226312887797E+01
+0.6509099076231300E+03 +0.1007158834616964E+01 +0.6659666800568205E-03 +0.1007241013678497E+01
+0.6509144428537734E+03 +0.1007174292955900E+01 +0.6694072217051877E-03 +0.1007255796439369E+01
+0.6509189780844166E+03 +0.1007189827658360E+01 +0.6728783898664037E-03 +0.1007270661673638E+01
+0.6509235133150601E+03 +0.1007205439349733E+01 +0.6763805888569365E-03 +0.1007285609894361E+01
+0.6509280485457033E+03 +0.1007221128662573E+01 +0.6799142301909043E-03 +0.1007300641624387E+01
+0.6509325837763467E+03 +0.1007236896236699E+01 +0.6834797327425785E-03 +0.1007315757396501E+01
+0.6509371190069900E+03 +0.1007252742719295E+01 +0.6870775229121521E-03 +0.1007330957753236E+01
+0.6509416542376334E+03 +0.1007268668765016E+01 +0.6907080347972617E-03 +0.1007346243247114E+01
+0.6509461894682767E+03 +0.1007284675036088E+01 +0.6943717103679639E-03 +0.1007361614440486E+01
+0.6509507246989200E+03 +0.1007300762202419E+01 +0.6980689996477754E-03 +0.1007377071905705E+01
+0.6509552599295633E+03 +0.1007316930941702E+01 +0.7018003608984534E-03 +0.1007392616225029E+01
+0.6509597951602067E+03 +0.1007333181939529E+01 +0.7055662608110937E-03 +0.1007408247990782E+01
+0.6509643303908500E+03 +0.1007349515889496E+01 +0.7093671747017546E-03 +0.1007423967805345E+01
+0.6509688656214934E+03 +0.1007365933493318E+01 +0.7132035867125504E-03 +0.1007439776281106E+01
+0.6509734008521367E+03 +0.1007382435460942E+01 +0.7170759900192196E-03 +0.1007455674040761E+01
+0.6509779360827799E+03 +0.1007399022510662E+01 +0.7209848870433104E-03 +0.1007471661717022E+01
+0.6509824713134234E+03 +0.1007415695369233E+01 +0.7249307896717187E-03 +0.1007487739953035E+01
+0.6509870065440666E+03 +0.1007432454771993E+01 +0.7289142194811331E-03 +0.1007503909402120E+01
+0.6509915417747101E+03 +0.1007449301462978E+01 +0.7329357079702526E-03 +0.1007520170728109E+01
+0.6509960770053533E+03 +0.1007466236195045E+01 +0.7369957967973108E-03 +0.1007536524605173E+01
+0.6510006122359966E+03 +0.1007483259729994E+01 +0.7410950380257440E-03 +0.1007552971718063E+01
+0.6510051474666400E+03 +0.1007500372838691E+01 +0.7452339943761143E-03 +0.1007569512762153E+01
+0.6510096826972833E+03 +0.1007517576301192E+01 +0.7494132394853543E-03 +0.1007586148443418E+01
+0.6510142179279267E+03 +0.1007534870906871E+01 +0.7536333581744873E-03 +0.1007602879478638E+01
+0.6510187531585700E+03 +0.1007552257454548E+01 +0.7578949467228576E-03 +0.1007619706595391E+01
+0.6510232883892133E+03 +0.1007569736752616E+01 +0.7621986131519020E-03 +0.1007636630532244E+01
+0.6510278236198567E+03 +0.1007587309619173E+01 +0.7665449775158526E-03 +0.1007653652038649E+01
+0.6510323588504999E+03 +0.1007604976882152E+01 +0.7709346722024835E-03 +0.1007670771875284E+01
+0.6510368940811434E+03 +0.1007622739379457E+01 +0.7753683422419037E-03 +0.1007687990813953E+01
+0.6510414293117866E+03 +0.1007640597959092E+01 +0.7798466456246134E-03 +0.1007705309637714E+01
+0.6510459645424301E+03 +0.1007658553479301E+01 +0.7843702536301029E-03 +0.1007722729141114E+01
+0.6510504997730733E+03 +0.1007676606808700E+01 +0.7889398511639456E-03 +0.1007740250130028E+01
+0.6510550350037167E+03 +0.1007694758826420E+01 +0.7935561371067028E-03 +0.1007757873422104E+01
+0.6510595702343600E+03 +0.1007713010422239E+01 +0.7982198246718963E-03 +0.1007775599846471E+01
+0.6510641054650034E+03 +0.1007731362496723E+01 +0.8029316417765554E-03 +0.1007793430244237E+01
+0.6510686406956466E+03 +0.1007749815961368E+01 +0.8076923314215576E-03 +0.1007811365468265E+01
+0.6510731759262900E+03 +0.1007768371738738E+01 +0.8125026520852527E-03 +0.1007829406383508E+01
+0.6510777111569333E+03 +0.1007787030762607E+01 +0.8173633781282937E-03 +0.1007847553867038E+01
+0.6510822463875767E+03 +0.1007805793978100E+01 +0.8222753002110768E-03 +0.1007865808808051E+01
+0.6510867816182200E+03 +0.1007824662341837E+01 +0.8272392257253061E-03 +0.1007884172108242E+01
+0.6510913168488634E+03 +0.1007843636822070E+01 +0.8322559792375451E-03 +0.1007902644681618E+01
+0.6510958520795067E+03 +0.1007862718398833E+01 +0.8373264029484785E-03 +0.1007921227454828E+01
+0.6511003873101500E+03 +0.1007881908064075E+01 +0.8424513571650084E-03 +0.1007939921367155E+01
+0.6511049225407934E+03 +0.1007901206821811E+01 +0.8476317207891261E-03 +0.1007958727370748E+01
+0.6511094577714367E+03 +0.1007920615688254E+01 +0.8528683918206479E-03 +0.1007977646430555E+01
+0.6511139930020800E+03 +0.1007940135691965E+01 +0.8581622878777510E-03 +0.1007996679524614E+01
+0.6511185282327234E+03 +0.1007959767873986E+01 +0.8635143467331715E-03 +0.1008015827644127E+01
+0.6511230634633666E+03 +0.1007979513287981E+01 +0.8689255268677259E-03 +0.1008035091793440E+01
+0.6511275986940100E+03 +0.1007999373000375E+01 +0.8743968080429820E-03 +0.1008054472990395E+01
+0.6511321339246533E+03 +0.1008019348090488E+01 +0.8799291918908418E-03 +0.1008073972266159E+01
+0.6511366691552967E+03 +0.1008039439650667E+01 +0.8855237025243119E-03 +0.1008093590665611E+01
+0.6511412043859400E+03 +0.1008059648786423E+01 +0.8911813871664313E-03 +0.1008113329247198E+01
+0.6511457396165833E+03 +0.1008079976616554E+01 +0.8969033168018650E-03 +0.1008133189083289E+01
+0.6511502748472267E+03 +0.1008100424273275E+01 +0.9026905868481196E-03 +0.1008153171260034E+01
+0.6511548100778699E+03 +0.1008120992902338E+01 +0.9085443178508941E-03 +0.1008173276877613E+01
+0.6511593453085134E+03 +0.1008141683663154E+01 +0.9144656562013833E-03 +0.1008193507050329E+01
+0.6511638805391566E+03 +0.1008162497728903E+01 +0.9204557748775507E-03 +0.1008213862906607E+01
+0.6511684157698000E+03 +0.1008183436286648E+01 +0.9265158742115768E-03 +0.1008234345589209E+01
+0.6511729510004433E+03 +0.1008204500537434E+01 +0.9326471826812191E-03 +0.1008254956255140E+01
+0.6511774862310867E+03 +0.1008225691696394E+01 +0.9388509577299903E-03 +0.1008275696075975E+01
+0.6511820214617300E+03 +0.1008247010992831E+01 +0.9451284866130311E-03 +0.1008296566237616E+01
+0.6511865566923734E+03 +0.1008268459670311E+01 +0.9514810872738811E-03 +0.1008317567940661E+01
+0.6511910919230166E+03 +0.1008290038986736E+01 +0.9579101092489832E-03 +0.1008338702400224E+01
+0.6511956271536600E+03 +0.1008311750214408E+01 +0.9644169346051752E-03 +0.1008359970846113E+01
+0.6512001623843033E+03 +0.1008333594640094E+01 +0.9710029789079565E-03 +0.1008381374522828E+01
+0.6512046976149467E+03 +0.1008355573565067E+01 +0.9776696922230324E-03 +0.1008402914689518E+01
+0.6512092328455900E+03 +0.1008377688305148E+01 +0.9844185601538145E-03 +0.1008424592620165E+01
+0.6512137680762334E+03 +0.1008399940190720E+01 +0.9912511049126121E-03 +0.1008446409603368E+01
+0.6512183033068767E+03 +0.1008422330566749E+01 +0.9981688864312468E-03 +0.1008468366942557E+01
+0.6512228385375200E+03 +0.1008444860792768E+01 +0.1005173503507857E-02 +0.1008490465955669E+01
+0.6512273737681634E+03 +0.1008467532242861E+01 +0.1012266594995952E-02 +0.1008512707975492E+01
+0.6512319089988067E+03 +0.1008490346305621E+01 +0.1019449841032473E-02 +0.1008535094349204E+01
+0.6512364442294499E+03 +0.1008513304384094E+01 +0.1026724964310980E-02 +0.1008557626438583E+01
+0.6512409794600934E+03 +0.1008536407895695E+01 +0.1034093731397771E-02 +0.1008580305619798E+01
+0.6512455146907366E+03 +0.1008559658272110E+01 +0.1041557954094011E-02 +0.1008603133283173E+01
+0.6512500499213801E+03 +0.1008583056959167E+01 +0.1049119490847134E-02 +0.1008626110833286E+01
+0.6512545851520233E+03 +0.1008606605416680E+01 +0.1056780248209256E-02 +0.1008649239688504E+01
+0.6512591203826668E+03 +0.1008630305118275E+01 +0.1064542182349296E-02 +0.1008672521281083E+01
+0.6512636556133100E+03 +0.1008654157551168E+01 +0.1072407300615428E-02 +0.1008695957056584E+01
+0.6512681908439533E+03 +0.1008678164215926E+01 +0.1080377663154956E-02 +0.1008719548473939E+01
+0.6512727260745967E+03 +0.1008702326626179E+01 +0.1088455384588170E-02 +0.1008743297004885E+01
+0.6512772613052400E+03 +0.1008726646308303E+01 +0.1096642635743341E-02 +0.1008767204133762E+01
+0.6512817965358834E+03 +0.1008751124801053E+01 +0.1104941645450581E-02 +0.1008791271357080E+01
+0.6512863317665267E+03 +0.1008775763655156E+01 +0.1113354702398243E-02 +0.1008815500183007E+01
+0.6512908669971700E+03 +0.1008800564432851E+01 +0.1121884157055716E-02 +0.1008839892131105E+01
+0.6512954022278133E+03 +0.1008825528707381E+01 +0.1130532423660221E-02 +0.1008864448731422E+01
+0.6512999374584567E+03 +0.1008850658062425E+01 +0.1139301982275276E-02 +0.1008889171524387E+01
+0.6513044726891000E+03 +0.1008875954091464E+01 +0.1148195380917106E-02 +0.1008914062059577E+01
+0.6513090079197434E+03 +0.1008901418397095E+01 +0.1157215237757032E-02 +0.1008939121895568E+01
+0.6513135431503866E+03 +0.1008927052590258E+01 +0.1166364243395970E-02 +0.1008964352598680E+01
+0.6513180783810300E+03 +0.1008952858289399E+01 +0.1175645163219009E-02 +0.1008989755742342E+01
+0.6513226136116733E+03 +0.1008978837119543E+01 +0.1185060839827399E-02 +0.1009015332906124E+01
+0.6513271488423167E+03 +0.1009004990711282E+01 +0.1194614195551863E-02 +0.1009041085674577E+01
+0.6513316840729600E+03 +0.1009031320699667E+01 +0.1204308235051279E-02 +0.1009067015636256E+01
+0.6513362193036033E+03 +0.1009057828723000E+01 +0.1214146047993625E-02 +0.1009093124382255E+01
+0.6513407545342467E+03 +0.1009084516421517E+01 +0.1224130811827311E-02 +0.1009119413505172E+01
+0.6513452897648900E+03 +0.1009111385435942E+01 +0.1234265794638026E-02 +0.1009145884597239E+01
+0.6513498249955334E+03 +0.1009138437405934E+01 +0.1244554358099384E-02 +0.1009172539249155E+01
+0.6513543602261767E+03 +0.1009165673968381E+01 +0.1254999960511935E-02 +0.1009199379047938E+01
+0.6513588954568199E+03 +0.1009193096755555E+01 +0.1265606159938463E-02 +0.1009226405575344E+01
+0.6513634306874634E+03 +0.1009220707393112E+01 +0.1276376617431041E-02 +0.1009253620405773E+01
+0.6513679659181066E+03 +0.1009248507497916E+01 +0.1287315100352636E-02 +0.1009281025103858E+01
+0.6513725011487501E+03 +0.1009276498675696E+01 +0.1298425485795935E-02 +0.1009308621222447E+01
+0.6513770363793933E+03 +0.1009304682518493E+01 +0.1309711764093501E-02 +0.1009336410299588E+01
+0.6513815716100368E+03 +0.1009333060601918E+01 +0.1321178042425937E-02 +0.1009364393856172E+01
+0.6513861068406800E+03 +0.1009361634482167E+01 +0.1332828548519380E-02 +0.1009392573392573E+01
+0.6513906420713234E+03 +0.1009390405692816E+01 +0.1344667634438332E-02 +0.1009420950385673E+01
+0.6513951773019667E+03 +0.1009419375741354E+01 +0.1356699780463550E-02 +0.1009449526285115E+01
+0.6513997125326100E+03 +0.1009448546105439E+01 +0.1368929599059492E-02 +0.1009478302509764E+01
+0.6514042477632534E+03 +0.1009477918228870E+01 +0.1381361838920912E-02 +0.1009507280443548E+01
+0.6514087829938967E+03 +0.1009507493517236E+01 +0.1394001389095837E-02 +0.1009536461430939E+01
+0.6514133182245400E+03 +0.1009537273333245E+01 +0.1406853283181322E-02 +0.1009565846772577E+01
+0.6514178534551834E+03 +0.1009567258991682E+01 +0.1419922703577547E-02 +0.1009595437719834E+01
+0.6514223886858267E+03 +0.1009597451753995E+01 +0.1433214985799409E-02 +0.1009625235469788E+01
+0.6514269239164701E+03 +0.1009627852822470E+01 +0.1446735622825934E-02 +0.1009655241158914E+01
+0.6514314591471134E+03 +0.1009658463333975E+01 +0.1460490269483550E-02 +0.1009685455857321E+01
+0.6514359943777566E+03 +0.1009689284353235E+01 +0.1474484746839191E-02 +0.1009715880561504E+01
+0.6514405296084000E+03 +0.1009720316865628E+01 +0.1488725046594749E-02 +0.1009746516187645E+01
+0.6514450648390433E+03 +0.1009751561769440E+01 +0.1503217335455549E-02 +0.1009777363563514E+01
+0.6514496000696867E+03 +0.1009783019867575E+01 +0.1517967959452556E-02 +0.1009808423420256E+01
+0.6514541353003300E+03 +0.1009814691858670E+01 +0.1532983448195121E-02 +0.1009839696383791E+01
+0.6514586705309733E+03 +0.1009846578327585E+01 +0.1548270519016268E-02 +0.1009871182964881E+01
+0.6514632057616167E+03 +0.1009878679735226E+01 +0.1563836080986015E-02 +0.1009902883549487E+01
+0.6514677409922600E+03 +0.1009910996407664E+01 +0.1579687238743642E-02 +0.1009934798387546E+01
+0.6514722762229034E+03 +0.1009943528524519E+01 +0.1595831296115353E-02 +0.1009966927581740E+01
+0.6514768114535467E+03 +0.1009976276106556E+01 +0.1612275759457249E-02 +0.1009999271074892E+01
+0.6514813466841899E+03 +0.1010009239002460E+01 +0.1629028340678355E-02 +0.1010031828637133E+01
+0.6514858819148334E+03 +0.1010042416874748E+01 +0.1646096959872789E-02 +0.1010064599851815E+01
+0.6514904171454766E+03 +0.1010075809184772E+01 +0.1663489747494480E-02 +0.1010097584100512E+01
+0.6514949523761201E+03 +0.1010109415176787E+01 +0.1681215046000297E-02 +0.1010130780547642E+01
+0.6514994876067633E+03 +0.1010143233861018E+01 +0.1699281410865592E-02 +0.1010164188123314E+01
+0.6515040228374068E+03 +0.1010177263995730E+01 +0.1717697610887258E-02 +0.1010197805506100E+01
+0.6515085580680500E+03 +0.1010211504068212E+01 +0.1736472627655469E-02 +0.1010231631103794E+01
+0.6515130932986933E+03 +0.1010245952274702E+01 +0.1755615654088033E-02 +0.1010265663034095E+01
+0.6515176285293367E+03 +0.1010280606499182E+01 +0.1775136091887638E-02 +0.1010299899103537E+01
+0.6515221637599800E+03 +0.1010315464291048E+01 +0.1795043547782892E-02 +0.1010334336785544E+01
+0.6515266989906233E+03 +0.1010350522841635E+01 +0.1815347828400972E-02 +0.1010368973197620E+01
+0.6515312342212667E+03 +0.1010385778959592E+01 +0.1836058933590393E-02 +0.1010403805076905E+01
+0.6515357694519100E+03 +0.1010421229045129E+01 +0.1857187048021017E-02 +0.1010438828755484E+01
+0.6515403046825534E+03 +0.1010456869063138E+01 +0.1878742530845704E-02 +0.1010474040133554E+01
+0.6515448399131967E+03 +0.1010492694515254E+01 +0.1900735903219809E-02 +0.1010509434652801E+01
+0.6515493751438401E+03 +0.1010528700410890E+01 +0.1923177833429825E-02 +0.1010545007267776E+01
+0.6515539103744833E+03 +0.1010564881237351E+01 +0.1946079119394727E-02 +0.1010580752417149E+01
+0.6515584456051267E+03 +0.1010601230929126E+01 +0.1969450668261726E-02 +0.1010616663993833E+01
+0.6515629808357700E+03 +0.1010637742836494E+01 +0.1993303472818920E-02 +0.1010652735314744E+01
+0.6515675160664134E+03 +0.1010674409693638E+01 +0.2017648584434016E-02 +0.1010688959089994E+01
+0.6515720512970566E+03 +0.1010711223586463E+01 +0.2042497082198332E-02 +0.1010725327391950E+01
+0.6515765865277001E+03 +0.1010748175920406E+01 +0.2067860037974153E-02 +0.1010761831624567E+01
+0.6515811217583433E+03 +0.1010785257388522E+01 +0.2093748477005077E-02 +0.1010798462492633E+01
+0.6515856569889867E+03 +0.1010822457940253E+01 +0.2120173333781036E-02 +0.1010835209972457E+01
+0.6515901922196300E+03 +0.1010859766751289E+01 +0.2147145402819624E-02 +0.1010872063283016E+01
+0.6515947274502734E+03 +0.1010897172195046E+01 +0.2174675284071102E-02 +0.1010909010859556E+01
+0.6515992626809167E+03 +0.1010934661816333E+01 +0.2202773322643446E-02 +0.1010946040328893E+01
+0.6516037979115600E+03 +0.1010972222307872E+01 +0.2231449542593481E-02 +0.1010983138487821E+01
+0.6516083331422034E+03 +0.1011009839490438E+01 +0.2260713574573791E-02 +0.1011020291285483E+01
+0.6516128683728466E+03 +0.1011047498297439E+01 +0.2290574577160765E-02 +0.1011057483809565E+01
+0.6516174036034901E+03 +0.1011085182764889E+01 +0.2321041151797069E-02 +0.1011094700278903E+01
+0.6516219388341333E+03 +0.1011122876027797E+01 +0.2352121251335432E-02 +0.1011131924041148E+01
+0.6516264740647767E+03 +0.1011160560324098E+01 +0.2383822082324743E-02 +0.1011169137579398E+01
+0.6516310092954200E+03 +0.1011198217007331E+01 +0.2416150001275296E-02 +0.1011206322526173E+01
+0.6516355445260633E+03 +0.1011235826569374E+01 +0.2449110405343579E-02 +0.1011243459688089E+01
+0.6516400797567067E+03 +0.1011273368674560E+01 +0.2482707618028985E-02 +0.1011280529081568E+01
+0.6516446149873500E+03 +0.1011310822206605E+01 +0.2516944770714671E-02 +0.1011317509980453E+01
+0.6516491502179933E+03 +0.1011348165329768E+01 +0.2551823681130882E-02 +0.1011354380978664E+01
+0.6516536854486367E+03 +0.1011385375565633E+01 +0.2587344730065095E-02 +0.1011391120066459E+01
+0.6516582206792800E+03 +0.1011422429886920E+01 +0.2623506737981037E-02 +0.1011427704724803E+01
+0.6516627559099234E+03 +0.1011459304829537E+01 +0.2660306843479480E-02 +0.1011464112035805E+01
+0.6516672911405667E+03 +0.1011495976624020E+01 +0.2697740385914213E-02 +0.1011500318812888E+01
+0.6516718263712100E+03 +0.1011532421347222E+01 +0.2735800794766589E-02 +0.1011536301749691E+01
+0.6516763616018533E+03 +0.1011568615094844E+01 +0.2774479488765748E-02 +0.1011572037588889E+01
+0.6516808968324967E+03 +0.1011604534175017E+01 +0.2813765788014645E-02 +0.1011607503311377E+01
+0.6516854320631400E+03 +0.1011640155322690E+01 +0.2853646842692369E-02 +0.1011642676344424E+01
+0.6516899672937834E+03 +0.1011675455934019E+01 +0.2894107582134257E-02 +0.1011677534789353E+01
+0.6516945025244266E+03 +0.1011710414319329E+01 +0.2935130688217313E-02 +0.1011712057665596E+01
+0.6516990377550701E+03 +0.1011745009972522E+01 +0.2976696597084653E-02 +0.1011746225171207E+01
+0.6517035729857133E+03 +0.1011779223854001E+01 +0.3018783533126857E-02 +0.1011780018953951E+01
+0.6517081082163568E+03 +0.1011813038683393E+01 +0.3061367578987873E-02 +0.1011813422392954E+01
+0.6517126434470000E+03 +0.1011846439237487E+01 +0.3104422784936482E-02 +0.1011846420882894E+01
+0.6517171786776433E+03 +0.1011879412647999E+01 +0.3147921320448378E-02 +0.1011879002118378E+01
+0.6517217139082867E+03 +0.1011911948692957E+01 +0.3191833670049278E-02 +0.1011911156370790E+01
+0.6517262491389300E+03 +0.1011944040074866E+01 +0.3236128874561563E-02 +0.1011942876752086E+01
+0.6517307843695734E+03 +0.1011975682678235E+01 +0.3280774817771525E-02 +0.1011974159457876E+01
+0.6517353196002167E+03 +0.1012006875798711E+01 +0.3325738557208175E-02 +0.1012005003982844E+01
+0.6517398548308601E+03 +0.1012037622335972E+01 +0.3370986696351330E-02 +0.1012035413301323E+01
+0.6517443900615034E+03 +0.1012067928942688E+01 +0.3416485794014857E-02 +0.1012065394004757E+01
+0.6517489252921467E+03 +0.1012097806122372E+01 +0.3462202805175080E-02 +0.1012094956391205E+01
+0.6517534605227900E+03 +0.1012127268269770E+01 +0.3508105545962295E-02 +0.1012124114498724E+01
+0.6517579957534333E+03 +0.1012156333648605E+01 +0.3554163174230477E-02 +0.1012152886080244E+01
+0.6517625309840766E+03 +0.1012185024302970E+01 +0.3600346675912302E-02 +0.1012181292514432E+01
+0.6517670662147200E+03 +0.1012213365900465E+01 +0.3646629346538641E-02 +0.1012209358652046E+01
+0.6517716014453633E+03 +0.1012241387507105E+01 +0.3692987256804480E-02 +0.1012237112598125E+01
+0.6517761366760067E+03 +0.1012269121296194E+01 +0.3739399690954111E-02 +0.1012264585430694E+01
+0.6517806719066500E+03 +0.1012296602195456E+01 +0.3785849547198352E-02 +0.1012291810862171E+01
+0.6517852071372934E+03 +0.1012323867478802E+01 +0.3832323690169169E-02 +0.1012318824847423E+01
+0.6517897423679367E+03 +0.1012350956310979E+01 +0.3878813246785670E-02 +0.1012345665148163E+01
+0.6517942775985800E+03 +0.1012377909254890E+01 +0.3925313838547855E-02 +0.1012372370860572E+01
+0.6517988128292233E+03 +0.1012404767752535E+01 +0.3971825745363533E-02 +0.1012398981919378E+01
+0.6518033480598667E+03 +0.1012431573591217E+01 +0.4018353998200726E-02 +0.1012425538586752E+01
+0.6518078832905099E+03 +0.1012458368366784E+01 +0.4064908400227869E-02 +0.1012452080937462E+01
+0.6518124185211534E+03 +0.1012485192955339E+01 +0.4111503478399034E-02 +0.1012478648353330E+01
+0.6518169537517966E+03 +0.1012512087003935E+01 +0.4158158369528826E-02 +0.1012505279032584E+01
+0.6518214889824401E+03 +0.1012539088449484E+01 +0.4204896646785359E-02 +0.1012532009527953E+01
+0.6518260242130833E+03 +0.1012566233073398E+01 +0.4251746093900064E-02 +0.1012558874315582E+01
+0.6518305594437268E+03 +0.1012593554097618E+01 +0.4298738435423407E-02 +0.1012585905404379E+01
+0.6518350946743700E+03 +0.1012621081825612E+01 +0.4345909031755133E-02 +0.1012613131986552E+01
+0.6518396299050133E+03 +0.1012648843330015E+01 +0.4393296547701360E-02 +0.1012640580132158E+01
+0.6518441651356567E+03 +0.1012676862186704E+01 +0.4440942602751721E-02 +0.1012668272528242E+01
+0.6518487003663000E+03 +0.1012705158253588E+01 +0.4488891410408610E-02 +0.1012696228259499E+01
+0.6518532355969434E+03 +0.1012733747491191E+01 +0.4537189412710478E-02 +0.1012724462630183E+01
+0.6518577708275867E+03 +0.1012762641821336E+01 +0.4585884914686667E-02 +0.1012752987021368E+01
+0.6518623060582300E+03 +0.1012791849019864E+01 +0.4635027722115068E-02 +0.1012781808783422E+01
+0.6518668412888734E+03 +0.1012821372639393E+01 +0.4684668784531930E-02 +0.1012810931155421E+01
+0.6518713765195167E+03 +0.1012851211958556E+01 +0.4734859844325472E-02 +0.1012840353214038E+01
+0.6518759117501601E+03 +0.1012881361954787E+01 +0.4785653091753727E-02 +0.1012870069842873E+01
+0.6518804469808033E+03 +0.1012911813298689E+01 +0.4837100825185850E-02 +0.1012900071726946E+01
+0.6518849822114468E+03 +0.1012942552368878E+01 +0.4889255115542057E-02 +0.1012930345365186E+01
+0.6518895174420900E+03 +0.1012973561287206E+01 +0.4942167474016606E-02 +0.1012960873104927E+01
+0.6518940526727333E+03 +0.1013004817974993E+01 +0.4995888522541479E-02 +0.1012991633198143E+01
+0.6518985879033767E+03 +0.1013036296231533E+01 +0.5050467667019875E-02 +0.1013022599877492E+01
+0.6519031231340200E+03 +0.1013067965836451E+01 +0.5105952774190991E-02 +0.1013053743458894E+01
+0.6519076583646633E+03 +0.1013099792677516E+01 +0.5162389853752903E-02 +0.1013085030465986E+01
+0.6519121935953067E+03 +0.1013131738905283E+01 +0.5219822748255865E-02 +0.1013116423782851E+01
+0.6519167288259500E+03 +0.1013163763115398E+01 +0.5278292833903650E-02 +0.1013147882831339E+01
+0.6519212640565934E+03 +0.1013195820558674E+01 +0.5337838735990255E-02 +0.1013179363776760E+01
+0.6519257992872367E+03 +0.1013227863378162E+01 +0.5398496062907154E-02 +0.1013210819757872E+01
+0.6519303345178799E+03 +0.1013259840871477E+01 +0.5460297162701020E-02 +0.1013242201141330E+01
+0.6519348697485234E+03 +0.1013291699775712E+01 +0.5523270905886954E-02 +0.1013273455798300E+01
+0.6519394049791666E+03 +0.1013323384571410E+01 +0.5587442497634697E-02 +0.1013304529397825E+01
+0.6519439402098101E+03 +0.1013354837801411E+01 +0.5652833321751755E-02 +0.1013335365716027E+01
+0.6519484754404533E+03 +0.1013386000399890E+01 +0.5719460817865146E-02 +0.1013365906954119E+01
+0.6519530106710966E+03 +0.1013416812026777E+01 +0.5787338392250208E-02 +0.1013396094061923E+01
+0.6519575459017400E+03 +0.1013447211402771E+01 +0.5856475361615770E-02 +0.1013425867063260E+01
+0.6519620811323833E+03 +0.1013477136640609E+01 +0.5926876928197921E-02 +0.1013455165376687E+01
+0.6519666163630267E+03 +0.1013506525568863E+01 +0.5998544183645465E-02 +0.1013483928131937E+01
+0.6519711515936700E+03 +0.1013535316045359E+01 +0.6071474138458184E-02 +0.1013512094474128E+01
+0.6519756868243134E+03 +0.1013563446258406E+01 +0.6145659773410348E-02 +0.1013539603859971E+01
+0.6519802220549567E+03 +0.1013590855015033E+01 +0.6221090109177447E-02 +0.1013566396339929E+01
+0.6519847572856000E+03 +0.1013617482016595E+01 +0.6297750290674349E-02 +0.1013592412830546E+01
+0.6519892925162434E+03 +0.1013643268123084E+01 +0.6375621683011173E-02 +0.1013617595373934E+01
+0.6519938277468866E+03 +0.1013668155608374E+01 +0.6454681976852793E-02 +0.1013641887392308E+01
+0.6519983629775301E+03 +0.1013692088409211E+01 +0.6534905301892595E-02 +0.1013665233932707E+01
+0.6520028982081733E+03 +0.1013715012371125E+01 +0.6616262348395391E-02 +0.1013687581911249E+01
+0.6520074334388167E+03 +0.1013736875494420E+01 +0.6698720498051477E-02 +0.1013708880355395E+01
+0.6520119686694600E+03 +0.1013757628183013E+01 +0.6782243966619859E-02 +0.1013729080648465E+01
+0.6520165039001034E+03 +0.1013777223498194E+01 +0.6866793962154583E-02 +0.1013748136778300E+01
+0.6520210391307467E+03 +0.1013795617418258E+01 +0.6952328863548468E-02 +0.1013766005588380E+01
+0.6520255743613901E+03 +0.1013812769103599E+01 +0.7038804425037918E-02 +0.1013782647035481E+01
+0.6520301095920333E+03 +0.1013828641165176E+01 +0.7126174012661454E-02 +0.1013798024444889E+01
+0.6520346448226767E+03 +0.1013843199932440E+01 +0.7214388878841994E-02 +0.1013812104767040E+01
+0.6520391800533200E+03 +0.1013856415714881E+01 +0.7303398480772274E-02 +0.1013824858823609E+01
+0.6520437152839634E+03 +0.1013868263049402E+01 +0.7393150847469165E-02 +0.1013836261537798E+01
+0.6520482505146067E+03 +0.1013878720923952E+01 +0.7483592998984758E-02 +0.1013846292143363E+01
+0.6520527857452500E+03 +0.1013887772966241E+01 +0.7574671419320386E-02 +0.1013854934353320E+01
+0.6520573209758934E+03 +0.1013895407585165E+01 +0.7666332582364242E-02 +0.1013862176487694E+01
+0.6520618562065367E+03 +0.1013901618051826E+01 +0.7758523527324432E-02 +0.1013868011536975E+01
+0.6520663914371801E+03 +0.1013906402506885E+01 +0.7851192477226904E-02 +0.1013872437159594E+01
+0.6520709266678233E+03 +0.1013909763881522E+01 +0.7944289490723948E-02 +0.1013875455592291E+01
+0.6520754618984666E+03 +0.1013911709720572E+01 +0.8037767134366072E-02 +0.1013877073470216E+01
+0.6520799971291100E+03 +0.1013912251898468E+01 +0.8131581159323232E-02 +0.1013877301543756E+01
+0.6520845323597533E+03 +0.1013911406221471E+01 +0.8225691163907443E-02 +0.1013876154288646E+01
+0.6520890675903967E+03 +0.1013909191913212E+01 +0.8320061221095165E-02 +0.1013873649406777E+01
+0.6520936028210400E+03 +0.1013905630984715E+01 +0.8414660448758965E-02 +0.1013869807216294E+01
+0.6520981380516833E+03 +0.1013900747494654E+01 +0.8509463499906479E-02 +0.1013864649943354E+01
+0.6521026732823267E+03 +0.1013894566710356E+01 +0.8604450950589601E-02 +0.1013858200916682E+01
+0.6521072085129700E+03 +0.1013887114184884E+01 +0.8699609564848105E-02 +0.1013850483689286E+01
+0.6521117437436134E+03 +0.1013878414769955E+01 +0.8794932418578850E-02 +0.1013841521096173E+01
+0.6521162789742566E+03 +0.1013868491588420E+01 +0.8890418868022252E-02 +0.1013831334280322E+01
+0.6521208142049001E+03 +0.1013857364993145E+01 +0.8986074353000004E-02 +0.1013819941704352E+01
+0.6521253494355433E+03 +0.1013845051541286E+01 +0.9081910030349586E-02 +0.1013807358177796E+01
+0.6521298846661867E+03 +0.1013831563013906E+01 +0.9177942238681054E-02 +0.1013793593932503E+01
+0.6521344198968300E+03 +0.1013816905510659E+01 +0.9274191801346639E-02 +0.1013778653763828E+01
+0.6521389551274734E+03 +0.1013801078647752E+01 +0.9370683180328455E-02 +0.1013762536275827E+01
+0.6521434903581167E+03 +0.1013784074884709E+01 +0.9467443498896834E-02 +0.1013745233245091E+01
+0.6521480255887601E+03 +0.1013765879001749E+01 +0.9564501455616548E-02 +0.1013726729130057E+01
+0.6521525608194033E+03 +0.1013746467745023E+01 +0.9661886155842674E-02 +0.1013707000735705E+01
+0.6521570960500467E+03 +0.1013725809651748E+01 +0.9759625889623392E-02 +0.1013686017054011E+01
+0.6521616312806900E+03 +0.1013703865061766E+01 +0.9857746886319081E-02 +0.1013663739275654E+01
+0.6521661665113334E+03 +0.1013680586316451E+01 +0.9956272076672311E-02 +0.1013640120982150E+01
+0.6521707017419767E+03 +0.1013655918140426E+01 +0.1005521989231296E-01 +0.1013615108512466E+01
+0.6521752369726200E+03 +0.1013629798196567E+01 +0.1015460313086130E-01 +0.1013588641490792E+01
+0.6521797722032634E+03 +0.1013602157800281E+01 +0.1025442791231713E-01 +0.1013560653509986E+01
+0.6521843074339067E+03 +0.1013572922775343E+01 +0.1035469274903553E-01 +0.1013531072946285E+01
+0.6521888426645501E+03 +0.1013542014430572E+01 +0.1045538774800128E-01 +0.1013499823893104E+01
+0.6521933778951934E+03 +0.1013509350634550E+01 +0.1055649395997524E-01 +0.1013466827185251E+01
+0.6521979131258366E+03 +0.1013474846964131E+01 +0.1065798288611045E-01 +0.1013432001497863E+01
+0.6522024483564801E+03 +0.1013438417901906E+01 +0.1075981614844365E-01 +0.1013395264490040E+01
+0.6522069835871233E+03 +0.1013399978057742E+01 +0.1086194532681667E-01 +0.1013356533973236E+01
+0.6522115188177667E+03 +0.1013359443390057E+01 +0.1096431196107846E-01 +0.1013315729081674E+01
+0.6522160540484100E+03 +0.1013316732403514E+01 +0.1106684771390133E-01 +0.1013272771418008E+01
+0.6522205892790533E+03 +0.1013271767301175E+01 +0.1116947468650678E-01 +0.1013227586161225E+01
+0.6522251245096967E+03 +0.1013224475070936E+01 +0.1127210587658221E-01 +0.1013180103106211E+01
+0.6522296597403400E+03 +0.1013174788488027E+01 +0.1137464576521495E-01 +0.1013130257631107E+01
+0.6522341949709834E+03 +0.1013122647017769E+01 +0.1147699101722063E-01 +0.1013077991563943E+01
+0.6522387302016266E+03 +0.1013067997605283E+01 +0.1157903127737788E-01 +0.1013023253946382E+01
+0.6522432654322701E+03 +0.1013010795341831E+01 +0.1168065004329843E-01 +0.1012966001678071E+01
+0.6522478006629133E+03 +0.1012951004000564E+01 +0.1178172559448065E-01 +0.1012906200038413E+01
+0.6522523358935567E+03 +0.1012888596437847E+01 +0.1188213195630941E-01 +0.1012843823079764E+01
+0.6522568711242000E+03 +0.1012823554859961E+01 +0.1198173987746147E-01 +0.1012778853893172E+01
+0.6522614063548434E+03 +0.1012755870958553E+01 +0.1208041779969501E-01 +0.1012711284750514E+01
+0.6522659415854866E+03 +0.1012685545921927E+01 +0.1217803279995371E-01 +0.1012641117125826E+01
+0.6522704768161301E+03 +0.1012612590332605E+01 +0.1227445148664828E-01 +0.1012568361612182E+01
+0.6522750120467733E+03 +0.1012537023964734E+01 +0.1236954083433569E-01 +0.1012493037738702E+01
+0.6522795472774167E+03 +0.1012458875497391E+01 +0.1246316894426723E-01 +0.1012415173711186E+01
+0.6522840825080600E+03 +0.1012378182161728E+01 +0.1255520572179230E-01 +0.1012334806085495E+01
+0.6522886177387034E+03 +0.1012294989340901E+01 +0.1264552346565499E-01 +0.1012251979395673E+01
+0.6522931529693467E+03 +0.1012209350141808E+01 +0.1273399736834025E-01 +0.1012166745755104E+01
+0.6522976881999900E+03 +0.1012121324956921E+01 +0.1282050593059753E-01 +0.1012079164442435E+01
+0.6523022234306334E+03 +0.1012030981032658E+01 +0.1290493129710073E-01 +0.1011989301496926E+01
+0.6523067586612767E+03 +0.1011938392058325E+01 +0.1298715952327015E-01 +0.1011897229323270E+01
+0.6523112938919201E+03 +0.1011843637786373E+01 +0.1306708078586312E-01 +0.1011803026331674E+01
+0.6523158291225634E+03 +0.1011746803691210E+01 +0.1314458955141981E-01 +0.1011706776604593E+01
+0.6523203643532066E+03 +0.1011647980669846E+01 +0.1321958471741240E-01 +0.1011608569605516E+01
+0.6523248995838501E+03 +0.1011547264784004E+01 +0.1329196974053838E-01 +0.1011508499922456E+01
+0.6523294348144933E+03 +0.1011444757039751E+01 +0.1336165276544567E-01 +0.1011406667044626E+01
+0.6523339700451368E+03 +0.1011340563197686E+01 +0.1342854676517213E-01 +0.1011303175169672E+01
+0.6523385052757800E+03 +0.1011234793604538E+01 +0.1349256970191362E-01 +0.1011198133024856E+01
+0.6523430405064234E+03 +0.1011127563035339E+01 +0.1355364471379671E-01 +0.1011091653703038E+01
+0.6523475757370667E+03 +0.1011018990534851E+01 +0.1361170033004387E-01 +0.1010983854492619E+01
+0.6523521109677100E+03 +0.1010909199246953E+01 +0.1366667071386979E-01 +0.1010874856700889E+01
+0.6523566461983534E+03 +0.1010798316221832E+01 +0.1371849592949837E-01 +0.1010764785451925E+01
+0.6523611814289967E+03 +0.1010686472192272E+01 +0.1376712222736540E-01 +0.1010653769460569E+01
+0.6523657166596400E+03 +0.1010573801312565E+01 +0.1381250233969487E-01 +0.1010541940768445E+01
+0.6523702518902834E+03 +0.1010460440855919E+01 +0.1385459577755468E-01 +0.1010429434440572E+01
+0.6523747871209267E+03 +0.1010346530868664E+01 +0.1389336912007267E-01 +0.1010316388227944E+01
+0.6523793223515700E+03 +0.1010232213782068E+01 +0.1392879628671915E-01 +0.1010202942181086E+01
+0.6523838575822134E+03 +0.1010117633984474E+01 +0.1396085878446056E-01 +0.1010089238234999E+01
+0.6523883928128566E+03 +0.1010002937358339E+01 +0.1398954592284784E-01 +0.1009975419755295E+01
+0.6523929280435001E+03 +0.1009888270787716E+01 +0.1401485499177652E-01 +0.1009861631060178E+01
+0.6523974632741433E+03 +0.1009773781642452E+01 +0.1403679139836769E-01 +0.1009748016915054E+01
+0.6524019985047867E+03 +0.1009659617245284E+01 +0.1405536876118249E-01 +0.1009634722016165E+01
+0.6524065337354300E+03 +0.1009545924327646E+01 +0.1407060896147204E-01 +0.1009521890459443E+01
+0.6524110689660733E+03 +0.1009432848479056E+01 +0.1408254215237921E-01 +0.1009409665200758E+01
+0.6524156041967167E+03 +0.1009320533593805E+01 +0.1409120672776304E-01 +0.1009298187519140E+01
+0.6524201394273600E+03 +0.1009209121317507E+01 +0.1409664925258441E-01 +0.1009187596470643E+01
+0.6524246746580034E+03 +0.1009098750494687E+01 +0.1409892435658800E-01 +0.1009078028351854E+01
+0.6524292098886467E+03 +0.1008989556617775E+01 +0.1409809459233221E-01 +0.1008969616156789E+01
+0.6524337451192899E+03 +0.1008881671276989E+01 +0.1409423025759017E-01 +0.1008862489039805E+01
+0.6524382803499334E+03 +0.1008775221610550E+01 +0.1408740918085521E-01 +0.1008756771778564E+01
+0.6524428155805766E+03 +0.1008670329754856E+01 +0.1407771646731095E-01 +0.1008652584234692E+01
+0.6524473508112201E+03 +0.1008567112295085E+01 +0.1406524420131682E-01 +0.1008550040822619E+01
+0.6524518860418633E+03 +0.1008465679718130E+01 +0.1405009110040756E-01 +0.1008449249975402E+01
+0.6524564212725068E+03 +0.1008366135871435E+01 +0.1403236211514154E-01 +0.1008350313624567E+01
+0.6524609565031500E+03 +0.1008268577433548E+01 +0.1401216796903689E-01 +0.1008253326687725E+01
+0.6524654917337934E+03 +0.1008173093404341E+01 +0.1398962463335057E-01 +0.1008158376583911E+01
+0.6524700269644367E+03 +0.1008079764625210E+01 +0.1396485273271053E-01 +0.1008065542772007E+01
+0.6524745621950800E+03 +0.1007988663341472E+01 +0.1393797687951758E-01 +0.1007974896339481E+01
+0.6524790974257234E+03 +0.1007899852820819E+01 +0.1390912493763216E-01 +0.1007886499641557E+01
+0.6524836326563667E+03 +0.1007813387042628E+01 +0.1387842721894848E-01 +0.1007800406009183E+01
+0.6524881678870100E+03 +0.1007729310473072E+01 +0.1384601561992204E-01 +0.1007716659546191E+01
+0.6524927031176534E+03 +0.1007647657940365E+01 +0.1381202270876521E-01 +0.1007635295012736E+01
+0.6524972383482967E+03 +0.1007568454622779E+01 +0.1377658077754001E-01 +0.1007556337827062E+01
+0.6525017735789401E+03 +0.1007491716159651E+01 +0.1373982087665230E-01 +0.1007479804174136E+01
+0.6525063088095834E+03 +0.1007417448892140E+01 +0.1370187185188431E-01 +0.1007405701246617E+01
+0.6525108440402267E+03 +0.1007345650236637E+01 +0.1366285940606308E-01 +0.1007334027603453E+01
+0.6525153792708700E+03 +0.1007276309189089E+01 +0.1362290520839663E-01 +0.1007264773656867E+01
+0.6525199145015134E+03 +0.1007209406953916E+01 +0.1358212607449604E-01 +0.1007197922275836E+01
+0.6525244497321567E+03 +0.1007144917686455E+01 +0.1354063323893680E-01 +0.1007133449493235E+01
+0.6525289849628000E+03 +0.1007082809333476E+01 +0.1349853174002420E-01 +0.1007071325311336E+01
+0.6525335201934433E+03 +0.1007023044552582E+01 +0.1345591993332459E-01 +0.1007011514574681E+01
+0.6525380554240867E+03 +0.1006965581688125E+01 +0.1341288914655872E-01 +0.1006953977902158E+01
+0.6525425906547300E+03 +0.1006910375779302E+01 +0.1336952348402735E-01 +0.1006898672644349E+01
+0.6525471258853734E+03 +0.1006857379574871E+01 +0.1332589978388054E-01 +0.1006845553851507E+01
+0.6525516611160167E+03 +0.1006806544529022E+01 +0.1328208772674502E-01 +0.1006794575221128E+01
+0.6525561963466599E+03 +0.1006757821753832E+01 +0.1323815008950740E-01 +0.1006745690005145E+01
+0.6525607315773034E+03 +0.1006711162905713E+01 +0.1319414313387138E-01 +0.1006698851856996E+01
+0.6525652668079466E+03 +0.1006666520985856E+01 +0.1315011711565182E-01 +0.1006654015594113E+01
+0.6525698020385901E+03 +0.1006623851037901E+01 +0.1310611689788308E-01 +0.1006611137868446E+01
+0.6525743372692333E+03 +0.1006583110729622E+01 +0.1306218264876896E-01 +0.1006570177720685E+01
+0.6525788724998768E+03 +0.1006544260809032E+01 +0.1301835060417179E-01 +0.1006531097022177E+01
+0.6525834077305200E+03 +0.1006507265428986E+01 +0.1297465387386979E-01 +0.1006493860787058E+01
+0.6525879429611634E+03 +0.1006472092337662E+01 +0.1293112327087367E-01 +0.1006458437360082E+01
+0.6525924781918067E+03 +0.1006438712935417E+01 +0.1288778814379096E-01 +0.1006424798473939E+01
+0.6525970134224500E+03 +0.1006407102201084E+01 +0.1284467719317081E-01 +0.1006392919184990E+01
+0.6526015486530933E+03 +0.1006377238493096E+01 +0.1280181925403987E-01 +0.1006362777686976E+01
+0.6526060838837367E+03 +0.1006349103232631E+01 +0.1275924402812360E-01 +0.1006334355012929E+01
+0.6526106191143800E+03 +0.1006322680477609E+01 +0.1271698275056322E-01 +0.1006307634633252E+01
+0.6526151543450234E+03 +0.1006297956397727E+01 +0.1267506877722767E-01 +0.1006282601955399E+01
+0.6526196895756667E+03 +0.1006274918662036E+01 +0.1263353807985970E-01 +0.1006259243746422E+01
+0.6526242248063101E+03 +0.1006253555751841E+01 +0.1259242963750970E-01 +0.1006237547476928E+01
+0.6526287600369534E+03 +0.1006233856213063E+01 +0.1255178571384790E-01 +0.1006217500614927E+01
+0.6526332952675967E+03 +0.1006215807863652E+01 +0.1251165201132945E-01 +0.1006199089869892E+01
+0.6526378304982400E+03 +0.1006199396973159E+01 +0.1247207769469578E-01 +0.1006182300418179E+01
+0.6526423657288834E+03 +0.1006184607433116E+01 +0.1243311527824650E-01 +0.1006167115115788E+01
+0.6526469009595266E+03 +0.1006171419938325E+01 +0.1239482037360091E-01 +0.1006153513724153E+01
+0.6526514361901701E+03 +0.1006159811200397E+01 +0.1235725129743966E-01 +0.1006141472169367E+01
+0.6526559714208133E+03 +0.1006149753215757E+01 +0.1232046854196372E-01 +0.1006130961850829E+01
+0.6526605066514568E+03 +0.1006141212610637E+01 +0.1228453411437012E-01 +0.1006121949029745E+01
+0.6526650418821000E+03 +0.1006134150085300E+01 +0.1224951075558289E-01 +0.1006114394305735E+01
+0.6526695771127434E+03 +0.1006128519978584E+01 +0.1221546105243995E-01 +0.1006108252216555E+01
+0.6526741123433867E+03 +0.1006124269971971E+01 +0.1218244646153707E-01 +0.1006103470964027E+01
+0.6526786475740300E+03 +0.1006121340949574E+01 +0.1215052626656462E-01 +0.1006099992292717E+01
+0.6526831828046734E+03 +0.1006119667026897E+01 +0.1211975649422353E-01 +0.1006097751528161E+01
+0.6526877180353167E+03 +0.1006119175756940E+01 +0.1209018881632644E-01 +0.1006096677780450E+01
+0.6526922532659601E+03 +0.1006119788517486E+01 +0.1206186946742103E-01 +0.1006096694325271E+01
+0.6526967884966033E+03 +0.1006121421078249E+01 +0.1203483820809557E-01 +0.1006097719147716E+01
+0.6527013237272467E+03 +0.1006123984341347E+01 +0.1200912736390724E-01 +0.1006099665657928E+01
+0.6527058589578900E+03 +0.1006127385243363E+01 +0.1198476096874084E-01 +0.1006102443552031E+01
+0.6527103941885334E+03 +0.1006131527802431E+01 +0.1196175403925630E-01 +0.1006105959816995E+01
+0.6527149294191767E+03 +0.1006136314289332E+01 +0.1194011200416241E-01 +0.1006110119845395E+01
+0.6527194646498200E+03 +0.1006141646497817E+01 +0.1191983030834410E-01 +0.1006114828650409E+01
+0.6527239998804633E+03 +0.1006147427086283E+01 +0.1190089420765237E-01 +0.1006119992143566E+01
+0.6527285351111067E+03 +0.1006153560960635E+01 +0.1188327876548671E-01 +0.1006125518450613E+01
+0.6527330703417500E+03 +0.1006159956666701E+01 +0.1186694905738270E-01 +0.1006131319241052E+01
+0.6527376055723934E+03 +0.1006166527759872E+01 +0.1185186058479554E-01 +0.1006137311027231E+01
+0.6527421408030367E+03 +0.1006173194119774E+01 +0.1183795989422584E-01 +0.1006143416417888E+01
+0.6527466760336800E+03 +0.1006179883178620E+01 +0.1182518539295327E-01 +0.1006149565284095E+01
+0.6527512112643234E+03 +0.1006186531033456E+01 +0.1181346834792604E-01 +0.1006155695817490E+01
+0.6527557464949667E+03 +0.1006193083414702E+01 +0.1180273404996172E-01 +0.1006161755446606E+01
+0.6527602817256100E+03 +0.1006199496486194E+01 +0.1179290312133136E-01 +0.1006167701598933E+01
+0.6527648169562534E+03 +0.1006205737455290E+01 +0.1178389294115689E-01 +0.1006173502274994E+01
+0.6527693521868966E+03 +0.1006211784975462E+01 +0.1177561915985579E-01 +0.1006179136428056E+01
+0.6527738874175401E+03 +0.1006217629328160E+01 +0.1176799727121818E-01 +0.1006184594134548E+01
+0.6527784226481833E+03 +0.1006223272375480E+01 +0.1176094420866783E-01 +0.1006189876542000E+01
+0.6527829578788268E+03 +0.1006228727280288E+01 +0.1175437993089587E-01 +0.1006194995600493E+01
+0.6527874931094700E+03 +0.1006234017995841E+01 +0.1174822896147844E-01 +0.1006199973570479E+01
+0.6527920283401135E+03 +0.1006239178532509E+01 +0.1174242184732938E-01 +0.1006204842322862E+01
+0.6527965635707567E+03 +0.1006244252014747E+01 +0.1173689650199254E-01 +0.1006209642435738E+01
+0.6528010988014000E+03 +0.1006249289546962E+01 +0.1173159940184680E-01 +0.1006214422113887E+01
+0.6528056340320434E+03 +0.1006254348912060E+01 +0.1172648660631870E-01 +0.1006219235946346E+01
+0.6528101692626867E+03 +0.1006259493131170E+01 +0.1172152457711749E-01 +0.1006224143533427E+01
+0.6528147044933301E+03 +0.1006264788917077E+01 +0.1171669077627191E-01 +0.1006229208014504E+01
+0.6528192397239734E+03 +0.1006270305057127E+01 +0.1171197402824574E-01 +0.1006234494525590E+01
+0.6528237749546167E+03 +0.1006276110763610E+01 +0.1170737463747844E-01 +0.1006240068631332E+01
+0.6528283101852601E+03 +0.1006282274030807E+01 +0.1170290425917710E-01 +0.1006245994756442E+01
+0.6528328454159034E+03 +0.1006288860037866E+01 +0.1169858552783984E-01 +0.1006252334668027E+01
+0.6528373806465466E+03 +0.1006295929635470E+01 +0.1169445145461845E-01 +0.1006259146030554E+01
+0.6528419158771900E+03 +0.1006303537951829E+01 +0.1169054461096760E-01 +0.1006266481077759E+01
+0.6528464511078333E+03 +0.1006311733150022E+01 +0.1168691612187212E-01 +0.1006274385426866E+01
+0.6528509863384767E+03 +0.1006320555364085E+01 +0.1168362449705554E-01 +0.1006282897059027E+01
+0.6528555215691200E+03 +0.1006330035835867E+01 +0.1168073433277195E-01 +0.1006292045495168E+01
+0.6528600567997634E+03 +0.1006340196268475E+01 +0.1167831491990857E-01 +0.1006301851169497E+01
+0.6528645920304067E+03 +0.1006351048405600E+01 +0.1167643879605258E-01 +0.1006312325024278E+01
+0.6528691272610500E+03 +0.1006362593839146E+01 +0.1167518027984697E-01 +0.1006323468313900E+01
+0.6528736624916933E+03 +0.1006374824040861E+01 +0.1167461402534080E-01 +0.1006335272626926E+01
+0.6528781977223367E+03 +0.1006387720607114E+01 +0.1167481363217678E-01 +0.1006347720105781E+01
+0.6528827329529799E+03 +0.1006401255700012E+01 +0.1167585034442624E-01 +0.1006360783855089E+01
+0.6528872681836234E+03 +0.1006415392662822E+01 +0.1167779186681763E-01 +0.1006374428517331E+01
+0.6528918034142666E+03 +0.1006430086783309E+01 +0.1168070132217860E-01 +0.1006388610985537E+01
+0.6528963386449101E+03 +0.1006445286175387E+01 +0.1168463636833400E-01 +0.1006403281234232E+01
+0.6529008738755533E+03 +0.1006460932747370E+01 +0.1168964848669976E-01 +0.1006418383229352E+01
+0.6529054091061968E+03 +0.1006476963224253E+01 +0.1169578244863755E-01 +0.1006433855896672E+01
+0.6529099443368400E+03 +0.1006493310191750E+01 +0.1170307595952079E-01 +0.1006449634106379E+01
+0.6529144795674833E+03 +0.1006509903131323E+01 +0.1171155947466362E-01 +0.1006465649657934E+01
+0.6529190147981267E+03 +0.1006526669417913E+01 +0.1172125617597401E-01 +0.1006481832227427E+01
+0.6529235500287700E+03 +0.1006543535255513E+01 +0.1173218209361798E-01 +0.1006498110259439E+01
+0.6529280852594134E+03 +0.1006560426529861E+01 +0.1174434635326104E-01 +0.1006514411785465E+01
+0.6529326204900567E+03 +0.1006577269562131E+01 +0.1175775152668260E-01 +0.1006530665145223E+01
+0.6529371557207000E+03 +0.1006593991752502E+01 +0.1177239406182996E-01 +0.1006546799611581E+01
+0.6529416909513434E+03 +0.1006610522107482E+01 +0.1178826476765336E-01 +0.1006562745902702E+01
+0.6529462261819867E+03 +0.1006626791649787E+01 +0.1180534932937208E-01 +0.1006578436587327E+01
+0.6529507614126301E+03 +0.1006642733714179E+01 +0.1182362883101871E-01 +0.1006593806380297E+01
+0.6529552966432733E+03 +0.1006658284136764E+01 +0.1184308026416172E-01 +0.1006608792340287E+01
+0.6529598318739168E+03 +0.1006673381348756E+01 +0.1186367700439572E-01 +0.1006623333977004E+01
+0.6529643671045600E+03 +0.1006687966388473E+01 +0.1188538924042475E-01 +0.1006637373278080E+01
+0.6529689023352034E+03 +0.1006701982847343E+01 +0.1190818434413193E-01 +0.1006650854678380E+01
+0.6529734375658467E+03 +0.1006715376766827E+01 +0.1193202717374456E-01 +0.1006663724976199E+01
+0.6529779727964901E+03 +0.1006728096503626E+01 +0.1195688030595445E-01 +0.1006675933223750E+01
+0.6529825080271333E+03 +0.1006740092580121E+01 +0.1198270419638272E-01 +0.1006687430597707E+01
+0.6529870432577767E+03 +0.1006751317536034E+01 +0.1200945727106536E-01 +0.1006698170275203E+01
+0.6529915784884200E+03 +0.1006761725795712E+01 +0.1203709595444064E-01 +0.1006708107316565E+01
+0.6529961137190634E+03 +0.1006771273563463E+01 +0.1206557464169319E-01 +0.1006717198580013E+01
+0.6530006489497067E+03 +0.1006779918757080E+01 +0.1209484562507125E-01 +0.1006725402666606E+01
+0.6530051841803501E+03 +0.1006787620987281E+01 +0.1212485898504231E-01 +0.1006732679908899E+01
+0.6530097194109934E+03 +0.1006794341588300E+01 +0.1215556245784035E-01 +0.1006738992408515E+01
+0.6530142546416366E+03 +0.1006800043702499E+01 +0.1218690129112068E-01 +0.1006744304120494E+01
+0.6530187898722801E+03 +0.1006804692419685E+01 +0.1221881809922989E-01 +0.1006748580994152E+01
+0.6530233251029233E+03 +0.1006808254969839E+01 +0.1225125272896633E-01 +0.1006751791156510E+01
+0.6530278603335668E+03 +0.1006810700966297E+01 +0.1228414214590145E-01 +0.1006753905152781E+01
+0.6530323955642100E+03 +0.1006812002695084E+01 +0.1231742035027772E-01 +0.1006754896219072E+01
+0.6530369307948533E+03 +0.1006812135444936E+01 +0.1235101833044611E-01 +0.1006754740604679E+01
+0.6530414660254967E+03 +0.1006811077871785E+01 +0.1238486406065510E-01 +0.1006753417917694E+01
+0.6530460012561400E+03 +0.1006808812390767E+01 +0.1241888254894229E-01 +0.1006750911502305E+01
+0.6530505364867834E+03 +0.1006805325588349E+01 +0.1245299593984820E-01 +0.1006747208831988E+01
+0.6530550717174267E+03 +0.1006800608646767E+01 +0.1248712367566588E-01 +0.1006742301914781E+01
+0.6530596069480700E+03 +0.1006794657772621E+01 +0.1252118271903676E-01 +0.1006736187703053E+01
+0.6530641421787134E+03 +0.1006787474621149E+01 +0.1255508783871776E-01 +0.1006728868495296E+01
+0.6530686774093567E+03 +0.1006779066707442E+01 +0.1258875195942039E-01 +0.1006720352330149E+01
+0.6530732126400001E+03 +0.1006769447795608E+01 +0.1262208657553809E-01 +0.1006710653351572E+01
+0.6530777478706433E+03 +0.1006758638256715E+01 +0.1265500222749567E-01 +0.1006699792150441E+01
+0.6530822831012867E+03 +0.1006746665386314E+01 +0.1268740903818437E-01 +0.1006687796061851E+01
+0.6530868183319300E+03 +0.1006733563672441E+01 +0.1271921730565391E-01 +0.1006674699415805E+01
+0.6530913535625734E+03 +0.1006719375005330E+01 +0.1275033814685582E-01 +0.1006660543733053E+01
+0.6530958887932167E+03 +0.1006704148820657E+01 +0.1278068418582651E-01 +0.1006645377853073E+01
+0.6531004240238601E+03 +0.1006687942168949E+01 +0.1281017027841116E-01 +0.1006629257996594E+01
+0.6531049592545033E+03 +0.1006670819704923E+01 +0.1283871426439106E-01 +0.1006612247743250E+01
+0.6531094944851468E+03 +0.1006652853591802E+01 +0.1286623773691663E-01 +0.1006594417937691E+01
+0.6531140297157900E+03 +0.1006634123317211E+01 +0.1289266681835892E-01 +0.1006575846499043E+01
+0.6531185649464334E+03 +0.1006614715418801E+01 +0.1291793293126915E-01 +0.1006556618155535E+01
+0.6531231001770767E+03 +0.1006594723119430E+01 +0.1294197355294174E-01 +0.1006536824082758E+01
+0.6531276354077200E+03 +0.1006574245873299E+01 +0.1296473294222322E-01 +0.1006516561462551E+01
+0.6531321706383634E+03 +0.1006553388825919E+01 +0.1298616282758158E-01 +0.1006495932956103E+01
+0.6531367058690067E+03 +0.1006532262192099E+01 +0.1300622304599802E-01 +0.1006475046099149E+01
+0.6531412410996501E+03 +0.1006510980557273E+01 +0.1302488212295822E-01 +0.1006454012624611E+01
+0.6531457763302934E+03 +0.1006489662108456E+01 +0.1304211778453338E-01 +0.1006432947714242E+01
+0.6531503115609368E+03 +0.1006468427801913E+01 +0.1305791739331038E-01 +0.1006411969195143E+01
+0.6531548467915800E+03 +0.1006447400475357E+01 +0.1307227830060617E-01 +0.1006391196675795E+01
+0.6531593820222233E+03 +0.1006426703913169E+01 +0.1308520810807766E-01 +0.1006370750644529E+01
+0.6531639172528667E+03 +0.1006406461873857E+01 +0.1309672483243979E-01 +0.1006350751527063E+01
+0.6531684524835100E+03 +0.1006386797089762E+01 +0.1310685696765631E-01 +0.1006331318719505E+01
+0.6531729877141534E+03 +0.1006367830249904E+01 +0.1311564343968754E-01 +0.1006312569607534E+01
+0.6531775229447967E+03 +0.1006349678977861E+01 +0.1312313344976181E-01 +0.1006294618577918E+01
+0.6531820581754400E+03 +0.1006332456817622E+01 +0.1312938620328149E-01 +0.1006277576044501E+01
+0.6531865934060834E+03 +0.1006316272241371E+01 +0.1313447052290481E-01 +0.1006261547488662E+01
+0.6531911286367267E+03 +0.1006301227694050E+01 +0.1313846434614574E-01 +0.1006246632544572E+01
+0.6531956638673701E+03 +0.1006287418690249E+01 +0.1314145410996303E-01 +0.1006232924128238E+01
+0.6532001990980133E+03 +0.1006274932979201E+01 +0.1314353402726410E-01 +0.1006220507637299E+01
+0.6532047343286567E+03 +0.1006263849793540E+01 +0.1314480526291496E-01 +0.1006209460230874E+01
+0.6532092695593000E+03 +0.1006254239196680E+01 +0.1314537501962698E-01 +0.1006199850201181E+01
+0.6532138047899434E+03 +0.1006246161542335E+01 +0.1314535554682334E-01 +0.1006191736459006E+01
+0.6532183400205867E+03 +0.1006239667057733E+01 +0.1314486308811367E-01 +0.1006185168129025E+01
+0.6532228752512301E+03 +0.1006234795559508E+01 +0.1314401678516887E-01 +0.1006180184281931E+01
+0.6532274104818733E+03 +0.1006231576308251E+01 +0.1314293755743602E-01 +0.1006176813788366E+01
+0.6532319457125168E+03 +0.1006230028004324E+01 +0.1314174697815816E-01 +0.1006175075316395E+01
+0.6532364809431600E+03 +0.1006230158923977E+01 +0.1314056616748691E-01 +0.1006174977456150E+01
+0.6532410161738034E+03 +0.1006231967191232E+01 +0.1313951472306635E-01 +0.1006176518978923E+01
+0.6532455514044467E+03 +0.1006235441177571E+01 +0.1313870970734596E-01 +0.1006179689214571E+01
+0.6532500866350900E+03 +0.1006240560018340E+01 +0.1313826470910387E-01 +0.1006184468541563E+01
+0.6532546218657334E+03 +0.1006247294232129E+01 +0.1313828899432905E-01 +0.1006190828977229E+01
+0.6532591570963767E+03 +0.1006255606427243E+01 +0.1313888675884816E-01 +0.1006198734847817E+01
+0.6532636923270201E+03 +0.1006265452077890E+01 +0.1314015649202571E-01 +0.1006208143531594E+01
+0.6532682275576634E+03 +0.1006276780351819E+01 +0.1314219045766732E-01 +0.1006219006244304E+01
+0.6532727627883067E+03 +0.1006289534970943E+01 +0.1314507429505407E-01 +0.1006231268865641E+01
+0.6532772980189501E+03 +0.1006303655086794E+01 +0.1314888673996033E-01 +0.1006244872773290E+01
+0.6532818332495933E+03 +0.1006319076153577E+01 +0.1315369946267476E-01 +0.1006259755682448E+01
+0.6532863684802368E+03 +0.1006335730782899E+01 +0.1315957701753156E-01 +0.1006275852464015E+01
+0.6532909037108800E+03 +0.1006353549565918E+01 +0.1316657689633922E-01 +0.1006293095935359E+01
+0.6532954389415233E+03 +0.1006372461850591E+01 +0.1317474967639847E-01 +0.1006311417610972E+01
+0.6532999741721667E+03 +0.1006392396463732E+01 +0.1318413925253409E-01 +0.1006330748396756E+01
+0.6533045094028100E+03 +0.1006413282369724E+01 +0.1319478314173699E-01 +0.1006351019230101E+01
+0.6533090446334534E+03 +0.1006435049259784E+01 +0.1320671284856132E-01 +0.1006372161649371E+01
+0.6533135798640967E+03 +0.1006457628067656E+01 +0.1321995427934203E-01 +0.1006394108298237E+01
+0.6533181150947401E+03 +0.1006480951409425E+01 +0.1323452819348785E-01 +0.1006416793353144E+01
+0.6533226503253834E+03 +0.1006504953946741E+01 +0.1325045068055453E-01 +0.1006440152882339E+01
+0.6533271855560267E+03 +0.1006529572674175E+01 +0.1326773365239218E-01 +0.1006464125128712E+01
+0.6533317207866700E+03 +0.1006554747132607E+01 +0.1328638534037960E-01 +0.1006488650722876E+01
+0.6533362560173134E+03 +0.1006580419551555E+01 +0.1330641078852331E-01 +0.1006513672829656E+01
+0.6533407912479566E+03 +0.1006606534924178E+01 +0.1332781233395841E-01 +0.1006539137225976E+01
+0.6533453264786001E+03 +0.1006633041019412E+01 +0.1335059006716368E-01 +0.1006564992323981E+01
+0.6533498617092433E+03 +0.1006659888336250E+01 +0.1337474226489718E-01 +0.1006591189131035E+01
+0.6533543969398867E+03 +0.1006687030005809E+01 +0.1340026578957459E-01 +0.1006617681166849E+01
+0.6533589321705300E+03 +0.1006714421647309E+01 +0.1342715644945996E-01 +0.1006644424331051E+01
+0.6533634674011734E+03 +0.1006742021184634E+01 +0.1345540931474056E-01 +0.1006671376733951E+01
+0.6533680026318167E+03 +0.1006769788630743E+01 +0.1348501898529686E-01 +0.1006698498499570E+01
+0.6533725378624600E+03 +0.1006797685847707E+01 +0.1351597980678317E-01 +0.1006725751538465E+01
+0.6533770730931034E+03 +0.1006825676290724E+01 +0.1354828603262117E-01 +0.1006753099313918E+01
+0.6533816083237467E+03 +0.1006853724744919E+01 +0.1358193193057637E-01 +0.1006780506591713E+01
+0.6533861435543901E+03 +0.1006881797064130E+01 +0.1361691183390502E-01 +0.1006807939200804E+01
+0.6533906787850334E+03 +0.1006909859921042E+01 +0.1365322013845608E-01 +0.1006835363796601E+01
+0.6533952140156766E+03 +0.1006937880578005E+01 +0.1369085124873652E-01 +0.1006862747650467E+01
+0.6533997492463201E+03 +0.1006965826687507E+01 +0.1372979947757803E-01 +0.1006890058461435E+01
+0.6534042844769633E+03 +0.1006993666130574E+01 +0.1377005890576148E-01 +0.1006917264207615E+01
+0.6534088197076068E+03 +0.1007021366900315E+01 +0.1381162320958678E-01 +0.1006944333039211E+01
+0.6534133549382500E+03 +0.1007048897036343E+01 +0.1385448546581175E-01 +0.1006971233215188E+01
+0.6534178901688935E+03 +0.1007076224614021E+01 +0.1389863794463346E-01 +0.1006997933099767E+01
+0.6534224253995367E+03 +0.1007103317790327E+01 +0.1394407190216587E-01 +0.1007024401201276E+01
+0.6534269606301801E+03 +0.1007130144905841E+01 +0.1399077738431078E-01 +0.1007050606272226E+01
+0.6534314958608234E+03 +0.1007156674639848E+01 +0.1403874305372789E-01 +0.1007076517453564E+01
+0.6534360310914667E+03 +0.1007182876213167E+01 +0.1408795605098870E-01 +0.1007102104465674E+01
+0.6534405663221100E+03 +0.1007208719630995E+01 +0.1413840189971160E-01 +0.1007127337835636E+01
+0.6534451015527534E+03 +0.1007234175956083E+01 +0.1419006446376543E-01 +0.1007152189152160E+01
+0.6534496367833967E+03 +0.1007259217600993E+01 +0.1424292596244984E-01 +0.1007176631340299E+01
+0.6534541720140401E+03 +0.1007283818627109E+01 +0.1429696704701667E-01 +0.1007200638938131E+01
+0.6534587072446834E+03 +0.1007307955037659E+01 +0.1435216693926164E-01 +0.1007224188373524E+01
+0.6534632424753268E+03 +0.1007331605052136E+01 +0.1440850363011333E-01 +0.1007247258216685E+01
+0.6534677777059701E+03 +0.1007354749350347E+01 +0.1446595413360783E-01 +0.1007269829410403E+01
+0.6534723129366133E+03 +0.1007377371275643E+01 +0.1452449478922297E-01 +0.1007291885456999E+01
+0.6534768481672567E+03 +0.1007399456988762E+01 +0.1458410160368357E-01 +0.1007313412562379E+01
+0.6534813833979000E+03 +0.1007420995565914E+01 +0.1464475062184795E-01 +0.1007334399727337E+01
+0.6534859186285433E+03 +0.1007441979037164E+01 +0.1470641831546590E-01 +0.1007354838779317E+01
+0.6534904538591867E+03 +0.1007462402363700E+01 +0.1476908197833383E-01 +0.1007374724353243E+01
+0.6534949890898300E+03 +0.1007482263354970E+01 +0.1483272011664391E-01 +0.1007394053808324E+01
+0.6534995243204734E+03 +0.1007501562528929E+01 +0.1489731282424952E-01 +0.1007412827097577E+01
+0.6535040595511167E+03 +0.1007520302920484E+01 +0.1496284213378851E-01 +0.1007431046582183E+01
+0.6535085947817601E+03 +0.1007538489844736E+01 +0.1502929233634440E-01 +0.1007448716809611E+01
+0.6535131300124034E+03 +0.1007556130622588E+01 +0.1509665026411904E-01 +0.1007465844247135E+01
+0.6535176652430466E+03 +0.1007573234276793E+01 +0.1516490553266102E-01 +0.1007482436994980E+01
+0.6535222004736901E+03 +0.1007589811206488E+01 +0.1523405074107675E-01 +0.1007498504472338E+01
+0.6535267357043333E+03 +0.1007605872847801E+01 +0.1530408163051811E-01 +0.1007514057090832E+01
+0.6535312709349768E+03 +0.1007621431327208E+01 +0.1537499720281318E-01 +0.1007529105921811E+01
+0.6535358061656200E+03 +0.1007636499113079E+01 +0.1544679980228620E-01 +0.1007543662356281E+01
+0.6535403413962634E+03 +0.1007651088669421E+01 +0.1551949516472050E-01 +0.1007557737771996E+01
+0.6535448766269067E+03 +0.1007665212114171E+01 +0.1559309243769281E-01 +0.1007571343196520E+01
+0.6535494118575501E+03 +0.1007678880882841E+01 +0.1566760417649685E-01 +0.1007584488981536E+01
+0.6535539470881934E+03 +0.1007692105396790E+01 +0.1574304631920005E-01 +0.1007597184473099E+01
+0.6535584823188367E+03 +0.1007704894734175E+01 +0.1581943814346691E-01 +0.1007609437692682E+01
+0.6535630175494800E+03 +0.1007717256300713E+01 +0.1589680220632419E-01 +0.1007621255010835E+01
+0.6535675527801234E+03 +0.1007729195496963E+01 +0.1597516426646202E-01 +0.1007632640819054E+01
+0.6535720880107667E+03 +0.1007740715378936E+01 +0.1605455318689342E-01 +0.1007643597201305E+01
+0.6535766232414101E+03 +0.1007751816309473E+01 +0.1613500081397358E-01 +0.1007654123588040E+01
+0.6535811584720534E+03 +0.1007762495599116E+01 +0.1621654182728436E-01 +0.1007664216413938E+01
+0.6535856937026967E+03 +0.1007772747136931E+01 +0.1629921355353635E-01 +0.1007673868755129E+01
+0.6535902289333401E+03 +0.1007782561014015E+01 +0.1638305573700170E-01 +0.1007683069972430E+01
+0.6535947641639834E+03 +0.1007791923144914E+01 +0.1646811025877080E-01 +0.1007691805346857E+01
+0.6535992993946267E+03 +0.1007800814894907E+01 +0.1655442079786561E-01 +0.1007700055728743E+01
+0.6536038346252701E+03 +0.1007809212723683E+01 +0.1664203242856874E-01 +0.1007707797202681E+01
+0.6536083698559133E+03 +0.1007817087858310E+01 +0.1673099115060599E-01 +0.1007715000777906E+01
+0.6536129050865567E+03 +0.1007824406010176E+01 +0.1682134335176843E-01 +0.1007721632133213E+01
+0.6536174403172000E+03 +0.1007831127151668E+01 +0.1691313520603843E-01 +0.1007727651406270E+01
+0.6536219755478434E+03 +0.1007837205368572E+01 +0.1700641201434561E-01 +0.1007733013069047E+01
+0.6536265107784867E+03 +0.1007842588803280E+01 +0.1710121749908491E-01 +0.1007737665877563E+01
+0.6536310460091300E+03 +0.1007847219702001E+01 +0.1719759306767662E-01 +0.1007741552931587E+01
+0.6536355812397734E+03 +0.1007851034576139E+01 +0.1729557706394895E-01 +0.1007744611832477E+01
+0.6536401164704166E+03 +0.1007853964484063E+01 +0.1739520402919719E-01 +0.1007746774960012E+01
+0.6536446517010601E+03 +0.1007855935434651E+01 +0.1749650399666404E-01 +0.1007747969862240E+01
+0.6536491869317033E+03 +0.1007856868908747E+01 +0.1759950184411321E-01 +0.1007748119751217E+01
+0.6536537221623468E+03 +0.1007856682488998E+01 +0.1770421672873395E-01 +0.1007747144107467E+01
+0.6536582573929900E+03 +0.1007855290583098E+01 +0.1781066162675455E-01 +0.1007744959362352E+01
+0.6536627926236334E+03 +0.1007852605220303E+01 +0.1791884299716103E-01 +0.1007741479655959E+01
+0.6536673278542767E+03 +0.1007848536896781E+01 +0.1802876058447721E-01 +0.1007736617633219E+01
+0.6536718630849201E+03 +0.1007842995442000E+01 +0.1814040737041068E-01 +0.1007730285264584E+01
+0.6536763983155633E+03 +0.1007835890876271E+01 +0.1825376967800159E-01 +0.1007722394653463E+01
+0.6536809335462067E+03 +0.1007827134228912E+01 +0.1836882742563201E-01 +0.1007712858808684E+01
+0.6536854687768500E+03 +0.1007816638287219E+01 +0.1848555452163320E-01 +0.1007701592350589E+01
+0.6536900040074934E+03 +0.1007804318248682E+01 +0.1860391938410161E-01 +0.1007688512125662E+01
+0.6536945392381367E+03 +0.1007790092252324E+01 +0.1872388556492937E-01 +0.1007673537710660E+01
+0.6536990744687801E+03 +0.1007773881769754E+01 +0.1884541245223083E-01 +0.1007656591779842E+01
+0.6537036096994234E+03 +0.1007755611841989E+01 +0.1896845602184306E-01 +0.1007637600336023E+01
+0.6537081449300667E+03 +0.1007735211154285E+01 +0.1909296960600755E-01 +0.1007616492779067E+01
+0.6537126801607101E+03 +0.1007712611947688E+01 +0.1921890464640631E-01 +0.1007593201833706E+01
+0.6537172153913534E+03 +0.1007687749772549E+01 +0.1934621139877916E-01 +0.1007567663318981E+01
+0.6537217506219966E+03 +0.1007660563095558E+01 +0.1947483955800394E-01 +0.1007539815787389E+01
+0.6537262858526401E+03 +0.1007630992777750E+01 +0.1960473877503285E-01 +0.1007509600042422E+01
+0.6537308210832833E+03 +0.1007598981446150E+01 +0.1973585904086877E-01 +0.1007476958552324E+01
+0.6537353563139268E+03 +0.1007564472786175E+01 +0.1986815091734855E-01 +0.1007441834798998E+01
+0.6537398915445700E+03 +0.1007527410785443E+01 +0.2000156559969671E-01 +0.1007404172572386E+01
+0.6537444267752135E+03 +0.1007487738962129E+01 +0.2013605480180316E-01 +0.1007363915259881E+01
+0.6537489620058567E+03 +0.1007445399612473E+01 +0.2027157046119455E-01 +0.1007321005147992E+01
+0.6537534972365000E+03 +0.1007400333112362E+01 +0.2040806426722165E-01 +0.1007275382780646E+01
+0.6537580324671434E+03 +0.1007352477307115E+01 +0.2054548702219753E-01 +0.1007226986400370E+01
+0.6537625676977867E+03 +0.1007301767021694E+01 +0.2068378785150363E-01 +0.1007175751501271E+01
+0.6537671029284301E+03 +0.1007248133720535E+01 +0.2082291328449283E-01 +0.1007121610529378E+01
+0.6537716381590734E+03 +0.1007191505342226E+01 +0.2096280623315997E-01 +0.1007064492739427E+01
+0.6537761733897167E+03 +0.1007131806329234E+01 +0.2110340490021774E-01 +0.1007004324249575E+01
+0.6537807086203601E+03 +0.1007068957867219E+01 +0.2124464165161667E-01 +0.1006941028278154E+01
+0.6537852438510034E+03 +0.1007002878342042E+01 +0.2138644189126348E-01 +0.1006874525599269E+01
+0.6537897790816467E+03 +0.1006933484015835E+01 +0.2152872297684677E-01 +0.1006804735196959E+01
+0.6537943143122900E+03 +0.1006860689916453E+01 +0.2167139321595759E-01 +0.1006731575124050E+01
+0.6537988495429333E+03 +0.1006784410927756E+01 +0.2181435098032515E-01 +0.1006654963548774E+01
+0.6538033847735767E+03 +0.1006704563061443E+01 +0.2195748397362791E-01 +0.1006574819970890E+01
+0.6538079200042200E+03 +0.1006621064885087E+01 +0.2210066868468065E-01 +0.1006491066590501E+01
+0.6538124552348634E+03 +0.1006533839075683E+01 +0.2224377005296040E-01 +0.1006403629783599E+01
+0.6538169904655067E+03 +0.1006442814063565E+01 +0.2238664136796975E-01 +0.1006312441676472E+01
+0.6538215256961500E+03 +0.1006347925728358E+01 +0.2252912441741270E-01 +0.1006217441752982E+01
+0.6538260609267934E+03 +0.1006249119106468E+01 +0.2267104989255756E-01 +0.1006118578486837E+01
+0.6538305961574367E+03 +0.1006146350068947E+01 +0.2281223805195728E-01 +0.1006015810931746E+01
+0.6538351313880800E+03 +0.1006039586928963E+01 +0.2295249963791972E-01 +0.1005909110254501E+01
+0.6538396666187234E+03 +0.1005928811939945E+01 +0.2309163703326795E-01 +0.1005798461157581E+01
+0.6538442018493666E+03 +0.1005814022648281E+01 +0.2322944563987007E-01 +0.1005683863162441E+01
+0.6538487370800101E+03 +0.1005695233068326E+01 +0.2336571545495966E-01 +0.1005565331731210E+01
+0.6538532723106533E+03 +0.1005572474652198E+01 +0.2350023281658133E-01 +0.1005442899182049E+01
+0.6538578075412968E+03 +0.1005445797032064E+01 +0.2363278228606269E-01 +0.1005316615397923E+01
+0.6538623427719400E+03 +0.1005315268518404E+01 +0.2376314863268590E-01 +0.1005186548293237E+01
+0.6538668780025835E+03 +0.1005180976343503E+01 +0.2389111888444582E-01 +0.1005052784048274E+01
+0.6538714132332267E+03 +0.1005043026645393E+01 +0.2401648440817566E-01 +0.1004915427082423E+01
+0.6538759484638700E+03 +0.1004901544192976E+01 +0.2413904298305533E-01 +0.1004774599793163E+01
+0.6538804836945134E+03 +0.1004756671858420E+01 +0.2425860083280117E-01 +0.1004630442043879E+01
+0.6538850189251567E+03 +0.1004608569847608E+01 +0.2437497458413608E-01 +0.1004483110421652E+01
+0.6538895541558001E+03 +0.1004457414703544E+01 +0.2448799312195604E-01 +0.1004332777282705E+01
+0.6538940893864434E+03 +0.1004303398101163E+01 +0.2459749931482443E-01 +0.1004179629584897E+01
+0.6538986246170867E+03 +0.1004146725454623E+01 +0.2470335158819482E-01 +0.1004023867555223E+01
+0.6539031598477301E+03 +0.1003987614360339E+01 +0.2480542532642803E-01 +0.1003865703180577E+01
+0.6539076950783734E+03 +0.1003826292900162E+01 +0.2490361408868989E-01 +0.1003705358582976E+01
+0.6539122303090168E+03 +0.1003662997829988E+01 +0.2499783062746522E-01 +0.1003543064260561E+01
+0.6539167655396600E+03 +0.1003497972678911E+01 +0.2508800770217003E-01 +0.1003379057262898E+01
+0.6539213007703034E+03 +0.1003331465783783E+01 +0.2517409868354623E-01 +0.1003213579287769E+01
+0.6539258360009467E+03 +0.1003163728283011E+01 +0.2525607794755694E-01 +0.1003046874740066E+01
+0.6539303712315900E+03 +0.1002995012092228E+01 +0.2533394106003326E-01 +0.1002879188779391E+01
+0.6539349064622334E+03 +0.1002825567883165E+01 +0.2540770475535128E-01 +0.1002710765357710E+01
+0.6539394416928767E+03 +0.1002655643085408E+01 +0.2547740671416042E-01 +0.1002541845289233E+01
+0.6539439769235200E+03 +0.1002485479929491E+01 +0.2554310514631052E-01 +0.1002372664349222E+01
+0.6539485121541634E+03 +0.1002315313548286E+01 +0.2560487818612424E-01 +0.1002203451440541E+01
+0.6539530473848067E+03 +0.1002145370152867E+01 +0.2566282310772094E-01 +0.1002034426817805E+01
+0.6539575826154500E+03 +0.1001975865298031E+01 +0.2571705536873869E-01 +0.1001865800412756E+01
+0.6539621178460934E+03 +0.1001807002252461E+01 +0.2576770749129997E-01 +0.1001697770251484E+01
+0.6539666530767366E+03 +0.1001638970488150E+01 +0.2581492778986469E-01 +0.1001530520989915E+01
+0.6539711883073801E+03 +0.1001471944303719E+01 +0.2585887895664827E-01 +0.1001364222585706E+01
+0.6539757235380233E+03 +0.1001306081596357E+01 +0.2589973651667140E-01 +0.1001199029101731E+01
+0.6539802587686668E+03 +0.1001141522796740E+01 +0.2593768716641194E-01 +0.1001035077684576E+01
+0.6539847939993100E+03 +0.1000978389981045E+01 +0.2597292701221838E-01 +0.1000872487696542E+01
+0.6539893292299535E+03 +0.1000816786172905E+01 +0.2600565972727082E-01 +0.1000711360048637E+01
+0.6539938644605967E+03 +0.1000656794846694E+01 +0.2603609464855308E-01 +0.1000551776712245E+01
+0.6539983996912400E+03 +0.1000498479640823E+01 +0.2606444483803863E-01 +0.1000393800445590E+01
+0.6540029349218834E+03 +0.1000341884286624E+01 +0.2609092513464551E-01 +0.1000237474716160E+01
+0.6540074701525267E+03 +0.1000187032754174E+01 +0.2611575022537675E-01 +0.1000082823838516E+01
+0.6540120053831700E+03 +0.1000033929611665E+01 +0.2613913276507600E-01 +0.9999298533148152E+00
+0.6540165406138134E+03 +0.9998825605898342E+00 +0.2616128157418935E-01 +0.9997785503635357E+00
+0.6540210758444567E+03 +0.9997328933374137E+00 +0.2618239994273959E-01 +0.9996288846467671E+00
+0.6540256110751001E+03 +0.9995848783485555E+00 +0.2620268406620894E-01 +0.9994808091419219E+00
+0.6540301463057434E+03 +0.9994384500382552E+00 +0.2622232163534386E-01 +0.9993342611719597E+00
+0.6540346815363868E+03 +0.9992935279381441E+00 +0.2624149059704749E-01 +0.9991891635413733E+00
+0.6540392167670300E+03 +0.9991500179820716E+00 +0.2626035809785776E-01 +0.9990454257638118E+00
+0.6540437519976734E+03 +0.9990078138496965E+00 +0.2627907961521993E-01 +0.9989029453453676E+00
+0.6540482872283167E+03 +0.9988667983362889E+00 +0.2629779827530749E-01 +0.9987616090947596E+00
+0.6540528224589601E+03 +0.9987268447185522E+00 +0.2631664434986149E-01 +0.9986212944369512E+00
+0.6540573576896034E+03 +0.9985878180894041E+00 +0.2633573491879322E-01 +0.9984818706930982E+00
+0.6540618929202468E+03 +0.9984495766387296E+00 +0.2635517368052694E-01 +0.9983432003236776E+00
+0.6540664281508900E+03 +0.9983119728625083E+00 +0.2637505088844780E-01 +0.9982051400949177E+00
+0.6540709633815334E+03 +0.9981748546883168E+00 +0.2639544338965642E-01 +0.9980675421816152E+00
+0.6540754986121767E+03 +0.9980380665114088E+00 +0.2641641474150683E-01 +0.9979302551752331E+00
+0.6540800338428201E+03 +0.9979014501412182E+00 +0.2643801538220424E-01 +0.9977931250244765E+00
+0.6540845690734634E+03 +0.9977648456635861E+00 +0.2646028283383908E-01 +0.9976559958860798E+00
+0.6540891043041067E+03 +0.9976280922283414E+00 +0.2648324191950693E-01 +0.9975187109084448E+00
+0.6540936395347501E+03 +0.9974910287751932E+00 +0.2650690498027134E-01 +0.9973811129654129E+00
+0.6540981747653933E+03 +0.9973534947130968E+00 +0.2653127208232387E-01 +0.9972430453333997E+00
+0.6541027099960368E+03 +0.9972153305688822E+00 +0.2655633120949658E-01 +0.9971043523502442E+00
+0.6541072452266800E+03 +0.9970763786207113E+00 +0.2658205844083628E-01 +0.9969648800483732E+00
+0.6541117804573234E+03 +0.9969364835302109E+00 +0.2660841811708170E-01 +0.9968244767933432E+00
+0.6541163156879667E+03 +0.9967954929849587E+00 +0.2663536300322413E-01 +0.9966829939236835E+00
+0.6541208509186100E+03 +0.9966532583598281E+00 +0.2666283445685898E-01 +0.9965402864099659E+00
+0.6541253861492534E+03 +0.9965096354025803E+00 +0.2669076261355060E-01 +0.9963962135327085E+00
+0.6541299213798967E+03 +0.9963644849456692E+00 +0.2671906660107536E-01 +0.9962506395819672E+00
+0.6541344566105400E+03 +0.9962176736431108E+00 +0.2674765479421075E-01 +0.9961034345825113E+00
+0.6541389918411834E+03 +0.9960690747286541E+00 +0.2677642512086292E-01 +0.9959544750292249E+00
+0.6541435270718267E+03 +0.9959185687890983E+00 +0.2680526542904285E-01 +0.9958036446467214E+00
+0.6541480623024701E+03 +0.9957660445451080E+00 +0.2683405392259689E-01 +0.9956508351377427E+00
+0.6541525975331134E+03 +0.9956113996304785E+00 +0.2686265967200025E-01 +0.9954959469493803E+00
+0.6541571327637567E+03 +0.9954545413602141E+00 +0.2689094320492609E-01 +0.9953388900022991E+00
+0.6541616679944000E+03 +0.9952953874770245E+00 +0.2691875717994291E-01 +0.9951795844220767E+00
+0.6541662032250434E+03 +0.9951338668656100E+00 +0.2694594714543865E-01 +0.9950179612179453E+00
+0.6541707384556867E+03 +0.9949699202235358E+00 +0.2697235238479799E-01 +0.9948539629297939E+00
+0.6541752736863301E+03 +0.9948035006769421E+00 +0.2699780684779176E-01 +0.9946875442178924E+00
+0.6541798089169733E+03 +0.9946345743287575E+00 +0.2702214016694006E-01 +0.9945186723778935E+00
+0.6541843441476168E+03 +0.9944631207260807E+00 +0.2704517875621002E-01 +0.9943473277928239E+00
+0.6541888793782600E+03 +0.9942891332328015E+00 +0.2706674698756118E-01 +0.9941735042714882E+00
+0.6541934146089035E+03 +0.9941126192926251E+00 +0.2708666843860525E-01 +0.9939972092979996E+00
+0.6541979498395467E+03 +0.9939336005675619E+00 +0.2710476720184821E-01 +0.9938184641469093E+00
+0.6542024850701901E+03 +0.9937521129369186E+00 +0.2712086924280893E-01 +0.9936373038729169E+00
+0.6542070203008334E+03 +0.9935682063429762E+00 +0.2713480379077353E-01 +0.9934537771495401E+00
+0.6542115555314767E+03 +0.9933819444712336E+00 +0.2714640474234218E-01 +0.9932679459419990E+00
+0.6542160907621201E+03 +0.9931934042558970E+00 +0.2715551205444729E-01 +0.9930798850311000E+00
+0.6542206259927634E+03 +0.9930026752052044E+00 +0.2716197310046517E-01 +0.9928896813434694E+00
+0.6542251612234068E+03 +0.9928098585456384E+00 +0.2716564396072433E-01 +0.9926974331314419E+00
+0.6542296964540501E+03 +0.9926150661897315E+00 +0.2716639061734387E-01 +0.9925032489672073E+00
+0.6542342316846933E+03 +0.9924184195378090E+00 +0.2716409002318062E-01 +0.9923072465964016E+00
+0.6542387669153368E+03 +0.9922200481303100E+00 +0.2715863101581996E-01 +0.9921095516406940E+00
+0.6542433021459800E+03 +0.9920200881730996E+00 +0.2714991505009668E-01 +0.9919102961836089E+00
+0.6542478373766234E+03 +0.9918186809635783E+00 +0.2713785672651153E-01 +0.9917096172700415E+00
+0.6542523726072667E+03 +0.9916159712501152E+00 +0.2712238409800135E-01 +0.9915076553302259E+00
+0.6542569078379100E+03 +0.9914121055605416E+00 +0.2710343874357700E-01 +0.9913045525922172E+00
+0.6542614430685534E+03 +0.9912072305378157E+00 +0.2708097560411477E-01 +0.9911004514861101E+00
+0.6542659782991967E+03 +0.9910014913213521E+00 +0.2705496258268224E-01 +0.9908954931046233E+00
+0.6542705135298401E+03 +0.9907950300119179E+00 +0.2702537991891869E-01 +0.9906898157327084E+00
+0.6542750487604833E+03 +0.9905879842554132E+00 +0.2699221935372880E-01 +0.9904835535001971E+00
+0.6542795839911267E+03 +0.9903804859774616E+00 +0.2695548310667349E-01 +0.9902768351667866E+00
+0.6542841192217700E+03 +0.9901726602958462E+00 +0.2691518269358460E-01 +0.9900697830834017E+00
+0.6542886544524134E+03 +0.9899646246322432E+00 +0.2687133761594529E-01 +0.9898625123399620E+00
+0.6542931896830567E+03 +0.9897564880387342E+00 +0.2682397395636603E-01 +0.9896551301127530E+00
+0.6542977249137001E+03 +0.9895483507479694E+00 +0.2677312291589415E-01 +0.9894477352319615E+00
+0.6543022601443433E+03 +0.9893403039498403E+00 +0.2671881932914028E-01 +0.9892404179543269E+00
+0.6543067953749868E+03 +0.9891324297912533E+00 +0.2666110019217292E-01 +0.9890332599604362E+00
+0.6543113306056300E+03 +0.9889248015904549E+00 +0.2660000323623316E-01 +0.9888263345414801E+00
+0.6543158658362734E+03 +0.9887174842523304E+00 +0.2653556557748657E-01 +0.9886197069919799E+00
+0.6543204010669167E+03 +0.9885105348673815E+00 +0.2646782246974691E-01 +0.9884134351717289E+00
+0.6543249362975600E+03 +0.9883040034737834E+00 +0.2639680618334810E-01 +0.9882075702178200E+00
+0.6543294715282034E+03 +0.9880979339595268E+00 +0.2632254502943395E-01 +0.9880021574085914E+00
+0.6543340067588467E+03 +0.9878923650801262E+00 +0.2624506254505704E-01 +0.9877972371171255E+00
+0.6543385419894901E+03 +0.9876873315660425E+00 +0.2616437685053942E-01 +0.9875928458716012E+00
+0.6543430772201334E+03 +0.9874828652936447E+00 +0.2608050018692335E-01 +0.9873890174610893E+00
+0.6543476124507768E+03 +0.9872789964930666E+00 +0.2599343863766484E-01 +0.9871857840896703E+00
+0.6543521476814201E+03 +0.9870757549667128E+00 +0.2590319203538365E-01 +0.9869831775322637E+00
+0.6543566829120633E+03 +0.9868731712923106E+00 +0.2580975405101656E-01 +0.9867812302825925E+00
+0.6543612181427068E+03 +0.9866712779853593E+00 +0.2571311245950909E-01 +0.9865799766612450E+00
+0.6543657533733500E+03 +0.9864701105967093E+00 +0.2561324957283017E-01 +0.9863794538591437E+00
+0.6543702886039935E+03 +0.9862697087224355E+00 +0.2551014282782506E-01 +0.9861797029046971E+00
+0.6543748238346367E+03 +0.9860701169052213E+00 +0.2540376551330637E-01 +0.9859807695167812E+00
+0.6543793590652801E+03 +0.9858713854086529E+00 +0.2529408761763342E-01 +0.9857827048536928E+00
+0.6543838942959234E+03 +0.9856735708490900E+00 +0.2518107677542428E-01 +0.9855855661066651E+00
+0.6543884295265667E+03 +0.9854767366730565E+00 +0.2506469928960246E-01 +0.9853894169667384E+00
+0.6543929647572101E+03 +0.9852809534724233E+00 +0.2494492120343444E-01 +0.9851943279198427E+00
+0.6543974999878534E+03 +0.9850862991338114E+00 +0.2482170939613359E-01 +0.9850003763994611E+00
+0.6544020352184967E+03 +0.9848928588235175E+00 +0.2469503267569136E-01 +0.9848076467733640E+00
+0.6544065704491401E+03 +0.9847007248137364E+00 +0.2456486284341775E-01 +0.9846162301817524E+00
+0.6544111056797834E+03 +0.9845099961602235E+00 +0.2443117570653098E-01 +0.9844262242397777E+00
+0.6544156409104266E+03 +0.9843207782455650E+00 +0.2429395201799319E-01 +0.9842377325994861E+00
+0.6544201761410701E+03 +0.9841331822051372E+00 +0.2415317832615074E-01 +0.9840508644153495E+00
+0.6544247113717133E+03 +0.9839473242553664E+00 +0.2400884772099150E-01 +0.9838657336978447E+00
+0.6544292466023568E+03 +0.9837633249448705E+00 +0.2386096046803656E-01 +0.9836824586118749E+00
+0.6544337818330000E+03 +0.9835813083495114E+00 +0.2370952452550171E-01 +0.9835011606977624E+00
+0.6544383170636434E+03 +0.9834014012312771E+00 +0.2355455594436357E-01 +0.9833219640767679E+00
+0.6544428522942867E+03 +0.9832237321793729E+00 +0.2339607915483062E-01 +0.9831449946228704E+00
+0.6544473875249300E+03 +0.9830484307492451E+00 +0.2323412714558792E-01 +0.9829703791330189E+00
+0.6544519227555734E+03 +0.9828756266122485E+00 +0.2306874154427789E-01 +0.9827982445120614E+00
+0.6544564579862167E+03 +0.9827054487255311E+00 +0.2289997260893314E-01 +0.9826287169638026E+00
+0.6544609932168601E+03 +0.9825380245282775E+00 +0.2272787914003888E-01 +0.9824619212156528E+00
+0.6544655284475034E+03 +0.9823734791677742E+00 +0.2255252832236715E-01 +0.9822979797610796E+00
+0.6544700636781467E+03 +0.9822119347561618E+00 +0.2237399550397216E-01 +0.9821370121412758E+00
+0.6544745989087901E+03 +0.9820535096573659E+00 +0.2219236391788013E-01 +0.9819791342429548E+00
+0.6544791341394333E+03 +0.9818983178027347E+00 +0.2200772434937228E-01 +0.9818244576362433E+00
+0.6544836693700768E+03 +0.9817464680343124E+00 +0.2182017474953525E-01 +0.9816730889348474E+00
+0.6544882046007200E+03 +0.9815980634756485E+00 +0.2162981979344216E-01 +0.9815251291795000E+00
+0.6544927398313635E+03 +0.9814532009319401E+00 +0.2143677037966399E-01 +0.9813806732662704E+00
+0.6544972750620067E+03 +0.9813119703239191E+00 +0.2124114306704877E-01 +0.9812398093920761E+00
+0.6545018102926501E+03 +0.9811744541625704E+00 +0.2104305944449806E-01 +0.9811026185588160E+00
+0.6545063455232934E+03 +0.9810407270749021E+00 +0.2084264543076771E-01 +0.9809691741160418E+00
+0.6545108807539368E+03 +0.9809108553934862E+00 +0.2064003050312698E-01 +0.9808395413772024E+00
+0.6545154159845800E+03 +0.9807848968248158E+00 +0.2043534685700332E-01 +0.9807137773060559E+00
+0.6545199512152234E+03 +0.9806629002126661E+00 +0.2022872850228516E-01 +0.9805919303005386E+00
+0.6545244864458667E+03 +0.9805449054130582E+00 +0.2002031030655345E-01 +0.9804740400834703E+00
+0.6545290216765101E+03 +0.9804309432963803E+00 +0.1981022699996517E-01 +0.9803601377102650E+00
+0.6545335569071534E+03 +0.9803210358899883E+00 +0.1959861216101670E-01 +0.9802502457192642E+00
+0.6545380921377968E+03 +0.9802151966712167E+00 +0.1938559720663148E-01 +0.9801443784144669E+00
+0.6545426273684401E+03 +0.9801134310159763E+00 +0.1917131041304226E-01 +0.9800425423037650E+00
+0.6545471625990834E+03 +0.9800157368027447E+00 +0.1895587599641666E-01 +0.9799447366752476E+00
+0.6545516978297268E+03 +0.9799221051654450E+00 +0.1873941328276670E-01 +0.9798509543219195E+00
+0.6545562330603700E+03 +0.9798325213824035E+00 +0.1852203599639256E-01 +0.9797611823827567E+00
+0.6545607682910133E+03 +0.9797469658820863E+00 +0.1830385169371664E-01 +0.9796754033030886E+00
+0.6545653035216567E+03 +0.9796654153405213E+00 +0.1808496136603355E-01 +0.9795935958725953E+00
+0.6545698387523000E+03 +0.9795878438401580E+00 +0.1786545922960425E-01 +0.9795157363215331E+00
+0.6545743739829434E+03 +0.9795142240559607E+00 +0.1764543271545574E-01 +0.9794417994455075E+00
+0.6545789092135867E+03 +0.9794445284319998E+00 +0.1742496266450698E-01 +0.9793717597111981E+00
+0.6545834444442301E+03 +0.9793787303106628E+00 +0.1720412372597488E-01 +0.9793055923281251E+00
+0.6545879796748734E+03 +0.9793168049772731E+00 +0.1698298494977256E-01 +0.9792432742271732E+00
+0.6545925149055167E+03 +0.9792587305849740E+00 +0.1676161055601386E-01 +0.9791847849400284E+00
+0.6545970501361601E+03 +0.9792044889284960E+00 +0.1654006085833521E-01 +0.9791301073202185E+00
+0.6546015853668033E+03 +0.9791540660403333E+00 +0.1631839331165231E-01 +0.9790792281117400E+00
+0.6546061205974468E+03 +0.9791074525889997E+00 +0.1609666365060609E-01 +0.9790321383209546E+00
+0.6546106558280900E+03 +0.9790646440658382E+00 +0.1587492708151746E-01 +0.9789888333914134E+00
+0.6546151910587334E+03 +0.9790256407542003E+00 +0.1565323948887868E-01 +0.9789493131783203E+00
+0.6546197262893767E+03 +0.9789904474822827E+00 +0.1543165861729552E-01 +0.9789135817114993E+00
+0.6546242615200201E+03 +0.9789590731681472E+00 +0.1521024519073083E-01 +0.9788816467693239E+00
+0.6546287967506634E+03 +0.9789315301722793E+00 +0.1498906393377263E-01 +0.9788535192645837E+00
+0.6546333319813068E+03 +0.9789078334790517E+00 +0.1476818446313726E-01 +0.9788292124757334E+00
+0.6546378672119500E+03 +0.9788879997336131E+00 +0.1454768202272014E-01 +0.9788087411327433E+00
+0.6546424024425934E+03 +0.9788720461646876E+00 +0.1432763804078521E-01 +0.9787921204031129E+00
+0.6546469376732367E+03 +0.9788599894266354E+00 +0.1410814049425145E-01 +0.9787793647951218E+00
+0.6546514729038801E+03 +0.9788518443956788E+00 +0.1388928407124664E-01 +0.9787704870188561E+00
+0.6546560081345234E+03 +0.9788476229555816E+00 +0.1367117012950833E-01 +0.9787654968380867E+00
+0.6546605433651667E+03 +0.9788473328072572E+00 +0.1345390645458704E-01 +0.9787643999399238E+00
+0.6546650785958101E+03 +0.9788509763349067E+00 +0.1323760682735875E-01 +0.9787671968626143E+00
+0.6546696138264534E+03 +0.9788585495584430E+00 +0.1302239041588532E-01 +0.9787738819981201E+00
+0.6546741490570967E+03 +0.9788700411983273E+00 +0.1280838101088824E-01 +0.9787844427050421E+00
+0.6546786842877401E+03 +0.9788854318746525E+00 +0.1259570612804852E-01 +0.9787988585455382E+00
+0.6546832195183833E+03 +0.9789046934575605E+00 +0.1238449600296265E-01 +0.9788171006647388E+00
+0.6546877547490268E+03 +0.9789277885810597E+00 +0.1217488250641296E-01 +0.9788391313278618E+00
+0.6546922899796700E+03 +0.9789546703271654E+00 +0.1196699800863327E-01 +0.9788649036122974E+00
+0.6546968252103135E+03 +0.9789852820822635E+00 +0.1176097422092635E-01 +0.9788943612706259E+00
+0.6547013604409567E+03 +0.9790195575627708E+00 +0.1155694104232003E-01 +0.9789274387472696E+00
+0.6547058956716000E+03 +0.9790574210028071E+00 +0.1135502543691931E-01 +0.9789640613548917E+00
+0.6547104309022434E+03 +0.9790987874926824E+00 +0.1115535036546894E-01 +0.9790041455900987E+00
+0.6547149661328867E+03 +0.9791435634538006E+00 +0.1095803379139284E-01 +0.9790475995839922E+00
+0.6547195013635301E+03 +0.9791916472329959E+00 +0.1076318777844656E-01 +0.9790943236628729E+00
+0.6547240365941734E+03 +0.9792429297975249E+00 +0.1057091769334496E-01 +0.9791442110093181E+00
+0.6547285718248168E+03 +0.9792972955108512E+00 +0.1038132152301217E-01 +0.9791971484004860E+00
+0.6547331070554600E+03 +0.9793546229689496E+00 +0.1019448931257244E-01 +0.9792530170041085E+00
+0.6547376422861034E+03 +0.9794147858771770E+00 +0.1001050272647073E-01 +0.9793116932178736E+00
+0.6547421775167467E+03 +0.9794776539485289E+00 +0.9829434732150241E-02 +0.9793730495270607E+00
+0.6547467127473901E+03 +0.9795430938054883E+00 +0.9651349402603326E-02 +0.9794369553716976E+00
+0.6547512479780333E+03 +0.9796109698692888E+00 +0.9476301831934032E-02 +0.9795032779988917E+00
+0.6547557832086767E+03 +0.9796811452224508E+00 +0.9304338155850928E-02 +0.9795718832947278E+00
+0.6547603184393200E+03 +0.9797534824325059E+00 +0.9135495667716025E-02 +0.9796426365787905E+00
+0.6547648536699634E+03 +0.9798278443270613E+00 +0.8969803019586862E-02 +0.9797154033533199E+00
+0.6547693889006067E+03 +0.9799040947125450E+00 +0.8807280497067874E-02 +0.9797900500020474E+00
+0.6547739241312501E+03 +0.9799820990310170E+00 +0.8647940356670214E-02 +0.9798664444262118E+00
+0.6547784593618934E+03 +0.9800617249514674E+00 +0.8491787214276857E-02 +0.9799444566241751E+00
+0.6547829945925367E+03 +0.9801428428937036E+00 +0.8338818473906382E-02 +0.9800239592018468E+00
+0.6547875298231801E+03 +0.9802253264845882E+00 +0.8189024786350018E-02 +0.9801048278226602E+00
+0.6547920650538234E+03 +0.9803090529476230E+00 +0.8042390528240996E-02 +0.9801869415907941E+00
+0.6547966002844666E+03 +0.9803939034280912E+00 +0.7898894292793814E-02 +0.9802701833745664E+00
+0.6548011355151101E+03 +0.9804797632567569E+00 +0.7758509384590132E-02 +0.9803544400701114E+00
+0.6548056707457533E+03 +0.9805665221558608E+00 +0.7621204311660241E-02 +0.9804396028083954E+00
+0.6548102059763968E+03 +0.9806540743916319E+00 +0.7486943269097464E-02 +0.9805255671122596E+00
+0.6548147412070400E+03 +0.9807423188777844E+00 +0.7355686609497202E-02 +0.9806122330035938E+00
+0.6548192764376835E+03 +0.9808311592347350E+00 +0.7227391296249046E-02 +0.9806995050698080E+00
+0.6548238116683267E+03 +0.9809205038091904E+00 +0.7102011336727167E-02 +0.9807872924887340E+00
+0.6548283468989702E+03 +0.9810102656588134E+00 +0.6979498193001718E-02 +0.9808755090225945E+00
+0.6548328821296134E+03 +0.9811003625063994E+00 +0.6859801168548497E-02 +0.9809640729778618E+00
+0.6548374173602567E+03 +0.9811907166679015E+00 +0.6742867769858054E-02 +0.9810529071430070E+00
+0.6548419525909001E+03 +0.9812812549582832E+00 +0.6628644042507462E-02 +0.9811419387021677E+00
+0.6548464878215434E+03 +0.9813719085789403E+00 +0.6517074881598522E-02 +0.9812310991298044E+00
+0.6548510230521867E+03 +0.9814626129901400E+00 +0.6408104316831583E-02 +0.9813203240722310E+00
+0.6548555582828301E+03 +0.9815533077715333E+00 +0.6301675772860333E-02 +0.9814095532152619E+00
+0.6548600935134734E+03 +0.9816439364735843E+00 +0.6197732305671780E-02 +0.9814987301432477E+00
+0.6548646287441168E+03 +0.9817344464623468E+00 +0.6096216816061720E-02 +0.9815878021908192E+00
+0.6548691639747601E+03 +0.9818247887598264E+00 +0.5997072241259755E-02 +0.9816767202904915E+00
+0.6548736992054033E+03 +0.9819149178817803E+00 +0.5900241725991319E-02 +0.9817654388158861E+00
+0.6548782344360467E+03 +0.9820047916746580E+00 +0.5805668774181129E-02 +0.9818539154256163E+00
+0.6548827696666900E+03 +0.9820943711530423E+00 +0.5713297382649552E-02 +0.9819421109057740E+00
+0.6548873048973334E+03 +0.9821836203387952E+00 +0.5623072158079542E-02 +0.9820299890136138E+00
+0.6548918401279767E+03 +0.9822725061029199E+00 +0.5534938418518671E-02 +0.9821175163254277E+00
+0.6548963753586200E+03 +0.9823609980108965E+00 +0.5448842280715330E-02 +0.9822046620848216E+00
+0.6549009105892634E+03 +0.9824490681722060E+00 +0.5364730734436425E-02 +0.9822913980572889E+00
+0.6549054458199067E+03 +0.9825366910944914E+00 +0.5282551704980910E-02 +0.9823776983868395E+00
+0.6549099810505501E+03 +0.9826238435428081E+00 +0.5202254104925849E-02 +0.9824635394597299E+00
+0.6549145162811934E+03 +0.9827105044041839E+00 +0.5123787876195314E-02 +0.9825488997707865E+00
+0.6549190515118366E+03 +0.9827966545577402E+00 +0.5047104023365642E-02 +0.9826337597968593E+00
+0.6549235867424801E+03 +0.9828822767504386E+00 +0.4972154639153106E-02 +0.9827181018746739E+00
+0.6549281219731233E+03 +0.9829673554785199E+00 +0.4898892922903182E-02 +0.9828019100841704E+00
+0.6549326572037668E+03 +0.9830518768746432E+00 +0.4827273192839971E-02 +0.9828851701378936E+00
+0.6549371924344100E+03 +0.9831358286006252E+00 +0.4757250892826722E-02 +0.9829678692749038E+00
+0.6549417276650535E+03 +0.9832191997457396E+00 +0.4688782594241478E-02 +0.9830499961611535E+00
+0.6549462628956967E+03 +0.9833019807304000E+00 +0.4621825993612681E-02 +0.9831315407932966E+00
+0.6549507981263401E+03 +0.9833841632151317E+00 +0.4556339906509397E-02 +0.9832124944101257E+00
+0.6549553333569834E+03 +0.9834657400146090E+00 +0.4492284258225331E-02 +0.9832928494062937E+00
+0.6549598685876267E+03 +0.9835467050166343E+00 +0.4429620071657846E-02 +0.9833725992529985E+00
+0.6549644038182701E+03 +0.9836270531058238E+00 +0.4368309452819444E-02 +0.9834517384219774E+00
+0.6549689390489134E+03 +0.9837067800918199E+00 +0.4308315574328753E-02 +0.9835302623138459E+00
+0.6549734742795567E+03 +0.9837858826418469E+00 +0.4249602657193177E-02 +0.9836081671921234E+00
+0.6549780095102001E+03 +0.9838643582173684E+00 +0.4192135951205827E-02 +0.9836854501192206E+00
+0.6549825447408434E+03 +0.9839422050146946E+00 +0.4135881714176123E-02 +0.9837621088982003E+00
+0.6549870799714868E+03 +0.9840194219092911E+00 +0.4080807190264669E-02 +0.9838381420164569E+00
+0.6549916152021301E+03 +0.9840960084036450E+00 +0.4026880587587492E-02 +0.9839135485948243E+00
+0.6549961504327734E+03 +0.9841719645784497E+00 +0.3974071055308788E-02 +0.9839883283376343E+00
+0.6550006856634167E+03 +0.9842472910469711E+00 +0.3922348660344929E-02 +0.9840624814880938E+00
+0.6550052208940601E+03 +0.9843219889123804E+00 +0.3871684363848677E-02 +0.9841360087854457E+00
+0.6550097561247034E+03 +0.9843960597278977E+00 +0.3822049997583924E-02 +0.9842089114245673E+00
+0.6550142913553467E+03 +0.9844695054595960E+00 +0.3773418240287213E-02 +0.9842811910194890E+00
+0.6550188265859900E+03 +0.9845423284516741E+00 +0.3725762594135053E-02 +0.9843528495677939E+00
+0.6550233618166334E+03 +0.9846145313940906E+00 +0.3679057361363976E-02 +0.9844238894190341E+00
+0.6550278970472767E+03 +0.9846861172923749E+00 +0.3633277621144773E-02 +0.9844943132435279E+00
+0.6550324322779201E+03 +0.9847570894395204E+00 +0.3588399206736554E-02 +0.9845641240048374E+00
+0.6550369675085634E+03 +0.9848274513897908E+00 +0.3544398683001553E-02 +0.9846333249328545E+00
+0.6550415027392067E+03 +0.9848972069343588E+00 +0.3501253324291398E-02 +0.9847019194995720E+00
+0.6550460379698501E+03 +0.9849663600786279E+00 +0.3458941092762938E-02 +0.9847699113962906E+00
+0.6550505732004933E+03 +0.9850349150211446E+00 +0.3417440617141177E-02 +0.9848373045119755E+00
+0.6550551084311368E+03 +0.9851028761340090E+00 +0.3376731171942684E-02 +0.9849041029140337E+00
+0.6550596436617800E+03 +0.9851702479446587E+00 +0.3336792657198755E-02 +0.9849703108289666E+00
+0.6550641788924235E+03 +0.9852370351189703E+00 +0.3297605578663665E-02 +0.9850359326265536E+00
+0.6550687141230667E+03 +0.9853032424455581E+00 +0.3259151028544683E-02 +0.9851009728026392E+00
+0.6550732493537101E+03 +0.9853688748212267E+00 +0.3221410666732183E-02 +0.9851654359652378E+00
+0.6550777845843534E+03 +0.9854339372374625E+00 +0.3184366702559329E-02 +0.9852293268204027E+00
+0.6550823198149967E+03 +0.9854984347679367E+00 +0.3148001877066057E-02 +0.9852926501596629E+00
+0.6550868550456400E+03 +0.9855623725569149E+00 +0.3112299445785792E-02 +0.9853554108481616E+00
+0.6550913902762834E+03 +0.9856257558085318E+00 +0.3077243162042700E-02 +0.9854176138135821E+00
+0.6550959255069267E+03 +0.9856885897768803E+00 +0.3042817260746864E-02 +0.9854792640362624E+00
+0.6551004607375701E+03 +0.9857508797568331E+00 +0.3009006442699449E-02 +0.9855403665395956E+00
+0.6551049959682134E+03 +0.9858126310755809E+00 +0.2975795859376931E-02 +0.9856009263814054E+00
+0.6551095311988568E+03 +0.9858738490848047E+00 +0.2943171098209070E-02 +0.9856609486458228E+00
+0.6551140664295001E+03 +0.9859345391534728E+00 +0.2911118168318084E-02 +0.9857204384361004E+00
+0.6551186016601434E+03 +0.9859947066611854E+00 +0.2879623486731503E-02 +0.9857794008672840E+00
+0.6551231368907867E+03 +0.9860543569920636E+00 +0.2848673865036469E-02 +0.9858378410604552E+00
+0.6551276721214301E+03 +0.9861134955291178E+00 +0.2818256496481759E-02 +0.9858957641363217E+00
+0.6551322073520734E+03 +0.9861721276490718E+00 +0.2788358943509134E-02 +0.9859531752101383E+00
+0.6551367425827168E+03 +0.9862302587176266E+00 +0.2758969125696325E-02 +0.9860100793868747E+00
+0.6551412778133600E+03 +0.9862878940850992E+00 +0.2730075308116075E-02 +0.9860664817559750E+00
+0.6551458130440035E+03 +0.9863450390824526E+00 +0.2701666090079905E-02 +0.9861223873881988E+00
+0.6551503482746467E+03 +0.9864016990176458E+00 +0.2673730394274987E-02 +0.9861778013307571E+00
+0.6551548835052901E+03 +0.9864578791723239E+00 +0.2646257456263443E-02 +0.9862327286043299E+00
+0.6551594187359334E+03 +0.9865135847987904E+00 +0.2619236814347908E-02 +0.9862871741997901E+00
+0.6551639539665767E+03 +0.9865688211172567E+00 +0.2592658299785691E-02 +0.9863411430749682E+00
+0.6551684891972201E+03 +0.9866235933133588E+00 +0.2566512027334880E-02 +0.9863946401523009E+00
+0.6551730244278634E+03 +0.9866779065358950E+00 +0.2540788386135587E-02 +0.9864476703159502E+00
+0.6551775596585068E+03 +0.9867317658948036E+00 +0.2515478030898050E-02 +0.9865002384099228E+00
+0.6551820948891501E+03 +0.9867851764593260E+00 +0.2490571873404862E-02 +0.9865523492357945E+00
+0.6551866301197934E+03 +0.9868381432563806E+00 +0.2466061074299455E-02 +0.9866040075509055E+00
+0.6551911653504367E+03 +0.9868906712690958E+00 +0.2441937035168033E-02 +0.9866552180666606E+00
+0.6551957005810800E+03 +0.9869427654355211E+00 +0.2418191390888671E-02 +0.9867059854470556E+00
+0.6552002358117234E+03 +0.9869944306474828E+00 +0.2394816002251210E-02 +0.9867563143072704E+00
+0.6552047710423667E+03 +0.9870456717495786E+00 +0.2371802948833251E-02 +0.9868062092122637E+00
+0.6552093062730100E+03 +0.9870964935383144E+00 +0.2349144522118446E-02 +0.9868556746761405E+00
+0.6552138415036534E+03 +0.9871469007613465E+00 +0.2326833218860663E-02 +0.9869047151604327E+00
+0.6552183767342967E+03 +0.9871968981168526E+00 +0.2304861734670350E-02 +0.9869533350739754E+00
+0.6552229119649401E+03 +0.9872464902529887E+00 +0.2283222957830345E-02 +0.9870015387714944E+00
+0.6552274471955834E+03 +0.9872956817674596E+00 +0.2261909963317979E-02 +0.9870493305533794E+00
+0.6552319824262268E+03 +0.9873444772071622E+00 +0.2240916007040730E-02 +0.9870967146646507E+00
+0.6552365176568700E+03 +0.9873928810679236E+00 +0.2220234520263705E-02 +0.9871436952948122E+00
+0.6552410528875134E+03 +0.9874408977943060E+00 +0.2199859104233221E-02 +0.9871902765772111E+00
+0.6552455881181567E+03 +0.9874885317794810E+00 +0.2179783524984846E-02 +0.9872364625883425E+00
+0.6552501233488001E+03 +0.9875357873651780E+00 +0.2160001708325011E-02 +0.9872822573482708E+00
+0.6552546585794433E+03 +0.9875826688416760E+00 +0.2140507734990487E-02 +0.9873276648192715E+00
+0.6552591938100868E+03 +0.9876291804478656E+00 +0.2121295835966239E-02 +0.9873726889066716E+00
+0.6552637290407300E+03 +0.9876753263713459E+00 +0.2102360387969145E-02 +0.9874173334576714E+00
+0.6552682642713735E+03 +0.9877211107485804E+00 +0.2083695909078465E-02 +0.9874616022619800E+00
+0.6552727995020167E+03 +0.9877665376650818E+00 +0.2065297054520617E-02 +0.9875054990509619E+00
+0.6552773347326601E+03 +0.9878116111556479E+00 +0.2047158612590297E-02 +0.9875490274980143E+00
+0.6552818699633034E+03 +0.9878563352046216E+00 +0.2029275500712842E-02 +0.9875921912183724E+00
+0.6552864051939467E+03 +0.9879007137461860E+00 +0.2011642761638696E-02 +0.9876349937687547E+00
+0.6552909404245901E+03 +0.9879447506646941E+00 +0.1994255559761522E-02 +0.9876774386476492E+00
+0.6552954756552334E+03 +0.9879884497950125E+00 +0.1977109177564741E-02 +0.9877195292950087E+00
+0.6553000108858768E+03 +0.9880318149229042E+00 +0.1960199012180414E-02 +0.9877612690924895E+00
+0.6553045461165201E+03 +0.9880748497854155E+00 +0.1943520572068044E-02 +0.9878026613628830E+00
+0.6553090813471634E+03 +0.9881175580713000E+00 +0.1927069473797468E-02 +0.9878437093708288E+00
+0.6553136165778068E+03 +0.9881599434214418E+00 +0.1910841438943389E-02 +0.9878844163220555E+00
+0.6553181518084500E+03 +0.9882020094293105E+00 +0.1894832291076701E-02 +0.9879247853637293E+00
+0.6553226870390935E+03 +0.9882437596414195E+00 +0.1879037952857766E-02 +0.9879648195843769E+00
+0.6553272222697367E+03 +0.9882851975577958E+00 +0.1863454443224484E-02 +0.9880045220136272E+00
+0.6553317575003800E+03 +0.9883263266324698E+00 +0.1848077874668487E-02 +0.9880438956223895E+00
+0.6553362927310234E+03 +0.9883671502739612E+00 +0.1832904450604537E-02 +0.9880829433224609E+00
+0.6553408279616667E+03 +0.9884076718457864E+00 +0.1817930462819667E-02 +0.9881216679667334E+00
+0.6553453631923101E+03 +0.9884478946669589E+00 +0.1803152289009537E-02 +0.9881600723486763E+00
+0.6553498984229534E+03 +0.9884878220125086E+00 +0.1788566390388733E-02 +0.9881981592026521E+00
+0.6553544336535967E+03 +0.9885274571139921E+00 +0.1774169309382395E-02 +0.9882359312031166E+00
+0.6553589688842400E+03 +0.9885668031600203E+00 +0.1759957667386728E-02 +0.9882733909650198E+00
+0.6553635041148834E+03 +0.9886058632967784E+00 +0.1745928162603603E-02 +0.9883105410430812E+00
+0.6553680393455267E+03 +0.9886446406285498E+00 +0.1732077567943554E-02 +0.9883473839316276E+00
+0.6553725745761701E+03 +0.9886831382182492E+00 +0.1718402728991884E-02 +0.9883839220643414E+00
+0.6553771098068133E+03 +0.9887213590879415E+00 +0.1704900562042941E-02 +0.9884201578137070E+00
+0.6553816450374568E+03 +0.9887593062193774E+00 +0.1691568052191231E-02 +0.9884560934908085E+00
+0.6553861802681000E+03 +0.9887969825545131E+00 +0.1678402251486520E-02 +0.9884917313443764E+00
+0.6553907154987435E+03 +0.9888343909960418E+00 +0.1665400277141676E-02 +0.9885270735609319E+00
+0.6553952507293867E+03 +0.9888715344079110E+00 +0.1652559309800342E-02 +0.9885621222633564E+00
+0.6553997859600300E+03 +0.9889084156158499E+00 +0.1639876591853822E-02 +0.9885968795108976E+00
+0.6554043211906734E+03 +0.9889450374078865E+00 +0.1627349425812335E-02 +0.9886313472980848E+00
+0.6554088564213167E+03 +0.9889814025348609E+00 +0.1614975172725981E-02 +0.9886655275537755E+00
+0.6554133916519601E+03 +0.9890175137109436E+00 +0.1602751250651185E-02 +0.9886994221406143E+00
+0.6554179268826034E+03 +0.9890533736141395E+00 +0.1590675133167522E-02 +0.9887330328535806E+00
+0.6554224621132468E+03 +0.9890889848867992E+00 +0.1578744347935233E-02 +0.9887663614193455E+00
+0.6554269973438901E+03 +0.9891243501361143E+00 +0.1566956475300231E-02 +0.9887994094945293E+00
+0.6554315325745334E+03 +0.9891594719346215E+00 +0.1555309146936875E-02 +0.9888321786649302E+00
+0.6554360678051768E+03 +0.9891943528206881E+00 +0.1543800044535272E-02 +0.9888646704435498E+00
+0.6554406030358200E+03 +0.9892289952990070E+00 +0.1532426898523919E-02 +0.9888968862694265E+00
+0.6554451382664635E+03 +0.9892634018410760E+00 +0.1521187486832646E-02 +0.9889288275057121E+00
+0.6554496734971067E+03 +0.9892975748856754E+00 +0.1510079633692051E-02 +0.9889604954377377E+00
+0.6554542087277501E+03 +0.9893315168393453E+00 +0.1499101208465863E-02 +0.9889918912712783E+00
+0.6554587439583934E+03 +0.9893652300768480E+00 +0.1488250124521034E-02 +0.9890230161298745E+00
+0.6554632791890368E+03 +0.9893987169416367E+00 +0.1477524338127072E-02 +0.9890538710529105E+00
+0.6554678144196801E+03 +0.9894319797463069E+00 +0.1466921847391037E-02 +0.9890844569925978E+00
+0.6554723496503234E+03 +0.9894650207730538E+00 +0.1456440691219738E-02 +0.9891147748114332E+00
+0.6554768848809667E+03 +0.9894978422741127E+00 +0.1446078948315445E-02 +0.9891448252788377E+00
+0.6554814201116101E+03 +0.9895304464722050E+00 +0.1435834736197115E-02 +0.9891746090680972E+00
+0.6554859553422534E+03 +0.9895628355609711E+00 +0.1425706210251841E-02 +0.9892041267524364E+00
+0.6554904905728968E+03 +0.9895950117053973E+00 +0.1415691562813306E-02 +0.9892333788012185E+00
+0.6554950258035401E+03 +0.9896269770422450E+00 +0.1405789022264281E-02 +0.9892623655756650E+00
+0.6554995610341834E+03 +0.9896587336804632E+00 +0.1395996852167675E-02 +0.9892910873239926E+00
+0.6555040962648268E+03 +0.9896902837016063E+00 +0.1386313350418719E-02 +0.9893195441765593E+00
+0.6555086314954700E+03 +0.9897216291602351E+00 +0.1376736848424262E-02 +0.9893477361400295E+00
+0.6555131667261135E+03 +0.9897527720843240E+00 +0.1367265710301718E-02 +0.9893756630916938E+00
+0.6555177019567567E+03 +0.9897837144756511E+00 +0.1357898332103584E-02 +0.9894033247724590E+00
+0.6555222371874000E+03 +0.9898144583101918E+00 +0.1348633141060444E-02 +0.9894307207799793E+00
+0.6555267724180434E+03 +0.9898450055385020E+00 +0.1339468594846900E-02 +0.9894578505607408E+00
+0.6555313076486867E+03 +0.9898753580860949E+00 +0.1330403180867681E-02 +0.9894847134012923E+00
+0.6555358428793301E+03 +0.9899055178538179E+00 +0.1321435415561409E-02 +0.9895113084191201E+00
+0.6555403781099734E+03 +0.9899354867182155E+00 +0.1312563843726258E-02 +0.9895376345520777E+00
+0.6555449133406167E+03 +0.9899652665318972E+00 +0.1303787037860926E-02 +0.9895636905474130E+00
+0.6555494485712601E+03 +0.9899948591238882E+00 +0.1295103597526475E-02 +0.9895894749490592E+00
+0.6555539838019034E+03 +0.9900242662999866E+00 +0.1286512148722440E-02 +0.9896149860842677E+00
+0.6555585190325468E+03 +0.9900534898431046E+00 +0.1278011343282653E-02 +0.9896402220483568E+00
+0.6555630542631900E+03 +0.9900825315136127E+00 +0.1269599858284534E-02 +0.9896651806884176E+00
+0.6555675894938335E+03 +0.9901113930496747E+00 +0.1261276395475965E-02 +0.9896898595847797E+00
+0.6555721247244767E+03 +0.9901400761675756E+00 +0.1253039680717389E-02 +0.9897142560309167E+00
+0.6555766599551201E+03 +0.9901685825620511E+00 +0.1244888463436937E-02 +0.9897383670110369E+00
+0.6555811951857634E+03 +0.9901969139066040E+00 +0.1236821516102557E-02 +0.9897621891750137E+00
+0.6555857304164068E+03 +0.9902250718538234E+00 +0.1228837633705261E-02 +0.9897857188108684E+00
+0.6555902656470500E+03 +0.9902530580356904E+00 +0.1220935633258637E-02 +0.9898089518136307E+00
+0.6555948008776934E+03 +0.9902808740638883E+00 +0.1213114353308896E-02 +0.9898318836509984E+00
+0.6555993361083367E+03 +0.9903085215301014E+00 +0.1205372653459332E-02 +0.9898545093245386E+00
+0.6556038713389801E+03 +0.9903360020063083E+00 +0.1197709413907092E-02 +0.9898768233261050E+00
+0.6556084065696234E+03 +0.9903633170450790E+00 +0.1190123534990266E-02 +0.9898988195891951E+00
+0.6556129418002668E+03 +0.9903904681798552E+00 +0.1182613936749063E-02 +0.9899204914333957E+00
+0.6556174770309101E+03 +0.9904174569252383E+00 +0.1175179558495644E-02 +0.9899418315022103E+00
+0.6556220122615534E+03 +0.9904442847772617E+00 +0.1167819358397489E-02 +0.9899628316916848E+00
+0.6556265474921968E+03 +0.9904709532136685E+00 +0.1160532313068838E-02 +0.9899834830699362E+00
+0.6556310827228401E+03 +0.9904974636941762E+00 +0.1153317417174967E-02 +0.9900037757844676E+00
+0.6556356179534833E+03 +0.9905238176607454E+00 +0.1146173683044143E-02 +0.9900236989563662E+00
+0.6556401531841268E+03 +0.9905500165378368E+00 +0.1139100140290873E-02 +0.9900432405582771E+00
+0.6556446884147700E+03 +0.9905760617326679E+00 +0.1132095835448576E-02 +0.9900623872733574E+00
+0.6556492236454134E+03 +0.9906019546354670E+00 +0.1125159831609935E-02 +0.9900811243319066E+00
+0.6556537588760567E+03 +0.9906276966197175E+00 +0.1118291208078422E-02 +0.9900994353203104E+00
+0.6556582941067001E+03 +0.9906532890424062E+00 +0.1111489060026102E-02 +0.9901173019580320E+00
+0.6556628293373434E+03 +0.9906787332442584E+00 +0.1104752498162218E-02 +0.9901347038343586E+00
+0.6556673645679867E+03 +0.9907040305499792E+00 +0.1098080648407625E-02 +0.9901516180973993E+00
+0.6556718997986301E+03 +0.9907291822684804E+00 +0.1091472651579480E-02 +0.9901680190833833E+00
+0.6556764350292733E+03 +0.9907541896931136E+00 +0.1084927663081521E-02 +0.9901838778730473E+00
+0.6556809702599168E+03 +0.9907790541018933E+00 +0.1078444852603289E-02 +0.9901991617563504E+00
+0.6556855054905600E+03 +0.9908037767577164E+00 +0.1072023403826624E-02 +0.9902138335824516E+00
+0.6556900407212034E+03 +0.9908283589085833E+00 +0.1065662514137897E-02 +0.9902278509641727E+00
+0.6556945759518467E+03 +0.9908528017878080E+00 +0.1059361394349207E-02 +0.9902411652956399E+00
+0.6556991111824901E+03 +0.9908771066142336E+00 +0.1053119268424105E-02 +0.9902537205288160E+00
+0.6557036464131334E+03 +0.9909012745924339E+00 +0.1046935373212016E-02 +0.9902654516334076E+00
+0.6557081816437768E+03 +0.9909253069129230E+00 +0.1040808958186868E-02 +0.9902762826378778E+00
+0.6557127168744200E+03 +0.9909492047523506E+00 +0.1034739285194027E-02 +0.9902861241057201E+00
+0.6557172521050634E+03 +0.9909729692737039E+00 +0.1028725628201263E-02 +0.9902948698421988E+00
+0.6557217873357067E+03 +0.9909966016264992E+00 +0.1022767273056877E-02 +0.9903023925277386E+00
+0.6557263225663501E+03 +0.9910201029469725E+00 +0.1016863517253510E-02 +0.9903085378429873E+00
+0.6557308577969934E+03 +0.9910434743582704E+00 +0.1011013669696210E-02 +0.9903131163653265E+00
+0.6557353930276367E+03 +0.9910667169706311E+00 +0.1005217050477793E-02 +0.9903158923255364E+00
+0.6557399282582801E+03 +0.9910898318815703E+00 +0.9994729906574395E-03 +0.9903165669423777E+00
+0.6557444634889234E+03 +0.9911128201760564E+00 +0.9937808320463833E-03 +0.9903147555595043E+00
+0.6557489987195668E+03 +0.9911356829266906E+00 +0.9881399269965972E-03 +0.9903099457544814E+00
+0.6557535339502101E+03 +0.9911584211938760E+00 +0.9825496381962793E-03 +0.9903014561007139E+00
+0.6557580691808533E+03 +0.9911810360259922E+00 +0.9770093384682196E-03 +0.9902882699345255E+00
+0.6557626044114968E+03 +0.9912035284595608E+00 +0.9715184105739732E-03 +0.9902691038732246E+00
+0.6557671396421400E+03 +0.9912258995194098E+00 +0.9660762470224780E-03 +0.9902411375367940E+00
+0.6557716748727835E+03 +0.9912481502188388E+00 +0.9606822498818601E-03 +0.9902026169067450E+00
+0.6557762101034267E+03 +0.9912702815597757E+00 +0.9553358305972196E-03 +0.9901375867809796E+00
+0.6557807453340702E+03 +0.9912922945329374E+00 +0.9500364098106979E-03 +0.9900765279717385E+00
+0.6557852805647134E+03 +0.9913141901179808E+00 +0.9447834171873945E-03 +0.9898259981589622E+00
+0.6557898157953567E+03 +0.9913359692836592E+00 +0.9395762912433876E-03 +0.9896817953347800E+00
