# Macroscopic dielectric function epsm
#
# Momentum transfer Q=G+q in lattice cooridnates
# G:   0   0   0
# q:   0.0000000   0.0000000   0.0000000
# Momentum transfer Q=G+q in Cartesian cooridnates
# G:   0.0000000   0.0000000   0.0000000
# q:   0.0000000   0.0000000   0.0000000
# Norm2(G+q)   0.0000000
#
# Energy scale=   27.211384
# Used broadening in scaled energy units:    0.190480
#
# Number of k-points=      27
# Unit cell volume [au]=  110.090925
# Coulomb potential v(Q) [au]=          0.000000
#
#             Frequency                Re(epsm)                Im(epsm)       Re(epsm) form KKT
+0.0000000000000000E+00 +0.1769280639510953E+01 +0.0000000000000000E+00 +0.1753247967179363E+01
+0.2267615321666667E-01 +0.1769282086891447E+01 +0.2433154257053632E-04 +0.1753242423971708E+01
+0.4535230643333334E-01 +0.1769286429072063E+01 +0.4866374373306407E-04 +0.1753247142423051E+01
+0.6802845965000001E-01 +0.1769293666170200E+01 +0.7299726212916106E-04 +0.1753255385468733E+01
+0.9070461286666667E-01 +0.1769303798381533E+01 +0.9733275649958685E-04 +0.1753265129719287E+01
+0.1133807660833333E+00 +0.1769316825980029E+01 +0.1216708857338818E-03 +0.1753278200970101E+01
+0.1360569193000000E+00 +0.1769332749317966E+01 +0.1460123089200075E-03 +0.1753294033711159E+01
+0.1587330725166667E+00 +0.1769351568825959E+01 +0.1703576853939984E-03 +0.1753312806050937E+01
+0.1814092257333333E+00 +0.1769373285012995E+01 +0.1947076747896628E-03 +0.1753334451593352E+01
+0.2040853789500000E+00 +0.1769397898466470E+01 +0.2190629370883216E-03 +0.1753358991313756E+01
+0.2267615321666667E+00 +0.1769425409852230E+01 +0.2434241326686058E-03 +0.1753386418890158E+01
+0.2494376853833334E+00 +0.1769455819914625E+01 +0.2677919223562987E-03 +0.1753416737011418E+01
+0.2721138386000000E+00 +0.1769489129476566E+01 +0.2921669674742647E-03 +0.1753449945810769E+01
+0.2947899918166667E+00 +0.1769525339439582E+01 +0.3165499298924337E-03 +0.1753486046346601E+01
+0.3174661450333334E+00 +0.1769564450783892E+01 +0.3409414720778838E-03 +0.1753525039525766E+01
+0.3401422982500000E+00 +0.1769606464568476E+01 +0.3653422571449953E-03 +0.1753566926413190E+01
+0.3628184514666667E+00 +0.1769651381931159E+01 +0.3897529489057217E-03 +0.1753611708135315E+01
+0.3854946046833334E+00 +0.1769699204088692E+01 +0.4141742119199454E-03 +0.1753659385905799E+01
+0.4081707579000001E+00 +0.1769749932336846E+01 +0.4386067115459561E-03 +0.1753709961016781E+01
+0.4308469111166667E+00 +0.1769803568050508E+01 +0.4630511139910497E-03 +0.1753763434840752E+01
+0.4535230643333333E+00 +0.1769860112683791E+01 +0.4875080863622483E-03 +0.1753819808829721E+01
+0.4761992175500001E+00 +0.1769919567770133E+01 +0.5119782967171547E-03 +0.1753879084515323E+01
+0.4988753707666667E+00 +0.1769981934922422E+01 +0.5364624141149627E-03 +0.1753941263508774E+01
+0.5215515239833334E+00 +0.1770047215833113E+01 +0.5609611086675942E-03 +0.1754006347500957E+01
+0.5442276772000001E+00 +0.1770115412274359E+01 +0.5854750515910136E-03 +0.1754074338262477E+01
+0.5669038304166668E+00 +0.1770186526098143E+01 +0.6100049152567022E-03 +0.1754145237643789E+01
+0.5895799836333334E+00 +0.1770260559236417E+01 +0.6345513732433031E-03 +0.1754219047575302E+01
+0.6122561368500001E+00 +0.1770337513701252E+01 +0.6591151003884506E-03 +0.1754295770067520E+01
+0.6349322900666667E+00 +0.1770417391584986E+01 +0.6836967728407913E-03 +0.1754375407211187E+01
+0.6576084432833335E+00 +0.1770500195060388E+01 +0.7082970681121930E-03 +0.1754457961177426E+01
+0.6802845965000001E+00 +0.1770585926380817E+01 +0.7329166651301704E-03 +0.1754543434217917E+01
+0.7029607497166668E+00 +0.1770674587880398E+01 +0.7575562442905205E-03 +0.1754631828665052E+01
+0.7256369029333334E+00 +0.1770766181974194E+01 +0.7822164875101743E-03 +0.1754723146932111E+01
+0.7483130561500001E+00 +0.1770860711158397E+01 +0.8068980782802930E-03 +0.1754817391513456E+01
+0.7709892093666668E+00 +0.1770958178010510E+01 +0.8316017017195747E-03 +0.1754914564984698E+01
+0.7936653625833334E+00 +0.1771058585189547E+01 +0.8563280446278437E-03 +0.1755014670002910E+01
+0.8163415158000001E+00 +0.1771161935436238E+01 +0.8810777955398640E-03 +0.1755117709306823E+01
+0.8390176690166667E+00 +0.1771268231573234E+01 +0.9058516447794344E-03 +0.1755223685717028E+01
+0.8616938222333335E+00 +0.1771377476505322E+01 +0.9306502845137448E-03 +0.1755332602136205E+01
+0.8843699754500001E+00 +0.1771489673219652E+01 +0.9554744088080221E-03 +0.1755444461549330E+01
+0.9070461286666667E+00 +0.1771604824785960E+01 +0.9803247136804566E-03 +0.1755559267023913E+01
+0.9297222818833335E+00 +0.1771722934356807E+01 +0.1005201897157430E-02 +0.1755677021710224E+01
+0.9523984351000001E+00 +0.1771844005167816E+01 +0.1030106659329052E-02 +0.1755797728841540E+01
+0.9750745883166668E+00 +0.1771968040537925E+01 +0.1055039702405007E-02 +0.1755921391734397E+01
+0.9977507415333334E+00 +0.1772095043869639E+01 +0.1080001730770734E-02 +0.1756048013788836E+01
+0.1020426894750000E+01 +0.1772225018649290E+01 +0.1104993451043927E-02 +0.1756177598488663E+01
+0.1043103047966667E+01 +0.1772357968447311E+01 +0.1130015572131391E-02 +0.1756310149401728E+01
+0.1065779201183333E+01 +0.1772493896918502E+01 +0.1155068805286240E-02 +0.1756445670180188E+01
+0.1088455354400000E+01 +0.1772632807802322E+01 +0.1180153864165462E-02 +0.1756584164560800E+01
+0.1111131507616667E+01 +0.1772774704923167E+01 +0.1205271464887854E-02 +0.1756725636365193E+01
+0.1133807660833334E+01 +0.1772919592190674E+01 +0.1230422326092333E-02 +0.1756870089500184E+01
+0.1156483814050000E+01 +0.1773067473600020E+01 +0.1255607168996639E-02 +0.1757017527958058E+01
+0.1179159967266667E+01 +0.1773218353232231E+01 +0.1280826717456438E-02 +0.1757167955816900E+01
+0.1201836120483333E+01 +0.1773372235254497E+01 +0.1306081698024835E-02 +0.1757321377240894E+01
+0.1224512273700000E+01 +0.1773529123920502E+01 +0.1331372840012300E-02 +0.1757477796480651E+01
+0.1247188426916667E+01 +0.1773689023570745E+01 +0.1356700875547035E-02 +0.1757637217873544E+01
+0.1269864580133333E+01 +0.1773851938632886E+01 +0.1382066539635760E-02 +0.1757799645844041E+01
+0.1292540733350000E+01 +0.1774017873622086E+01 +0.1407470570224973E-02 +0.1757965084904048E+01
+0.1315216886566667E+01 +0.1774186833141363E+01 +0.1432913708262651E-02 +0.1758133539653270E+01
+0.1337893039783334E+01 +0.1774358821881951E+01 +0.1458396697760424E-02 +0.1758305014779557E+01
+0.1360569193000000E+01 +0.1774533844623661E+01 +0.1483920285856243E-02 +0.1758479515059290E+01
+0.1383245346216667E+01 +0.1774711906235265E+01 +0.1509485222877519E-02 +0.1758657045357729E+01
+0.1405921499433334E+01 +0.1774893011674873E+01 +0.1535092262404783E-02 +0.1758837610629420E+01
+0.1428597652650000E+01 +0.1775077165990322E+01 +0.1560742161335845E-02 +0.1759021215918575E+01
+0.1451273805866667E+01 +0.1775264374319576E+01 +0.1586435679950486E-02 +0.1759207866359462E+01
+0.1473949959083333E+01 +0.1775454641891128E+01 +0.1612173581975683E-02 +0.1759397567176820E+01
+0.1496626112300000E+01 +0.1775647974024413E+01 +0.1637956634651383E-02 +0.1759590323686262E+01
+0.1519302265516667E+01 +0.1775844376130235E+01 +0.1663785608796831E-02 +0.1759786141294710E+01
+0.1541978418733334E+01 +0.1776043853711185E+01 +0.1689661278877470E-02 +0.1759985025500806E+01
+0.1564654571950000E+01 +0.1776246412362085E+01 +0.1715584423072428E-02 +0.1760186981895359E+01
+0.1587330725166667E+01 +0.1776452057770430E+01 +0.1741555823342593E-02 +0.1760392016161789E+01
+0.1610006878383334E+01 +0.1776660795716840E+01 +0.1767576265499297E-02 +0.1760600134076574E+01
+0.1632683031600000E+01 +0.1776872632075522E+01 +0.1793646539273622E-02 +0.1760811341509710E+01
+0.1655359184816667E+01 +0.1777087572814741E+01 +0.1819767438386325E-02 +0.1761025644425189E+01
+0.1678035338033333E+01 +0.1777305623997289E+01 +0.1845939760618423E-02 +0.1761243048881465E+01
+0.1700711491250000E+01 +0.1777526791780982E+01 +0.1872164307882429E-02 +0.1761463561031951E+01
+0.1723387644466667E+01 +0.1777751082419146E+01 +0.1898441886294244E-02 +0.1761687187125498E+01
+0.1746063797683334E+01 +0.1777978502261124E+01 +0.1924773306245755E-02 +0.1761913933506913E+01
+0.1768739950900000E+01 +0.1778209057752786E+01 +0.1951159382478113E-02 +0.1762143806617462E+01
+0.1791416104116667E+01 +0.1778442755437047E+01 +0.1977600934155731E-02 +0.1762376812995384E+01
+0.1814092257333333E+01 +0.1778679601954401E+01 +0.2004098784940990E-02 +0.1762612959276438E+01
+0.1836768410550000E+01 +0.1778919604043455E+01 +0.2030653763069704E-02 +0.1762852252194420E+01
+0.1859444563766667E+01 +0.1779162768541475E+01 +0.2057266701427321E-02 +0.1763094698581720E+01
+0.1882120716983333E+01 +0.1779409102384947E+01 +0.2083938437625893E-02 +0.1763340305369883E+01
+0.1904796870200000E+01 +0.1779658612610136E+01 +0.2110669814081835E-02 +0.1763589079590159E+01
+0.1927473023416667E+01 +0.1779911306353666E+01 +0.2137461678094468E-02 +0.1763841028374091E+01
+0.1950149176633334E+01 +0.1780167190853100E+01 +0.2164314881925383E-02 +0.1764096158954087E+01
+0.1972825329850000E+01 +0.1780426273447532E+01 +0.2191230282878626E-02 +0.1764354478664024E+01
+0.1995501483066667E+01 +0.1780688561578195E+01 +0.2218208743381713E-02 +0.1764615994939841E+01
+0.2018177636283334E+01 +0.1780954062789068E+01 +0.2245251131067537E-02 +0.1764880715320160E+01
+0.2040853789500000E+01 +0.1781222784727502E+01 +0.2272358318857104E-02 +0.1765148647446893E+01
+0.2063529942716667E+01 +0.1781494735144849E+01 +0.2299531185043192E-02 +0.1765419799065896E+01
+0.2086206095933334E+01 +0.1781769921897107E+01 +0.2326770613374900E-02 +0.1765694178027583E+01
+0.2108882249150000E+01 +0.1782048352945569E+01 +0.2354077493143122E-02 +0.1765971792287605E+01
+0.2131558402366667E+01 +0.1782330036357487E+01 +0.2381452719266965E-02 +0.1766252649907494E+01
+0.2154234555583334E+01 +0.1782614980306745E+01 +0.2408897192381119E-02 +0.1766536759055342E+01
+0.2176910708800000E+01 +0.1782903193074538E+01 +0.2436411818924202E-02 +0.1766824128006479E+01
+0.2199586862016667E+01 +0.1783194683050073E+01 +0.2463997511228108E-02 +0.1767114765144172E+01
+0.2222263015233334E+01 +0.1783489458731265E+01 +0.2491655187608351E-02 +0.1767408678960325E+01
+0.2244939168450000E+01 +0.1783787528725457E+01 +0.2519385772455435E-02 +0.1767705878056193E+01
+0.2267615321666667E+01 +0.1784088901750142E+01 +0.2547190196327303E-02 +0.1768006371143111E+01
+0.2290291474883333E+01 +0.1784393586633706E+01 +0.2575069396042802E-02 +0.1768310167043224E+01
+0.2312967628100000E+01 +0.1784701592316169E+01 +0.2603024314776291E-02 +0.1768617274690240E+01
+0.2335643781316667E+01 +0.1785012927849946E+01 +0.2631055902153305E-02 +0.1768927703130191E+01
+0.2358319934533334E+01 +0.1785327602400620E+01 +0.2659165114347373E-02 +0.1769241461522190E+01
+0.2380996087750000E+01 +0.1785645625247724E+01 +0.2687352914177984E-02 +0.1769558559139230E+01
+0.2403672240966667E+01 +0.1785967005785531E+01 +0.2715620271209696E-02 +0.1769879005368966E+01
+0.2426348394183333E+01 +0.1786291753523863E+01 +0.2743968161852457E-02 +0.1770202809714520E+01
+0.2449024547400001E+01 +0.1786619878088907E+01 +0.2772397569463129E-02 +0.1770529981795308E+01
+0.2471700700616667E+01 +0.1786951389224045E+01 +0.2800909484448229E-02 +0.1770860531347858E+01
+0.2494376853833334E+01 +0.1787286296790699E+01 +0.2829504904367953E-02 +0.1771194468226654E+01
+0.2517053007050000E+01 +0.1787624610769176E+01 +0.2858184834041433E-02 +0.1771531802404996E+01
+0.2539729160266667E+01 +0.1787966341259548E+01 +0.2886950285653340E-02 +0.1771872543975856E+01
+0.2562405313483334E+01 +0.1788311498482520E+01 +0.2915802278861766E-02 +0.1772216703152769E+01
+0.2585081466700000E+01 +0.1788660092780330E+01 +0.2944741840907490E-02 +0.1772564290270715E+01
+0.2607757619916667E+01 +0.1789012134617648E+01 +0.2973770006724582E-02 +0.1772915315787030E+01
+0.2630433773133334E+01 +0.1789367634582502E+01 +0.3002887819052408E-02 +0.1773269790282317E+01
+0.2653109926350000E+01 +0.1789726603387202E+01 +0.3032096328549085E-02 +0.1773627724461384E+01
+0.2675786079566667E+01 +0.1790089051869292E+01 +0.3061396593906332E-02 +0.1773989129154190E+01
+0.2698462232783334E+01 +0.1790454990992507E+01 +0.3090789681965822E-02 +0.1774354015316796E+01
+0.2721138386000000E+01 +0.1790824431847743E+01 +0.3120276667837028E-02 +0.1774722394032344E+01
+0.2743814539216667E+01 +0.1791197385654046E+01 +0.3149858635016586E-02 +0.1775094276512039E+01
+0.2766490692433333E+01 +0.1791573863759619E+01 +0.3179536675509218E-02 +0.1775469674096156E+01
+0.2789166845650001E+01 +0.1791953877642826E+01 +0.3209311889950209E-02 +0.1775848598255041E+01
+0.2811842998866667E+01 +0.1792337438913234E+01 +0.3239185387729533E-02 +0.1776231060590165E+01
+0.2834519152083334E+01 +0.1792724559312648E+01 +0.3269158287117573E-02 +0.1776617072835144E+01
+0.2857195305300000E+01 +0.1793115250716180E+01 +0.3299231715392534E-02 +0.1777006646856808E+01
+0.2879871458516667E+01 +0.1793509525133318E+01 +0.3329406808969539E-02 +0.1777399794656282E+01
+0.2902547611733334E+01 +0.1793907394709020E+01 +0.3359684713531444E-02 +0.1777796528370065E+01
+0.2925223764950001E+01 +0.1794308871724816E+01 +0.3390066584161431E-02 +0.1778196860271140E+01
+0.2947899918166667E+01 +0.1794713968599937E+01 +0.3420553585477374E-02 +0.1778600802770101E+01
+0.2970576071383334E+01 +0.1795122697892446E+01 +0.3451146891768008E-02 +0.1779008368416276E+01
+0.2993252224600000E+01 +0.1795535072300396E+01 +0.3481847687130994E-02 +0.1779419569898901E+01
+0.3015928377816667E+01 +0.1795951104662999E+01 +0.3512657165612834E-02 +0.1779834420048268E+01
+0.3038604531033334E+01 +0.1796370807961817E+01 +0.3543576531350710E-02 +0.1780252931836927E+01
+0.3061280684250000E+01 +0.1796794195321961E+01 +0.3574606998716304E-02 +0.1780675118380884E+01
+0.3083956837466667E+01 +0.1797221280013315E+01 +0.3605749792461564E-02 +0.1781100992940823E+01
+0.3106632990683334E+01 +0.1797652075451776E+01 +0.3637006147866546E-02 +0.1781530568923342E+01
+0.3129309143900000E+01 +0.1798086595200510E+01 +0.3668377310889274E-02 +0.1781963859882210E+01
+0.3151985297116667E+01 +0.1798524852971221E+01 +0.3699864538317731E-02 +0.1782400879519641E+01
+0.3174661450333334E+01 +0.1798966862625453E+01 +0.3731469097923970E-02 +0.1782841641687587E+01
+0.3197337603550000E+01 +0.1799412638175893E+01 +0.3763192268620396E-02 +0.1783286160389042E+01
+0.3220013756766667E+01 +0.1799862193787703E+01 +0.3795035340618307E-02 +0.1783734449779375E+01
+0.3242689909983334E+01 +0.1800315543779869E+01 +0.3826999615588620E-02 +0.1784186524167680E+01
+0.3265366063200001E+01 +0.1800772702626568E+01 +0.3859086406824965E-02 +0.1784642398018134E+01
+0.3288042216416667E+01 +0.1801233684958552E+01 +0.3891297039409068E-02 +0.1785102085951395E+01
+0.3310718369633334E+01 +0.1801698505564560E+01 +0.3923632850378548E-02 +0.1785565602745995E+01
+0.3333394522850000E+01 +0.1802167179392740E+01 +0.3956095188897104E-02 +0.1786032963339772E+01
+0.3356070676066667E+01 +0.1802639721552097E+01 +0.3988685416427223E-02 +0.1786504182831325E+01
+0.3378746829283334E+01 +0.1803116147313964E+01 +0.4021404906905356E-02 +0.1786979276481455E+01
+0.3401422982500000E+01 +0.1803596472113483E+01 +0.4054255046919667E-02 +0.1787458259714679E+01
+0.3424099135716667E+01 +0.1804080711551121E+01 +0.4087237235890411E-02 +0.1787941148120729E+01
+0.3446775288933334E+01 +0.1804568881394199E+01 +0.4120352886252940E-02 +0.1788427957456076E+01
+0.3469451442150000E+01 +0.1805060997578443E+01 +0.4153603423643431E-02 +0.1788918703645483E+01
+0.3492127595366668E+01 +0.1805557076209562E+01 +0.4186990287087367E-02 +0.1789413402783591E+01
+0.3514803748583334E+01 +0.1806057133564841E+01 +0.4220514929190802E-02 +0.1789912071136503E+01
+0.3537479901800000E+01 +0.1806561186094768E+01 +0.4254178816334537E-02 +0.1790414725143405E+01
+0.3560156055016667E+01 +0.1807069250424670E+01 +0.4287983428871133E-02 +0.1790921381418215E+01
+0.3582832208233334E+01 +0.1807581343356384E+01 +0.4321930261324944E-02 +0.1791432056751237E+01
+0.3605508361450001E+01 +0.1808097481869947E+01 +0.4356020822595156E-02 +0.1791946768110862E+01
+0.3628184514666667E+01 +0.1808617683125311E+01 +0.4390256636161894E-02 +0.1792465532645274E+01
+0.3650860667883334E+01 +0.1809141964464079E+01 +0.4424639240295464E-02 +0.1792988367684195E+01
+0.3673536821100000E+01 +0.1809670343411275E+01 +0.4459170188268783E-02 +0.1793515290740640E+01
+0.3696212974316667E+01 +0.1810202837677131E+01 +0.4493851048573074E-02 +0.1794046319512712E+01
+0.3718889127533334E+01 +0.1810739465158901E+01 +0.4528683405136872E-02 +0.1794581471885412E+01
+0.3741565280750001E+01 +0.1811280243942702E+01 +0.4563668857548374E-02 +0.1795120765932483E+01
+0.3764241433966667E+01 +0.1811825192305387E+01 +0.4598809021281281E-02 +0.1795664219918271E+01
+0.3786917587183334E+01 +0.1812374328716434E+01 +0.4634105527924089E-02 +0.1796211852299626E+01
+0.3809593740400000E+01 +0.1812927671839870E+01 +0.4669560025412982E-02 +0.1796763681727819E+01
+0.3832269893616667E+01 +0.1813485240536223E+01 +0.4705174178268362E-02 +0.1797319727050484E+01
+0.3854946046833334E+01 +0.1814047053864497E+01 +0.4740949667835048E-02 +0.1797880007313609E+01
+0.3877622200050001E+01 +0.1814613131084182E+01 +0.4776888192526309E-02 +0.1798444541763532E+01
+0.3900298353266667E+01 +0.1815183491657285E+01 +0.4812991468071702E-02 +0.1799013349848966E+01
+0.3922974506483333E+01 +0.1815758155250401E+01 +0.4849261227768833E-02 +0.1799586451223091E+01
+0.3945650659700001E+01 +0.1816337141736803E+01 +0.4885699222739138E-02 +0.1800163865745616E+01
+0.3968326812916667E+01 +0.1816920471198573E+01 +0.4922307222187716E-02 +0.1800745613484926E+01
+0.3991002966133334E+01 +0.1817508163928754E+01 +0.4959087013667328E-02 +0.1801331714720225E+01
+0.4013679119350001E+01 +0.1818100240433540E+01 +0.4996040403346613E-02 +0.1801922189943725E+01
+0.4036355272566667E+01 +0.1818696721434499E+01 +0.5033169216282608E-02 +0.1802517059862875E+01
+0.4059031425783334E+01 +0.1819297627870820E+01 +0.5070475296697709E-02 +0.1803116345402589E+01
+0.4081707579000001E+01 +0.1819902980901603E+01 +0.5107960508261053E-02 +0.1803720067707556E+01
+0.4104383732216667E+01 +0.1820512801908176E+01 +0.5145626734374510E-02 +0.1804328248144537E+01
+0.4127059885433334E+01 +0.1821127112496448E+01 +0.5183475878463313E-02 +0.1804940908304737E+01
+0.4149736038650000E+01 +0.1821745934499301E+01 +0.5221509864271428E-02 +0.1805558070006162E+01
+0.4172412191866667E+01 +0.1822369289979007E+01 +0.5259730636161792E-02 +0.1806179755296071E+01
+0.4195088345083334E+01 +0.1822997201229691E+01 +0.5298140159421455E-02 +0.1806805986453412E+01
+0.4217764498300000E+01 +0.1823629690779821E+01 +0.5336740420571771E-02 +0.1807436785991324E+01
+0.4240440651516668E+01 +0.1824266781394749E+01 +0.5375533427683695E-02 +0.1808072176659669E+01
+0.4263116804733333E+01 +0.1824908496079272E+01 +0.5414521210698364E-02 +0.1808712181447593E+01
+0.4285792957950000E+01 +0.1825554858080243E+01 +0.5453705821752937E-02 +0.1809356823586134E+01
+0.4308469111166668E+01 +0.1826205890889220E+01 +0.5493089335511934E-02 +0.1810006126550874E+01
+0.4331145264383334E+01 +0.1826861618245148E+01 +0.5532673849504100E-02 +0.1810660114064608E+01
+0.4353821417600001E+01 +0.1827522064137088E+01 +0.5572461484464929E-02 +0.1811318810100087E+01
+0.4376497570816667E+01 +0.1828187252806982E+01 +0.5612454384684953E-02 +0.1811982238882767E+01
+0.4399173724033334E+01 +0.1828857208752465E+01 +0.5652654718363922E-02 +0.1812650424893621E+01
+0.4421849877250001E+01 +0.1829531956729711E+01 +0.5693064677970989E-02 +0.1813323392871993E+01
+0.4444526030466667E+01 +0.1830211521756331E+01 +0.5733686480611015E-02 +0.1814001167818478E+01
+0.4467202183683334E+01 +0.1830895929114305E+01 +0.5774522368397119E-02 +0.1814683774997870E+01
+0.4489878336900000E+01 +0.1831585204352972E+01 +0.5815574608829614E-02 +0.1815371239942132E+01
+0.4512554490116667E+01 +0.1832279373292046E+01 +0.5856845495181401E-02 +0.1816063588453420E+01
+0.4535230643333334E+01 +0.1832978462024699E+01 +0.5898337346890079E-02 +0.1816760846607161E+01
+0.4557906796550000E+01 +0.1833682496920671E+01 +0.5940052509956740E-02 +0.1817463040755160E+01
+0.4580582949766667E+01 +0.1834391504629445E+01 +0.5981993357351693E-02 +0.1818170197528779E+01
+0.4603259102983334E+01 +0.1835105512083457E+01 +0.6024162289427266E-02 +0.1818882343842127E+01
+0.4625935256200001E+01 +0.1835824546501362E+01 +0.6066561734337779E-02 +0.1819599506895346E+01
+0.4648611409416667E+01 +0.1836548635391347E+01 +0.6109194148466813E-02 +0.1820321714177909E+01
+0.4671287562633334E+01 +0.1837277806554501E+01 +0.6152062016862046E-02 +0.1821048993471980E+01
+0.4693963715850001E+01 +0.1838012088088224E+01 +0.6195167853677694E-02 +0.1821781372855839E+01
+0.4716639869066667E+01 +0.1838751508389703E+01 +0.6238514202624708E-02 +0.1822518880707342E+01
+0.4739316022283334E+01 +0.1839496096159432E+01 +0.6282103637429009E-02 +0.1823261545707437E+01
+0.4761992175500001E+01 +0.1840245880404796E+01 +0.6325938762297832E-02 +0.1824009396843756E+01
+0.4784668328716667E+01 +0.1841000890443691E+01 +0.6370022212394294E-02 +0.1824762463414222E+01
+0.4807344481933334E+01 +0.1841761155908230E+01 +0.6414356654320573E-02 +0.1825520775030756E+01
+0.4830020635150000E+01 +0.1842526706748479E+01 +0.6458944786609569E-02 +0.1826284361623011E+01
+0.4852696788366667E+01 +0.1843297573236267E+01 +0.6503789340225537E-02 +0.1827053253442175E+01
+0.4875372941583334E+01 +0.1844073785969052E+01 +0.6548893079073644E-02 +0.1827827481064836E+01
+0.4898049094800001E+01 +0.1844855375873847E+01 +0.6594258800518772E-02 +0.1828607075396906E+01
+0.4920725248016668E+01 +0.1845642374211207E+01 +0.6639889335913692E-02 +0.1829392067677602E+01
+0.4943401401233333E+01 +0.1846434812579278E+01 +0.6685787551136880E-02 +0.1830182489483497E+01
+0.4966077554450001E+01 +0.1847232722917920E+01 +0.6731956347140076E-02 +0.1830978372732628E+01
+0.4988753707666667E+01 +0.1848036137512874E+01 +0.6778398660505904E-02 +0.1831779749688677E+01
+0.5011429860883334E+01 +0.1848845089000022E+01 +0.6825117464015696E-02 +0.1832586652965206E+01
+0.5034106014100001E+01 +0.1849659610369693E+01 +0.6872115767227757E-02 +0.1833399115529978E+01
+0.5056782167316667E+01 +0.1850479734971044E+01 +0.6919396617066310E-02 +0.1834217170709328E+01
+0.5079458320533334E+01 +0.1851305496516523E+01 +0.6966963098421320E-02 +0.1835040852192618E+01
+0.5102134473750001E+01 +0.1852136929086382E+01 +0.7014818334759490E-02 +0.1835870194036747E+01
+0.5124810626966667E+01 +0.1852974067133283E+01 +0.7062965488746569E-02 +0.1836705230670755E+01
+0.5147486780183334E+01 +0.1853816945486964E+01 +0.7111407762881335E-02 +0.1837545996900490E+01
+0.5170162933400000E+01 +0.1854665599358986E+01 +0.7160148400141460E-02 +0.1838392527913346E+01
+0.5192839086616668E+01 +0.1855520064347559E+01 +0.7209190684641440E-02 +0.1839244859283075E+01
+0.5215515239833334E+01 +0.1856380376442443E+01 +0.7258537942303011E-02 +0.1840103026974704E+01
+0.5238191393050000E+01 +0.1857246572029928E+01 +0.7308193541538161E-02 +0.1840967067349494E+01
+0.5260867546266668E+01 +0.1858118687897898E+01 +0.7358160893945153E-02 +0.1841837017170006E+01
+0.5283543699483334E+01 +0.1858996761240979E+01 +0.7408443455017736E-02 +0.1842712913605243E+01
+0.5306219852700001E+01 +0.1859880829665762E+01 +0.7459044724867938E-02 +0.1843594794235871E+01
+0.5328896005916667E+01 +0.1860770931196130E+01 +0.7509968248962644E-02 +0.1844482697059535E+01
+0.5351572159133334E+01 +0.1861667104278652E+01 +0.7561217618874306E-02 +0.1845376660496254E+01
+0.5374248312350001E+01 +0.1862569387788081E+01 +0.7612796473046179E-02 +0.1846276723393915E+01
+0.5396924465566667E+01 +0.1863477821032938E+01 +0.7664708497572247E-02 +0.1847182925033844E+01
+0.5419600618783334E+01 +0.1864392443761188E+01 +0.7716957426992312E-02 +0.1848095305136477E+01
+0.5442276772000000E+01 +0.1865313296166010E+01 +0.7769547045102521E-02 +0.1849013903867141E+01
+0.5464952925216667E+01 +0.1866240418891669E+01 +0.7822481185781677E-02 +0.1849938761841900E+01
+0.5487629078433335E+01 +0.1867173853039479E+01 +0.7875763733833731E-02 +0.1850869920133523E+01
+0.5510305231650000E+01 +0.1868113640173872E+01 +0.7929398625846776E-02 +0.1851807420277545E+01
+0.5532981384866667E+01 +0.1869059822328562E+01 +0.7983389851068952E-02 +0.1852751304278427E+01
+0.5555657538083334E+01 +0.1870012442012826E+01 +0.8037741452301659E-02 +0.1853701614615820E+01
+0.5578333691300001E+01 +0.1870971542217877E+01 +0.8092457526810391E-02 +0.1854658394250953E+01
+0.5601009844516668E+01 +0.1871937166423351E+01 +0.8147542227253727E-02 +0.1855621686633093E+01
+0.5623685997733334E+01 +0.1872909358603910E+01 +0.8202999762630803E-02 +0.1856591535706160E+01
+0.5646362150950001E+01 +0.1873888163235948E+01 +0.8258834399247676E-02 +0.1857567985915402E+01
+0.5669038304166667E+01 +0.1874873625304421E+01 +0.8315050461703164E-02 +0.1858551082214245E+01
+0.5691714457383334E+01 +0.1875865790309786E+01 +0.8371652333894367E-02 +0.1859540870071209E+01
+0.5714390610600001E+01 +0.1876864704275065E+01 +0.8428644460042644E-02 +0.1860537395476969E+01
+0.5737066763816667E+01 +0.1877870413753032E+01 +0.8486031345740165E-02 +0.1861540704951533E+01
+0.5759742917033334E+01 +0.1878882965833519E+01 +0.8543817559017888E-02 +0.1862550845551540E+01
+0.5782419070250001E+01 +0.1879902408150850E+01 +0.8602007731435138E-02 +0.1863567864877702E+01
+0.5805095223466667E+01 +0.1880928788891414E+01 +0.8660606559191573E-02 +0.1864591811082336E+01
+0.5827771376683334E+01 +0.1881962156801355E+01 +0.8719618804261841E-02 +0.1865622732877084E+01
+0.5850447529900001E+01 +0.1883002561194411E+01 +0.8779049295553593E-02 +0.1866660679540716E+01
+0.5873123683116668E+01 +0.1884050051959878E+01 +0.8838902930089442E-02 +0.1867705700927100E+01
+0.5895799836333333E+01 +0.1885104679570729E+01 +0.8899184674213302E-02 +0.1868757847473304E+01
+0.5918475989550001E+01 +0.1886166495091859E+01 +0.8959899564821794E-02 +0.1869817170207846E+01
+0.5941152142766668E+01 +0.1887235550188496E+01 +0.9021052710621341E-02 +0.1870883720759074E+01
+0.5963828295983334E+01 +0.1888311897134743E+01 +0.9082649293411470E-02 +0.1871957551363721E+01
+0.5986504449200001E+01 +0.1889395588822282E+01 +0.9144694569395043E-02 +0.1873038714875589E+01
+0.6009180602416667E+01 +0.1890486678769239E+01 +0.9207193870516037E-02 +0.1874127264774405E+01
+0.6031856755633334E+01 +0.1891585221129194E+01 +0.9270152605825539E-02 +0.1875223255174822E+01
+0.6054532908850001E+01 +0.1892691270700365E+01 +0.9333576262876717E-02 +0.1876326740835594E+01
+0.6077209062066667E+01 +0.1893804882934952E+01 +0.9397470409149299E-02 +0.1877437777168909E+01
+0.6099885215283334E+01 +0.1894926113948653E+01 +0.9461840693504503E-02 +0.1878556420249896E+01
+0.6122561368500000E+01 +0.1896055020530353E+01 +0.9526692847671017E-02 +0.1879682726826300E+01
+0.6145237521716668E+01 +0.1897191660151987E+01 +0.9592032687762896E-02 +0.1880816754328336E+01
+0.6167913674933335E+01 +0.1898336090978584E+01 +0.9657866115830057E-02 +0.1881958560878721E+01
+0.6190589828150000E+01 +0.1899488371878497E+01 +0.9724199121442265E-02 +0.1883108205302899E+01
+0.6213265981366668E+01 +0.1900648562433824E+01 +0.9791037783307531E-02 +0.1884265747139439E+01
+0.6235942134583334E+01 +0.1901816722951013E+01 +0.9858388270925434E-02 +0.1885431246650637E+01
+0.6258618287800001E+01 +0.1902992914471669E+01 +0.9926256846276812E-02 +0.1886604764833304E+01
+0.6281294441016667E+01 +0.1904177198783564E+01 +0.9994649865550213E-02 +0.1887786363429768E+01
+0.6303970594233334E+01 +0.1905369638431845E+01 +0.1006357378090623E-01 +0.1888976104939067E+01
+0.6326646747450001E+01 +0.1906570296730457E+01 +0.1013303514228086E-01 +0.1890174052628362E+01
+0.6349322900666667E+01 +0.1907779237773782E+01 +0.1020304059922851E-01 +0.1891380270544554E+01
+0.6371999053883334E+01 +0.1908996526448489E+01 +0.1027359690280610E-01 +0.1892594823526133E+01
+0.6394675207100001E+01 +0.1910222228445614E+01 +0.1034471090749886E-01 +0.1893817777215231E+01
+0.6417351360316667E+01 +0.1911456410272871E+01 +0.1041638957318930E-01 +0.1895049198069922E+01
+0.6440027513533335E+01 +0.1912699139267187E+01 +0.1048863996717018E-01 +0.1896289153376751E+01
+0.6462703666750000E+01 +0.1913950483607486E+01 +0.1056146926620278E-01 +0.1897537711263487E+01
+0.6485379819966667E+01 +0.1915210512327716E+01 +0.1063488475862157E-01 +0.1898794940712146E+01
+0.6508055973183335E+01 +0.1916479295330116E+01 +0.1070889384648653E-01 +0.1900060911572241E+01
+0.6530732126400001E+01 +0.1917756903398753E+01 +0.1078350404778439E-01 +0.1901335694574291E+01
+0.6553408279616668E+01 +0.1919043408213312E+01 +0.1085872299867993E-01 +0.1902619361343610E+01
+0.6576084432833333E+01 +0.1920338882363153E+01 +0.1093455845581891E-01 +0.1903911984414337E+01
+0.6598760586050001E+01 +0.1921643399361643E+01 +0.1101101829868370E-01 +0.1905213637243750E+01
+0.6621436739266668E+01 +0.1922957033660770E+01 +0.1108811053200328E-01 +0.1906524394226861E+01
+0.6644112892483334E+01 +0.1924279860666041E+01 +0.1116584328821891E-01 +0.1907844330711304E+01
+0.6666789045700001E+01 +0.1925611956751671E+01 +0.1124422483000690E-01 +0.1909173523012489E+01
+0.6689465198916667E+01 +0.1926953399276072E+01 +0.1132326355286022E-01 +0.1910512048429088E+01
+0.6712141352133334E+01 +0.1928304266597652E+01 +0.1140296798773028E-01 +0.1911859985258802E+01
+0.6734817505350001E+01 +0.1929664638090924E+01 +0.1148334680373073E-01 +0.1913217412814448E+01
+0.6757493658566667E+01 +0.1931034594162938E+01 +0.1156440881090483E-01 +0.1914584411440382E+01
+0.6780169811783334E+01 +0.1932414216270035E+01 +0.1164616296305807E-01 +0.1915961062529217E+01
+0.6802845965000000E+01 +0.1933803586934951E+01 +0.1172861836065805E-01 +0.1917347448538908E+01
+0.6825522118216668E+01 +0.1935202789764249E+01 +0.1181178425380315E-01 +0.1918743653010172E+01
+0.6848198271433334E+01 +0.1936611909466113E+01 +0.1189567004526214E-01 +0.1920149760584234E+01
+0.6870874424650000E+01 +0.1938031031868500E+01 +0.1198028529358649E-01 +0.1921565857020979E+01
+0.6893550577866668E+01 +0.1939460243937664E+01 +0.1206563971629764E-01 +0.1922992029217437E+01
+0.6916226731083335E+01 +0.1940899633797050E+01 +0.1215174319315097E-01 +0.1924428365226657E+01
+0.6938902884300001E+01 +0.1942349290746584E+01 +0.1223860576947888E-01 +0.1925874954276961E+01
+0.6961579037516668E+01 +0.1943809305282360E+01 +0.1232623765961513E-01 +0.1927331886791612E+01
+0.6984255190733335E+01 +0.1945279769116716E+01 +0.1241464925040267E-01 +0.1928799254408865E+01
+0.7006931343950001E+01 +0.1946760775198755E+01 +0.1250385110478723E-01 +0.1930277150002451E+01
+0.7029607497166667E+01 +0.1948252417735266E+01 +0.1259385396549946E-01 +0.1931765667702463E+01
+0.7052283650383333E+01 +0.1949754792212096E+01 +0.1268466875882755E-01 +0.1933264902916717E+01
+0.7074959803600001E+01 +0.1951267995415960E+01 +0.1277630659848348E-01 +0.1934774952352512E+01
+0.7097635956816668E+01 +0.1952792125456723E+01 +0.1286877878956522E-01 +0.1936295914038883E+01
+0.7120312110033334E+01 +0.1954327281790133E+01 +0.1296209683261767E-01 +0.1937827887349308E+01
+0.7142988263250000E+01 +0.1955873565241051E+01 +0.1305627242779552E-01 +0.1939370973024900E+01
+0.7165664416466668E+01 +0.1957431078027170E+01 +0.1315131747913029E-01 +0.1940925273198089E+01
+0.7188340569683334E+01 +0.1958999923783236E+01 +0.1324724409890541E-01 +0.1942490891416800E+01
+0.7211016722900001E+01 +0.1960580207585786E+01 +0.1334406461214176E-01 +0.1944067932669177E+01
+0.7233692876116668E+01 +0.1962172035978429E+01 +0.1344179156119737E-01 +0.1945656503408793E+01
+0.7256369029333333E+01 +0.1963775516997659E+01 +0.1354043771048442E-01 +0.1947256711580451E+01
+0.7279045182550001E+01 +0.1965390760199232E+01 +0.1364001605130702E-01 +0.1948868666646501E+01
+0.7301721335766668E+01 +0.1967017876685119E+01 +0.1374053980682338E-01 +0.1950492479613770E+01
+0.7324397488983334E+01 +0.1968656979131041E+01 +0.1384202243713604E-01 +0.1952128263061031E+01
+0.7347073642200001E+01 +0.1970308181814614E+01 +0.1394447764451399E-01 +0.1953776131167124E+01
+0.7369749795416668E+01 +0.1971971600644100E+01 +0.1404791937875063E-01 +0.1955436199739651E+01
+0.7392425948633334E+01 +0.1973647353187809E+01 +0.1415236184266149E-01 +0.1957108586244333E+01
+0.7415102101850001E+01 +0.1975335558704140E+01 +0.1425781949772634E-01 +0.1958793409835000E+01
+0.7437778255066668E+01 +0.1977036338172293E+01 +0.1436430706987945E-01 +0.1960490791384258E+01
+0.7460454408283334E+01 +0.1978749814323666E+01 +0.1447183955545318E-01 +0.1962200853514832E+01
+0.7483130561500001E+01 +0.1980476111673963E+01 +0.1458043222727891E-01 +0.1963923720631616E+01
+0.7505806714716668E+01 +0.1982215356556009E+01 +0.1469010064095068E-01 +0.1965659518954447E+01
+0.7528482867933334E+01 +0.1983967677153317E+01 +0.1480086064125618E-01 +0.1967408376551599E+01
+0.7551159021150001E+01 +0.1985733203534421E+01 +0.1491272836878044E-01 +0.1969170423374065E+01
+0.7573835174366669E+01 +0.1987512067687974E+01 +0.1502572026668752E-01 +0.1970945791290602E+01
+0.7596511327583334E+01 +0.1989304403558662E+01 +0.1513985308768567E-01 +0.1972734614123572E+01
+0.7619187480800001E+01 +0.1991110347083938E+01 +0.1525514390118189E-01 +0.1974537027685624E+01
+0.7641863634016667E+01 +0.1992930036231598E+01 +0.1537161010063148E-01 +0.1976353169817192E+01
+0.7664539787233334E+01 +0.1994763611038237E+01 +0.1548926941108918E-01 +0.1978183180424887E+01
+0.7687215940450002E+01 +0.1996611213648584E+01 +0.1560813989696784E-01 +0.1980027201520772E+01
+0.7709892093666667E+01 +0.1998472988355763E+01 +0.1572823997001143E-01 +0.1981885377262538E+01
+0.7732568246883334E+01 +0.2000349081642502E+01 +0.1584958839748935E-01 +0.1983757853994649E+01
+0.7755244400100001E+01 +0.2002239642223293E+01 +0.1597220431061871E-01 +0.1985644780290416E+01
+0.7777920553316667E+01 +0.2004144821087564E+01 +0.1609610721322233E-01 +0.1987546306995098E+01
+0.7800596706533335E+01 +0.2006064771543871E+01 +0.1622131699062990E-01 +0.1989462587270008E+01
+0.7823272859750001E+01 +0.2007999649265135E+01 +0.1634785391883005E-01 +0.1991393776637665E+01
+0.7845949012966667E+01 +0.2009949612334968E+01 +0.1647573867388178E-01 +0.1993340033028038E+01
+0.7868625166183334E+01 +0.2011914821295107E+01 +0.1660499234159346E-01 +0.1995301516825884E+01
+0.7891301319400001E+01 +0.2013895439193988E+01 +0.1673563642747839E-01 +0.1997278390919238E+01
+0.7913977472616667E+01 +0.2015891631636511E+01 +0.1686769286699581E-01 +0.1999270820749073E+01
+0.7936653625833334E+01 +0.2017903566834994E+01 +0.1700118403608709E-01 +0.2001278974360154E+01
+0.7959329779050002E+01 +0.2019931415661383E+01 +0.1713613276201665E-01 +0.2003303022453162E+01
+0.7982005932266667E+01 +0.2021975351700743E+01 +0.1727256233452792E-01 +0.2005343138438056E+01
+0.8004682085483335E+01 +0.2024035551306058E+01 +0.1741049651732496E-01 +0.2007399498488790E+01
+0.8027358238700002E+01 +0.2026112193654399E+01 +0.1754995955989052E-01 +0.2009472281599339E+01
+0.8050034391916666E+01 +0.2028205460804470E+01 +0.1769097620965195E-01 +0.2011561669641151E+01
+0.8072710545133335E+01 +0.2030315537755604E+01 +0.1783357172450725E-01 +0.2013667847422022E+01
+0.8095386698350001E+01 +0.2032442612508229E+01 +0.1797777188572253E-01 +0.2015791002746425E+01
+0.8118062851566668E+01 +0.2034586876125862E+01 +0.1812360301121484E-01 +0.2017931326477372E+01
+0.8140739004783335E+01 +0.2036748522798661E+01 +0.1827109196923257E-01 +0.2020089012599861E+01
+0.8163415158000001E+01 +0.2038927749908597E+01 +0.1842026619244783E-01 +0.2022264258285874E+01
+0.8186091311216668E+01 +0.2041124758096288E+01 +0.1857115369247495E-01 +0.2024457263961097E+01
+0.8208767464433334E+01 +0.2043339751329541E+01 +0.1872378307482977E-01 +0.2026668233373291E+01
+0.8231443617650001E+01 +0.2045572936973657E+01 +0.1887818355434535E-01 +0.2028897373662474E+01
+0.8254119770866668E+01 +0.2047824525863557E+01 +0.1903438497106028E-01 +0.2031144895432854E+01
+0.8276795924083334E+01 +0.2050094732377783E+01 +0.1919241780659596E-01 +0.2033411012826697E+01
+0.8299472077300001E+01 +0.2052383774514412E+01 +0.1935231320104052E-01 +0.2035695943600048E+01
+0.8322148230516667E+01 +0.2054691873968986E+01 +0.1951410297035734E-01 +0.2037999909200505E+01
+0.8344824383733334E+01 +0.2057019256214463E+01 +0.1967781962433703E-01 +0.2040323134846970E+01
+0.8367500536950001E+01 +0.2059366150583307E+01 +0.1984349638511225E-01 +0.2042665849611569E+01
+0.8390176690166667E+01 +0.2061732790351744E+01 +0.2001116720625610E-01 +0.2045028286503701E+01
+0.8412852843383336E+01 +0.2064119412826265E+01 +0.2018086679248488E-01 +0.2047410682556344E+01
+0.8435528996600000E+01 +0.2066526259432461E+01 +0.2035263061998772E-01 +0.2049813278914674E+01
+0.8458205149816667E+01 +0.2068953575806239E+01 +0.2052649495740558E-01 +0.2052236320927074E+01
+0.8480881303033335E+01 +0.2071401611887501E+01 +0.2070249688748409E-01 +0.2054680058238584E+01
+0.8503557456250000E+01 +0.2073870622016393E+01 +0.2088067432942479E-01 +0.2057144744886911E+01
+0.8526233609466667E+01 +0.2076360865032159E+01 +0.2106106606196094E-01 +0.2059630639401049E+01
+0.8548909762683335E+01 +0.2078872604374718E+01 +0.2124371174718501E-01 +0.2062138004902601E+01
+0.8571585915900000E+01 +0.2081406108189045E+01 +0.2142865195515608E-01 +0.2064667109209896E+01
+0.8594262069116668E+01 +0.2083961649432437E+01 +0.2161592818931645E-01 +0.2067218224945005E+01
+0.8616938222333335E+01 +0.2086539505984776E+01 +0.2180558291274837E-01 +0.2069791629643687E+01
+0.8639614375550000E+01 +0.2089139960761863E+01 +0.2199765957530293E-01 +0.2072387605868465E+01
+0.8662290528766668E+01 +0.2091763301831956E+01 +0.2219220264163433E-01 +0.2075006441324849E+01
+0.8684966681983335E+01 +0.2094409822535582E+01 +0.2238925762017454E-01 +0.2077648428980832E+01
+0.8707642835200001E+01 +0.2097079821608766E+01 +0.2258887109308470E-01 +0.2080313867189796E+01
+0.8730318988416668E+01 +0.2099773603309768E+01 +0.2279109074722135E-01 +0.2083003059816913E+01
+0.8752995141633335E+01 +0.2102491477549453E+01 +0.2299596540615689E-01 +0.2085716316369160E+01
+0.8775671294850001E+01 +0.2105233760025429E+01 +0.2320354506329595E-01 +0.2088453952129085E+01
+0.8798347448066668E+01 +0.2108000772360053E+01 +0.2341388091613101E-01 +0.2091216288292455E+01
+0.8821023601283335E+01 +0.2110792842242468E+01 +0.2362702540168190E-01 +0.2094003652109869E+01
+0.8843699754500001E+01 +0.2113610303574791E+01 +0.2384303223316714E-01 +0.2096816377032556E+01
+0.8866375907716668E+01 +0.2116453496622595E+01 +0.2406195643795623E-01 +0.2099654802862425E+01
+0.8889052060933334E+01 +0.2119322768169848E+01 +0.2428385439685399E-01 +0.2102519275906550E+01
+0.8911728214150001E+01 +0.2122218471678445E+01 +0.2450878388477194E-01 +0.2105410149136258E+01
+0.8934404367366668E+01 +0.2125140967452507E+01 +0.2473680411284207E-01 +0.2108327782350931E+01
+0.8957080520583334E+01 +0.2128090622807620E+01 +0.2496797577203314E-01 +0.2111272542346745E+01
+0.8979756673800001E+01 +0.2131067812245159E+01 +0.2520236107833019E-01 +0.2114244803090495E+01
+0.9002432827016667E+01 +0.2134072917631924E+01 +0.2544002381954296E-01 +0.2117244945898650E+01
+0.9025108980233334E+01 +0.2137106328385233E+01 +0.2568102940381027E-01 +0.2120273359621915E+01
+0.9047785133450001E+01 +0.2140168441663705E+01 +0.2592544490987150E-01 +0.2123330440835404E+01
+0.9070461286666669E+01 +0.2143259662563903E+01 +0.2617333913917941E-01 +0.2126416594034688E+01
+0.9093137439883334E+01 +0.2146380404323085E+01 +0.2642478266993226E-01 +0.2129532231837878E+01
+0.9115813593100000E+01 +0.2149531088528258E+01 +0.2667984791310634E-01 +0.2132677775194044E+01
+0.9138489746316669E+01 +0.2152712145331786E+01 +0.2693860917057506E-01 +0.2135853653598113E+01
+0.9161165899533334E+01 +0.2155924013673777E+01 +0.2720114269540329E-01 +0.2139060305312518E+01
+0.9183842052750002E+01 +0.2159167141511524E+01 +0.2746752675441200E-01 +0.2142298177595916E+01
+0.9206518205966669E+01 +0.2162441986056224E+01 +0.2773784169311068E-01 +0.2145567726939082E+01
+0.9229194359183333E+01 +0.2165749014017297E+01 +0.2801217000310182E-01 +0.2148869419308431E+01
+0.9251870512400002E+01 +0.2169088701854555E+01 +0.2829059639206567E-01 +0.2152203730397310E+01
+0.9274546665616668E+01 +0.2172461536038530E+01 +0.2857320785643886E-01 +0.2155571145885442E+01
+0.9297222818833333E+01 +0.2175868013319274E+01 +0.2886009375690739E-01 +0.2158972161706774E+01
+0.9319898972050002E+01 +0.2179308641003958E+01 +0.2915134589683898E-01 +0.2162407284326118E+01
+0.9342575125266668E+01 +0.2182783937243600E+01 +0.2944705860378675E-01 +0.2165877031024834E+01
+0.9365251278483335E+01 +0.2186294431329289E+01 +0.2974732881420392E-01 +0.2169381930195992E+01
+0.9387927431700001E+01 +0.2189840663998258E+01 +0.3005225616151433E-01 +0.2172922521649336E+01
+0.9410603584916668E+01 +0.2193423187750214E+01 +0.3036194306769273E-01 +0.2176499356926430E+01
+0.9433279738133335E+01 +0.2197042567174302E+01 +0.3067649483851639E-01 +0.2180112999626418E+01
+0.9455955891350001E+01 +0.2200699379287163E+01 +0.3099601976265727E-01 +0.2183764025742784E+01
+0.9478632044566668E+01 +0.2204394213882482E+01 +0.3132062921479384E-01 +0.2187453024011570E+01
+0.9501308197783334E+01 +0.2208127673892530E+01 +0.3165043776293072E-01 +0.2191180596271518E+01
+0.9523984351000001E+01 +0.2211900375762152E+01 +0.3198556328012353E-01 +0.2194947357836591E+01
+0.9546660504216668E+01 +0.2215712949835726E+01 +0.3232612706081881E-01 +0.2198753937881386E+01
+0.9569336657433334E+01 +0.2219566040757618E+01 +0.3267225394202770E-01 +0.2202600979839996E+01
+0.9592012810650001E+01 +0.2223460307886679E+01 +0.3302407242956595E-01 +0.2206489141818807E+01
+0.9614688963866667E+01 +0.2227396425725375E+01 +0.3338171482960432E-01 +0.2210419097023853E+01
+0.9637365117083334E+01 +0.2231375084364153E+01 +0.3374531738578696E-01 +0.2214391534203357E+01
+0.9660041270300001E+01 +0.2235396989941682E+01 +0.3411502042219015E-01 +0.2218407158105991E+01
+0.9682717423516667E+01 +0.2239462865121632E+01 +0.3449096849240792E-01 +0.2222466689955637E+01
+0.9705393576733334E+01 +0.2243573449586704E+01 +0.3487331053506777E-01 +0.2226570867943274E+01
+0.9728069729950002E+01 +0.2247729500550625E+01 +0.3526220003609648E-01 +0.2230720447736719E+01
+0.9750745883166667E+01 +0.2251931793288899E+01 +0.3565779519807405E-01 +0.2234916203009012E+01
+0.9773422036383334E+01 +0.2256181121689111E+01 +0.3606025911703292E-01 +0.2239158925986263E+01
+0.9796098189600002E+01 +0.2260478298821626E+01 +0.3646975996708014E-01 +0.2243449428015721E+01
+0.9818774342816667E+01 +0.2264824157531601E+01 +0.3688647119324216E-01 +0.2247788540155060E+01
+0.9841450496033335E+01 +0.2269219551053210E+01 +0.3731057171295460E-01 +0.2252177113783725E+01
+0.9864126649250002E+01 +0.2273665353647083E+01 +0.3774224612664373E-01 +0.2256616021237341E+01
+0.9886802802466667E+01 +0.2278162461262005E+01 +0.3818168493787448E-01 +0.2261106156466217E+01
+0.9909478955683335E+01 +0.2282711792221928E+01 +0.3862908478356407E-01 +0.2265648435719034E+01
+0.9932155108900002E+01 +0.2287314287939467E+01 +0.3908464867479512E-01 +0.2270243798252773E+01
+0.9954831262116668E+01 +0.2291970913657067E+01 +0.3954858624878901E-01 +0.2274893207070185E+01
+0.9977507415333335E+01 +0.2296682659217104E+01 +0.4002111403263789E-01 +0.2279597649685994E+01
+0.1000018356855000E+02 +0.2301450539862262E+01 +0.4050245571942739E-01 +0.2284358138923101E+01
+0.1002285972176667E+02 +0.2306275597067564E+01 +0.4099284245742296E-01 +0.2289175713740296E+01
+0.1004553587498333E+02 +0.2311158899405555E+01 +0.4149251315303222E-01 +0.2294051440092853E+01
+0.1006821202820000E+02 +0.2316101543446179E+01 +0.4200171478830077E-01 +0.2298986411827559E+01
+0.1009088818141667E+02 +0.2321104654692979E+01 +0.4252070275374638E-01 +0.2303981751613783E+01
+0.1011356433463333E+02 +0.2326169388557375E+01 +0.4304974119738669E-01 +0.2309038611912403E+01
+0.1013624048785000E+02 +0.2331296931372801E+01 +0.4358910339086887E-01 +0.2314158175984202E+01
+0.1015891664106667E+02 +0.2336488501450664E+01 +0.4413907211366955E-01 +0.2319341658939833E+01
+0.1018159279428333E+02 +0.2341745350180104E+01 +0.4469994005639362E-01 +0.2324590308833208E+01
+0.1020426894750000E+02 +0.2347068763173750E+01 +0.4527201024426725E-01 +0.2329905407800514E+01
+0.1022694510071667E+02 +0.2352460061461687E+01 +0.4585559648199357E-01 +0.2335288273247085E+01
+0.1024962125393333E+02 +0.2357920602736041E+01 +0.4645102382121286E-01 +0.2340740259084426E+01
+0.1027229740715000E+02 +0.2363451782648713E+01 +0.4705862905189462E-01 +0.2346262757019981E+01
+0.1029497356036667E+02 +0.2369055036164915E+01 +0.4767876121907481E-01 +0.2351857197902241E+01
+0.1031764971358334E+02 +0.2374731838975345E+01 +0.4831178216644713E-01 +0.2357525053123922E+01
+0.1034032586680000E+02 +0.2380483708969970E+01 +0.4895806710841966E-01 +0.2363267836086313E+01
+0.1036300202001667E+02 +0.2386312207776607E+01 +0.4961800523235681E-01 +0.2369087103727746E+01
+0.1038567817323334E+02 +0.2392218942367623E+01 +0.5029200033284562E-01 +0.2374984458119648E+01
+0.1040835432645000E+02 +0.2398205566738313E+01 +0.5098047147995187E-01 +0.2380961548133565E+01
+0.1043103047966667E+02 +0.2404273783660727E+01 +0.5168385372356881E-01 +0.2387020071182978E+01
+0.1045370663288334E+02 +0.2410425346516904E+01 +0.5240259883610807E-01 +0.2393161775043716E+01
+0.1047638278610000E+02 +0.2416662061215770E+01 +0.5313717609594364E-01 +0.2399388459757283E+01
+0.1049905893931667E+02 +0.2422985788198174E+01 +0.5388807311418935E-01 +0.2405701979621445E+01
+0.1052173509253334E+02 +0.2429398444534820E+01 +0.5465579670757677E-01 +0.2412104245272753E+01
+0.1054441124575000E+02 +0.2435902006122172E+01 +0.5544087382040231E-01 +0.2418597225866095E+01
+0.1056708739896667E+02 +0.2442498509981684E+01 +0.5624385249872699E-01 +0.2425182951356499E+01
+0.1058976355218334E+02 +0.2449190056668095E+01 +0.5706530292024869E-01 +0.2431863514888820E+01
+0.1061243970540000E+02 +0.2455978812792840E+01 +0.5790581848351990E-01 +0.2438641075301367E+01
+0.1063511585861667E+02 +0.2462867013669070E+01 +0.5876601696046013E-01 +0.2445517859749789E+01
+0.1065779201183333E+02 +0.2469856966085138E+01 +0.5964654171640778E-01 +0.2452496166457988E+01
+0.1068046816505000E+02 +0.2476951051213908E+01 +0.6054806300228467E-01 +0.2459578367603382E+01
+0.1070314431826667E+02 +0.2484151727665673E+01 +0.6147127932379249E-01 +0.2466766912344093E+01
+0.1072582047148333E+02 +0.2491461534693018E+01 +0.6241691889294419E-01 +0.2474064329996271E+01
+0.1074849662470000E+02 +0.2498883095556522E+01 +0.6338574116764946E-01 +0.2481473233370438E+01
+0.1077117277791667E+02 +0.2506419121060749E+01 +0.6437853848552036E-01 +0.2488996322275946E+01
+0.1079384893113333E+02 +0.2514072413270656E+01 +0.6539613779855852E-01 +0.2496636387203711E+01
+0.1081652508435000E+02 +0.2521845869419237E+01 +0.6643940251591554E-01 +0.2504396313197728E+01
+0.1083920123756667E+02 +0.2529742486017914E+01 +0.6750923446250395E-01 +0.2512279083926715E+01
+0.1086187739078333E+02 +0.2537765363182075E+01 +0.6860657596187045E-01 +0.2520287785968121E+01
+0.1088455354400000E+02 +0.2545917709184901E+01 +0.6973241205243672E-01 +0.2528425613317387E+01
+0.1090722969721667E+02 +0.2554202845253689E+01 +0.7088777284697129E-01 +0.2536695872136287E+01
+0.1092990585043333E+02 +0.2562624210623762E+01 +0.7207373604598491E-01 +0.2545101985755426E+01
+0.1095258200365000E+02 +0.2571185367866216E+01 +0.7329142961664814E-01 +0.2553647499946546E+01
+0.1097525815686667E+02 +0.2579890008506887E+01 +0.7454203464982236E-01 +0.2562336088481935E+01
+0.1099793431008333E+02 +0.2588741958955215E+01 +0.7582678840888586E-01 +0.2571171558999047E+01
+0.1102061046330000E+02 +0.2597745186763024E+01 +0.7714698758522721E-01 +0.2580157859190124E+01
+0.1104328661651667E+02 +0.2606903807234727E+01 +0.7850399177659109E-01 +0.2589299083337727E+01
+0.1106596276973333E+02 +0.2616222090412089E+01 +0.7989922720590142E-01 +0.2598599479219011E+01
+0.1108863892295000E+02 +0.2625704468458395E+01 +0.8133419069976974E-01 +0.2608063455402852E+01
+0.1111131507616667E+02 +0.2635355543468769E+01 +0.8281045394764122E-01 +0.2617695588966110E+01
+0.1113399122938333E+02 +0.2645180095735437E+01 +0.8432966806444966E-01 +0.2627500633657181E+01
+0.1115666738260000E+02 +0.2655183092498970E+01 +0.8589356848177626E-01 +0.2637483528537092E+01
+0.1117934353581667E+02 +0.2665369697218896E+01 +0.8750398019483754E-01 +0.2647649407130740E+01
+0.1120201968903334E+02 +0.2675745279399779E+01 +0.8916282339522145E-01 +0.2658003607123623E+01
+0.1122469584225000E+02 +0.2686315425011679E+01 +0.9087211952214119E-01 +0.2668551680641826E+01
+0.1124737199546667E+02 +0.2697085947546999E+01 +0.9263399776814507E-01 +0.2679299405156307E+01
+0.1127004814868334E+02 +0.2708062899759157E+01 +0.9445070207872780E-01 +0.2690252795055771E+01
+0.1129272430190000E+02 +0.2719252586132213E+01 +0.9632459868918077E-01 +0.2701418113935833E+01
+0.1131540045511667E+02 +0.2730661576134554E+01 +0.9825818424633700E-01 +0.2712801887656202E+01
+0.1133807660833333E+02 +0.2742296718314237E+01 +0.1002540945676828E+00 +0.2724410918221808E+01
+0.1136075276155000E+02 +0.2754165155298311E+01 +0.1023151140956463E+00 +0.2736252298548422E+01
+0.1138342891476667E+02 +0.2766274339763746E+01 +0.1044441861108444E+00 +0.2748333428178313E+01
+0.1140610506798333E+02 +0.2778632051453342E+01 +0.1066444237747209E+00 +0.2760662030017134E+01
+0.1142878122120000E+02 +0.2791246415316222E+01 +0.1089191220794340E+00 +0.2773246168169085E+01
+0.1145145737441667E+02 +0.2804125920859533E+01 +0.1112717707911729E+00 +0.2786094266954123E+01
+0.1147413352763333E+02 +0.2817279442805366E+01 +0.1137060684823804E+00 +0.2799215131198121E+01
+0.1149680968085000E+02 +0.2830716263155348E+01 +0.1162259377587997E+00 +0.2812617967894880E+01
+0.1151948583406667E+02 +0.2844446094774323E+01 +0.1188355417989776E+00 +0.2826312409347373E+01
+0.1154216198728333E+02 +0.2858479106614613E+01 +0.1215393023370248E+00 +0.2840308537905303E+01
+0.1156483814050000E+02 +0.2872825950713235E+01 +0.1243419192342587E+00 +0.2854616912426264E+01
+0.1158751429371667E+02 +0.2887497791106585E+01 +0.1272483918020661E+00 +0.2869248596599316E+01
+0.1161019044693333E+02 +0.2902506334820290E+01 +0.1302640420571843E+00 +0.2884215189282291E+01
+0.1163286660015000E+02 +0.2917863865106561E+01 +0.1333945401119206E+00 +0.2899528857017853E+01
+0.1165554275336667E+02 +0.2933583277117441E+01 +0.1366459319259728E+00 +0.2915202368908477E+01
+0.1167821890658333E+02 +0.2949678116220022E+01 +0.1400246696738783E+00 +0.2931249134047107E+01
+0.1170089505980000E+02 +0.2966162619179223E+01 +0.1435376450131950E+00 +0.2947683241718399E+01
+0.1172357121301667E+02 +0.2983051758455209E+01 +0.1471922255738687E+00 +0.2964519504605637E+01
+0.1174624736623334E+02 +0.3000361289886241E+01 +0.1509962950294969E+00 +0.2981773505260263E+01
+0.1176892351945000E+02 +0.3018107804053844E+01 +0.1549582971571389E+00 +0.2999461646115201E+01
+0.1179159967266667E+02 +0.3036308781656067E+01 +0.1590872843448327E+00 +0.3017601203349789E+01
+0.1181427582588334E+02 +0.3054982653246332E+01 +0.1633929710660867E+00 +0.3036210384943170E+01
+0.1183695197910000E+02 +0.3074148863730410E+01 +0.1678857929095586E+00 +0.3055308393284994E+01
+0.1185962813231667E+02 +0.3093827942052727E+01 +0.1725769718313518E+00 +0.3074915492747513E+01
+0.1188230428553334E+02 +0.3114041576545701E+01 +0.1774785883885387E+00 +0.3095053082661422E+01
+0.1190498043875000E+02 +0.3134812696462570E+01 +0.1826036618176755E+00 +0.3115743776179543E+01
+0.1192765659196667E+02 +0.3156165560265719E+01 +0.1879662389435851E+00 +0.3137011485558802E+01
+0.1195033274518333E+02 +0.3178125851298925E+01 +0.1935814930443510E+00 +0.3158881514440389E+01
+0.1197300889840000E+02 +0.3200720781533709E+01 +0.1994658339616622E+00 +0.3181380657761629E+01
+0.1199568505161667E+02 +0.3223979204147791E+01 +0.2056370309353634E+00 +0.3204537309992770E+01
+0.1201836120483333E+02 +0.3247931735766930E+01 +0.2121143498620509E+00 +0.3228381582452823E+01
+0.1204103735805000E+02 +0.3272610889281472E+01 +0.2189187069355735E+00 +0.3252945430527167E+01
+0.1206371351126667E+02 +0.3298051218234877E+01 +0.2260728409291525E+00 +0.3278262791679318E+01
+0.1208638966448333E+02 +0.3324289473873606E+01 +0.2336015067328152E+00 +0.3304369735223621E+01
+0.1210906581770000E+02 +0.3351364776045675E+01 +0.2415316931758927E+00 +0.3331304624901859E+01
+0.1213174197091667E+02 +0.3379318799237478E+01 +0.2498928686544620E+00 +0.3359108295383239E+01
+0.1215441812413333E+02 +0.3408195975144160E+01 +0.2587172586624101E+00 +0.3387824243881514E+01
+0.1217709427735000E+02 +0.3438043713274975E+01 +0.2680401600099777E+00 +0.3417498838152428E+01
+0.1219977043056667E+02 +0.3468912641198081E+01 +0.2779002973267024E+00 +0.3448181542192588E+01
+0.1222244658378334E+02 +0.3500856866123578E+01 +0.2883402284129830E+00 +0.3479925161000807E+01
+0.1224512273700000E+02 +0.3533934259601393E+01 +0.2994068061581538E+00 +0.3512786105775997E+01
+0.1226779889021667E+02 +0.3568206767160288E+01 +0.3111517061224823E+00 +0.3546824680895195E+01
+0.1229047504343334E+02 +0.3603740744720109E+01 +0.3236320305343023E+00 +0.3582105393924795E+01
+0.1231315119665000E+02 +0.3640607323548991E+01 +0.3369110014413665E+00 +0.3618697289740164E+01
+0.1233582734986667E+02 +0.3678882805379064E+01 +0.3510587581509961E+00 +0.3656674309526444E+01
+0.1235850350308334E+02 +0.3718649088995501E+01 +0.3661532769879019E+00 +0.3696115674958256E+01
+0.1238117965630000E+02 +0.3759994129113743E+01 +0.3822814349043396E+00 +0.3737106297140480E+01
+0.1240385580951667E+02 +0.3803012427575397E+01 +0.3995402427343352E+00 +0.3779737208841220E+01
+0.1242653196273334E+02 +0.3847805555708724E+01 +0.4180382790654082E+00 +0.3824106017036515E+01
+0.1244920811595000E+02 +0.3894482704954586E+01 +0.4378973620227304E+00 +0.3870317370636986E+01
+0.1247188426916667E+02 +0.3943161260329884E+01 +0.4592545039886077E+00 +0.3918483435239960E+01
+0.1249456042238334E+02 +0.3993967387677865E+01 +0.4822642037447019E+00 +0.3968724362510804E+01
+0.1251723657560000E+02 +0.4047036620505856E+01 +0.5071011421330169E+00 +0.4021168735890207E+01
+0.1253991272881667E+02 +0.4102514424930733E+01 +0.5339633615841586E+00 +0.4075953966106818E+01
+0.1256258888203333E+02 +0.4160556710994157E+01 +0.5630760273667638E+00 +0.4133226598566178E+01
+0.1258526503525000E+02 +0.4221330244182782E+01 +0.5946958899024686E+00 +0.4193142478857145E+01
+0.1260794118846667E+02 +0.4285012890715432E+01 +0.6291165938298304E+00 +0.4255866700639276E+01
+0.1263061734168333E+02 +0.4351793601670907E+01 +0.6666750116771655E+00 +0.4321573229654237E+01
+0.1265329349490000E+02 +0.4421872000969318E+01 +0.7077588190924795E+00 +0.4390444055157452E+01
+0.1267596964811667E+02 +0.4495457385823099E+01 +0.7528155756402648E+00 +0.4462667660965725E+01
+0.1269864580133333E+02 +0.4572766868768800E+01 +0.8023636310444715E+00 +0.4538436525914536E+01
+0.1272132195455000E+02 +0.4654022278143689E+01 +0.8570052416227089E+00 +0.4617943248481732E+01
+0.1274399810776667E+02 +0.4739445275191795E+01 +0.9174423542747063E+00 +0.4701374729618673E+01
+0.1276667426098333E+02 +0.4829249921470555E+01 +0.9844955916491162E+00 +0.4788903623273761E+01
+0.1278935041420000E+02 +0.4923631612552460E+01 +0.1059127042486616E+01 +0.4880675950677336E+01
+0.1281202656741667E+02 +0.5022750845093453E+01 +0.1142467506180921E+01 +0.4976793338281863E+01
+0.1283470272063333E+02 +0.5126709652073179E+01 +0.1235848823164998E+01 +0.5077287735608983E+01
+0.1285737887385000E+02 +0.5235517656327290E+01 +0.1340841774636776E+01 +0.5182085641936788E+01
+0.1288005502706667E+02 +0.5349043468775283E+01 +0.1459299634760270E+01 +0.5290957755119534E+01
+0.1290273118028333E+02 +0.5466945497715068E+01 +0.1593406593923983E+01 +0.5403448491310852E+01
+0.1292540733350000E+02 +0.5588574056828018E+01 +0.1745728582446684E+01 +0.5518777988136105E+01
+0.1294808348671667E+02 +0.5712833962541267E+01 +0.1919260914405434E+01 +0.5635707088560820E+01
+0.1297075963993333E+02 +0.5837993836233792E+01 +0.2117461694672509E+01 +0.5752353780092208E+01
+0.1299343579315000E+02 +0.5961425884304302E+01 +0.2344250678411525E+01 +0.5865948604134775E+01
+0.1301611194636667E+02 +0.6079260043095500E+01 +0.2603938369076309E+01 +0.5972518791672044E+01
+0.1303878809958333E+02 +0.6185943400981293E+01 +0.2901027693155613E+01 +0.6066500521080023E+01
+0.1306146425280000E+02 +0.6273718050755973E+01 +0.3239800298213497E+01 +0.6140303044637645E+01
+0.1308414040601667E+02 +0.6332081654846371E+01 +0.3623566885207865E+01 +0.6183898224191689E+01
+0.1310681655923334E+02 +0.6347392434836149E+01 +0.4053445874101579E+01 +0.6184595194068015E+01
+0.1312949271245000E+02 +0.6302933199730310E+01 +0.4526583858197241E+01 +0.6127281179309318E+01
+0.1315216886566667E+02 +0.6179924285799040E+01 +0.5033923930593291E+01 +0.5995524608936387E+01
+0.1317484501888334E+02 +0.5960039470710234E+01 +0.5558039411793203E+01 +0.5773928093119707E+01
+0.1319752117210000E+02 +0.5629670986766103E+01 +0.6072121495139975E+01 +0.5451800361789698E+01
+0.1322019732531667E+02 +0.5185281822159798E+01 +0.6541550432523680E+01 +0.5027484248875989E+01
+0.1324287347853334E+02 +0.4637937042410583E+01 +0.6928918998761988E+01 +0.4511808880917698E+01
+0.1326554963175000E+02 +0.4014567849957379E+01 +0.7201681919186340E+01 +0.3928861304083455E+01
+0.1328822578496667E+02 +0.3354661293567140E+01 +0.7339858026301686E+01 +0.3313140512098109E+01
+0.1331090193818333E+02 +0.2703200606597296E+01 +0.7341023430642384E+01 +0.2703674203726796E+01
+0.1333357809140000E+02 +0.2101989417726616E+01 +0.7221139230589532E+01 +0.2136747216211433E+01
+0.1335625424461667E+02 +0.1581609273398700E+01 +0.7011048425805227E+01 +0.1639167127629508E+01
+0.1337893039783333E+02 +0.1156132976251106E+01 +0.6749447065679191E+01 +0.1223846893361498E+01
+0.1340160655105000E+02 +0.8221373541248033E+00 +0.6474345634059715E+01 +0.8888720987799389E+00
+0.1342428270426667E+02 +0.5619256835373639E+00 +0.6215678112508868E+01 +0.6199972042957400E+00
+0.1344695885748333E+02 +0.3492661869636380E+00 +0.5990802643284860E+01 +0.3953672004397100E+00
+0.1346963501070000E+02 +0.1557655465741404E+00 +0.5803041811836862E+01 +0.1910152796648450E+00
+0.1349231116391667E+02 -0.4311038940318890E-01 +0.5642661009192273E+01 -0.1381752097954636E-01
+0.1351498731713333E+02 -0.2627505485104356E+00 +0.5490029282546441E+01 -0.2321145222012815E+00
+0.1353766347035000E+02 -0.5056425136650383E+00 +0.5321114752577254E+01 -0.4660622566676540E+00
+0.1356033962356667E+02 -0.7607577208935254E+00 +0.5114792266194801E+01 -0.7067566335033444E+00
+0.1358301577678334E+02 -0.1007378427991079E+01 +0.4859736722600797E+01 -0.9373856728001122E+00
+0.1360569193000000E+02 -0.1222459560175730E+01 +0.4557715547784242E+01 -0.1139034315061784E+01
+0.1362836808321667E+02 -0.1388139746498607E+01 +0.4221660158134326E+01 -0.1296617081880931E+01
+0.1365104423643334E+02 -0.1495923675722246E+01 +0.3870068663852869E+01 -0.1402404469586469E+01
+0.1367372038965000E+02 -0.1546550318656387E+01 +0.3521090882636574E+01 -0.1456284608231198E+01
+0.1369639654286667E+02 -0.1547097668856894E+01 +0.3188772497886330E+01 -0.1463727742464166E+01
+0.1371907269608333E+02 -0.1507533475500701E+01 +0.2881910217715715E+01 -0.1433066921323535E+01
+0.1374174884930000E+02 -0.1438090717958660E+01 +0.2604653950365283E+01 -0.1373248889203138E+01
+0.1376442500251667E+02 -0.1347803363349690E+01 +0.2357794248404840E+01 -0.1292453808845416E+01
+0.1378710115573334E+02 -0.1243959186726981E+01 +0.2140043164551973E+01 -0.1197483082627725E+01
+0.1380977730895000E+02 -0.1132094623676357E+01 +0.1949023492086699E+01 -0.1093647098366396E+01
+0.1383245346216667E+02 -0.1016235579550474E+01 +0.1781928883073558E+01 -0.9849090171279753E+00
+0.1385512961538333E+02 -0.8992069485713825E+00 +0.1635918131671759E+01 -0.8741230901108490E+00
+0.1387780576860000E+02 -0.7829247884701969E+00 +0.1508325742730560E+01 -0.7632803977376610E+00
+0.1390048192181667E+02 -0.6686392897494281E+00 +0.1396757470787171E+01 -0.6537239860828801E+00
+0.1392315807503334E+02 -0.5571237101520519E+00 +0.1299119291790500E+01 -0.5463223579064442E+00
+0.1394583422825000E+02 -0.4488156076160965E+00 +0.1213610895834616E+01 -0.4416029134473816E+00
+0.1396851038146667E+02 -0.3439198795552996E+00 +0.1138702382211501E+01 -0.3398516587884528E+00
+0.1399118653468333E+02 -0.2424828126667193E+00 +0.1073104784249994E+01 -0.2411863883469476E+00
+0.1401386268790000E+02 -0.1444448398636345E+00 +0.1015740129311452E+01 -0.1456098483558652E+00
+0.1403653884111667E+02 -0.4967801197787916E-01 +0.9657138642293610E+00 -0.5304820927816678E-01
+0.1405921499433333E+02 +0.4198728452387271E-01 +0.9222908644581136E+00 +0.3662099404074881E-01
+0.1408189114755000E+02 +0.1307429893603375E+00 +0.8848753805116517E+00 +0.1235482744590582E+00
+0.1410456730076667E+02 +0.2167888811619408E+00 +0.8529948348094641E+00 +0.2078965244499908E+00
+0.1412724345398333E+02 +0.3003209924393176E+00 +0.8262871669698739E+00 +0.2898283664647842E+00
+0.1414991960720000E+02 +0.3815213408744652E+00 +0.8044913106687557E+00 +0.3694949663944030E+00
+0.1417259576041667E+02 +0.4605475781590804E+00 +0.7874402832557466E+00 +0.4470249497930162E+00
+0.1419527191363334E+02 +0.5375212051333286E+00 +0.7750562057172943E+00 +0.5225121399219785E+00
+0.1421794806685000E+02 +0.6125129508635853E+00 +0.7673462632432344E+00 +0.5960008465579221E+00
+0.1424062422006667E+02 +0.6855238324710854E+00 +0.7643980606962786E+00 +0.6674674528425846E+00
+0.1426330037328333E+02 +0.7564604424892758E+00 +0.7663718888781532E+00 +0.7367972228208131E+00
+0.1428597652650000E+02 +0.8251034392906009E+00 +0.7734859560678293E+00 +0.8037558652493073E+00
+0.1430865267971667E+02 +0.8910695924637735E+00 +0.7859886055762043E+00 +0.8679569291797353E+00
+0.1433132883293334E+02 +0.9537709813028997E+00 +0.8041092450099024E+00 +0.9288293094613629E+00
+0.1435400498615000E+02 +0.1012381293141378E+01 +0.8279784036183832E+00 +0.9855948076237693E+00
+0.1437668113936667E+02 +0.1065829433201504E+01 +0.8575101054620680E+00 +0.1037273898337519E+01
+0.1439935729258333E+02 +0.1112852946733562E+01 +0.8922521685557580E+00 +0.1082745990852759E+01
+0.1442203344580000E+02 +0.1152149083766398E+01 +0.9312381263927197E+00 +0.1120890377716014E+01
+0.1444470959901667E+02 +0.1182640223244610E+01 +0.9729155108214286E+00 +0.1150811509199219E+01
+0.1446738575223334E+02 +0.1203802260120341E+01 +0.1015250852619305E+01 +0.1172097286070650E+01
+0.1449006190545000E+02 +0.1215904810623337E+01 +0.1056063604991689E+01 +0.1184992277799017E+01
+0.1451273805866667E+02 +0.1219973569140113E+01 +0.1093484952949875E+01 +0.1190357724954556E+01
+0.1453541421188334E+02 +0.1217427452566897E+01 +0.1126268246188014E+01 +0.1189404186302143E+01
+0.1455809036510000E+02 +0.1209626974717010E+01 +0.1153711407496229E+01 +0.1183372978993060E+01
+0.1458076651831667E+02 +0.1197715815389252E+01 +0.1175267432828743E+01 +0.1173423419716122E+01
+0.1460344267153334E+02 +0.1182910445726368E+01 +0.1190249700869735E+01 +0.1160817764556059E+01
+0.1462611882475000E+02 +0.1166948688964055E+01 +0.1198011610871724E+01 +0.1147197344522497E+01
+0.1464879497796667E+02 +0.1152180912425840E+01 +0.1198555456982785E+01 +0.1134599146771069E+01
+0.1467147113118333E+02 +0.1141041432942860E+01 +0.1193079770463421E+01 +0.1125042349737337E+01
+0.1469414728440000E+02 +0.1135170764588536E+01 +0.1183949518318498E+01 +0.1119876861098259E+01
+0.1471682343761667E+02 +0.1134765652814699E+01 +0.1174008244037906E+01 +0.1119299230243520E+01
+0.1473949959083334E+02 +0.1138552230582131E+01 +0.1165612956631942E+01 +0.1122331977248743E+01
+0.1476217574405000E+02 +0.1144365924865130E+01 +0.1159876175769099E+01 +0.1127277760073881E+01
+0.1478485189726667E+02 +0.1150055800181531E+01 +0.1156409219586521E+01 +0.1132442550893080E+01
+0.1480752805048333E+02 +0.1154372872898908E+01 +0.1153642427798242E+01 +0.1136845949743631E+01
+0.1483020420370000E+02 +0.1157513319819482E+01 +0.1149631381657626E+01 +0.1140643098206041E+01
+0.1485288035691667E+02 +0.1161050530771852E+01 +0.1143065765343800E+01 +0.1145059230862965E+01
+0.1487555651013334E+02 +0.1167221712064734E+01 +0.1134024841604776E+01 +0.1151831743764741E+01
+0.1489823266335000E+02 +0.1177898785795529E+01 +0.1124089632524291E+01 +0.1162413440994404E+01
+0.1492090881656667E+02 +0.1193767531781991E+01 +0.1115790909825068E+01 +0.1177320362759135E+01
+0.1494358496978333E+02 +0.1214054856937078E+01 +0.1111745800098411E+01 +0.1195886180139509E+01
+0.1496626112300000E+02 +0.1236779159776760E+01 +0.1113896523315554E+01 +0.1216433331371757E+01
+0.1498893727621667E+02 +0.1259290099984794E+01 +0.1123062280984928E+01 +0.1236704105155420E+01
+0.1501161342943334E+02 +0.1278886433950029E+01 +0.1138819346800220E+01 +0.1254380646501142E+01
+0.1503428958265000E+02 +0.1293388395583479E+01 +0.1159670640117225E+01 +0.1267569438318362E+01
+0.1505696573586667E+02 +0.1301551146622391E+01 +0.1183476132700683E+01 +0.1275139740286279E+01
+0.1507964188908334E+02 +0.1303164298161357E+01 +0.1208050305819804E+01 +0.1276800900594850E+01
+0.1510231804230000E+02 +0.1298743966187023E+01 +0.1231677123340677E+01 +0.1272873640489379E+01
+0.1512499419551667E+02 +0.1288973344512487E+01 +0.1253228657193024E+01 +0.1263891198271523E+01
+0.1514767034873334E+02 +0.1274306160270714E+01 +0.1271796335838258E+01 +0.1250328537346817E+01
+0.1517034650195000E+02 +0.1255100305660298E+01 +0.1286151129793012E+01 +0.1232706341663543E+01
+0.1519302265516667E+02 +0.1232242244191712E+01 +0.1294565639975279E+01 +0.1212027288628201E+01
+0.1521569880838334E+02 +0.1207775844603943E+01 +0.1295312122789207E+01 +0.1190192572809234E+01
+0.1523837496160000E+02 +0.1184949233092846E+01 +0.1287630699320832E+01 +0.1169985765103571E+01
+0.1526105111481667E+02 +0.1167467144201920E+01 +0.1272545771508256E+01 +0.1154481316830385E+01
+0.1528372726803333E+02 +0.1158314011159170E+01 +0.1252965112024388E+01 +0.1146138402004742E+01
+0.1530640342125000E+02 +0.1158799290544289E+01 +0.1232997859568957E+01 +0.1146044528284764E+01
+0.1532907957446667E+02 +0.1168242620518172E+01 +0.1216914870891513E+01 +0.1153627174209134E+01
+0.1535175572768333E+02 +0.1184251993000153E+01 +0.1208248821608973E+01 +0.1166833565993666E+01
+0.1537443188090000E+02 +0.1203282614385667E+01 +0.1209259306487090E+01 +0.1182572116261773E+01
+0.1539710803411667E+02 +0.1221213624721261E+01 +0.1220703834950906E+01 +0.1197216644635643E+01
+0.1541978418733333E+02 +0.1233871000678875E+01 +0.1241763796591223E+01 +0.1207098085118854E+01
+0.1544246034055000E+02 +0.1237563443983255E+01 +0.1270058048714814E+01 +0.1209007466049141E+01
+0.1546513649376667E+02 +0.1229694928738639E+01 +0.1301821049089401E+01 +0.1200731803160534E+01
+0.1548781264698334E+02 +0.1209375930654593E+01 +0.1332399826790019E+01 +0.1181543978921241E+01
+0.1551048880020000E+02 +0.1177772664812793E+01 +0.1357125293185175E+01 +0.1152450331411243E+01
+0.1553316495341667E+02 +0.1137903458104072E+01 +0.1372342732266164E+01 +0.1116000573833842E+01
+0.1555584110663333E+02 +0.1093847140557251E+01 +0.1376163511907656E+01 +0.1075654145981764E+01
+0.1557851725985000E+02 +0.1049702635523735E+01 +0.1368601298843223E+01 +0.1034950771814094E+01
+0.1560119341306667E+02 +0.1008760299565398E+01 +0.1351136015111928E+01 +0.9968191187529827E+00
+0.1562386956628334E+02 +0.9731117577213042E+00 +0.1326025526971033E+01 +0.9632139557936583E+00
+0.1564654571950000E+02 +0.9436475979507688E+00 +0.1295642497837038E+01 +0.9350807154759967E+00
+0.1566922187271667E+02 +0.9203299091805209E+00 +0.1261957990061449E+01 +0.9125689859575805E+00
+0.1569189802593333E+02 +0.9026579070429143E+00 +0.1226261358119805E+01 +0.8954053335247042E+00
+0.1571457417915000E+02 +0.8901747428446654E+00 +0.1189211701801969E+01 +0.8832895152591813E+00
+0.1573725033236667E+02 +0.8827770890262361E+00 +0.1151182518833513E+01 +0.8761398260976966E+00
+0.1575992648558334E+02 +0.8806832267507549E+00 +0.1112666160496024E+01 +0.8740888111033587E+00
+0.1578260263880000E+02 +0.8841566458167970E+00 +0.1074479937055881E+01 +0.8772937621938001E+00
+0.1580527879201667E+02 +0.8932268197923723E+00 +0.1037708282376778E+01 +0.8857267934915313E+00
+0.1582795494523333E+02 +0.9075632692416380E+00 +0.1003514343788221E+01 +0.8990624854954233E+00
+0.1585063109845000E+02 +0.9264832403595218E+00 +0.9729686525046908E+00 +0.9166683224571718E+00
+0.1587330725166667E+02 +0.9490099140179735E+00 +0.9469305915826601E+00 +0.9376500914576338E+00
+0.1589598340488334E+02 +0.9739529776307991E+00 +0.9259562716862693E+00 +0.9609262798147706E+00
+0.1591865955810000E+02 +0.1000023092340228E+01 +0.9102351703969590E+00 +0.9853288296604399E+00
+0.1594133571131667E+02 +0.1025964414186263E+01 +0.8995819625991026E+00 +0.1009716408316008E+01
+0.1596401186453333E+02 +0.1050666150636177E+01 +0.8934772959041415E+00 +0.1033076093564222E+01
+0.1598668801775000E+02 +0.1073249026285753E+01 +0.8911211284476570E+00 +0.1054609510712142E+01
+0.1600936417096667E+02 +0.1093162788921815E+01 +0.8914982668356999E+00 +0.1073819038619624E+01
+0.1603204032418333E+02 +0.1110294221120904E+01 +0.8935144228229112E+00 +0.1090583392307553E+01
+0.1605471647740000E+02 +0.1124995384453457E+01 +0.8962359686087298E+00 +0.1105159478742654E+01
+0.1607739263061667E+02 +0.1137926872309477E+01 +0.8991455189095775E+00 +0.1118047086119388E+01
+0.1610006878383333E+02 +0.1149734583170014E+01 +0.9022420173929790E+00 +0.1129738805861309E+01
+0.1612274493705000E+02 +0.1160730105421468E+01 +0.9058885012505760E+00 +0.1140477520103162E+01
+0.1614542109026667E+02 +0.1170763739393847E+01 +0.9104868542403686E+00 +0.1150155996863010E+01
+0.1616809724348333E+02 +0.1179347438886386E+01 +0.9161737009938019E+00 +0.1158401967327932E+01
+0.1619077339670000E+02 +0.1185921291572482E+01 +0.9226984029122136E+00 +0.1164774805054016E+01
+0.1621344954991667E+02 +0.1190084147003692E+01 +0.9295018653024438E+00 +0.1168946300176501E+01
+0.1623612570313334E+02 +0.1191676014470221E+01 +0.9358738903318167E+00 +0.1170784321210990E+01
+0.1625880185635000E+02 +0.1190753046229033E+01 +0.9410430909654321E+00 +0.1170362288701143E+01
+0.1628147800956667E+02 +0.1187595285744811E+01 +0.9441746950278775E+00 +0.1167981971593420E+01
+0.1630415416278334E+02 +0.1182822797899720E+01 +0.9444025566784255E+00 +0.1164251953066925E+01
+0.1632683031600000E+02 +0.1177515481614782E+01 +0.9410305511048176E+00 +0.1160147905371492E+01
+0.1634950646921667E+02 +0.1173133438726802E+01 +0.9338572967088057E+00 +0.1156925746536921E+01
+0.1637218262243334E+02 +0.1171172537175539E+01 +0.9233851761201772E+00 +0.1155855704248106E+01
+0.1639485877565000E+02 +0.1172751577887485E+01 +0.9107172799038185E+00 +0.1157913363591136E+01
+0.1641753492886667E+02 +0.1178411370471262E+01 +0.8972153566604902E+00 +0.1163615277423197E+01
+0.1644021108208334E+02 +0.1188203176078671E+01 +0.8841894150251072E+00 +0.1173056213099560E+01
+0.1646288723530000E+02 +0.1201888818290204E+01 +0.8728056232074088E+00 +0.1186035963777079E+01
+0.1648556338851667E+02 +0.1219032488321885E+01 +0.8641594983355612E+00 +0.1202126837451870E+01
+0.1650823954173334E+02 +0.1238929542309940E+01 +0.8593276715244538E+00 +0.1220636135723643E+01
+0.1653091569495000E+02 +0.1260485123851043E+01 +0.8592759034830555E+00 +0.1240534183105372E+01
+0.1655359184816667E+02 +0.1282183111822272E+01 +0.8646435629885312E+00 +0.1260448259275775E+01
+0.1657626800138334E+02 +0.1302210552261502E+01 +0.8755058278943735E+00 +0.1278776588425881E+01
+0.1659894415460000E+02 +0.1318724204372183E+01 +0.8912169413013925E+00 +0.1293915273707967E+01
+0.1662162030781667E+02 +0.1330195879271499E+01 +0.9104116273874341E+00 +0.1304544524162907E+01
+0.1664429646103333E+02 +0.1335731556359952E+01 +0.9312014073323255E+00 +0.1309886987946282E+01
+0.1666697261425000E+02 +0.1335237942037600E+01 +0.9515241328842070E+00 +0.1309843120712625E+01
+0.1668964876746667E+02 +0.1329365935489321E+01 +0.9695098359271785E+00 +0.1304956458173091E+01
+0.1671232492068334E+02 +0.1319294282618464E+01 +0.9837117636370601E+00 +0.1296254248473285E+01
+0.1673500107390000E+02 +0.1306506191056053E+01 +0.9931674120422890E+00 +0.1285067395701958E+01
+0.1675767722711667E+02 +0.1292654160550530E+01 +0.9973846423279260E+00 +0.1272899545489055E+01
+0.1678035338033333E+02 +0.1279484380831406E+01 +0.9963556962735928E+00 +0.1261334512650923E+01
+0.1680302953355000E+02 +0.1268737762777267E+01 +0.9906199059546363E+00 +0.1251927102903271E+01
+0.1682570568676667E+02 +0.1261966935840897E+01 +0.9813233148729856E+00 +0.1246034542830632E+01
+0.1684838183998334E+02 +0.1260268359050419E+01 +0.9701823932905675E+00 +0.1244594800501631E+01
+0.1687105799320000E+02 +0.1264020149743709E+01 +0.9592737620558014E+00 +0.1247922836236081E+01
+0.1689373414641667E+02 +0.1272770214283276E+01 +0.9506793480407607E+00 +0.1255625152824363E+01
+0.1691641029963333E+02 +0.1285344078331846E+01 +0.9461365568230877E+00 +0.1266678410703273E+01
+0.1693908645285000E+02 +0.1300090828284015E+01 +0.9468385327194292E+00 +0.1279616943535958E+01
+0.1696176260606667E+02 +0.1315113872154005E+01 +0.9533995043479823E+00 +0.1292723872765051E+01
+0.1698443875928334E+02 +0.1328402419819646E+01 +0.9658809725843466E+00 +0.1304163436299115E+01
+0.1700711491250000E+02 +0.1337902158908937E+01 +0.9837719056968373E+00 +0.1312074831255946E+01
+0.1702979106571667E+02 +0.1341620915866298E+01 +0.1005902661894284E+01 +0.1314692713692679E+01
+0.1705246721893333E+02 +0.1337837492132027E+01 +0.1030347480044956E+01 +0.1310547457653061E+01
+0.1707514337215000E+02 +0.1325438101702129E+01 +0.1054398190773818E+01 +0.1298763232389519E+01
+0.1709781952536667E+02 +0.1304364434497119E+01 +0.1074723281715396E+01 +0.1279424061552238E+01
+0.1712049567858334E+02 +0.1276047862215725E+01 +0.1087852628028129E+01 +0.1253888305555253E+01
+0.1714317183180000E+02 +0.1243537918617079E+01 +0.1091010443839641E+01 +0.1224832896660654E+01
+0.1716584798501667E+02 +0.1211033799959554E+01 +0.1083011938101195E+01 +0.1195842089157132E+01
+0.1718852413823334E+02 +0.1182867355363209E+01 +0.1064720781138256E+01 +0.1170600904418981E+01
+0.1721120029145000E+02 +0.1162411941880954E+01 +0.1038768303151858E+01 +0.1152034105074651E+01
+0.1723387644466667E+02 +0.1151440270110445E+01 +0.1008725763509581E+01 +0.1141766470064717E+01
+0.1725655259788333E+02 +0.1150089139804496E+01 +0.9781982458061822E+00 +0.1140044266793588E+01
+0.1727922875110000E+02 +0.1157233872973984E+01 +0.9501782093509885E+00 +0.1146003664074887E+01
+0.1730190490431667E+02 +0.1171006541317929E+01 +0.9267314380836131E+00 +0.1158090511445344E+01
+0.1732458105753334E+02 +0.1189295315145871E+01 +0.9089526982696298E+00 +0.1174486366144147E+01
+0.1734725721075000E+02 +0.1210146684602729E+01 +0.8971177500656549E+00 +0.1193458414330193E+01
+0.1736993336396667E+02 +0.1232018666403710E+01 +0.8909661035333384E+00 +0.1213582557131924E+01
+0.1739260951718333E+02 +0.1253849238766416E+01 +0.8900348369352207E+00 +0.1233810313178039E+01
+0.1741528567040000E+02 +0.1274939261061668E+01 +0.8939475538173161E+00 +0.1253381572174804E+01
+0.1743796182361667E+02 +0.1294697278544884E+01 +0.9025650877340388E+00 +0.1271626081032974E+01
+0.1746063797683334E+02 +0.1312344248501621E+01 +0.9159324176951175E+00 +0.1287737862626665E+01
+0.1748331413005000E+02 +0.1326715880466492E+01 +0.9340198289334581E+00 +0.1300633499889713E+01
+0.1750599028326667E+02 +0.1336292315951866E+01 +0.9563529001767052E+00 +0.1308992088793465E+01
+0.1752866643648333E+02 +0.1339501886273761E+01 +0.9817075639828921E+00 +0.1311506864685262E+01
+0.1755134258970000E+02 +0.1335214228355037E+01 +0.1008055418693077E+01 +0.1307275809874827E+01
+0.1757401874291667E+02 +0.1323216567057829E+01 +0.1032858408347765E+01 +0.1296167311945225E+01
+0.1759669489613334E+02 +0.1304423121988872E+01 +0.1053642230206646E+01 +0.1278973167467465E+01
+0.1761937104935000E+02 +0.1280672626977489E+01 +0.1068595327215601E+01 +0.1257249073240327E+01
+0.1764204720256667E+02 +0.1254209644510863E+01 +0.1076894448235127E+01 +0.1232916471779464E+01
+0.1766472335578333E+02 +0.1227142872339890E+01 +0.1078637526871827E+01 +0.1207834490559951E+01
+0.1768739950900000E+02 +0.1201136598084061E+01 +0.1074531785047266E+01 +0.1183527557719299E+01
+0.1771007566221667E+02 +0.1177360801454110E+01 +0.1065592045234768E+01 +0.1161100779392063E+01
+0.1773275181543334E+02 +0.1156535252640852E+01 +0.1052975965143375E+01 +0.1141243889172270E+01
+0.1775542796865000E+02 +0.1138924138495319E+01 +0.1037878849702780E+01 +0.1124231603181724E+01
+0.1777810412186667E+02 +0.1124318091370059E+01 +0.1021353397241724E+01 +0.1109938722705470E+01
+0.1780078027508333E+02 +0.1112153324031684E+01 +0.1004067104230539E+01 +0.1097955985182972E+01
+0.1782345642830000E+02 +0.1101812806438715E+01 +0.9861717518343434E+00 +0.1087825459031875E+01
+0.1784613258151667E+02 +0.1092954943457379E+01 +0.9674225897747876E+00 +0.1079288116104153E+01
+0.1786880873473334E+02 +0.1085659329145403E+01 +0.9474843546314122E+00 +0.1072400078221028E+01
+0.1789148488795000E+02 +0.1080325051349141E+01 +0.9262181271909580E+00 +0.1067469374610039E+01
+0.1791416104116667E+02 +0.1077441812371482E+01 +0.9037918773692302E+00 +0.1064891088749664E+01
+0.1793683719438333E+02 +0.1077403994348360E+01 +0.8806202499305595E+00 +0.1064999838927694E+01
+0.1795951334760000E+02 +0.1080443775096371E+01 +0.8572494522133070E+00 +0.1068000654338535E+01
+0.1798218950081667E+02 +0.1086640460545450E+01 +0.8342875659681399E+00 +0.1073956952627732E+01
+0.1800486565403333E+02 +0.1095919825327640E+01 +0.8123908910089332E+00 +0.1082779848917000E+01
+0.1802754180725000E+02 +0.1108002513404764E+01 +0.7922426354003089E+00 +0.1094191490772933E+01
+0.1805021796046667E+02 +0.1122342779983257E+01 +0.7744599418446995E+00 +0.1107690305382167E+01
+0.1807289411368334E+02 +0.1138140868377815E+01 +0.7594365302936519E+00 +0.1122573540283015E+01
+0.1809557026690000E+02 +0.1154470922591698E+01 +0.7472016067283466E+00 +0.1138044655157870E+01
+0.1811824642011667E+02 +0.1170483917167902E+01 +0.7373778729828908E+00 +0.1153377471937711E+01
+0.1814092257333334E+02 +0.1185603566762288E+01 +0.7292596678104257E+00 +0.1168077514526964E+01
+0.1816359872655000E+02 +0.1199655276022221E+01 +0.7219777306189030E+00 +0.1181990568788066E+01
+0.1818627487976667E+02 +0.1212902372632512E+01 +0.7147073898149461E+00 +0.1195331436688429E+01
+0.1820895103298334E+02 +0.1225973633587281E+01 +0.7068752988957516E+00 +0.1208621323692093E+01
+0.1823162718620000E+02 +0.1239688664142303E+01 +0.6982979300663843E+00 +0.1222546516177137E+01
+0.1825430333941667E+02 +0.1254848678849808E+01 +0.6891952783782191E+00 +0.1237790493382076E+01
+0.1827697949263334E+02 +0.1272087341798847E+01 +0.6801026868045073E+00 +0.1254904234124334E+01
+0.1829965564585000E+02 +0.1291808488826694E+01 +0.6717684964027608E+00 +0.1274235977197375E+01
+0.1832233179906667E+02 +0.1314153841691768E+01 +0.6650870045380979E+00 +0.1295889623532596E+01
+0.1834500795228334E+02 +0.1338952448438330E+01 +0.6610336260920060E+00 +0.1319682733299993E+01
+0.1836768410550000E+02 +0.1365674757470504E+01 +0.6605565715304793E+00 +0.1345116143142735E+01
+0.1839036025871667E+02 +0.1393441408761905E+01 +0.6644359385381797E+00 +0.1371385814650102E+01
+0.1841303641193334E+02 +0.1421097564466026E+01 +0.6731584914939710E+00 +0.1397445493101152E+01
+0.1843571256515000E+02 +0.1447322397303012E+01 +0.6868367990311924E+00 +0.1422101950678463E+01
+0.1845838871836667E+02 +0.1470745489089316E+01 +0.7051634939653573E+00 +0.1444123903694395E+01
+0.1848106487158334E+02 +0.1490074396304319E+01 +0.7273810300901902E+00 +0.1462365537594814E+01
+0.1850374102480000E+02 +0.1504261300529256E+01 +0.7522764880321353E+00 +0.1475918535843177E+01
+0.1852641717801667E+02 +0.1512716190189397E+01 +0.7782566928547301E+00 +0.1484287875583535E+01
+0.1854909333123334E+02 +0.1515503239855759E+01 +0.8035691629417128E+00 +0.1487536684019701E+01
+0.1857176948445000E+02 +0.1513388302228581E+01 +0.8266611280819272E+00 +0.1486304945641951E+01
+0.1859444563766667E+02 +0.1507631518540680E+01 +0.8465376419856173E+00 +0.1481635662936707E+01
+0.1861712179088333E+02 +0.1499570453292099E+01 +0.8629109230220855E+00 +0.1474651922064866E+01
+0.1863979794410000E+02 +0.1490207218518994E+01 +0.8760278593191100E+00 +0.1466242859265947E+01
+0.1866247409731667E+02 +0.1480040622825489E+01 +0.8862717760709627E+00 +0.1456931657244405E+01
+0.1868515025053334E+02 +0.1469228890375960E+01 +0.8937918667478719E+00 +0.1446986403811680E+01
+0.1870782640375000E+02 +0.1457944410297411E+01 +0.8983879276147000E+00 +0.1436675444200715E+01
+0.1873050255696667E+02 +0.1446666863765487E+01 +0.8996856968888435E+00 +0.1426486412805461E+01
+0.1875317871018333E+02 +0.1436244860348300E+01 +0.8974403560563747E+00 +0.1417182359678980E+01
+0.1877585486340000E+02 +0.1427747425577831E+01 +0.8917660983830609E+00 +0.1409698544379362E+01
+0.1879853101661667E+02 +0.1422244648970730E+01 +0.8832067110963402E+00 +0.1404971479265276E+01
+0.1882120716983334E+02 +0.1420629609697821E+01 +0.8726907398226025E+00 +0.1403784289770923E+01
+0.1884388332305000E+02 +0.1423502317490293E+01 +0.8614491609617196E+00 +0.1406653808850400E+01
+0.1886655947626667E+02 +0.1431080009298964E+01 +0.8509301813101677E+00 +0.1413742784333162E+01
+0.1888923562948333E+02 +0.1443106025218351E+01 +0.8426905837384876E+00 +0.1424782764573587E+01
+0.1891191178270000E+02 +0.1458778732441046E+01 +0.8382274041689912E+00 +0.1439024659003486E+01
+0.1893458793591667E+02 +0.1476759457904366E+01 +0.8387542827409374E+00 +0.1455256910435734E+01
+0.1895726408913334E+02 +0.1495298669164838E+01 +0.8449839686289412E+00 +0.1471916781702127E+01
+0.1897994024235000E+02 +0.1512459007454135E+01 +0.8569932830332285E+00 +0.1487278047226668E+01
+0.1900261639556667E+02 +0.1526366098351601E+01 +0.8742094548358668E+00 +0.1499663176718216E+01
+0.1902529254878334E+02 +0.1535412966257963E+01 +0.8954979881517012E+00 +0.1507624433276984E+01
+0.1904796870200000E+02 +0.1538385785045654E+01 +0.9192855057278100E+00 +0.1510070478042940E+01
+0.1907064485521667E+02 +0.1534552167509835E+01 +0.9436582706858889E+00 +0.1506364260441015E+01
+0.1909332100843334E+02 +0.1523787776783670E+01 +0.9664630537636564E+00 +0.1496432956100172E+01
+0.1911599716165000E+02 +0.1506729687141447E+01 +0.9855219902287953E+00 +0.1480868856504604E+01
+0.1913867331486667E+02 +0.1484796102237593E+01 +0.9990054327639980E+00 +0.1460913943493917E+01
+0.1916134946808334E+02 +0.1459919395172700E+01 +0.1005792096771936E+01 +0.1438242767004112E+01
+0.1918402562130000E+02 +0.1434089188140263E+01 +0.1005546312216064E+01 +0.1414622755901572E+01
+0.1920670177451667E+02 +0.1409030272166063E+01 +0.9984617223572179E+00 +0.1391667003873540E+01
+0.1922937792773333E+02 +0.1386225014297331E+01 +0.9849521483023544E+00 +0.1370813131623094E+01
+0.1925205408095000E+02 +0.1367122863411719E+01 +0.9656083808655638E+00 +0.1353426383995820E+01
+0.1927473023416667E+02 +0.1353184582636575E+01 +0.9414212225746870E+00 +0.1340799378033864E+01
+0.1929740638738334E+02 +0.1345605474678724E+01 +0.9139599456987016E+00 +0.1333945921971477E+01
+0.1932008254060000E+02 +0.1344915659924205E+01 +0.8852273540979089E+00 +0.1333318088116701E+01
+0.1934275869381667E+02 +0.1350787201593777E+01 +0.8572195350167096E+00 +0.1338670579576168E+01
+0.1936543484703333E+02 +0.1362198280583606E+01 +0.8314620941083124E+00 +0.1349184241762728E+01
+0.1938811100025000E+02 +0.1377842144501853E+01 +0.8087809411541641E+00 +0.1363777130305861E+01
+0.1941078715346667E+02 +0.1396543270922124E+01 +0.7893844430217657E+00 +0.1381430324533606E+01
+0.1943346330668334E+02 +0.1417483790775607E+01 +0.7731537921448317E+00 +0.1401376956494707E+01
+0.1945613945990000E+02 +0.1440178936013356E+01 +0.7599492155198084E+00 +0.1423103162205131E+01
+0.1947881561311667E+02 +0.1464289461404164E+01 +0.7497700972678483E+00 +0.1446220633372600E+01
+0.1950149176633333E+02 +0.1489430124838135E+01 +0.7427327102364374E+00 +0.1470324099391532E+01
+0.1952416791955000E+02 +0.1515080962292057E+01 +0.7389486791574036E+00 +0.1494915997627321E+01
+0.1954684407276667E+02 +0.1540601345032357E+01 +0.7384058607087582E+00 +0.1519409537651673E+01
+0.1956952022598334E+02 +0.1565293784918213E+01 +0.7408912082815526E+00 +0.1543179811939090E+01
+0.1959219637920000E+02 +0.1588486874324340E+01 +0.7459432222915745E+00 +0.1565640252423193E+01
+0.1961487253241667E+02 +0.1609646953963658E+01 +0.7528255334318030E+00 +0.1586345009519159E+01
+0.1963754868563333E+02 +0.1628533097837489E+01 +0.7605522881560050E+00 +0.1605118518299659E+01
+0.1966022483885000E+02 +0.1645364024303764E+01 +0.7680227838596119E+00 +0.1622180098913143E+01
+0.1968290099206667E+02 +0.1660897646822210E+01 +0.7742859695585897E+00 +0.1638189281104687E+01
+0.1970557714528334E+02 +0.1676315065619958E+01 +0.7788488692070805E+00 +0.1654141136724825E+01
+0.1972825329850000E+02 +0.1692908100302676E+01 +0.7818598034545402E+00 +0.1671119139814123E+01
+0.1975092945171667E+02 +0.1711716639092073E+01 +0.7840495541248202E+00 +0.1690011892055943E+01
+0.1977360560493333E+02 +0.1733299873286717E+01 +0.7864714138982620E+00 +0.1711326597745472E+01
+0.1979628175815000E+02 +0.1757723416795858E+01 +0.7901943988076523E+00 +0.1735164789591118E+01
+0.1981895791136667E+02 +0.1784713622521507E+01 +0.7960938233052449E+00 +0.1761331007723276E+01
+0.1984163406458334E+02 +0.1813865051287110E+01 +0.8047997834674142E+00 +0.1789490137259881E+01
+0.1986431021780000E+02 +0.1844793604025210E+01 +0.8167782130957095E+00 +0.1819289148613195E+01
+0.1988698637101667E+02 +0.1877179858363835E+01 +0.8324668054733059E+00 +0.1850396944892975E+01
+0.1990966252423334E+02 +0.1910711945013674E+01 +0.8523855955405111E+00 +0.1882464592354113E+01
+0.1993233867745000E+02 +0.1944976520728384E+01 +0.8771794859146687E+00 +0.1915039878564300E+01
+0.1995501483066667E+02 +0.1979346459042645E+01 +0.9075920277915659E+00 +0.1947473973395129E+01
+0.1997769098388334E+02 +0.2012891368257641E+01 +0.9443924415695583E+00 +0.1978842834381946E+01
+0.2000036713710000E+02 +0.2044309780486779E+01 +0.9882760281389760E+00 +0.2007886997458114E+01
+0.2002304329031667E+02 +0.2071869712043894E+01 +0.1039731654609336E+01 +0.2032967339879785E+01
+0.2004571944353334E+02 +0.2093370249937583E+01 +0.1098841389156332E+01 +0.2052054156844755E+01
+0.2006839559675000E+02 +0.2106189920649481E+01 +0.1164989601091540E+01 +0.2062802026121474E+01
+0.2009107174996667E+02 +0.2107517359287135E+01 +0.1236524907841383E+01 +0.2062779383182489E+01
+0.2011374790318334E+02 +0.2094826791928172E+01 +0.1310502215482346E+01 +0.2049891242797061E+01
+0.2013642405640000E+02 +0.2066564575784778E+01 +0.1382684163820067E+01 +0.2022954304638002E+01
+0.2015910020961667E+02 +0.2022879430561510E+01 +0.1447961026834247E+01 +0.1982278590516285E+01
+0.2018177636283334E+02 +0.1966108278425139E+01 +0.1501226054588299E+01 +0.1930023869017967E+01
+0.2020445251605000E+02 +0.1900705615051109E+01 +0.1538521448105192E+01 +0.1870099459545783E+01
+0.2022712866926667E+02 +0.1832475235813342E+01 +0.1558034997322894E+01 +0.1807523778821115E+01
+0.2024980482248334E+02 +0.1767326113780646E+01 +0.1560481572132145E+01 +0.1747427010768029E+01
+0.2027248097570000E+02 +0.1710083884739331E+01 +0.1548699562886017E+01 +0.1694088911238177E+01
+0.2029515712891667E+02 +0.1663830607892937E+01 +0.1526744454470934E+01 +0.1650361158780563E+01
+0.2031783328213334E+02 +0.1629856994360617E+01 +0.1498962699365970E+01 +0.1617561288266766E+01
+0.2034050943535000E+02 +0.1607979053754121E+01 +0.1469348117270489E+01 +0.1595685472197022E+01
+0.2036318558856667E+02 +0.1596946478888708E+01 +0.1441187832153342E+01 +0.1583743179412844E+01
+0.2038586174178334E+02 +0.1594841582036737E+01 +0.1416881820214139E+01 +0.1580114435896545E+01
+0.2040853789500000E+02 +0.1599486856489625E+01 +0.1397892731621798E+01 +0.1582910273674791E+01
+0.2043121404821667E+02 +0.1608836393856512E+01 +0.1384875519855248E+01 +0.1590299179065204E+01
+0.2045389020143334E+02 +0.1621219977074112E+01 +0.1377993919539360E+01 +0.1600706369354711E+01
+0.2047656635465000E+02 +0.1635317158076981E+01 +0.1377278396415171E+01 +0.1612811234346420E+01
+0.2049924250786667E+02 +0.1649913939374127E+01 +0.1382801677497731E+01 +0.1625389149763142E+01
+0.2052191866108334E+02 +0.1663675677344316E+01 +0.1394578902261135E+01 +0.1637160116377262E+01
+0.2054459481430000E+02 +0.1675146966308500E+01 +0.1412341651064643E+01 +0.1646786842937613E+01
+0.2056727096751667E+02 +0.1682960496665707E+01 +0.1435442447344685E+01 +0.1653010874884083E+01
+0.2058994712073333E+02 +0.1686024934627884E+01 +0.1463002930039585E+01 +0.1654773228337681E+01
+0.2061262327395000E+02 +0.1683474003570222E+01 +0.1494161172646431E+01 +0.1651175119773356E+01
+0.2063529942716667E+02 +0.1674386378945180E+01 +0.1528144357080575E+01 +0.1641290344522542E+01
+0.2065797558038334E+02 +0.1657523080709671E+01 +0.1564012143785992E+01 +0.1624004646466391E+01
+0.2068065173360000E+02 +0.1631371995937054E+01 +0.1600178452571911E+01 +0.1598088348520113E+01
+0.2070332788681667E+02 +0.1594615881061579E+01 +0.1634016327830160E+01 +0.1562583112629031E+01
+0.2072600404003333E+02 +0.1546881314417407E+01 +0.1661859391138333E+01 +0.1517389482287804E+01
+0.2074868019325000E+02 +0.1489431487912644E+01 +0.1679538450317108E+01 +0.1463795380616632E+01
+0.2077135634646667E+02 +0.1425443879350496E+01 +0.1683324353468769E+01 +0.1404670956405983E+01
+0.2079403249968334E+02 +0.1359682413827454E+01 +0.1670939515484594E+01 +0.1344181446749513E+01
+0.2081670865290000E+02 +0.1297623117811468E+01 +0.1642259313220177E+01 +0.1287063472913930E+01
+0.2083938480611667E+02 +0.1244300547609027E+01 +0.1599427233903792E+01 +0.1237683502780134E+01
+0.2086206095933333E+02 +0.1203274208990836E+01 +0.1546306765316501E+01 +0.1199198766560656E+01
+0.2088473711255000E+02 +0.1176103849537746E+01 +0.1487475831285010E+01 +0.1173116192147223E+01
+0.2090741326576667E+02 +0.1162481562663375E+01 +0.1427193127832396E+01 +0.1159361830059736E+01
+0.2093008941898334E+02 +0.1160831039316403E+01 +0.1368720161333239E+01 +0.1156732565744720E+01
+0.2095276557220000E+02 +0.1169029905936878E+01 +0.1314116106758097E+01 +0.1163477770781692E+01
+0.2097544172541667E+02 +0.1184997351661456E+01 +0.1264397148498842E+01 +0.1177798286861577E+01
+0.2099811787863334E+02 +0.1207038297427832E+01 +0.1219888133701577E+01 +0.1198155502344656E+01
+0.2102079403185000E+02 +0.1233930940809721E+01 +0.1180609627570550E+01 +0.1223370114228943E+01
+0.2104347018506667E+02 +0.1264812135081219E+01 +0.1146570650540439E+01 +0.1252553136182114E+01
+0.2106614633828334E+02 +0.1298971787898359E+01 +0.1117895693089185E+01 +0.1284955105309720E+01
+0.2108882249150000E+02 +0.1335672367533678E+01 +0.1094801068261173E+01 +0.1319823503546226E+01
+0.2111149864471667E+02 +0.1374054625955696E+01 +0.1077491865092860E+01 +0.1356321588178823E+01
+0.2113417479793334E+02 +0.1413130539688617E+01 +0.1066047066300099E+01 +0.1393517544372418E+01
+0.2115685095115000E+02 +0.1451840365709569E+01 +0.1060331992574638E+01 +0.1430428749894394E+01
+0.2117952710436667E+02 +0.1489146791542827E+01 +0.1059960992791834E+01 +0.1466097225376863E+01
+0.2120220325758334E+02 +0.1524129773866758E+01 +0.1064321571973686E+01 +0.1499665560102397E+01
+0.2122487941080000E+02 +0.1556040185544224E+01 +0.1072644272366696E+01 +0.1530422161085730E+01
+0.2124755556401667E+02 +0.1584292434167227E+01 +0.1084072196990249E+01 +0.1557802613269921E+01
+0.2127023171723334E+02 +0.1608419390218452E+01 +0.1097682179136895E+01 +0.1581364716740566E+01
+0.2129290787045000E+02 +0.1628042132065650E+01 +0.1112442009851833E+01 +0.1600776641241419E+01
+0.2131558402366667E+02 +0.1642906169002397E+01 +0.1127128031330046E+01 +0.1615858270587891E+01
+0.2133826017688333E+02 +0.1653015926859767E+01 +0.1140260969531001E+01 +0.1626697338727756E+01
+0.2136093633010000E+02 +0.1658856124785656E+01 +0.1150145613442292E+01 +0.1633823131394024E+01
+0.2138361248331667E+02 +0.1661613123744958E+01 +0.1155093008499448E+01 +0.1638363699308282E+01
+0.2140628863653334E+02 +0.1663241633706068E+01 +0.1153821944272909E+01 +0.1642070331075780E+01
+0.2142896478975000E+02 +0.1666242455209737E+01 +0.1145899373963538E+01 +0.1647118098807178E+01
+0.2145164094296667E+02 +0.1673161235229672E+01 +0.1131988770390727E+01 +0.1655700585797252E+01
+0.2147431709618333E+02 +0.1686005539324379E+01 +0.1113738428303970E+01 +0.1669568450587333E+01
+0.2149699324940000E+02 +0.1705849403645080E+01 +0.1093343892289327E+01 +0.1689709514976546E+01
+0.2151966940261667E+02 +0.1732777358052410E+01 +0.1072999781122036E+01 +0.1716287163864013E+01
+0.2154234555583334E+02 +0.1766121686966654E+01 +0.1054473005231383E+01 +0.1748813357425475E+01
+0.2156502170905000E+02 +0.1804830708197585E+01 +0.1038908876351068E+01 +0.1786440166738354E+01
+0.2158769786226667E+02 +0.1847814699741910E+01 +0.1026853868807153E+01 +0.1828247733203754E+01
+0.2161037401548333E+02 +0.1894181867529795E+01 +0.1018415980619712E+01 +0.1873450946884716E+01
+0.2163305016870000E+02 +0.1943340365610722E+01 +0.1013474127206838E+01 +0.1921498347083123E+01
+0.2165572632191667E+02 +0.1994987060723946E+01 +0.1011868049369408E+01 +0.1972074489718368E+01
+0.2167840247513334E+02 +0.2049021073032913E+01 +0.1013531974193645E+01 +0.2025034611982695E+01
+0.2170107862835000E+02 +0.2105417530163749E+01 +0.1018554515950949E+01 +0.2080304005603207E+01
+0.2172375478156667E+02 +0.2164101361455282E+01 +0.1027154754593741E+01 +0.2137778324256071E+01
+0.2174643093478333E+02 +0.2224870688902868E+01 +0.1039587071800810E+01 +0.2197263797670338E+01
+0.2176910708800000E+02 +0.2287404177915108E+01 +0.1056021053351969E+01 +0.2258483056668514E+01
+0.2179178324121667E+02 +0.2351348154916880E+01 +0.1076454026973463E+01 +0.2321144043349961E+01
+0.2181445939443334E+02 +0.2416447296353537E+01 +0.1100697430817421E+01 +0.2385043323832035E+01
+0.2183713554765000E+02 +0.2482665657347137E+01 +0.1128451300912281E+01 +0.2450160326115693E+01
+0.2185981170086667E+02 +0.2550241538276735E+01 +0.1159444659293633E+01 +0.2516699317502320E+01
+0.2188248785408334E+02 +0.2619647357903220E+01 +0.1193580857143284E+01 +0.2585059277944677E+01
+0.2190516400730000E+02 +0.2691482662891540E+01 +0.1231023686201897E+01 +0.2655751662639587E+01
+0.2192784016051667E+02 +0.2766364782736089E+01 +0.1272209258381003E+01 +0.2729310283172313E+01
+0.2195051631373334E+02 +0.2844857694368163E+01 +0.1317823061601290E+01 +0.2806223017818863E+01
+0.2197319246695000E+02 +0.2927426110957119E+01 +0.1368784594376464E+01 +0.2886880791505258E+01
+0.2199586862016667E+02 +0.3014380219391863E+01 +0.1426240433437108E+01 +0.2971523961794283E+01
+0.2201854477338334E+02 +0.3105803815751325E+01 +0.1491534811824989E+01 +0.3060182283643258E+01
+0.2204122092660000E+02 +0.3201496233701565E+01 +0.1566140543917571E+01 +0.3152627791817350E+01
+0.2206389707981667E+02 +0.3300958918080370E+01 +0.1651573403087284E+01 +0.3248360068246216E+01
+0.2208657323303334E+02 +0.3403420010869540E+01 +0.1749327809716759E+01 +0.3346620435883157E+01
+0.2210924938625000E+02 +0.3507864941516256E+01 +0.1860842290012765E+01 +0.3446415958640665E+01
+0.2213192553946667E+02 +0.3613061781485545E+01 +0.1987472166133830E+01 +0.3546545947339602E+01
+0.2215460169268334E+02 +0.3717607344552189E+01 +0.2130461766970776E+01 +0.3645644142779378E+01
+0.2217727784590000E+02 +0.3820015177043029E+01 +0.2290959149685621E+01 +0.3742241982826247E+01
+0.2219995399911667E+02 +0.3918801029522257E+01 +0.2470139444543828E+01 +0.3834812864554294E+01
+0.2222263015233334E+02 +0.4012449527570400E+01 +0.2669444129180585E+01 +0.3921712973549663E+01
+0.2224530630555000E+02 +0.4099154938532514E+01 +0.2890827154352685E+01 +0.4000947771862898E+01
+0.2226798245876667E+02 +0.4176343417345672E+01 +0.3136826762453004E+01 +0.4069776640107136E+01
+0.2229065861198334E+02 +0.4240118081231936E+01 +0.3410329052966503E+01 +0.4124264617168709E+01
+0.2231333476520000E+02 +0.4284817952617969E+01 +0.3714013544688223E+01 +0.4158931391701300E+01
+0.2233601091841667E+02 +0.4302838795463767E+01 +0.4049578815014989E+01 +0.4166619459054248E+01
+0.2235868707163334E+02 +0.4284772137970064E+01 +0.4416898154602622E+01 +0.4138632037939372E+01
+0.2238136322485000E+02 +0.4219809232765222E+01 +0.4813221678067180E+01 +0.4065117495758301E+01
+0.2240403937806667E+02 +0.4096336164494002E+01 +0.5232393033646003E+01 +0.3935682558848066E+01
+0.2242671553128334E+02 +0.3902866462590736E+01 +0.5663949358567584E+01 +0.3740366349789789E+01
+0.2244939168450000E+02 +0.3629761667141404E+01 +0.6092263257083562E+01 +0.3471253540448570E+01
+0.2247206783771667E+02 +0.3272010471416679E+01 +0.6496545860028078E+01 +0.3124791871503743E+01
+0.2249474399093334E+02 +0.2832367183601591E+01 +0.6852825266885361E+01 +0.2704181656517393E+01
+0.2251742014415000E+02 +0.2323074358966690E+01 +0.7138143801826931E+01 +0.2220537174598866E+01
+0.2254009629736667E+02 +0.1764531063087018E+01 +0.7335453924984916E+01 +0.1691735147335916E+01
+0.2256277245058333E+02 +0.1181122133865750E+01 +0.7436652206408267E+01 +0.1139182265496386E+01
+0.2258544860380000E+02 +0.5965156349300009E+00 +0.7442336903705769E+01 +0.5841110380773047E+00
+0.2260812475701667E+02 +0.3078394073119928E-01 +0.7359342040846737E+01 +0.4505257582187261E-01
+0.2263080091023333E+02 -0.5003426312524047E+00 +0.7198222092830163E+01 -0.4631525100480791E+00
+0.2265347706345000E+02 -0.9854082050336703E+00 +0.6971668308071684E+01 -0.9295404027620051E+00
+0.2267615321666667E+02 -0.1417251650987355E+01 +0.6693264636441080E+01 -0.1347008020865772E+01
+0.2269882936988333E+02 -0.1792718170808683E+01 +0.6375963933728160E+01 -0.1711953193780450E+01
+0.2272150552310000E+02 -0.2111418864055863E+01 +0.6030781933952813E+01 -0.2023275214856867E+01
+0.2274418167631667E+02 -0.2373957758926070E+01 +0.5666698512843266E+01 -0.2281071568912557E+01
+0.2276685782953334E+02 -0.2580914834919661E+01 +0.5291808784613941E+01 -0.2485870278150742E+01
+0.2278953398275000E+02 -0.2733276931796017E+01 +0.4914518392005970E+01 -0.2638842737359467E+01
+0.2281221013596667E+02 -0.2833606094951191E+01 +0.4543611228205059E+01 -0.2742546538484241E+01
+0.2283488628918334E+02 -0.2886695348182243E+01 +0.4187222262197898E+01 -0.2801361133292503E+01
+0.2285756244240000E+02 -0.2899181086093324E+01 +0.3851639245280010E+01 -0.2821198466762965E+01
+0.2288023859561667E+02 -0.2878483445155952E+01 +0.3540703633713254E+01 -0.2808689241118121E+01
+0.2290291474883334E+02 -0.2831714394479624E+01 +0.3255958829792165E+01 -0.2770298346449093E+01
+0.2292559090205000E+02 -0.2764968033345617E+01 +0.2997274772984872E+01 -0.2711707128668222E+01
+0.2294826705526667E+02 -0.2683088425196318E+01 +0.2763585178374789E+01 -0.2637567422277793E+01
+0.2297094320848334E+02 -0.2589793035815457E+01 +0.2553477470122936E+01 -0.2551554388113864E+01
+0.2299361936170000E+02 -0.2487958194179470E+01 +0.2365537573967121E+01 -0.2456573322383747E+01
+0.2301629551491667E+02 -0.2379905526899267E+01 +0.2198476069146929E+01 -0.2354988908634121E+01
+0.2303897166813334E+02 -0.2267601976926990E+01 +0.2051124955800225E+01 -0.2248800343629377E+01
+0.2306164782135000E+02 -0.2152766506468523E+01 +0.1922399006168668E+01 -0.2139747634138801E+01
+0.2308432397456667E+02 -0.2036926408716253E+01 +0.1811269301735958E+01 -0.2029373011889836E+01
+0.2310700012778334E+02 -0.1921457879369213E+01 +0.1716745199345344E+01 -0.1919061414540077E+01
+0.2312967628100001E+02 -0.1807611354579826E+01 +0.1637852441260813E+01 -0.1810064897771427E+01
+0.2315235243421667E+02 -0.1696512264476499E+01 +0.1573617235479453E+01 -0.1703508816734189E+01
+0.2317502858743334E+02 -0.1589146344785570E+01 +0.1523078372526002E+01 -0.1600388880707673E+01
+0.2319770474065000E+02 -0.1486360321540189E+01 +0.1485337720548616E+01 -0.1501582961653401E+01
+0.2322038089386667E+02 -0.1388916138497123E+01 +0.1459630607211327E+01 -0.1407904932280348E+01
+0.2324305704708334E+02 -0.1297617533076745E+01 +0.1445363887656190E+01 -0.1320210299199751E+01
+0.2326573320030001E+02 -0.1213478240284540E+01 +0.1442058498020495E+01 -0.1239526686611718E+01
+0.2328840935351667E+02 -0.1137853147446309E+01 +0.1449171567413423E+01 -0.1167149915447405E+01
+0.2331108550673333E+02 -0.1072455920556438E+01 +0.1465839514318329E+01 -0.1104648309167650E+01
+0.2333376165995000E+02 -0.1019239550205350E+01 +0.1490617491332674E+01 -0.1053752564298309E+01
+0.2335643781316667E+02 -0.9801605292679987E+00 +0.1521266148953690E+01 -0.1016138349979429E+01
+0.2337911396638334E+02 -0.9568320728714195E+00 +0.1554602780502798E+01 -0.9931038236327963E+00
+0.2340179011960000E+02 -0.9500270998018786E+00 +0.1586469934124824E+01 -0.9851299041072572E+00
+0.2342446627281667E+02 -0.9590333154618733E+00 +0.1611987383374712E+01 -0.9913620535956089E+00
+0.2344714242603333E+02 -0.9810723188974366E+00 +0.1626294706879003E+01 -0.1009202711780258E+01
+0.2346981857925000E+02 -0.1011230087513485E+01 +0.1625758808160639E+01 -0.1034337957604039E+01
+0.2349249473246667E+02 -0.1043262903349628E+01 +0.1609168038879166E+01 -0.1061424382166651E+01
+0.2351517088568334E+02 -0.1071111179542826E+01 +0.1578205754461512E+01 -0.1085284501419216E+01
+0.2353784703890000E+02 -0.1090403754674385E+01 +0.1536859330735252E+01 -0.1102091952690403E+01
+0.2356052319211667E+02 -0.1099236206759587E+01 +0.1490099144763789E+01 -0.1110023844640792E+01
+0.2358319934533333E+02 -0.1098029057996718E+01 +0.1442516758485779E+01 -0.1109206701885534E+01
+0.2360587549855000E+02 -0.1088772705963697E+01 +0.1397431884054948E+01 -0.1101149273197688E+01
+0.2362855165176667E+02 -0.1074099238260715E+01 +0.1356592756646352E+01 -0.1087990756849644E+01
+0.2365122780498334E+02 -0.1056487763288370E+01 +0.1320345927558153E+01 -0.1071826099169304E+01
+0.2367390395820000E+02 -0.1037747652199044E+01 +0.1288089939337133E+01 -0.1054250929983041E+01
+0.2369658011141667E+02 -0.1018829280461097E+01 +0.1258835256935609E+01 -0.1036178465136208E+01
+0.2371925626463334E+02 -0.9999400385713182E+00 +0.1231698914858437E+01 -0.1017909566345160E+01
+0.2374193241785000E+02 -0.9808575762699724E+00 +0.1206197437780484E+01 -0.9993690582504460E+00
+0.2376460857106667E+02 -0.9612778692493922E+00 +0.1182297918476904E+01 -0.9803830691800213E+00
+0.2378728472428334E+02 -0.9410682839802220E+00 +0.1160294885429574E+01 -0.9608939597031660E+00
+0.2380996087750000E+02 -0.9203858949309569E+00 +0.1140619081344657E+01 -0.9410711075677489E+00
+0.2383263703071667E+02 -0.8996830667288108E+00 +0.1123650893992194E+01 -0.9213249077292727E+00
+0.2385531318393334E+02 -0.8796312297099280E+00 +0.1109576094874036E+01 -0.9022487479202648E+00
+0.2387798933715000E+02 -0.8609991336150120E+00 +0.1098310267104813E+01 -0.8845213541432704E+00
+0.2390066549036667E+02 -0.8445353376518719E+00 +0.1089491765022434E+01 -0.8688062804302725E+00
+0.2392334164358334E+02 -0.8308818047505513E+00 +0.1082503693594772E+01 -0.8556672936561642E+00
+0.2394601779680000E+02 -0.8204912063448080E+00 +0.1076492775622685E+01 -0.8454857415223009E+00
+0.2396869395001667E+02 -0.8135089963009392E+00 +0.1070415468964566E+01 -0.8383624482848335E+00
+0.2399137010323334E+02 -0.8096483149417388E+00 +0.1063180533737075E+01 -0.8340310667601105E+00
+0.2401404625645000E+02 -0.8081650211359959E+00 +0.1053901112192425E+01 -0.8318573865245229E+00
+0.2403672240966667E+02 -0.8080275856772541E+00 +0.1042150491669493E+01 -0.8309835070672191E+00
+0.2405939856288334E+02 -0.8082507942869073E+00 +0.1028052600447345E+01 -0.8305863111260805E+00
+0.2408207471610000E+02 -0.8082232191566147E+00 +0.1012112267488272E+01 -0.8301240748894390E+00
+0.2410475086931667E+02 -0.8078303529513593E+00 +0.9948566230050702E+00 -0.8294277477385930E+00
+0.2412742702253334E+02 -0.8072901986607095E+00 +0.9764911026566525E+00 -0.8285775025949116E+00
+0.2415010317575000E+02 -0.8067950654855722E+00 +0.9567724944388855E+00 -0.8276341816806452E+00
+0.2417277932896667E+02 -0.8061688881430887E+00 +0.9351708809249174E+00 -0.8263813934001234E+00
+0.2419545548218334E+02 -0.8047338046011275E+00 +0.9112245402134157E+00 -0.8242245317402013E+00
+0.2421813163540000E+02 -0.8014541578943958E+00 +0.8848900053979218E+00 -0.8203003711396302E+00
+0.2424080778861667E+02 -0.7952722171493237E+00 +0.8567064162514963E+00 -0.8137356310000139E+00
+0.2426348394183334E+02 -0.7854599013135055E+00 +0.8277081895925776E+00 -0.8039231026499976E+00
+0.2428616009505000E+02 -0.7718278145285467E+00 +0.7991522465647557E+00 -0.7906921874147024E+00
+0.2430883624826667E+02 -0.7547251155709351E+00 +0.7722000319879601E+00 -0.7743179658526493E+00
+0.2433151240148334E+02 -0.7348680213955149E+00 +0.7476887677671133E+00 -0.7553935252701722E+00
+0.2435418855470000E+02 -0.7131018320407826E+00 +0.7260607871838518E+00 -0.7346439971843339E+00
+0.2437686470791667E+02 -0.6902068004045603E+00 +0.7074351962390639E+00 -0.7127677993508297E+00
+0.2439954086113334E+02 -0.6668109422224033E+00 +0.6917475935112615E+00 -0.6903569241196481E+00
+0.2442221701435000E+02 -0.6434081240541458E+00 +0.6788728729115701E+00 -0.6678985160071285E+00
+0.2444489316756667E+02 -0.6204293879468529E+00 +0.6686765240398275E+00 -0.6458202255867749E+00
+0.2446756932078333E+02 -0.5982995507403140E+00 +0.6609936707614655E+00 -0.6245295116203968E+00
+0.2449024547400000E+02 -0.5774401257813669E+00 +0.6555819748683066E+00 -0.6044173895212916E+00
+0.2451292162721667E+02 -0.5582321253308715E+00 +0.6520976281303259E+00 -0.5858326447451259E+00
+0.2453559778043333E+02 -0.5409777909782338E+00 +0.6501035132330705E+00 -0.5690505617402819E+00
+0.2455827393365000E+02 -0.5258766788042349E+00 +0.6490844969943600E+00 -0.5542472930988618E+00
+0.2458095008686667E+02 -0.5129958689301672E+00 +0.6484563651268688E+00 -0.5414701112589155E+00
+0.2460362624008334E+02 -0.5022163983782606E+00 +0.6475931593039603E+00 -0.5305962989038113E+00
+0.2462630239330000E+02 -0.4931805769450424E+00 +0.6459093467577877E+00 -0.5213006041441566E+00
+0.2464897854651667E+02 -0.4852991700506900E+00 +0.6429932613702228E+00 -0.5130714866289166E+00
+0.2467165469973334E+02 -0.4778570286792649E+00 +0.6387299801920774E+00 -0.5052999795009487E+00
+0.2469433085295000E+02 -0.4701882584107284E+00 +0.6333355907677201E+00 -0.4974181426285496E+00
+0.2471700700616667E+02 -0.4618372007914621E+00 +0.6272745564140612E+00 -0.4890266444194720E+00
+0.2473968315938334E+02 -0.4526304885126484E+00 +0.6211056536797265E+00 -0.4799566422146881E+00
+0.2476235931260000E+02 -0.4426463287905018E+00 +0.6153365419756961E+00 -0.4702532524935230E+00
+0.2478503546581667E+02 -0.4321252531437505E+00 +0.6103436661192658E+00 -0.4601107172652212E+00
+0.2480771161903334E+02 -0.4213844202459304E+00 +0.6063623998277444E+00 -0.4498045708428933E+00
+0.2483038777225000E+02 -0.4107740463037726E+00 +0.6035089839843928E+00 -0.4396498148358605E+00
+0.2485306392546667E+02 -0.4006680644144950E+00 +0.6017850889398799E+00 -0.4299805394013256E+00
+0.2487574007868334E+02 -0.3914424238986058E+00 +0.6010474465654181E+00 -0.4211202677972810E+00
+0.2489841623190000E+02 -0.3833998875079521E+00 +0.6009803601631157E+00 -0.4133182743760888E+00
+0.2492109238511667E+02 -0.3766579760474167E+00 +0.6011365352921023E+00 -0.4066671691526684E+00
+0.2494376853833334E+02 -0.3710783656090481E+00 +0.6010703224568529E+00 -0.4010565075840091E+00
+0.2496644469155000E+02 -0.3663117677256892E+00 +0.6005030017206520E+00 -0.3962112013808254E+00
+0.2498912084476667E+02 -0.3619506799369201E+00 +0.5994154415064999E+00 -0.3918073964218514E+00
+0.2501179699798334E+02 -0.3576985770806348E+00 +0.5980116257338235E+00 -0.3876019059810716E+00
+0.2503447315120000E+02 -0.3534606227940469E+00 +0.5965902635348992E+00 -0.3835068341753847E+00
+0.2505714930441667E+02 -0.3493293574445849E+00 +0.5954100140369885E+00 -0.3795857406664649E+00
+0.2507982545763334E+02 -0.3455035096028632E+00 +0.5946114809923068E+00 -0.3759952995548361E+00
+0.2510250161085001E+02 -0.3421970345523180E+00 +0.5942106669444234E+00 -0.3729150323562869E+00
+0.2512517776406667E+02 -0.3395811193124217E+00 +0.5941423699558450E+00 -0.3704996077268237E+00
+0.2514785391728334E+02 -0.3377750004364533E+00 +0.5943167392916319E+00 -0.3688680442941179E+00
+0.2517053007050000E+02 -0.3368766286959191E+00 +0.5946564790918258E+00 -0.3681244723732804E+00
+0.2519320622371667E+02 -0.3370113313805534E+00 +0.5950954741597680E+00 -0.3683926983171364E+00
+0.2521588237693334E+02 -0.3383695317900572E+00 +0.5955313188755353E+00 -0.3698395912287893E+00
+0.2523855853015001E+02 -0.3411967347141990E+00 +0.5957429765416942E+00 -0.3726590736517470E+00
+0.2526123468336667E+02 -0.3457079554810665E+00 +0.5953174313930596E+00 -0.3769996075735094E+00
+0.2528391083658333E+02 -0.3519416090082490E+00 +0.5936505520732422E+00 -0.3828509720369515E+00
+0.2530658698980000E+02 -0.3596231448313107E+00 +0.5900631782049703E+00 -0.3899445055267250E+00
+0.2532926314301667E+02 -0.3681285726734345E+00 +0.5840055788750973E+00 -0.3977325096562132E+00
+0.2535193929623334E+02 -0.3765947980619118E+00 +0.5752574999822552E+00 -0.4054792861393228E+00
+0.2537461544945000E+02 -0.3841399540915033E+00 +0.5640201304016494E+00 -0.4124353490962291E+00
+0.2539729160266667E+02 -0.3900926466668700E+00 +0.5508545475336359E+00 -0.4180199347293840E+00
+0.2541996775588333E+02 -0.3941324383692059E+00 +0.5365054729022150E+00 -0.4219377364880808E+00
+0.2544264390910000E+02 -0.3963044333349907E+00 +0.5216950721462175E+00 -0.4241971368247275E+00
+0.2546532006231667E+02 -0.3969306909976776E+00 +0.5069578908627181E+00 -0.4250419344961249E+00
+0.2548799621553334E+02 -0.3964622396598277E+00 +0.4925516702986544E+00 -0.4248302570060416E+00
+0.2551067236875000E+02 -0.3953143252144692E+00 +0.4784574358559649E+00 -0.4238991525507028E+00
+0.2553334852196667E+02 -0.3937329861299780E+00 +0.4644678534352621E+00 -0.4224562752384853E+00
+0.2555602467518334E+02 -0.3917424124026013E+00 +0.4503315684908501E+00 -0.4205357700948815E+00
+0.2557870082840000E+02 -0.3891907678414027E+00 +0.4358881272592636E+00 -0.4180298698792018E+00
+0.2560137698161667E+02 -0.3858584229657398E+00 +0.4211333448463704E+00 -0.4147698658590790E+00
+0.2562405313483334E+02 -0.3815638592023074E+00 +0.4062018309720508E+00 -0.4106092312502252E+00
+0.2564672928805000E+02 -0.3762202771804015E+00 +0.3913003261443536E+00 -0.4054723802041835E+00
+0.2566940544126667E+02 -0.3698361655742300E+00 +0.3766392996708481E+00 -0.3993609403666378E+00
+0.2569208159448334E+02 -0.3624833442934937E+00 +0.3623933250672460E+00 -0.3923328407086104E+00
+0.2571475774770000E+02 -0.3542625179001860E+00 +0.3486934187973501E+00 -0.3844761291600400E+00
+0.2573743390091667E+02 -0.3452832374610993E+00 +0.3356360227194504E+00 -0.3758912578535609E+00
+0.2576011005413334E+02 -0.3356572577483785E+00 +0.3232924405944871E+00 -0.3666830775936676E+00
+0.2578278620735000E+02 -0.3254960748067869E+00 +0.3117135830119159E+00 -0.3569573076527497E+00
+0.2580546236056667E+02 -0.3149081678840852E+00 +0.3009341943227170E+00 -0.3468183962283105E+00
+0.2582813851378334E+02 -0.3039997361069607E+00 +0.2909789286632360E+00 -0.3363702810815135E+00
+0.2585081466700000E+02 -0.2928817518035404E+00 +0.2818643668683638E+00 -0.3257207916928526E+00
+0.2587349082021667E+02 -0.2816765085320164E+00 +0.2735906215162865E+00 -0.3149848639398432E+00
+0.2589616697343334E+02 -0.2705130481510619E+00 +0.2661265358095817E+00 -0.3042796974313087E+00
+0.2591884312665000E+02 -0.2595090223242352E+00 +0.2594005033207728E+00 -0.2937102821975044E+00
+0.2594151927986667E+02 -0.2487469114835997E+00 +0.2533062932918764E+00 -0.2833510249135214E+00
+0.2596419543308334E+02 -0.2382565186314243E+00 +0.2477248743017211E+00 -0.2732326012956559E+00
+0.2598687158630000E+02 -0.2280134934222569E+00 +0.2425553651233203E+00 -0.2633416669226312E+00
+0.2600954773951667E+02 -0.2179575332412876E+00 +0.2377432294168469E+00 -0.2536360888008105E+00
+0.2603222389273334E+02 -0.2080255172914783E+00 +0.2332932756528477E+00 -0.2440716687874860E+00
+0.2605490004595000E+02 -0.1981871422413846E+00 +0.2292603383203345E+00 -0.2346305546013219E+00
+0.2607757619916667E+02 -0.1884682906134560E+00 +0.2257206399029887E+00 -0.2253400642853360E+00
+0.2610025235238334E+02 -0.1789533943467269E+00 +0.2227360204997881E+00 -0.2162751224484267E+00
+0.2612292850560000E+02 -0.1697685188751935E+00 +0.2203246941672538E+00 -0.2075450687736653E+00
+0.2614560465881667E+02 -0.1610536946684745E+00 +0.2184464012050846E+00 -0.1992710679645338E+00
+0.2616828081203334E+02 -0.1529337121012353E+00 +0.2170033726409615E+00 -0.1915617032521595E+00
+0.2619095696525000E+02 -0.1454949702377034E+00 +0.2158545663278016E+00 -0.1844933095073933E+00
+0.2621363311846667E+02 -0.1387737913749594E+00 +0.2148373618252082E+00 -0.1780994112505636E+00
+0.2623630927168334E+02 -0.1327570516237001E+00 +0.2137885270840768E+00 -0.1723698805619234E+00
+0.2625898542490000E+02 -0.1273900701711022E+00 +0.2125582385371853E+00 -0.1672562633089665E+00
+0.2628166157811667E+02 -0.1225846605600649E+00 +0.2110172981847192E+00 -0.1626783723553211E+00
+0.2630433773133333E+02 -0.1182246499241502E+00 +0.2090626356184572E+00 -0.1585300695278962E+00
+0.2632701388455000E+02 -0.1141722172366912E+00 +0.2066242865013885E+00 -0.1546859076823639E+00
+0.2634969003776667E+02 -0.1102784204696513E+00 +0.2036708905164704E+00 -0.1510103263201206E+00
+0.2637236619098334E+02 -0.1063951307642062E+00 +0.2002093093646743E+00 -0.1473675794277556E+00
+0.2639504234420000E+02 -0.1023826410442898E+00 +0.1962801829378980E+00 -0.1436290953139363E+00
+0.2641771849741667E+02 -0.9811316186174404E-01 +0.1919560893715881E+00 -0.1396786044844389E+00
+0.2644039465063333E+02 -0.9347742663599515E-01 +0.1873441976563333E+00 -0.1354194500301547E+00
+0.2646307080385000E+02 -0.8839944230281530E-01 +0.1825864218194756E+00 -0.1307869550209069E+00
+0.2648574695706667E+02 -0.8285506676305845E-01 +0.1778481210839529E+00 -0.1257625361019499E+00
+0.2650842311028333E+02 -0.7688335594599716E-01 +0.1732935121036168E+00 -0.1203816566673894E+00
+0.2653109926350000E+02 -0.7058144416982604E-01 +0.1690559213193206E+00 -0.1147291397125847E+00
+0.2655377541671667E+02 -0.6408316562163659E-01 +0.1652159230422497E+00 -0.1089221405641516E+00
+0.2657645156993334E+02 -0.5753167347156836E-01 +0.1617955317153777E+00 -0.1030880210326159E+00
+0.2659912772315000E+02 -0.5105789365577432E-01 +0.1587653211487310E+00 -0.9734542315418371E-01
+0.2662180387636667E+02 -0.4476776956043085E-01 +0.1560543306464582E+00 -0.9179103510174880E-01
+0.2664448002958334E+02 -0.3873110203757409E-01 +0.1535574587538634E+00 -0.8648812390837568E-01
+0.2666715618280000E+02 -0.3296535829971773E-01 +0.1511468575358330E+00 -0.8145361860808631E-01
+0.2668983233601667E+02 -0.2742060225553833E-01 +0.1486983825392899E+00 -0.7664882688985863E-01
+0.2671250848923334E+02 -0.2198321543835857E-01 +0.1461324752293479E+00 -0.7198561001615644E-01
+0.2673518464245000E+02 -0.1651030583600840E-01 +0.1434499644644895E+00 -0.6735497881731822E-01
+0.2675786079566667E+02 -0.1088458330804272E-01 +0.1407377287428777E+00 -0.6266986401576924E-01
+0.2678053694888334E+02 -0.5061322788788346E-02 +0.1381360152813039E+00 -0.5790157850276167E-01
+0.2680321310210000E+02 +0.9175023617444076E-03 +0.1357841035178258E+00 -0.5309175553695678E-01
+0.2682588925531667E+02 +0.6946112828763598E-02 +0.1337727048642129E+00 -0.4833607323394418E-01
+0.2684856540853334E+02 +0.1289899894463779E-01 +0.1321243375717511E+00 -0.4375120615071371E-01
+0.2687124156175000E+02 +0.1867217632156359E-01 +0.1308062464067651E+00 -0.3944342018731017E-01
+0.2689391771496667E+02 +0.2420148988508870E-01 +0.1297640581531311E+00 -0.3549447933658056E-01
+0.2691659386818334E+02 +0.2945095264846401E-01 +0.1289538263776331E+00 -0.3197010405601963E-01
+0.2693927002140001E+02 +0.3438232809721276E-01 +0.1283509147389046E+00 -0.2894261642745222E-01
+0.2696194617461667E+02 +0.3893047324875021E-01 +0.1279292392869791E+00 -0.2650986224949481E-01
+0.2698462232783334E+02 +0.4300595426813310E-01 +0.1276257624193949E+00 -0.2479652528679210E-01
+0.2700729848105000E+02 +0.4652735389277907E-01 +0.1273166107450380E+00 -0.2393337016044761E-01
+0.2702997463426667E+02 +0.4946480797037940E-01 +0.1268234843285134E+00 -0.2404356761769066E-01
+0.2705265078748334E+02 +0.5186949300642710E-01 +0.1259483175129786E+00 -0.2520694477753782E-01
+0.2707532694070001E+02 +0.5387575857882113E-01 +0.1245169515575977E+00 -0.2761421508889073E-01
+0.2709800309391667E+02 +0.5568194954221491E-01 +0.1224130187723966E+00 -0.3123502511527843E-01
+0.2712067924713334E+02 +0.5752342511151124E-01 +0.1195980803039243E+00 -0.3773326173524727E-01
+0.2714335540035000E+02 +0.5964208296676421E-01 +0.1161233699714869E+00 -0.4298750572506371E-01
+0.2716603155356667E+02 +0.6224866325325051E-01 +0.1121315105665960E+00 -0.6937791306894159E-01
+0.2718870770678334E+02 +0.6548203549778531E-01 +0.1078380491949819E+00 -0.8219333920650640E-01
