# Macroscopic dielectric function epsm
#
# Momentum transfer Q=G+q in lattice cooridnates
# G:   0   0   0
# q:   0.0000000   0.0000000   0.0000000
# Momentum transfer Q=G+q in Cartesian cooridnates
# G:   0.0000000   0.0000000   0.0000000
# q:   0.0000000   0.0000000   0.0000000
# Norm2(G+q)   0.0000000
#
# Energy scale=   27.211384
# Used broadening in scaled energy units:    0.190480
#
# Number of k-points=      27
# Unit cell volume [au]=  110.090925
# Coulomb potential v(Q) [au]=          0.000000
#
#             Frequency                Re(epsm)                Im(epsm)       Re(epsm) form KKT
+0.0000000000000000E+00 +0.1840926402019208E+01 +0.0000000000000000E+00 +0.1825176988218455E+01
+0.2267615321666667E-01 +0.1840928199156388E+01 +0.3021397340243665E-04 +0.1825170106301123E+01
+0.4535230643333334E-01 +0.1840933590623447E+01 +0.6042888142687814E-04 +0.1825175969769528E+01
+0.6802845965000001E-01 +0.1840942576586947E+01 +0.9064565877570769E-04 +0.1825186212811886E+01
+0.9070461286666667E-01 +0.1840955157324509E+01 +0.1208652403120774E-03 +0.1825198322898890E+01
+0.1133807660833333E+00 +0.1840971333224834E+01 +0.1510885611403216E-03 +0.1825214567283688E+01
+0.1360569193000000E+00 +0.1840991104787737E+01 +0.1813165566864217E-03 +0.1825234243797523E+01
+0.1587330725166667E+00 +0.1841014472624195E+01 +0.2115501627785159E-03 +0.1825257573686852E+01
+0.1814092257333333E+00 +0.1841041437456389E+01 +0.2417903157274816E-03 +0.1825284474592677E+01
+0.2040853789500000E+00 +0.1841072000117776E+01 +0.2720379524076006E-03 +0.1825314972666075E+01
+0.2267615321666667E+00 +0.1841106161553156E+01 +0.3022940103373210E-03 +0.1825349060174497E+01
+0.2494376853833334E+00 +0.1841143922818755E+01 +0.3325594277601169E-03 +0.1825386740589013E+01
+0.2721138386000000E+00 +0.1841185285082312E+01 +0.3628351437254930E-03 +0.1825428014221049E+01
+0.2947899918166667E+00 +0.1841230249623184E+01 +0.3931220981701038E-03 +0.1825472882544922E+01
+0.3174661450333334E+00 +0.1841278817832454E+01 +0.4234212319990403E-03 +0.1825521346860782E+01
+0.3401422982500000E+00 +0.1841330991213050E+01 +0.4537334871672719E-03 +0.1825573408679125E+01
+0.3628184514666667E+00 +0.1841386771379874E+01 +0.4840598067612743E-03 +0.1825629069600919E+01
+0.3854946046833334E+00 +0.1841446160059946E+01 +0.5144011350808430E-03 +0.1825688331349559E+01
+0.4081707579000001E+00 +0.1841509159092544E+01 +0.5447584177211156E-03 +0.1825751195760044E+01
+0.4308469111166667E+00 +0.1841575770429372E+01 +0.5751326016548192E-03 +0.1825817664781338E+01
+0.4535230643333333E+00 +0.1841645996134718E+01 +0.6055246353147521E-03 +0.1825887740475377E+01
+0.4761992175500001E+00 +0.1841719838385641E+01 +0.6359354686765067E-03 +0.1825961425017248E+01
+0.4988753707666667E+00 +0.1841797299472157E+01 +0.6663660533414703E-03 +0.1826038720695178E+01
+0.5215515239833334E+00 +0.1841878381797430E+01 +0.6968173426200901E-03 +0.1826119629910673E+01
+0.5442276772000001E+00 +0.1841963087877990E+01 +0.7272902916154354E-03 +0.1826204155178653E+01
+0.5669038304166668E+00 +0.1842051420343940E+01 +0.7577858573070743E-03 +0.1826292299127647E+01
+0.5895799836333334E+00 +0.1842143381939191E+01 +0.7883049986352631E-03 +0.1826384064499988E+01
+0.6122561368500001E+00 +0.1842238975521699E+01 +0.8188486765854713E-03 +0.1826479454152039E+01
+0.6349322900666667E+00 +0.1842338204063709E+01 +0.8494178542732673E-03 +0.1826578471054420E+01
+0.6576084432833335E+00 +0.1842441070652012E+01 +0.8800134970295622E-03 +0.1826681118292272E+01
+0.6802845965000001E+00 +0.1842547578488219E+01 +0.9106365724862329E-03 +0.1826787399065503E+01
+0.7029607497166668E+00 +0.1842657730889031E+01 +0.9412880506621534E-03 +0.1826897316689071E+01
+0.7256369029333334E+00 +0.1842771531286534E+01 +0.9719689040496228E-03 +0.1827010874593267E+01
+0.7483130561500001E+00 +0.1842888983228494E+01 +0.1002680107701236E-02 +0.1827128076324010E+01
+0.7709892093666668E+00 +0.1843010090378664E+01 +0.1033422639317176E-02 +0.1827248925543157E+01
+0.7936653625833334E+00 +0.1843134856517107E+01 +0.1064197479332988E-02 +0.1827373426028813E+01
+0.8163415158000001E+00 +0.1843263285540524E+01 +0.1095005611007810E-02 +0.1827501581675670E+01
+0.8390176690166667E+00 +0.1843395381462591E+01 +0.1125848020513097E-02 +0.1827633396495335E+01
+0.8616938222333335E+00 +0.1843531148414317E+01 +0.1156725697021862E-02 +0.1827768874616690E+01
+0.8843699754500001E+00 +0.1843670590644396E+01 +0.1187639632798419E-02 +0.1827908020286248E+01
+0.9070461286666667E+00 +0.1843813712519587E+01 +0.1218590823288681E-02 +0.1828050837868524E+01
+0.9297222818833335E+00 +0.1843960518525091E+01 +0.1249580267211004E-02 +0.1828197331846409E+01
+0.9523984351000001E+00 +0.1844111013264946E+01 +0.1280608966647604E-02 +0.1828347506821585E+01
+0.9750745883166668E+00 +0.1844265201462433E+01 +0.1311677927136567E-02 +0.1828501367514907E+01
+0.9977507415333334E+00 +0.1844423087960489E+01 +0.1342788157764457E-02 +0.1828658918766827E+01
+0.1020426894750000E+01 +0.1844584677722134E+01 +0.1373940671259550E-02 +0.1828820165537822E+01
+0.1043103047966667E+01 +0.1844749975830908E+01 +0.1405136484085706E-02 +0.1828985112908820E+01
+0.1065779201183333E+01 +0.1844918987491321E+01 +0.1436376616536902E-02 +0.1829153766081666E+01
+0.1088455354400000E+01 +0.1845091718029311E+01 +0.1467662092832428E-02 +0.1829326130379566E+01
+0.1111131507616667E+01 +0.1845268172892715E+01 +0.1498993941212795E-02 +0.1829502211247564E+01
+0.1133807660833334E+01 +0.1845448357651752E+01 +0.1530373194036343E-02 +0.1829682014253024E+01
+0.1156483814050000E+01 +0.1845632277999517E+01 +0.1561800887876568E-02 +0.1829865545086120E+01
+0.1179159967266667E+01 +0.1845819939752487E+01 +0.1593278063620215E-02 +0.1830052809560346E+01
+0.1201836120483333E+01 +0.1846011348851037E+01 +0.1624805766566131E-02 +0.1830243813613034E+01
+0.1224512273700000E+01 +0.1846206511359970E+01 +0.1656385046524895E-02 +0.1830438563305874E+01
+0.1247188426916667E+01 +0.1846405433469058E+01 +0.1688016957919270E-02 +0.1830637064825467E+01
+0.1269864580133333E+01 +0.1846608121493591E+01 +0.1719702559885457E-02 +0.1830839324483861E+01
+0.1292540733350000E+01 +0.1846814581874948E+01 +0.1751442916375215E-02 +0.1831045348719135E+01
+0.1315216886566667E+01 +0.1847024821181171E+01 +0.1783239096258831E-02 +0.1831255144095959E+01
+0.1337893039783334E+01 +0.1847238846107552E+01 +0.1815092173428974E-02 +0.1831468717306193E+01
+0.1360569193000000E+01 +0.1847456663477239E+01 +0.1847003226905462E-02 +0.1831686075169482E+01
+0.1383245346216667E+01 +0.1847678280241843E+01 +0.1878973340940949E-02 +0.1831907224633875E+01
+0.1405921499433334E+01 +0.1847903703482075E+01 +0.1911003605127557E-02 +0.1832132172776446E+01
+0.1428597652650000E+01 +0.1848132940408377E+01 +0.1943095114504478E-02 +0.1832360926803941E+01
+0.1451273805866667E+01 +0.1848365998361576E+01 +0.1975248969666568E-02 +0.1832593494053415E+01
+0.1473949959083333E+01 +0.1848602884813550E+01 +0.2007466276873942E-02 +0.1832829881992915E+01
+0.1496626112300000E+01 +0.1848843607367907E+01 +0.2039748148162618E-02 +0.1833070098222144E+01
+0.1519302265516667E+01 +0.1849088173760675E+01 +0.2072095701456202E-02 +0.1833314150473157E+01
+0.1541978418733334E+01 +0.1849336591861005E+01 +0.2104510060678666E-02 +0.1833562046611067E+01
+0.1564654571950000E+01 +0.1849588869671890E+01 +0.2136992355868209E-02 +0.1833813794634757E+01
+0.1587330725166667E+01 +0.1849845015330901E+01 +0.2169543723292266E-02 +0.1834069402677619E+01
+0.1610006878383334E+01 +0.1850105037110924E+01 +0.2202165305563655E-02 +0.1834328879008287E+01
+0.1632683031600000E+01 +0.1850368943420926E+01 +0.2234858251757885E-02 +0.1834592232031413E+01
+0.1655359184816667E+01 +0.1850636742806723E+01 +0.2267623717531702E-02 +0.1834859470288418E+01
+0.1678035338033333E+01 +0.1850908443951774E+01 +0.2300462865242802E-02 +0.1835130602458300E+01
+0.1700711491250000E+01 +0.1851184055677973E+01 +0.2333376864070852E-02 +0.1835405637358415E+01
+0.1723387644466667E+01 +0.1851463586946471E+01 +0.2366366890139734E-02 +0.1835684583945312E+01
+0.1746063797683334E+01 +0.1851747046858506E+01 +0.2399434126641124E-02 +0.1835967451315549E+01
+0.1768739950900000E+01 +0.1852034444656248E+01 +0.2432579763959389E-02 +0.1836254248706542E+01
+0.1791416104116667E+01 +0.1852325789723655E+01 +0.2465804999797828E-02 +0.1836544985497425E+01
+0.1814092257333333E+01 +0.1852621091587353E+01 +0.2499111039306311E-02 +0.1836839671209917E+01
+0.1836768410550000E+01 +0.1852920359917525E+01 +0.2532499095210314E-02 +0.1837138315509230E+01
+0.1859444563766667E+01 +0.1853223604528815E+01 +0.2565970387941408E-02 +0.1837440928204955E+01
+0.1882120716983333E+01 +0.1853530835381247E+01 +0.2599526145769181E-02 +0.1837747519251992E+01
+0.1904796870200000E+01 +0.1853842062581168E+01 +0.2633167604934711E-02 +0.1838058098751481E+01
+0.1927473023416667E+01 +0.1854157296382198E+01 +0.2666896009785511E-02 +0.1838372676951761E+01
+0.1950149176633334E+01 +0.1854476547186194E+01 +0.2700712612912063E-02 +0.1838691264249334E+01
+0.1972825329850000E+01 +0.1854799825544242E+01 +0.2734618675285921E-02 +0.1839013871189849E+01
+0.1995501483066667E+01 +0.1855127142157656E+01 +0.2768615466399448E-02 +0.1839340508469104E+01
+0.2018177636283334E+01 +0.1855458507878992E+01 +0.2802704264407182E-02 +0.1839671186934061E+01
+0.2040853789500000E+01 +0.1855793933713091E+01 +0.2836886356268913E-02 +0.1840005917583887E+01
+0.2063529942716667E+01 +0.1856133430818124E+01 +0.2871163037894438E-02 +0.1840344711570998E+01
+0.2086206095933334E+01 +0.1856477010506664E+01 +0.2905535614290113E-02 +0.1840687580202130E+01
+0.2108882249150000E+01 +0.1856824684246773E+01 +0.2940005399707128E-02 +0.1841034534939429E+01
+0.2131558402366667E+01 +0.1857176463663104E+01 +0.2974573717791650E-02 +0.1841385587401549E+01
+0.2154234555583334E+01 +0.1857532360538029E+01 +0.3009241901736797E-02 +0.1841740749364774E+01
+0.2176910708800000E+01 +0.1857892386812773E+01 +0.3044011294436503E-02 +0.1842100032764164E+01
+0.2199586862016667E+01 +0.1858256554588571E+01 +0.3078883248641295E-02 +0.1842463449694707E+01
+0.2222263015233334E+01 +0.1858624876127859E+01 +0.3113859127116068E-02 +0.1842831012412490E+01
+0.2244939168450000E+01 +0.1858997363855450E+01 +0.3148940302799810E-02 +0.1843202733335914E+01
+0.2267615321666667E+01 +0.1859374030359766E+01 +0.3184128158967416E-02 +0.1843578625046887E+01
+0.2290291474883333E+01 +0.1859754888394063E+01 +0.3219424089393531E-02 +0.1843958700292066E+01
+0.2312967628100000E+01 +0.1860139950877688E+01 +0.3254829498518557E-02 +0.1844342971984114E+01
+0.2335643781316667E+01 +0.1860529230897351E+01 +0.3290345801616779E-02 +0.1844731453202966E+01
+0.2358319934533334E+01 +0.1860922741708423E+01 +0.3325974424966712E-02 +0.1845124157197128E+01
+0.2380996087750000E+01 +0.1861320496736242E+01 +0.3361716806023688E-02 +0.1845521097384984E+01
+0.2403672240966667E+01 +0.1861722509577455E+01 +0.3397574393594725E-02 +0.1845922287356134E+01
+0.2426348394183333E+01 +0.1862128794001371E+01 +0.3433548648015702E-02 +0.1846327740872748E+01
+0.2449024547400001E+01 +0.1862539363951335E+01 +0.3469641041330963E-02 +0.1846737471870938E+01
+0.2471700700616667E+01 +0.1862954233546129E+01 +0.3505853057475276E-02 +0.1847151494462160E+01
+0.2494376853833334E+01 +0.1863373417081389E+01 +0.3542186192458290E-02 +0.1847569822934634E+01
+0.2517053007050000E+01 +0.1863796929031049E+01 +0.3578641954551508E-02 +0.1847992471754770E+01
+0.2539729160266667E+01 +0.1864224784048803E+01 +0.3615221864477796E-02 +0.1848419455568652E+01
+0.2562405313483334E+01 +0.1864656996969591E+01 +0.3651927455603518E-02 +0.1848850789203509E+01
+0.2585081466700000E+01 +0.1865093582811111E+01 +0.3688760274133329E-02 +0.1849286487669227E+01
+0.2607757619916667E+01 +0.1865534556775347E+01 +0.3725721879307664E-02 +0.1849726566159885E+01
+0.2630433773133334E+01 +0.1865979934250128E+01 +0.3762813843603001E-02 +0.1850171040055298E+01
+0.2653109926350000E+01 +0.1866429730810709E+01 +0.3800037752934936E-02 +0.1850619924922611E+01
+0.2675786079566667E+01 +0.1866883962221371E+01 +0.3837395206864105E-02 +0.1851073236517895E+01
+0.2698462232783334E+01 +0.1867342644437053E+01 +0.3874887818805075E-02 +0.1851530990787763E+01
+0.2721138386000000E+01 +0.1867805793605004E+01 +0.3912517216238156E-02 +0.1851993203871049E+01
+0.2743814539216667E+01 +0.1868273426066460E+01 +0.3950285040924291E-02 +0.1852459892100457E+01
+0.2766490692433333E+01 +0.1868745558358355E+01 +0.3988192949123018E-02 +0.1852931072004285E+01
+0.2789166845650001E+01 +0.1869222207215038E+01 +0.4026242611813592E-02 +0.1853406760308145E+01
+0.2811842998866667E+01 +0.1869703389570048E+01 +0.4064435714919313E-02 +0.1853886973936714E+01
+0.2834519152083334E+01 +0.1870189122557878E+01 +0.4102773959535148E-02 +0.1854371730015532E+01
+0.2857195305300000E+01 +0.1870679423515802E+01 +0.4141259062158674E-02 +0.1854861045872789E+01
+0.2879871458516667E+01 +0.1871174309985699E+01 +0.4179892754924421E-02 +0.1855354939041187E+01
+0.2902547611733334E+01 +0.1871673799715930E+01 +0.4218676785841695E-02 +0.1855853427259779E+01
+0.2925223764950001E+01 +0.1872177910663226E+01 +0.4257612919035916E-02 +0.1856356528475882E+01
+0.2947899918166667E+01 +0.1872686660994612E+01 +0.4296702934993591E-02 +0.1856864260846991E+01
+0.2970576071383334E+01 +0.1873200069089360E+01 +0.4335948630810929E-02 +0.1857376642742721E+01
+0.2993252224600000E+01 +0.1873718153540970E+01 +0.4375351820446212E-02 +0.1857893692746807E+01
+0.3015928377816667E+01 +0.1874240933159183E+01 +0.4414914334975986E-02 +0.1858415429659100E+01
+0.3038604531033334E+01 +0.1874768426972022E+01 +0.4454638022855117E-02 +0.1858941872497607E+01
+0.3061280684250000E+01 +0.1875300654227864E+01 +0.4494524750180862E-02 +0.1859473040500576E+01
+0.3083956837466667E+01 +0.1875837634397548E+01 +0.4534576400960911E-02 +0.1860008953128579E+01
+0.3106632990683334E+01 +0.1876379387176512E+01 +0.4574794877385625E-02 +0.1860549630066672E+01
+0.3129309143900000E+01 +0.1876925932486956E+01 +0.4615182100104427E-02 +0.1861095091226538E+01
+0.3151985297116667E+01 +0.1877477290480052E+01 +0.4655740008506487E-02 +0.1861645356748709E+01
+0.3174661450333334E+01 +0.1878033481538173E+01 +0.4696470561005774E-02 +0.1862200447004781E+01
+0.3197337603550000E+01 +0.1878594526277167E+01 +0.4737375735330574E-02 +0.1862760382599695E+01
+0.3220013756766667E+01 +0.1879160445548660E+01 +0.4778457528817508E-02 +0.1863325184374040E+01
+0.3242689909983334E+01 +0.1879731260442389E+01 +0.4819717958710249E-02 +0.1863894873406378E+01
+0.3265366063200001E+01 +0.1880306992288589E+01 +0.4861159062462879E-02 +0.1864469471015626E+01
+0.3288042216416667E+01 +0.1880887662660391E+01 +0.4902782898048111E-02 +0.1865048998763466E+01
+0.3310718369633334E+01 +0.1881473293376275E+01 +0.4944591544270394E-02 +0.1865633478456784E+01
+0.3333394522850000E+01 +0.1882063906502558E+01 +0.4986587101084047E-02 +0.1866222932150162E+01
+0.3356070676066667E+01 +0.1882659524355907E+01 +0.5028771689916464E-02 +0.1866817382148391E+01
+0.3378746829283334E+01 +0.1883260169505911E+01 +0.5071147453996538E-02 +0.1867416851009032E+01
+0.3401422982500000E+01 +0.1883865864777675E+01 +0.5113716558688424E-02 +0.1868021361545015E+01
+0.3424099135716667E+01 +0.1884476633254461E+01 +0.5156481191830647E-02 +0.1868630936827279E+01
+0.3446775288933334E+01 +0.1885092498280365E+01 +0.5199443564080799E-02 +0.1869245600187450E+01
+0.3469451442150000E+01 +0.1885713483463046E+01 +0.5242605909265828E-02 +0.1869865375220553E+01
+0.3492127595366668E+01 +0.1886339612676485E+01 +0.5285970484738087E-02 +0.1870490285787786E+01
+0.3514803748583334E+01 +0.1886970910063787E+01 +0.5329539571737242E-02 +0.1871120356019314E+01
+0.3537479901800000E+01 +0.1887607400040036E+01 +0.5373315475758145E-02 +0.1871755610317115E+01
+0.3560156055016667E+01 +0.1888249107295184E+01 +0.5417300526924823E-02 +0.1872396073357879E+01
+0.3582832208233334E+01 +0.1888896056796988E+01 +0.5461497080370685E-02 +0.1873041770095936E+01
+0.3605508361450001E+01 +0.1889548273793992E+01 +0.5505907516625033E-02 +0.1873692725766230E+01
+0.3628184514666667E+01 +0.1890205783818559E+01 +0.5550534242006144E-02 +0.1874348965887364E+01
+0.3650860667883334E+01 +0.1890868612689939E+01 +0.5595379689020848E-02 +0.1875010516264652E+01
+0.3673536821100000E+01 +0.1891536786517399E+01 +0.5640446316770907E-02 +0.1875677402993253E+01
+0.3696212974316667E+01 +0.1892210331703390E+01 +0.5685736611366285E-02 +0.1876349652461335E+01
+0.3718889127533334E+01 +0.1892889274946767E+01 +0.5731253086345390E-02 +0.1877027291353288E+01
+0.3741565280750001E+01 +0.1893573643246064E+01 +0.5776998283102491E-02 +0.1877710346653007E+01
+0.3764241433966667E+01 +0.1894263463902810E+01 +0.5822974771322497E-02 +0.1878398845647187E+01
+0.3786917587183334E+01 +0.1894958764524901E+01 +0.5869185149423106E-02 +0.1879092815928720E+01
+0.3809593740400000E+01 +0.1895659573030034E+01 +0.5915632045004643E-02 +0.1879792285400097E+01
+0.3832269893616667E+01 +0.1896365917649178E+01 +0.5962318115307617E-02 +0.1880497282276896E+01
+0.3854946046833334E+01 +0.1897077826930110E+01 +0.6009246047678239E-02 +0.1881207835091306E+01
+0.3877622200050001E+01 +0.1897795329741006E+01 +0.6056418560042041E-02 +0.1881923972695724E+01
+0.3900298353266667E+01 +0.1898518455274086E+01 +0.6103838401385709E-02 +0.1882645724266381E+01
+0.3922974506483333E+01 +0.1899247233049314E+01 +0.6151508352247413E-02 +0.1883373119307059E+01
+0.3945650659700001E+01 +0.1899981692918164E+01 +0.6199431225215719E-02 +0.1884106187652842E+01
+0.3968326812916667E+01 +0.1900721865067437E+01 +0.6247609865437282E-02 +0.1884844959473924E+01
+0.3991002966133334E+01 +0.1901467780023145E+01 +0.6296047151133552E-02 +0.1885589465279510E+01
+0.4013679119350001E+01 +0.1902219468654449E+01 +0.6344745994126601E-02 +0.1886339735921733E+01
+0.4036355272566667E+01 +0.1902976962177671E+01 +0.6393709340374346E-02 +0.1887095802599668E+01
+0.4059031425783334E+01 +0.1903740292160358E+01 +0.6442940170515320E-02 +0.1887857696863395E+01
+0.4081707579000001E+01 +0.1904509490525418E+01 +0.6492441500423168E-02 +0.1888625450618128E+01
+0.4104383732216667E+01 +0.1905284589555316E+01 +0.6542216381771176E-02 +0.1889399096128418E+01
+0.4127059885433334E+01 +0.1906065621896351E+01 +0.6592267902606905E-02 +0.1890178666022402E+01
+0.4149736038650000E+01 +0.1906852620562979E+01 +0.6642599187937295E-02 +0.1890964193296150E+01
+0.4172412191866667E+01 +0.1907645618942226E+01 +0.6693213400324323E-02 +0.1891755711318067E+01
+0.4195088345083334E+01 +0.1908444650798164E+01 +0.6744113740491528E-02 +0.1892553253833343E+01
+0.4217764498300000E+01 +0.1909249750276454E+01 +0.6795303447941654E-02 +0.1893356854968528E+01
+0.4240440651516668E+01 +0.1910060951908973E+01 +0.6846785801585546E-02 +0.1894166549236130E+01
+0.4263116804733333E+01 +0.1910878290618509E+01 +0.6898564120382672E-02 +0.1894982371539310E+01
+0.4285792957950000E+01 +0.1911701801723533E+01 +0.6950641763993402E-02 +0.1895804357176657E+01
+0.4308469111166668E+01 +0.1912531520943050E+01 +0.7003022133443415E-02 +0.1896632541847036E+01
+0.4331145264383334E+01 +0.1913367484401530E+01 +0.7055708671800404E-02 +0.1897466961654497E+01
+0.4353821417600001E+01 +0.1914209728633917E+01 +0.7108704864863351E-02 +0.1898307653113301E+01
+0.4376497570816667E+01 +0.1915058290590719E+01 +0.7162014241864812E-02 +0.1899154653152999E+01
+0.4399173724033334E+01 +0.1915913207643188E+01 +0.7215640376186155E-02 +0.1900007999123595E+01
+0.4421849877250001E+01 +0.1916774517588578E+01 +0.7269586886086508E-02 +0.1900867728800821E+01
+0.4444526030466667E+01 +0.1917642258655493E+01 +0.7323857435445197E-02 +0.1901733880391461E+01
+0.4467202183683334E+01 +0.1918516469509324E+01 +0.7378455734518431E-02 +0.1902606492538798E+01
+0.4489878336900000E+01 +0.1919397189257776E+01 +0.7433385540710262E-02 +0.1903485604328118E+01
+0.4512554490116667E+01 +0.1920284457456479E+01 +0.7488650659358251E-02 +0.1904371255292341E+01
+0.4535230643333334E+01 +0.1921178314114711E+01 +0.7544254944534147E-02 +0.1905263485417716E+01
+0.4557906796550000E+01 +0.1922078799701194E+01 +0.7600202299859924E-02 +0.1906162335149620E+01
+0.4580582949766667E+01 +0.1922985955150002E+01 +0.7656496679339500E-02 +0.1907067845398467E+01
+0.4603259102983334E+01 +0.1923899821866565E+01 +0.7713142088206505E-02 +0.1907980057545695E+01
+0.4625935256200001E+01 +0.1924820441733769E+01 +0.7770142583788477E-02 +0.1908899013449870E+01
+0.4648611409416667E+01 +0.1925747857118164E+01 +0.7827502276387819E-02 +0.1909824755452883E+01
+0.4671287562633334E+01 +0.1926682110876276E+01 +0.7885225330179916E-02 +0.1910757326386256E+01
+0.4693963715850001E+01 +0.1927623246361024E+01 +0.7943315964128830E-02 +0.1911696769577554E+01
+0.4716639869066667E+01 +0.1928571307428244E+01 +0.8001778452920948E-02 +0.1912643128856910E+01
+0.4739316022283334E+01 +0.1929526338443337E+01 +0.8060617127916950E-02 +0.1913596448563646E+01
+0.4761992175500001E+01 +0.1930488384288004E+01 +0.8119836378122594E-02 +0.1914556773553029E+01
+0.4784668328716667E+01 +0.1931457490367127E+01 +0.8179440651178775E-02 +0.1915524149203128E+01
+0.4807344481933334E+01 +0.1932433702615747E+01 +0.8239434454371138E-02 +0.1916498621421786E+01
+0.4830020635150000E+01 +0.1933417067506170E+01 +0.8299822355659903E-02 +0.1917480236653722E+01
+0.4852696788366667E+01 +0.1934407632055194E+01 +0.8360608984730220E-02 +0.1918469041887755E+01
+0.4875372941583334E+01 +0.1935405443831457E+01 +0.8421799034063641E-02 +0.1919465084664136E+01
+0.4898049094800001E+01 +0.1936410550962926E+01 +0.8483397260031077E-02 +0.1920468413082042E+01
+0.4920725248016668E+01 +0.1937423002144494E+01 +0.8545408484007909E-02 +0.1921479075807151E+01
+0.4943401401233333E+01 +0.1938442846645734E+01 +0.8607837593511615E-02 +0.1922497122079396E+01
+0.4966077554450001E+01 +0.1939470134318765E+01 +0.8670689543362536E-02 +0.1923522601720829E+01
+0.4988753707666667E+01 +0.1940504915606277E+01 +0.8733969356868290E-02 +0.1924555565143621E+01
+0.5011429860883334E+01 +0.1941547241549680E+01 +0.8797682127032438E-02 +0.1925596063358218E+01
+0.5034106014100001E+01 +0.1942597163797409E+01 +0.8861833017787927E-02 +0.1926644147981638E+01
+0.5056782167316667E+01 +0.1943654734613367E+01 +0.8926427265255917E-02 +0.1927699871245887E+01
+0.5079458320533334E+01 +0.1944720006885522E+01 +0.8991470179030641E-02 +0.1928763286006573E+01
+0.5102134473750001E+01 +0.1945793034134657E+01 +0.9056967143490826E-02 +0.1929834445751629E+01
+0.5124810626966667E+01 +0.1946873870523274E+01 +0.9122923619138482E-02 +0.1930913404610204E+01
+0.5147486780183334E+01 +0.1947962570864660E+01 +0.9189345143965459E-02 +0.1932000217361742E+01
+0.5170162933400000E+01 +0.1949059190632106E+01 +0.9256237334848776E-02 +0.1933094939445172E+01
+0.5192839086616668E+01 +0.1950163785968312E+01 +0.9323605888975149E-02 +0.1934197626968304E+01
+0.5215515239833334E+01 +0.1951276413694936E+01 +0.9391456585295483E-02 +0.1935308336717377E+01
+0.5238191393050000E+01 +0.1952397131322337E+01 +0.9459795286010243E-02 +0.1936427126166784E+01
+0.5260867546266668E+01 +0.1953525997059483E+01 +0.9528627938086188E-02 +0.1937554053488971E+01
+0.5283543699483334E+01 +0.1954663069824042E+01 +0.9597960574805470E-02 +0.1938689177564523E+01
+0.5306219852700001E+01 +0.1955808409252657E+01 +0.9667799317347753E-02 +0.1939832557992414E+01
+0.5328896005916667E+01 +0.1956962075711413E+01 +0.9738150376406247E-02 +0.1940984255100480E+01
+0.5351572159133334E+01 +0.1958124130306486E+01 +0.9809020053838446E-02 +0.1942144329956043E+01
+0.5374248312350001E+01 +0.1959294634895003E+01 +0.9880414744352473E-02 +0.1943312844376762E+01
+0.5396924465566667E+01 +0.1960473652096087E+01 +0.9952340937229950E-02 +0.1944489860941669E+01
+0.5419600618783334E+01 +0.1961661245302118E+01 +0.1002480521808619E-01 +0.1945675443002412E+01
+0.5442276772000000E+01 +0.1962857478690195E+01 +0.1009781427066883E-01 +0.1946869654694710E+01
+0.5464952925216667E+01 +0.1964062417233820E+01 +0.1017137487869571E-01 +0.1948072560950021E+01
+0.5487629078433335E+01 +0.1965276126714795E+01 +0.1024549392773300E-01 +0.1949284227507422E+01
+0.5510305231650000E+01 +0.1966498673735339E+01 +0.1032017840711490E-01 +0.1950504720925716E+01
+0.5532981384866667E+01 +0.1967730125730442E+01 +0.1039543541190536E-01 +0.1951734108595768E+01
+0.5555657538083334E+01 +0.1968970550980444E+01 +0.1047127214490366E-01 +0.1952972458753081E+01
+0.5578333691300001E+01 +0.1970220018623858E+01 +0.1054769591869423E-01 +0.1954219840490581E+01
+0.5601009844516668E+01 +0.1971478598670430E+01 +0.1062471415774248E-01 +0.1955476323771686E+01
+0.5623685997733334E+01 +0.1972746362014459E+01 +0.1070233440053736E-01 +0.1956741979443590E+01
+0.5646362150950001E+01 +0.1974023380448351E+01 +0.1078056430178216E-01 +0.1958016879250823E+01
+0.5669038304166667E+01 +0.1975309726676463E+01 +0.1085941163463468E-01 +0.1959301095849048E+01
+0.5691714457383334E+01 +0.1976605474329183E+01 +0.1093888429299792E-01 +0.1960594702819157E+01
+0.5714390610600001E+01 +0.1977910697977300E+01 +0.1101899029386309E-01 +0.1961897774681597E+01
+0.5737066763816667E+01 +0.1979225473146649E+01 +0.1109973777970566E-01 +0.1963210386911008E+01
+0.5759742917033334E+01 +0.1980549876333040E+01 +0.1118113502093642E-01 +0.1964532615951138E+01
+0.5782419070250001E+01 +0.1981883985017470E+01 +0.1126319041840859E-01 +0.1965864539230026E+01
+0.5805095223466667E+01 +0.1983227877681648E+01 +0.1134591250598277E-01 +0.1967206235175509E+01
+0.5827771376683334E+01 +0.1984581633823810E+01 +0.1142930995315107E-01 +0.1968557783231032E+01
+0.5850447529900001E+01 +0.1985945333974854E+01 +0.1151339156772218E-01 +0.1969919263871742E+01
+0.5873123683116668E+01 +0.1987319059714794E+01 +0.1159816629856875E-01 +0.1971290758620925E+01
+0.5895799836333333E+01 +0.1988702893689533E+01 +0.1168364323843905E-01 +0.1972672350066766E+01
+0.5918475989550001E+01 +0.1990096919627973E+01 +0.1176983162683446E-01 +0.1974064121879436E+01
+0.5941152142766668E+01 +0.1991501222359472E+01 +0.1185674085295469E-01 +0.1975466158828523E+01
+0.5963828295983334E+01 +0.1992915887831647E+01 +0.1194438045871235E-01 +0.1976878546800800E+01
+0.5986504449200001E+01 +0.1994341003128524E+01 +0.1203276014181919E-01 +0.1978301372818374E+01
+0.6009180602416667E+01 +0.1995776656489078E+01 +0.1212188975894545E-01 +0.1979734725057178E+01
+0.6031856755633334E+01 +0.1997222937326118E+01 +0.1221177932895471E-01 +0.1981178692865855E+01
+0.6054532908850001E+01 +0.1998679936245586E+01 +0.1230243903621623E-01 +0.1982633366785004E+01
+0.6077209062066667E+01 +0.2000147745066224E+01 +0.1239387923399681E-01 +0.1984098838566841E+01
+0.6099885215283334E+01 +0.2001626456839658E+01 +0.1248611044793449E-01 +0.1985575201195250E+01
+0.6122561368500000E+01 +0.2003116165870890E+01 +0.1257914337959643E-01 +0.1987062548906234E+01
+0.6145237521716668E+01 +0.2004616967739209E+01 +0.1267298891012316E-01 +0.1988560977208817E+01
+0.6167913674933335E+01 +0.2006128959319540E+01 +0.1276765810396168E-01 +0.1990070582906351E+01
+0.6190589828150000E+01 +0.2007652238804228E+01 +0.1286316221269002E-01 +0.1991591464118268E+01
+0.6213265981366668E+01 +0.2009186905725285E+01 +0.1295951267893577E-01 +0.1993123720302305E+01
+0.6235942134583334E+01 +0.2010733060977091E+01 +0.1305672114039122E-01 +0.1994667452277161E+01
+0.6258618287800001E+01 +0.2012290806839582E+01 +0.1315479943392789E-01 +0.1996222762245661E+01
+0.6281294441016667E+01 +0.2013860247001915E+01 +0.1325375959981330E-01 +0.1997789753818377E+01
+0.6303970594233334E+01 +0.2015441486586644E+01 +0.1335361388603298E-01 +0.1999368532037776E+01
+0.6326646747450001E+01 +0.2017034632174396E+01 +0.1345437475272054E-01 +0.2000959203402860E+01
+0.6349322900666667E+01 +0.2018639791829080E+01 +0.1355605487669927E-01 +0.2002561875894331E+01
+0.6371999053883334E+01 +0.2020257075123639E+01 +0.1365866715613815E-01 +0.2004176659000313E+01
+0.6394675207100001E+01 +0.2021886593166334E+01 +0.1376222471532581E-01 +0.2005803663742586E+01
+0.6417351360316667E+01 +0.2023528458627623E+01 +0.1386674090956594E-01 +0.2007443002703433E+01
+0.6440027513533335E+01 +0.2025182785767589E+01 +0.1397222933019748E-01 +0.2009094790053024E+01
+0.6462703666750000E+01 +0.2026849690463989E+01 +0.1407870380974346E-01 +0.2010759141577417E+01
+0.6485379819966667E+01 +0.2028529290240896E+01 +0.1418617842719240E-01 +0.2012436174707156E+01
+0.6508055973183335E+01 +0.2030221704297968E+01 +0.1429466751341578E-01 +0.2014126008546510E+01
+0.6530732126400001E+01 +0.2031927053540374E+01 +0.1440418565672620E-01 +0.2015828763903327E+01
+0.6553408279616668E+01 +0.2033645460609355E+01 +0.1451474770857991E-01 +0.2017544563319555E+01
+0.6576084432833333E+01 +0.2035377049913483E+01 +0.1462636878942852E-01 +0.2019273531102465E+01
+0.6598760586050001E+01 +0.2037121947660589E+01 +0.1473906429472402E-01 +0.2021015793356514E+01
+0.6621436739266668E+01 +0.2038880281890429E+01 +0.1485284990108192E-01 +0.2022771478015954E+01
+0.6644112892483334E+01 +0.2040652182508056E+01 +0.1496774157260741E-01 +0.2024540714878161E+01
+0.6666789045700001E+01 +0.2042437781317953E+01 +0.1508375556738922E-01 +0.2026323635637703E+01
+0.6689465198916667E+01 +0.2044237212058932E+01 +0.1520090844416672E-01 +0.2028120373921184E+01
+0.6712141352133334E+01 +0.2046050610439822E+01 +0.1531921706917518E-01 +0.2029931065322877E+01
+0.6734817505350001E+01 +0.2047878114175965E+01 +0.1543869862317504E-01 +0.2031755847441150E+01
+0.6757493658566667E+01 +0.2049719863026550E+01 +0.1555937060867072E-01 +0.2033594859915739E+01
+0.6780169811783334E+01 +0.2051575998832793E+01 +0.1568125085732477E-01 +0.2035448244465858E+01
+0.6802845965000000E+01 +0.2053446665556995E+01 +0.1580435753757387E-01 +0.2037316144929207E+01
+0.6825522118216668E+01 +0.2055332009322513E+01 +0.1592870916245239E-01 +0.2039198707301847E+01
+0.6848198271433334E+01 +0.2057232178454636E+01 +0.1605432459763083E-01 +0.2041096079779032E+01
+0.6870874424650000E+01 +0.2059147323522428E+01 +0.1618122306967507E-01 +0.2043008412796945E+01
+0.6893550577866668E+01 +0.2061077597381542E+01 +0.1630942417453434E-01 +0.2044935859075472E+01
+0.6916226731083335E+01 +0.2063023155218036E+01 +0.1643894788626445E-01 +0.2046878573661907E+01
+0.6938902884300001E+01 +0.2064984154593221E+01 +0.1656981456599427E-01 +0.2048836713975740E+01
+0.6961579037516668E+01 +0.2066960755489572E+01 +0.1670204497114314E-01 +0.2050810439854475E+01
+0.6984255190733335E+01 +0.2068953120357723E+01 +0.1683566026489734E-01 +0.2052799913600536E+01
+0.7006931343950001E+01 +0.2070961414164588E+01 +0.1697068202595401E-01 +0.2054805300029303E+01
+0.7029607497166667E+01 +0.2072985804442627E+01 +0.1710713225854133E-01 +0.2056826766518284E+01
+0.7052283650383333E+01 +0.2075026461340300E+01 +0.1724503340272364E-01 +0.2058864483057472E+01
+0.7074959803600001E+01 +0.2077083557673736E+01 +0.1738440834500156E-01 +0.2060918622300917E+01
+0.7097635956816668E+01 +0.2079157268979662E+01 +0.1752528042921607E-01 +0.2062989359619561E+01
+0.7120312110033334E+01 +0.2081247773569600E+01 +0.1766767346776716E-01 +0.2065076873155302E+01
+0.7142988263250000E+01 +0.2083355252585414E+01 +0.1781161175315729E-01 +0.2067181343876467E+01
+0.7165664416466668E+01 +0.2085479890056202E+01 +0.1795712006987055E-01 +0.2069302955634577E+01
+0.7188340569683334E+01 +0.2087621872956595E+01 +0.1810422370659884E-01 +0.2071441895222512E+01
+0.7211016722900001E+01 +0.2089781391266503E+01 +0.1825294846882679E-01 +0.2073598352434175E+01
+0.7233692876116668E+01 +0.2091958638032341E+01 +0.1840332069178735E-01 +0.2075772520125555E+01
+0.7256369029333333E+01 +0.2094153809429788E+01 +0.1855536725380098E-01 +0.2077964594277381E+01
+0.7279045182550001E+01 +0.2096367104828114E+01 +0.1870911559001144E-01 +0.2080174774059315E+01
+0.7301721335766668E+01 +0.2098598726856137E+01 +0.1886459370653156E-01 +0.2082403261895764E+01
+0.7324397488983334E+01 +0.2100848881469837E+01 +0.1902183019501336E-01 +0.2084650263533351E+01
+0.7347073642200001E+01 +0.2103117778021698E+01 +0.1918085424765739E-01 +0.2086915988110111E+01
+0.7369749795416668E+01 +0.2105405629331814E+01 +0.1934169567267595E-01 +0.2089200648226458E+01
+0.7392425948633334E+01 +0.2107712651760815E+01 +0.1950438491022668E-01 +0.2091504460017941E+01
+0.7415102101850001E+01 +0.2110039065284688E+01 +0.1966895304883289E-01 +0.2093827643229900E+01
+0.7437778255066668E+01 +0.2112385093571509E+01 +0.1983543184230718E-01 +0.2096170421294037E+01
+0.7460454408283334E+01 +0.2114750964060185E+01 +0.2000385372719735E-01 +0.2098533021406975E+01
+0.7483130561500001E+01 +0.2117136908041252E+01 +0.2017425184077189E-01 +0.2100915674610894E+01
+0.7505806714716668E+01 +0.2119543160739781E+01 +0.2034666003956542E-01 +0.2103318615876227E+01
+0.7528482867933334E+01 +0.2121969961400478E+01 +0.2052111291850322E-01 +0.2105742084186573E+01
+0.7551159021150001E+01 +0.2124417553375034E+01 +0.2069764583062682E-01 +0.2108186322625863E+01
+0.7573835174366669E+01 +0.2126886184211792E+01 +0.2087629490744133E-01 +0.2110651578467790E+01
+0.7596511327583334E+01 +0.2129376105747816E+01 +0.2105709707990785E-01 +0.2113138103267687E+01
+0.7619187480800001E+01 +0.2131887574203430E+01 +0.2124009010010450E-01 +0.2115646152956832E+01
+0.7641863634016667E+01 +0.2134420850279295E+01 +0.2142531256358024E-01 +0.2118175987939289E+01
+0.7664539787233334E+01 +0.2136976199256135E+01 +0.2161280393242766E-01 +0.2120727873191408E+01
+0.7687215940450002E+01 +0.2139553891097160E+01 +0.2180260455910070E-01 +0.2123302078363982E+01
+0.7709892093666667E+01 +0.2142154200553301E+01 +0.2199475571100583E-01 +0.2125898877887235E+01
+0.7732568246883334E+01 +0.2144777407271326E+01 +0.2218929959589518E-01 +0.2128518551078673E+01
+0.7755244400100001E+01 +0.2147423795904955E+01 +0.2238627938809178E-01 +0.2131161382253904E+01
+0.7777920553316667E+01 +0.2150093656229041E+01 +0.2258573925557886E-01 +0.2133827660840547E+01
+0.7800596706533335E+01 +0.2152787283256948E+01 +0.2278772438798544E-01 +0.2136517681495302E+01
+0.7823272859750001E+01 +0.2155504977361210E+01 +0.2299228102550288E-01 +0.2139231744224308E+01
+0.7845949012966667E+01 +0.2158247044397588E+01 +0.2319945648876800E-01 +0.2141970154506860E+01
+0.7868625166183334E+01 +0.2161013795832633E+01 +0.2340929920975005E-01 +0.2144733223422657E+01
+0.7891301319400001E+01 +0.2163805548874885E+01 +0.2362185876368042E-01 +0.2147521267782633E+01
+0.7913977472616667E+01 +0.2166622626609804E+01 +0.2383718590206578E-01 +0.2150334610263537E+01
+0.7936653625833334E+01 +0.2169465358138593E+01 +0.2405533258682710E-01 +0.2153173579546387E+01
+0.7959329779050002E+01 +0.2172334078721011E+01 +0.2427635202560870E-01 +0.2156038510458873E+01
+0.7982005932266667E+01 +0.2175229129922335E+01 +0.2450029870830386E-01 +0.2158929744121930E+01
+0.8004682085483335E+01 +0.2178150859764608E+01 +0.2472722844484522E-01 +0.2161847628100559E+01
+0.8027358238700002E+01 +0.2181099622882310E+01 +0.2495719840431040E-01 +0.2164792516559054E+01
+0.8050034391916666E+01 +0.2184075780682616E+01 +0.2519026715539606E-01 +0.2167764770420804E+01
+0.8072710545133335E+01 +0.2187079701510399E+01 +0.2542649470831523E-01 +0.2170764757532833E+01
+0.8095386698350001E+01 +0.2190111760818136E+01 +0.2566594255817589E-01 +0.2173792852835191E+01
+0.8118062851566668E+01 +0.2193172341340897E+01 +0.2590867372990116E-01 +0.2176849438535450E+01
+0.8140739004783335E+01 +0.2196261833276599E+01 +0.2615475282475471E-01 +0.2179934904288407E+01
+0.8163415158000001E+01 +0.2199380634471694E+01 +0.2640424606853676E-01 +0.2183049647381218E+01
+0.8186091311216668E+01 +0.2202529150612503E+01 +0.2665722136152080E-01 +0.2186194072924157E+01
+0.8208767464433334E+01 +0.2205707795422399E+01 +0.2691374833020310E-01 +0.2189368594047185E+01
+0.8231443617650001E+01 +0.2208916990865028E+01 +0.2717389838094109E-01 +0.2192573632102554E+01
+0.8254119770866668E+01 +0.2212157167353809E+01 +0.2743774475556000E-01 +0.2195809616873625E+01
+0.8276795924083334E+01 +0.2215428763967937E+01 +0.2770536258901163E-01 +0.2199076986790227E+01
+0.8299472077300001E+01 +0.2218732228675115E+01 +0.2797682896917192E-01 +0.2202376189150631E+01
+0.8322148230516667E+01 +0.2222068018561277E+01 +0.2825222299886960E-01 +0.2205707680350562E+01
+0.8344824383733334E+01 +0.2225436600067546E+01 +0.2853162586024151E-01 +0.2209071926119358E+01
+0.8367500536950001E+01 +0.2228838449234720E+01 +0.2881512088151550E-01 +0.2212469401763670E+01
+0.8390176690166667E+01 +0.2232274051955534E+01 +0.2910279360632673E-01 +0.2215900592418854E+01
+0.8412852843383336E+01 +0.2235743904235012E+01 +0.2939473186567799E-01 +0.2219365993308459E+01
+0.8435528996600000E+01 +0.2239248512459227E+01 +0.2969102585266060E-01 +0.2222866110012051E+01
+0.8458205149816667E+01 +0.2242788393672745E+01 +0.2999176820005843E-01 +0.2226401458741720E+01
+0.8480881303033335E+01 +0.2246364075865131E+01 +0.3029705406096276E-01 +0.2229972566627552E+01
+0.8503557456250000E+01 +0.2249976098266842E+01 +0.3060698119253340E-01 +0.2233579972012492E+01
+0.8526233609466667E+01 +0.2253625011654871E+01 +0.3092165004304767E-01 +0.2237224224756888E+01
+0.8548909762683335E+01 +0.2257311378668518E+01 +0.3124116384238590E-01 +0.2240905886553112E+01
+0.8571585915900000E+01 +0.2261035774135714E+01 +0.3156562869611051E-01 +0.2244625531250687E+01
+0.8594262069116668E+01 +0.2264798785410246E+01 +0.3189515368330308E-01 +0.2248383745192267E+01
+0.8616938222333335E+01 +0.2268601012720400E+01 +0.3222985095833264E-01 +0.2252181127560955E+01
+0.8639614375550000E+01 +0.2272443069529402E+01 +0.3256983585673781E-01 +0.2256018290739379E+01
+0.8662290528766668E+01 +0.2276325582908171E+01 +0.3291522700541467E-01 +0.2259895860681015E+01
+0.8684966681983335E+01 +0.2280249193920866E+01 +0.3326614643731186E-01 +0.2263814477294220E+01
+0.8707642835200001E+01 +0.2284214558023740E+01 +0.3362271971084694E-01 +0.2267774794839519E+01
+0.8730318988416668E+01 +0.2288222345477858E+01 +0.3398507603426704E-01 +0.2271777482340678E+01
+0.8752995141633335E+01 +0.2292273241776223E+01 +0.3435334839519105E-01 +0.2275823224010092E+01
+0.8775671294850001E+01 +0.2296367948085932E+01 +0.3472767369558198E-01 +0.2279912719689132E+01
+0.8798347448066668E+01 +0.2300507181705956E+01 +0.3510819289241278E-01 +0.2284046685304044E+01
+0.8821023601283335E+01 +0.2304691676541212E+01 +0.3549505114430209E-01 +0.2288225853338000E+01
+0.8843699754500001E+01 +0.2308922183593618E+01 +0.3588839796441327E-01 +0.2292450973320095E+01
+0.8866375907716668E+01 +0.2313199471470821E+01 +0.3628838737992486E-01 +0.2296722812331859E+01
+0.8889052060933334E+01 +0.2317524326913367E+01 +0.3669517809839897E-01 +0.2301042155532146E+01
+0.8911728214150001E+01 +0.2321897555341104E+01 +0.3710893368139151E-01 +0.2305409806701123E+01
+0.8934404367366668E+01 +0.2326319981419624E+01 +0.3752982272566872E-01 +0.2309826588804149E+01
+0.8957080520583334E+01 +0.2330792449647649E+01 +0.3795801905241446E-01 +0.2314293344576523E+01
+0.8979756673800001E+01 +0.2335315824966206E+01 +0.3839370190483506E-01 +0.2318810937129862E+01
+0.9002432827016667E+01 +0.2339890993390631E+01 +0.3883705615459178E-01 +0.2323380250581139E+01
+0.9025108980233334E+01 +0.2344518862666326E+01 +0.3928827251751642E-01 +0.2328002190705361E+01
+0.9047785133450001E+01 +0.2349200362949384E+01 +0.3974754777909228E-01 +0.2332677685612938E+01
+0.9070461286666669E+01 +0.2353936447513155E+01 +0.4021508503021015E-01 +0.2337407686452805E+01
+0.9093137439883334E+01 +0.2358728093481926E+01 +0.4069109391374019E-01 +0.2342193168142523E+01
+0.9115813593100000E+01 +0.2363576302592961E+01 +0.4117579088249326E-01 +0.2347035130126503E+01
+0.9138489746316669E+01 +0.2368482101988156E+01 +0.4166939946917771E-01 +0.2351934597163664E+01
+0.9161165899533334E+01 +0.2373446545036702E+01 +0.4217215056899706E-01 +0.2356892620145874E+01
+0.9183842052750002E+01 +0.2378470712190149E+01 +0.4268428273557107E-01 +0.2361910276948593E+01
+0.9206518205966669E+01 +0.2383555711871417E+01 +0.4320604249090589E-01 +0.2366988673315172E+01
+0.9229194359183333E+01 +0.2388702681399296E+01 +0.4373768465018274E-01 +0.2372128943776413E+01
+0.9251870512400002E+01 +0.2393912787950136E+01 +0.4427947266218475E-01 +0.2377332252607081E+01
+0.9274546665616668E+01 +0.2399187229558473E+01 +0.4483167896622883E-01 +0.2382599794820975E+01
+0.9297222818833333E+01 +0.2404527236158459E+01 +0.4539458536652884E-01 +0.2387932797206560E+01
+0.9319898972050002E+01 +0.2409934070668041E+01 +0.4596848342497214E-01 +0.2393332519405033E+01
+0.9342575125266668E+01 +0.2415409030117954E+01 +0.4655367487335459E-01 +0.2398800255032776E+01
+0.9365251278483335E+01 +0.2420953446827738E+01 +0.4715047204618866E-01 +0.2404337332850543E+01
+0.9387927431700001E+01 +0.2426568689631041E+01 +0.4775919833526910E-01 +0.2409945117981502E+01
+0.9410603584916668E+01 +0.2432256165152675E+01 +0.4838018866725960E-01 +0.2415625013180593E+01
+0.9433279738133335E+01 +0.2438017319139981E+01 +0.4901379000564676E-01 +0.2421378460157770E+01
+0.9455955891350001E+01 +0.2443853637851215E+01 +0.4966036187849738E-01 +0.2427206940957802E+01
+0.9478632044566668E+01 +0.2449766649503861E+01 +0.5032027693355012E-01 +0.2433111979399408E+01
+0.9501308197783334E+01 +0.2455757925785871E+01 +0.5099392152227809E-01 +0.2439095142576896E+01
+0.9523984351000001E+01 +0.2461829083433085E+01 +0.5168169631466614E-01 +0.2445158042427270E+01
+0.9546660504216668E+01 +0.2467981785876218E+01 +0.5238401694657093E-01 +0.2451302337366375E+01
+0.9569336657433334E+01 +0.2474217744961047E+01 +0.5310131470165676E-01 +0.2457529733997557E+01
+0.9592012810650001E+01 +0.2480538722745600E+01 +0.5383403723003978E-01 +0.2463841988896548E+01
+0.9614688963866667E+01 +0.2486946533378416E+01 +0.5458264930592378E-01 +0.2470240910476744E+01
+0.9637365117083334E+01 +0.2493443045062190E+01 +0.5534763362667110E-01 +0.2476728360939028E+01
+0.9660041270300001E+01 +0.2500030182107337E+01 +0.5612949165592480E-01 +0.2483306258310566E+01
+0.9682717423516667E+01 +0.2506709927080350E+01 +0.5692874451358856E-01 +0.2489976578577574E+01
+0.9705393576733334E+01 +0.2513484323052075E+01 +0.5774593391567245E-01 +0.2496741357916929E+01
+0.9728069729950002E+01 +0.2520355475951394E+01 +0.5858162316723012E-01 +0.2503602695032071E+01
+0.9750745883166667E+01 +0.2527325557030080E+01 +0.5943639821185474E-01 +0.2510562753599023E+01
+0.9773422036383334E+01 +0.2534396805445071E+01 +0.6031086874145320E-01 +0.2517623764828484E+01
+0.9796098189600002E+01 +0.2541571530964660E+01 +0.6120566937029836E-01 +0.2524788030150574E+01
+0.9818774342816667E+01 +0.2548852116805641E+01 +0.6212146087766150E-01 +0.2532057924029023E+01
+0.9841450496033335E+01 +0.2556241022608861E+01 +0.6305893152365216E-01 +0.2539435896912278E+01
+0.9864126649250002E+01 +0.2563740787561073E+01 +0.6401879844324791E-01 +0.2546924478329216E+01
+0.9886802802466667E+01 +0.2571354033671593E+01 +0.6500180912388279E-01 +0.2554526280137862E+01
+0.9909478955683335E+01 +0.2579083469212745E+01 +0.6600874297238143E-01 +0.2562243999935971E+01
+0.9932155108900002E+01 +0.2586931892333731E+01 +0.6704041297747970E-01 +0.2570080424642903E+01
+0.9954831262116668E+01 +0.2594902194858185E+01 +0.6809766747467083E-01 +0.2578038434262966E+01
+0.9977507415333335E+01 +0.2602997366276389E+01 +0.6918139202065413E-01 +0.2586121005841006E+01
+0.1000018356855000E+02 +0.2611220497943869E+01 +0.7029251138525003E-01 +0.2594331217621620E+01
+0.1002285972176667E+02 +0.2619574787498866E+01 +0.7143199166929100E-01 +0.2602672253424539E+01
+0.1004553587498333E+02 +0.2628063543512155E+01 +0.7260084255769193E-01 +0.2611147407249176E+01
+0.1006821202820000E+02 +0.2636690190383454E+01 +0.7380011971767358E-01 +0.2619760088122462E+01
+0.1009088818141667E+02 +0.2645458273499874E+01 +0.7503092735294530E-01 +0.2628513825205024E+01
+0.1011356433463333E+02 +0.2654371464672797E+01 +0.7629442092556896E-01 +0.2637412273172000E+01
+0.1013624048785000E+02 +0.2663433567870846E+01 +0.7759181005822664E-01 +0.2646459217885495E+01
+0.1015891664106667E+02 +0.2672648525267853E+01 +0.7892436163071345E-01 +0.2655658582377545E+01
+0.1018159279428333E+02 +0.2682020423626140E+01 +0.8029340308567665E-01 +0.2665014433163239E+01
+0.1020426894750000E+02 +0.2691553501036882E+01 +0.8170032595994800E-01 +0.2674530986905510E+01
+0.1022694510071667E+02 +0.2701252154041017E+01 +0.8314658965926369E-01 +0.2684212617454415E+01
+0.1024962125393333E+02 +0.2711120945155831E+01 +0.8463372549576206E-01 +0.2694063863285646E+01
+0.1027229740715000E+02 +0.2721164610834355E+01 +0.8616334100940892E-01 +0.2704089435364681E+01
+0.1029497356036667E+02 +0.2731388069886698E+01 +0.8773712459643213E-01 +0.2714294225465132E+01
+0.1031764971358334E+02 +0.2741796432394717E+01 +0.8935685046997885E-01 +0.2724683314971933E+01
+0.1034032586680000E+02 +0.2752395009153894E+01 +0.9102438398056986E-01 +0.2735261984202459E+01
+0.1036300202001667E+02 +0.2763189321678880E+01 +0.9274168732651988E-01 +0.2746035722281158E+01
+0.1038567817323334E+02 +0.2774185112812123E+01 +0.9451082568737307E-01 +0.2757010237606107E+01
+0.1040835432645000E+02 +0.2785388357978065E+01 +0.9633397381658744E-01 +0.2768191468948921E+01
+0.1043103047966667E+02 +0.2796805277128886E+01 +0.9821342313323075E-01 +0.2779585597232905E+01
+0.1045370663288334E+02 +0.2808442347431455E+01 +0.1001515893563643E+00 +0.2791199058037511E+01
+0.1047638278610000E+02 +0.2820306316749229E+01 +0.1021510207301397E+00 +0.2803038554881665E+01
+0.1049905893931667E+02 +0.2832404217977305E+01 +0.1042144068924673E+00 +0.2815111073342398E+01
+0.1052173509253334E+02 +0.2844743384293628E+01 +0.1063445884454910E+00 +0.2827423896069906E+01
+0.1054441124575000E+02 +0.2857331465394716E+01 +0.1085445672921032E+00 +0.2839984618765480E+01
+0.1056708739896667E+02 +0.2870176444790044E+01 +0.1108175178094144E+00 +0.2852801167194135E+01
+0.1058976355218334E+02 +0.2883286658235526E+01 +0.1131667989375602E+00 +0.2865881815309799E+01
+0.1061243970540000E+02 +0.2896670813393568E+01 +0.1155959672705822E+00 +0.2879235204577776E+01
+0.1063511585861667E+02 +0.2910338010814695E+01 +0.1181087912454640E+00 +0.2892870364586269E+01
+0.1065779201183333E+02 +0.2924297766344174E+01 +0.1207092665358816E+00 +0.2906796735046784E+01
+0.1068046816505000E+02 +0.2938560035066154E+01 +0.1234016327689957E+00 +0.2921024189292023E+01
+0.1070314431826667E+02 +0.2953135236907945E+01 +0.1261903916968301E+00 +0.2935563059389342E+01
+0.1072582047148333E+02 +0.2968034284038097E+01 +0.1290803269686569E+00 +0.2950424162998297E+01
+0.1074849662470000E+02 +0.2983268610204069E+01 +0.1320765256675853E+00 +0.2965618832112562E+01
+0.1077117277791667E+02 +0.2998850202168634E+01 +0.1351844017934633E+00 +0.2981158943838612E+01
+0.1079384893113333E+02 +0.3014791633418894E+01 +0.1384097218956033E+00 +0.2997056953378051E+01
+0.1081652508435000E+02 +0.3031106100337938E+01 +0.1417586330830333E+00 +0.3013325929395174E+01
+0.1083920123756667E+02 +0.3047807461046959E+01 +0.1452376936674328E+00 +0.3029979591968193E+01
+0.1086187739078333E+02 +0.3064910277145356E+01 +0.1488539067250529E+00 +0.3047032353341137E+01
+0.1088455354400000E+02 +0.3082429858597930E+01 +0.1526147568993488E+00 +0.3064499361713366E+01
+0.1090722969721667E+02 +0.3100382312042166E+01 +0.1565282508063917E+00 +0.3082396548325727E+01
+0.1092990585043333E+02 +0.3118784592814867E+01 +0.1606029614511527E+00 +0.3100740678127151E+01
+0.1095258200365000E+02 +0.3137654561026486E+01 +0.1648480771153360E+00 +0.3119549404331776E+01
+0.1097525815686667E+02 +0.3157011042043406E+01 +0.1692734552376289E+00 +0.3138841327206249E+01
+0.1099793431008333E+02 +0.3176873891773738E+01 +0.1738896818762646E+00 +0.3158636057459167E+01
+0.1102061046330000E+02 +0.3197264067191078E+01 +0.1787081374230713E+00 +0.3178954284639798E+01
+0.1104328661651667E+02 +0.3218203702573402E+01 +0.1837410693294231E+00 +0.3199817850991809E+01
+0.1106596276973333E+02 +0.3239716191981505E+01 +0.1890016727097163E+00 +0.3221249831250424E+01
+0.1108863892295000E+02 +0.3261826278553093E+01 +0.1945041798095156E+00 +0.3243274618917044E+01
+0.1111131507616667E+02 +0.3284560151245472E+01 +0.2002639594661804E+00 +0.3265918019595877E+01
+0.1113399122938333E+02 +0.3307945549722205E+01 +0.2062976278529339E+00 +0.3289207352031653E+01
+0.1115666738260000E+02 +0.3332011878146995E+01 +0.2126231719869382E+00 +0.3313171557546291E+01
+0.1117934353581667E+02 +0.3356790328722331E+01 +0.2192600877027588E+00 +0.3337841318635469E+01
+0.1120201968903334E+02 +0.3382314015890811E+01 +0.2262295340503461E+00 +0.3363249187554167E+01
+0.1122469584225000E+02 +0.3408618122203947E+01 +0.2335545063781240E+00 +0.3389429725791377E+01
+0.1124737199546667E+02 +0.3435740056956162E+01 +0.2412600307152052E+00 +0.3416419655409051E+01
+0.1127004814868334E+02 +0.3463719628780692E+01 +0.2493733824820464E+00 +0.3444258023298250E+01
+0.1129272430190000E+02 +0.3492599233507685E+01 +0.2579243330479648E+00 +0.3472986379482495E+01
+0.1131540045511667E+02 +0.3522424058691926E+01 +0.2669454282313669E+00 +0.3502648970674990E+01
+0.1133807660833333E+02 +0.3553242306325725E+01 +0.2764723035219214E+00 +0.3533292950367569E+01
+0.1136075276155000E+02 +0.3585105435357705E+01 +0.2865440416145985E+00 +0.3564968606789159E+01
+0.1138342891476667E+02 +0.3618068425735610E+01 +0.2972035788097322E+00 +0.3597729610115738E+01
+0.1140610506798333E+02 +0.3652190065772489E+01 +0.3084981679829382E+00 +0.3631633280329235E+01
+0.1142878122120000E+02 +0.3687533264690073E+01 +0.3204799072030460E+00 +0.3666740877098567E+01
+0.1145145737441667E+02 +0.3724165392204877E+01 +0.3332063447234254E+00 +0.3703117912971717E+01
+0.1147413352763333E+02 +0.3762158646969849E+01 +0.3467411730513249E+00 +0.3740834490997441E+01
+0.1149680968085000E+02 +0.3801590455536393E+01 +0.3611550271844193E+00 +0.3779965667604642E+01
+0.1151948583406667E+02 +0.3842543903216207E+01 +0.3765264049840102E+00 +0.3820591841106824E+01
+0.1154216198728333E+02 +0.3885108197740031E+01 +0.3929427311421522E+00 +0.3862799165501333E+01
+0.1156483814050000E+02 +0.3929379165849874E+01 +0.4105015904341464E+00 +0.3906679988209014E+01
+0.1158751429371667E+02 +0.3975459781808675E+01 +0.4293121611004626E+00 +0.3952333308921470E+01
+0.1161019044693333E+02 +0.4023460725109516E+01 +0.4494968854866260E+00 +0.3999865254620228E+01
+0.1163286660015000E+02 +0.4073500962196768E+01 +0.4711934227508092E+00 +0.4049389562866770E+01
+0.1165554275336667E+02 +0.4125708343469908E+01 +0.4945569378545840E+00 +0.4101028061310052E+01
+0.1167821890658333E+02 +0.4180220201803271E+01 +0.5197627925871670E+00 +0.4154911125564468E+01
+0.1170089505980000E+02 +0.4237183931689052E+01 +0.5470097185346543E+00 +0.4211178089556244E+01
+0.1172357121301667E+02 +0.4296757518067659E+01 +0.5765235692992468E+00 +0.4269977571249300E+01
+0.1174624736623334E+02 +0.4359109969782330E+01 +0.6085617706290782E+00 +0.4331467661136697E+01
+0.1176892351945000E+02 +0.4424421592743127E+01 +0.6434186133005350E+00 +0.4395815899337427E+01
+0.1179159967266667E+02 +0.4492884009990216E+01 +0.6814315655941612E+00 +0.4463198937212097E+01
+0.1181427582588334E+02 +0.4564699796624481E+01 +0.7229888211090461E+00 +0.4533801737803104E+01
+0.1183695197910000E+02 +0.4640081542365971E+01 +0.7685383445583085E+00 +0.4607816111479737E+01
+0.1185962813231667E+02 +0.4719250076686323E+01 +0.8185987339714140E+00 +0.4685438302415848E+01
+0.1188230428553334E+02 +0.4802431481619302E+01 +0.8737722826945379E+00 +0.4766865228812739E+01
+0.1190498043875000E+02 +0.4889852362096609E+01 +0.9347606976847020E+00 +0.4852288822312350E+01
+0.1192765659196667E+02 +0.4981732624000674E+01 +0.1002384008089594E+01 +0.4941887692027381E+01
+0.1195033274518333E+02 +0.5078274699310733E+01 +0.1077603271104170E+01 +0.5035815031469619E+01
+0.1197300889840000E+02 +0.5179647718394544E+01 +0.1161547732277225E+01 +0.5134181259022562E+01
+0.1199568505161667E+02 +0.5285964510439775E+01 +0.1255547089602119E+01 +0.5237029290318763E+01
+0.1201836120483333E+02 +0.5397248446008232E+01 +0.1361169380008190E+01 +0.5344299528013169E+01
+0.1204103735805000E+02 +0.5513385934498010E+01 +0.1480264637245428E+01 +0.5455780555836932E+01
+0.1206371351126667E+02 +0.5634058755386135E+01 +0.1615013658968181E+01 +0.5571040076212606E+01
+0.1208638966448333E+02 +0.5758648247673490E+01 +0.1767979622365781E+01 +0.5689328803772610E+01
+0.1210906581770000E+02 +0.5886100692266841E+01 +0.1942157328422719E+01 +0.5809447895663154E+01
+0.1213174197091667E+02 +0.6014740201503747E+01 +0.2141009619182477E+01 +0.5929568397231134E+01
+0.1215441812413333E+02 +0.6142012813033830E+01 +0.2368471623722962E+01 +0.6046990003473893E+01
+0.1217709427735000E+02 +0.6264145145146609E+01 +0.2628889088568424E+01 +0.6157828184265536E+01
+0.1219977043056667E+02 +0.6375706995171063E+01 +0.2926835167461409E+01 +0.6256627371993383E+01
+0.1222244658378334E+02 +0.6469087553216901E+01 +0.3266720061308999E+01 +0.6335920493655589E+01
+0.1224512273700000E+02 +0.6533942718237411E+01 +0.3652074431052216E+01 +0.6385802205455731E+01
+0.1226779889021667E+02 +0.6556763882828184E+01 +0.4084368575469845E+01 +0.6393666183380339E+01
+0.1229047504343334E+02 +0.6520867792664871E+01 +0.4561268899892418E+01 +0.6344376772573700E+01
+0.1231315119665000E+02 +0.6407285993483328E+01 +0.5074408578328100E+01 +0.6221266254724214E+01
+0.1233582734986667E+02 +0.6197118704044513E+01 +0.5607141342789581E+01 +0.6008360823406727E+01
+0.1235850350308334E+02 +0.5875657091195865E+01 +0.6133318247460638E+01 +0.5693955601367176E+01
+0.1238117965630000E+02 +0.5437719084461023E+01 +0.6618518671049699E+01 +0.5274957253507921E+01
+0.1240385580951667E+02 +0.4892386936112915E+01 +0.7024699903491022E+01 +0.4760529636724332E+01
+0.1242653196273334E+02 +0.4264701228289045E+01 +0.7317584408287331E+01 +0.4173240803816318E+01
+0.1244920811595000E+02 +0.3592933645057897E+01 +0.7474302778329770E+01 +0.3546727117644927E+01
+0.1247188426916667E+02 +0.2922227116858321E+01 +0.7488607370802851E+01 +0.2920395614907196E+01
+0.1249456042238334E+02 +0.2296617703901425E+01 +0.7372396743734663E+01 +0.2332664329855728E+01
+0.1251723657560000E+02 +0.1751243334955082E+01 +0.7153473843604734E+01 +0.1814338875513291E+01
+0.1253991272881667E+02 +0.1306389741002622E+01 +0.6869883237714650E+01 +0.1383620547622031E+01
+0.1256258888203333E+02 +0.9650783206783596E+00 +0.6562088124403233E+01 +0.1044037689768303E+01
+0.1258526503525000E+02 +0.7148160656991804E+00 +0.6265400761222788E+01 +0.7857094387026524E+00
+0.1260794118846667E+02 +0.5322585676838845E+00 +0.6004823077994365E+01 +0.5890621172834835E+00
+0.1263061734168333E+02 +0.3887185056558082E+00 +0.5792821064213149E+01 +0.4294956698220013E+00
+0.1265329349490000E+02 +0.2552021749675613E+00 +0.5629211887712374E+01 +0.2819183589317086E+00
+0.1267596964811667E+02 +0.1068528091033271E+00 +0.5502279319091191E+01 +0.1248593520913074E+00
+0.1269864580133333E+02 -0.7285441728080200E-01 +0.5391070718030463E+01 -0.5580284634285682E-01
+0.1272132195455000E+02 -0.2884494131601074E+00 +0.5269553273882668E+01 -0.2638791351229735E+00
+0.1274399810776667E+02 -0.5308110710754310E+00 +0.5112941400318076E+01 -0.4917999762433851E+00
+0.1276667426098333E+02 -0.7794022659303323E+00 +0.4904811445512468E+01 -0.7226641032790595E+00
+0.1278935041420000E+02 -0.1008686692275632E+01 +0.4641909579028329E+01 -0.9353978542677115E+00
+0.1281202656741667E+02 -0.1196177392026632E+01 +0.4334018418773592E+01 -0.1111089257248696E+01
+0.1283470272063333E+02 -0.1328245699697121E+01 +0.3999171304976341E+01 -0.1237708737464839E+01
+0.1285737887385000E+02 -0.1401532359027814E+01 +0.3657233308170116E+01 -0.1311566518728942E+01
+0.1288005502706667E+02 -0.1420722591649765E+01 +0.3324983574848871E+01 -0.1335880034271806E+01
+0.1290273118028333E+02 -0.1394937149720174E+01 +0.3013945657493862E+01 -0.1318020905190600E+01
+0.1292540733350000E+02 -0.1334575974584807E+01 +0.2730445800589337E+01 -0.1266891164720002E+01
+0.1294808348671667E+02 -0.1249332346595611E+01 +0.2476774652735011E+01 -0.1191124042076410E+01
+0.1297075963993333E+02 -0.1147289961319375E+01 +0.2252564893087055E+01 -0.1098157946006679E+01
+0.1299343579315000E+02 -0.1034729117527390E+01 +0.2055943735915317E+01 -0.9939404338775619E+00
+0.1301611194636667E+02 -0.9162931234932099E+00 +0.1884343447395264E+01 -0.8829875071927613E+00
+0.1303878809958333E+02 -0.7952858528347374E+00 +0.1735007943128861E+01 -0.7685972075438492E+00
+0.1306146425280000E+02 -0.6739796463534632E+00 +0.1605278267821112E+01 -0.6531004790973522E+00
+0.1308414040601667E+02 -0.5538826747074246E+00 +0.1492734618928865E+01 -0.5380932379752570E+00
+0.1310681655923334E+02 -0.4359521597614019E+00 +0.1395252747312236E+01 -0.4246293794840643E+00
+0.1312949271245000E+02 -0.3207566236697088E+00 +0.1311013091646916E+01 -0.3133723880576558E+00
+0.1315216886566667E+02 -0.2085962052407008E+00 +0.1238486282097347E+01 -0.2047107287654011E+00
+0.1317484501888334E+02 -0.9959091710773174E-01 +0.1176408768526311E+01 -0.9884440802391237E-01
+0.1319752117210000E+02 +0.6254385457405115E-02 +0.1123756127950528E+01 +0.4150047510590782E-02
+0.1322019732531667E+02 +0.1090011277540378E+00 +0.1079717861444077E+01 +0.1042699069664565E+00
+0.1324287347853334E+02 +0.2087384727150919E+00 +0.1043675246471917E+01 +0.2015466413071416E+00
+0.1326554963175000E+02 +0.3055504617908066E+00 +0.1015182389320807E+01 +0.2960121453772471E+00
+0.1328822578496667E+02 +0.3994849710902527E+00 +0.9939495459928570E+00 +0.3876672356657294E+00
+0.1331090193818333E+02 +0.4905211892172461E+00 +0.9798266875974918E+00 +0.4764495139118882E+00
+0.1333357809140000E+02 +0.5785329386781263E+00 +0.9727838810545801E+00 +0.5621984432885019E+00
+0.1335625424461667E+02 +0.6632462730821541E+00 +0.9728831148853482E+00 +0.6446167850809714E+00
+0.1337893039783333E+02 +0.7441921818048088E+00 +0.9802337130031040E+00 +0.7232300711107214E+00
+0.1340160655105000E+02 +0.8206601535448687E+00 +0.9949210433475636E+00 +0.7973504758302392E+00
+0.1342428270426667E+02 +0.8916672231075903E+00 +0.1016897842763085E+01 +0.8660591158920792E+00
+0.1344695885748333E+02 +0.9559702922943205E+00 +0.1045833642210910E+01 +0.9282308460209729E+00
+0.1346963501070000E+02 +0.1012162765818515E+01 +0.1080937670094825E+01 +0.9826332802116974E+00
+0.1349231116391667E+02 +0.1058895574102244E+01 +0.1120809730287180E+01 +0.1028124917763573E+01
+0.1351498731713333E+02 +0.1095221650242815E+01 +0.1163421547152054E+01 +0.1063938471088654E+01
+0.1353766347035000E+02 +0.1120964351738841E+01 +0.1206341977601057E+01 +0.1089960162342634E+01
+0.1356033962356667E+02 +0.1136896951418708E+01 +0.1247221454497602E+01 +0.1106845470447120E+01
+0.1358301577678334E+02 +0.1144526563379961E+01 +0.1284335843960839E+01 +0.1115839110952582E+01
+0.1360569193000000E+02 +0.1145515673351151E+01 +0.1316824976255617E+01 +0.1118347666237165E+01
+0.1362836808321667E+02 +0.1141117337433017E+01 +0.1344395496470200E+01 +0.1115539680749226E+01
+0.1365104423643334E+02 +0.1132088784856508E+01 +0.1366685040461584E+01 +0.1108289597304500E+01
+0.1367372038965000E+02 +0.1119203106750287E+01 +0.1382831004342688E+01 +0.1097534388853423E+01
+0.1369639654286667E+02 +0.1103960137323355E+01 +0.1391692730998893E+01 +0.1084752661248148E+01
+0.1371907269608333E+02 +0.1088855534207957E+01 +0.1392670822936593E+01 +0.1072115757617251E+01
+0.1374174884930000E+02 +0.1076845923713121E+01 +0.1386542022888307E+01 +0.1062065898680374E+01
+0.1376442500251667E+02 +0.1070267253945109E+01 +0.1375642815064950E+01 +0.1056508459637239E+01
+0.1378710115573334E+02 +0.1069893215829000E+01 +0.1363200679542921E+01 +0.1056104776541868E+01
+0.1380977730895000E+02 +0.1074688116106124E+01 +0.1352199757503088E+01 +0.1060076693774765E+01
+0.1383245346216667E+02 +0.1082325235320425E+01 +0.1344373782151006E+01 +0.1066605165505663E+01
+0.1385512961538333E+02 +0.1090177053193851E+01 +0.1339727483351202E+01 +0.1073619341143568E+01
+0.1387780576860000E+02 +0.1096389608728116E+01 +0.1336718829780862E+01 +0.1079660544417639E+01
+0.1390048192181667E+02 +0.1100667531326964E+01 +0.1333047833825060E+01 +0.1084501212602114E+01
+0.1392315807503334E+02 +0.1104433075757215E+01 +0.1326803897373741E+01 +0.1089254783671171E+01
+0.1394583422825000E+02 +0.1110209287673344E+01 +0.1317495792755300E+01 +0.1095885785333391E+01
+0.1396851038146667E+02 +0.1120473824847911E+01 +0.1306446767027437E+01 +0.1106321534707158E+01
+0.1399118653468333E+02 +0.1136562155665106E+01 +0.1296369605304986E+01 +0.1121591033435173E+01
+0.1401386268790000E+02 +0.1158125082430945E+01 +0.1290419654409884E+01 +0.1141368177373038E+01
+0.1403653884111667E+02 +0.1183242859981333E+01 +0.1291227689895536E+01 +0.1164024419042824E+01
+0.1405921499433333E+02 +0.1208969322479093E+01 +0.1300245355187471E+01 +0.1187051081702787E+01
+0.1408189114755000E+02 +0.1232035009077863E+01 +0.1317474645444046E+01 +0.1207645804608878E+01
+0.1410456730076667E+02 +0.1249545192301749E+01 +0.1341539830942496E+01 +0.1223307428417023E+01
+0.1412724345398333E+02 +0.1259558565283386E+01 +0.1370075397710101E+01 +0.1232317096289738E+01
+0.1414991960720000E+02 +0.1261378752715120E+01 +0.1400380060220638E+01 +0.1233966962505828E+01
+0.1417259576041667E+02 +0.1255379593544079E+01 +0.1430125525765661E+01 +0.1228424002214511E+01
+0.1419527191363334E+02 +0.1242393394261823E+01 +0.1457737330666987E+01 +0.1216283547440767E+01
+0.1421794806685000E+02 +0.1223052565442474E+01 +0.1482164782439412E+01 +0.1198108944718944E+01
+0.1424062422006667E+02 +0.1197627449656695E+01 +0.1502197601454105E+01 +0.1174334519431705E+01
+0.1426330037328333E+02 +0.1166587105628415E+01 +0.1515919814887977E+01 +0.1145673896829322E+01
+0.1428597652650000E+02 +0.1131524258192598E+01 +0.1520890633515722E+01 +0.1113763021417037E+01
+0.1430865267971667E+02 +0.1095704386178361E+01 +0.1515145992345877E+01 +0.1081505792210715E+01
+0.1433132883293334E+02 +0.1063661091609687E+01 +0.1498467048794673E+01 +0.1052719408434889E+01
+0.1435400498615000E+02 +0.1039908984003000E+01 +0.1473076929367214E+01 +0.1031139575118770E+01
+0.1437668113936667E+02 +0.1027480113888240E+01 +0.1443292877057037E+01 +0.1019287444316896E+01
+0.1439935729258333E+02 +0.1027054088839284E+01 +0.1414376053769970E+01 +0.1017756596076064E+01
+0.1442203344580000E+02 +0.1036947415795296E+01 +0.1391239572446919E+01 +0.1025146424268087E+01
+0.1444470959901667E+02 +0.1053694547284022E+01 +0.1377526794841371E+01 +0.1038488040287892E+01
+0.1446738575223334E+02 +0.1072805628230425E+01 +0.1375164660929416E+01 +0.1053869606699232E+01
+0.1449006190545000E+02 +0.1089464934815146E+01 +0.1384232762856563E+01 +0.1067065751652164E+01
+0.1451273805866667E+02 +0.1099163523818787E+01 +0.1402985751541492E+01 +0.1074132811335100E+01
+0.1453541421188334E+02 +0.1098352188040232E+01 +0.1428016439372241E+01 +0.1072001308377645E+01
+0.1455809036510000E+02 +0.1085113773672435E+01 +0.1454687501846272E+01 +0.1059037876624810E+01
+0.1458076651831667E+02 +0.1059658058001787E+01 +0.1477945910781167E+01 +0.1035419451074874E+01
+0.1460344267153334E+02 +0.1024322531080109E+01 +0.1493406192599289E+01 +0.1003100623655690E+01
+0.1462611882475000E+02 +0.9829215889543196E+00 +0.1498297458558495E+01 +0.9652852158342207E+00
+0.1464879497796667E+02 +0.9396828918916472E+00 +0.1491835055255588E+01 +0.9255859779890365E+00
+0.1467147113118333E+02 +0.8982755653690838E+00 +0.1474920590883917E+01 +0.8872332021788560E+00
+0.1469414728440000E+02 +0.8612877339140426E+00 +0.1449474292370045E+01 +0.8526028426060728E+00
+0.1471682343761667E+02 +0.8301439293305717E+00 +0.1417772606788432E+01 +0.8230944791595903E+00
+0.1473949959083334E+02 +0.8052738541335916E+00 +0.1381943053561752E+01 +0.7992487894310626E+00
+0.1476217574405000E+02 +0.7864319045274550E+00 +0.1343614194663076E+01 +0.7810152638028004E+00
+0.1478485189726667E+02 +0.7731395975705163E+00 +0.1303773895408495E+01 +0.7681105542852867E+00
+0.1480752805048333E+02 +0.7651148633058125E+00 +0.1262929000794622E+01 +0.7603495385784438E+00
+0.1483020420370000E+02 +0.7624551248405742E+00 +0.1221499760930588E+01 +0.7577893764935086E+00
+0.1485288035691667E+02 +0.7654761353979276E+00 +0.1180183957918073E+01 +0.7606247643350152E+00
+0.1487555651013334E+02 +0.7743706139862588E+00 +0.1140055455589895E+01 +0.7689445581002471E+00
+0.1489823266335000E+02 +0.7889472124889580E+00 +0.1102401358102853E+01 +0.7825289746317815E+00
+0.1492090881656667E+02 +0.8085641450581849E+00 +0.1068476578931251E+01 +0.8007807341175206E+00
+0.1494358496978333E+02 +0.8321955053131982E+00 +0.1039314755538052E+01 +0.8227657985195134E+00
+0.1496626112300000E+02 +0.8585407695111412E+00 +0.1015609783290176E+01 +0.8473056744827976E+00
+0.1498893727621667E+02 +0.8861542984196960E+00 +0.9976400854939870E+00 +0.8730944340742736E+00
+0.1501161342943334E+02 +0.9135975764099166E+00 +0.9852419461272068E+00 +0.8988315903847763E+00
+0.1503428958265000E+02 +0.9395859834410736E+00 +0.9778474281661655E+00 +0.9233497811565502E+00
+0.1505696573586667E+02 +0.9630955279189118E+00 +0.9745620175298367E+00 +0.9457163796446507E+00
+0.1507964188908334E+02 +0.9834449800956753E+00 +0.9742429334903908E+00 +0.9653166192876047E+00
+0.1510231804230000E+02 +0.1000396984025419E+01 +0.9755987153108746E+00 +0.9819364527319824E+00
+0.1512499419551667E+02 +0.1014251733823095E+01 +0.9773846667720296E+00 +0.9958171662972682E+00
+0.1514767034873334E+02 +0.1025807667020239E+01 +0.9787008379156462E+00 +0.1007599119555013E+01
+0.1517034650195000E+02 +0.1036094654043490E+01 +0.9792460871032403E+00 +0.1018102953853923E+01
+0.1519302265516667E+02 +0.1045967574044178E+01 +0.9793333604707327E+00 +0.1028018054723946E+01
+0.1521569880838334E+02 +0.1055792560573567E+01 +0.9796234246076078E+00 +0.1037660968685132E+01
+0.1523837496160000E+02 +0.1065400186370407E+01 +0.9807409660442353E+00 +0.1046928066694335E+01
+0.1526105111481667E+02 +0.1074284371357699E+01 +0.9829992351715173E+00 +0.1055432646382054E+01
+0.1528372726803333E+02 +0.1081873440498107E+01 +0.9863478029603159E+00 +0.1062705844717660E+01
+0.1530640342125000E+02 +0.1087694736987132E+01 +0.9904832249261990E+00 +0.1068333763474920E+01
+0.1532907957446667E+02 +0.1091384771800116E+01 +0.9949571802362904E+00 +0.1071993966729233E+01
+0.1535175572768333E+02 +0.1092656983609040E+01 +0.9991642031400685E+00 +0.1073463808837758E+01
+0.1537443188090000E+02 +0.1091384870193405E+01 +0.1002256967920848E+01 +0.1072701214064778E+01
+0.1539710803411667E+02 +0.1087830257665532E+01 +0.1003169320655905E+01 +0.1070009303040451E+01
+0.1541978418733333E+02 +0.1082847950458594E+01 +0.1000878091626203E+01 +0.1066165719036968E+01
+0.1544246034055000E+02 +0.1077833970216248E+01 +0.9948113993975898E+00 +0.1062364184929095E+01
+0.1546513649376667E+02 +0.1074369220430589E+01 +0.9851250873733228E+00 +0.1059944004809846E+01
+0.1548781264698334E+02 +0.1073783990464044E+01 +0.9726504875626635E+00 +0.1060060388950453E+01
+0.1551048880020000E+02 +0.1076922046843596E+01 +0.9586061134113184E+00 +0.1063482991051032E+01
+0.1553316495341667E+02 +0.1084153761544359E+01 +0.9443349707968052E+00 +0.1070566359686590E+01
+0.1555584110663333E+02 +0.1095459660869654E+01 +0.9312046024227220E+00 +0.1081286312872186E+01
+0.1557851725985000E+02 +0.1110423883102583E+01 +0.9205817538394305E+00 +0.1095236351441407E+01
+0.1560119341306667E+02 +0.1128156614299705E+01 +0.9137314499719091E+00 +0.1111588168601989E+01
+0.1562386956628334E+02 +0.1147272428762928E+01 +0.9116025921769606E+00 +0.1129097479911598E+01
+0.1564654571950000E+02 +0.1166014076952508E+01 +0.9145797063390485E+00 +0.1146220718691720E+01
+0.1566922187271667E+02 +0.1182523246024002E+01 +0.9223102141830517E+00 +0.1161346433480843E+01
+0.1569189802593333E+02 +0.1195195049924783E+01 +0.9336916723685160E+00 +0.1173089697366196E+01
+0.1571457417915000E+02 +0.1203008303110647E+01 +0.9470562674567475E+00 +0.1180561203984859E+01
+0.1573725033236667E+02 +0.1205706644349120E+01 +0.9605092369663285E+00 +0.1183516825395815E+01
+0.1575992648558334E+02 +0.1203764159655928E+01 +0.9722880444944266E+00 +0.1182342146543824E+01
+0.1578260263880000E+02 +0.1198196036457049E+01 +0.9810015634954086E+00 +0.1177913802743978E+01
+0.1580527879201667E+02 +0.1190350605781566E+01 +0.9857190529403538E+00 +0.1171429762220015E+01
+0.1582795494523333E+02 +0.1181759364111472E+01 +0.9859880247660218E+00 +0.1164267310423118E+01
+0.1585063109845000E+02 +0.1174021173483757E+01 +0.9818514755825153E+00 +0.1157863835387442E+01
+0.1587330725166667E+02 +0.1168675598677391E+01 +0.9738698105793492E+00 +0.1153591661916353E+01
+0.1589598340488334E+02 +0.1167042130431977E+01 +0.9631257133389620E+00 +0.1152607531466950E+01
+0.1591865955810000E+02 +0.1170014117508491E+01 +0.9511702972302931E+00 +0.1155675602946086E+01
+0.1594133571131667E+02 +0.1177847234855510E+01 +0.9398453037625363E+00 +0.1163002818921981E+01
+0.1596401186453333E+02 +0.1190057162546136E+01 +0.9309718580329314E+00 +0.1174167343500565E+01
+0.1598668801775000E+02 +0.1205519997995388E+01 +0.9260172649034919E+00 +0.1188199595939904E+01
+0.1600936417096667E+02 +0.1222737096961216E+01 +0.9258961748092193E+00 +0.1203786487016280E+01
+0.1603204032418333E+02 +0.1240116281312945E+01 +0.9309715378652678E+00 +0.1219494001064743E+01
+0.1605471647740000E+02 +0.1256133732506728E+01 +0.9411847252354482E+00 +0.1233909105688419E+01
+0.1607739263061667E+02 +0.1269348128881580E+01 +0.9561789170316783E+00 +0.1245675638709850E+01
+0.1610006878383333E+02 +0.1278341458048992E+01 +0.9753188059467721E+00 +0.1253474501721775E+01
+0.1612274493705000E+02 +0.1281691157198512E+01 +0.9975921192153356E+00 +0.1256028774758658E+01
+0.1614542109026667E+02 +0.1278061086998654E+01 +0.1021436049924845E+01 +0.1252207254923737E+01
+0.1616809724348333E+02 +0.1266481576749789E+01 +0.1044582206212720E+01 +0.1241275476495084E+01
+0.1619077339670000E+02 +0.1246825625061073E+01 +0.1064093181185516E+01 +0.1223276908606151E+01
+0.1621344954991667E+02 +0.1220313323824712E+01 +0.1076783221060728E+01 +0.1199397868122507E+01
+0.1623612570313334E+02 +0.1189695774189012E+01 +0.1080028730133461E+01 +0.1172062381653961E+01
+0.1625880185635000E+02 +0.1158832900862465E+01 +0.1072638023153152E+01 +0.1144571213299731E+01
+0.1628147800956667E+02 +0.1131756070915626E+01 +0.1055287656272672E+01 +0.1120364343540202E+01
+0.1630415416278334E+02 +0.1111678635310362E+01 +0.1030281305533847E+01 +0.1102236535060568E+01
+0.1632683031600000E+02 +0.1100407698014532E+01 +0.1000829712894129E+01 +0.1091837864610222E+01
+0.1634950646921667E+02 +0.1098275622189708E+01 +0.9702545580799422E+00 +0.1089573896983483E+01
+0.1637218262243334E+02 +0.1104431229722668E+01 +0.9413905981478212E+00 +0.1094814102425512E+01
+0.1639485877565000E+02 +0.1117288500590961E+01 +0.9162582977596399E+00 +0.1106255808680246E+01
+0.1641753492886667E+02 +0.1134996214026664E+01 +0.8959868192748237E+00 +0.1122319996062552E+01
+0.1644021108208334E+02 +0.1155832576102226E+01 +0.8809447496983366E+00 +0.1141489075824566E+01
+0.1646288723530000E+02 +0.1178450400443682E+01 +0.8710082112527545E+00 +0.1162523050069938E+01
+0.1648556338851667E+02 +0.1201942777008966E+01 +0.8658692682919569E+00 +0.1184527814071232E+01
+0.1650823954173334E+02 +0.1225754066451273E+01 +0.8652977833691800E+00 +0.1206890742128716E+01
+0.1653091569495000E+02 +0.1249484860074807E+01 +0.8693066535223071E+00 +0.1229121532059234E+01
+0.1655359184816667E+02 +0.1272636665597251E+01 +0.8781881212793567E+00 +0.1250643382961131E+01
+0.1657626800138334E+02 +0.1294359569038235E+01 +0.8923897443998312E+00 +0.1270594382025153E+01
+0.1659894415460000E+02 +0.1313301062882583E+01 +0.9122343654552161E+00 +0.1287717766721407E+01
+0.1662162030781667E+02 +0.1327647474543371E+01 +0.9375603110128183E+00 +0.1300410136599327E+01
+0.1664429646103333E+02 +0.1335387186471153E+01 +0.9674063254143670E+00 +0.1306949806348129E+01
+0.1666697261425000E+02 +0.1334752678030307E+01 +0.9998649776588089E+00 +0.1305867966648988E+01
+0.1668964876746667E+02 +0.1324737425595105E+01 +0.1032201650911242E+01 +0.1296370058441613E+01
+0.1671232492068334E+02 +0.1305519972576676E+01 +0.1061280315805252E+01 +0.1278666550122950E+01
+0.1673500107390000E+02 +0.1278591940456770E+01 +0.1084214457589877E+01 +0.1254060047836226E+01
+0.1675767722711667E+02 +0.1246472595955375E+01 +0.1099002994551531E+01 +0.1224713001352240E+01
+0.1678035338033333E+02 +0.1212115938571231E+01 +0.1104870033699362E+01 +0.1193179484249862E+01
+0.1680302953355000E+02 +0.1178296264647907E+01 +0.1102207157734354E+01 +0.1161904269746789E+01
+0.1682570568676667E+02 +0.1147198224694474E+01 +0.1092262067479038E+01 +0.1132858253330110E+01
+0.1684838183998334E+02 +0.1120225074473034E+01 +0.1076769102297342E+01 +0.1107347320790180E+01
+0.1687105799320000E+02 +0.1097947482178591E+01 +0.1057584235999556E+01 +0.1085961890500939E+01
+0.1689373414641667E+02 +0.1080196091089153E+01 +0.1036321345101779E+01 +0.1068662168280013E+01
+0.1691641029963333E+02 +0.1066335981731205E+01 +0.1014072219137322E+01 +0.1055003315942943E+01
+0.1693908645285000E+02 +0.1055647319892840E+01 +0.9913421898482770E+00 +0.1044434819906082E+01
+0.1696176260606667E+02 +0.1047631426037241E+01 +0.9682242404980648E+00 +0.1036545076136509E+01
+0.1698443875928334E+02 +0.1042108937867631E+01 +0.9446815119684163E+00 +0.1031154267826038E+01
+0.1700711491250000E+02 +0.1039124557179049E+01 +0.9207649808423640E+00 +0.1028260460898217E+01
+0.1702979106571667E+02 +0.1038784836179801E+01 +0.8966791755330452E+00 +0.1027925314750790E+01
+0.1705246721893333E+02 +0.1041152861298231E+01 +0.8727365277325929E+00 +0.1030188145167514E+01
+0.1707514337215000E+02 +0.1046227296521392E+01 +0.8493034303357806E+00 +0.1035033703551786E+01
+0.1709781952536667E+02 +0.1053941467033937E+01 +0.8267954144661372E+00 +0.1042376783528050E+01
+0.1712049567858334E+02 +0.1064116548121745E+01 +0.8056866342379497E+00 +0.1052023061253600E+01
+0.1714317183180000E+02 +0.1076379762448873E+01 +0.7864598177045466E+00 +0.1063614534677813E+01
+0.1716584798501667E+02 +0.1090126406426626E+01 +0.7694730637805274E+00 +0.1076612305900534E+01
+0.1718852413823334E+02 +0.1104593217727271E+01 +0.7548037343045748E+00 +0.1090361911620815E+01
+0.1721120029145000E+02 +0.1119034516692402E+01 +0.7421632822325686E+00 +0.1104234892958200E+01
+0.1723387644466667E+02 +0.1132926970614217E+01 +0.7309360904034629E+00 +0.1117792972558902E+01
+0.1725655259788333E+02 +0.1146121965459752E+01 +0.7203304019851809E+00 +0.1130911550961135E+01
+0.1727922875110000E+02 +0.1158894849339208E+01 +0.7095915334158194E+00 +0.1143818763575249E+01
+0.1730190490431667E+02 +0.1171871190160894E+01 +0.6982119522480159E+00 +0.1157034585700494E+01
+0.1732458105753334E+02 +0.1185850721873343E+01 +0.6860630933404889E+00 +0.1171230372890071E+01
+0.1734725721075000E+02 +0.1201605702559294E+01 +0.6734017226507061E+00 +0.1187066728976670E+01
+0.1736993336396667E+02 +0.1219741795287755E+01 +0.6607827669200774E+00 +0.1205071262602449E+01
+0.1739260951718333E+02 +0.1240639472291537E+01 +0.6489613766649287E+00 +0.1225572724054059E+01
+0.1741528567040000E+02 +0.1264423284554894E+01 +0.6388245557991310E+00 +0.1248663118042182E+01
+0.1743796182361667E+02 +0.1290921658121363E+01 +0.6313227834807464E+00 +0.1274164658913379E+01
+0.1746063797683334E+02 +0.1319639608661936E+01 +0.6273697776609308E+00 +0.1301612507221242E+01
+0.1748331413005000E+02 +0.1349779908273085E+01 +0.6277275290920057E+00 +0.1330274059429094E+01
+0.1750599028326667E+02 +0.1380309905963007E+01 +0.6329159735430092E+00 +0.1359203613934170E+01
+0.1752866643648333E+02 +0.1410041267819118E+01 +0.6431614412938441E+00 +0.1387311600232530E+01
+0.1755134258970000E+02 +0.1437699185263875E+01 +0.6583640991238782E+00 +0.1413432701832631E+01
+0.1757401874291667E+02 +0.1461990186778907E+01 +0.6780558972616065E+00 +0.1436399552549511E+01
+0.1759669489613334E+02 +0.1481706234275670E+01 +0.7013433878125644E+00 +0.1455148072523559E+01
+0.1761937104935000E+02 +0.1495904979178909E+01 +0.7268754514998941E+00 +0.1468877945283112E+01
+0.1764204720256667E+02 +0.1504161739397053E+01 +0.7529217531513959E+00 +0.1477253689741492E+01
+0.1766472335578333E+02 +0.1506796045545019E+01 +0.7776442778517620E+00 +0.1480564848693514E+01
+0.1768739950900000E+02 +0.1504894767575890E+01 +0.7995382650147604E+00 +0.1479717836371506E+01
+0.1771007566221667E+02 +0.1500003082760909E+01 +0.8178430357719614E+00 +0.1475982328940684E+01
+0.1773275181543334E+02 +0.1493575021044415E+01 +0.8326453222333415E+00 +0.1470572637184375E+01
+0.1775542796865000E+02 +0.1486497886984120E+01 +0.8445633339394686E+00 +0.1464290307329814E+01
+0.1777810412186667E+02 +0.1478988174722576E+01 +0.8542034749794607E+00 +0.1457437542827166E+01
+0.1780078027508333E+02 +0.1470891123285767E+01 +0.8617403381306918E+00 +0.1450028221885550E+01
+0.1782345642830000E+02 +0.1462146266771168E+01 +0.8668511589667199E+00 +0.1442131649168849E+01
+0.1784613258151667E+02 +0.1453121712270895E+01 +0.8689742346352458E+00 +0.1434132643940532E+01
+0.1786880873473334E+02 +0.1444670129022360E+01 +0.8676785449739038E+00 +0.1426790032560761E+01
+0.1789148488795000E+02 +0.1437961019680281E+01 +0.8629391083516889E+00 +0.1421118066270401E+01
+0.1791416104116667E+02 +0.1434235320756584E+01 +0.8552499294179378E+00 +0.1418188503377803E+01
+0.1793683719438333E+02 +0.1434576884392044E+01 +0.8456218129965395E+00 +0.1418928118451945E+01
+0.1795951334760000E+02 +0.1439706343017062E+01 +0.8355145518344955E+00 +0.1423932224690258E+01
+0.1798218950081667E+02 +0.1449788830592751E+01 +0.8266933050179566E+00 +0.1433301810630250E+01
+0.1800486565403333E+02 +0.1464300660069566E+01 +0.8209871523556163E+00 +0.1446539456040880E+01
+0.1802754180725000E+02 +0.1482024531110018E+01 +0.8199871763805239E+00 +0.1462550816057995E+01
+0.1805021796046667E+02 +0.1501193501242019E+01 +0.8247727135781471E+00 +0.1479765514775912E+01
+0.1807289411368334E+02 +0.1519737577686400E+01 +0.8357399240277399E+00 +0.1496344699398814E+01
+0.1809557026690000E+02 +0.1535562541088857E+01 +0.8525574479846845E+00 +0.1510419950463678E+01
+0.1811824642011667E+02 +0.1546799173740855E+01 +0.8742367997051591E+00 +0.1520310670925939E+01
+0.1814092257333334E+02 +0.1551975298590890E+01 +0.8992782354938078E+00 +0.1524681621838558E+01
+0.1816359872655000E+02 +0.1550096685381338E+01 +0.9258244861542557E+00 +0.1522633110462725E+01
+0.1818627487976667E+02 +0.1540689909701714E+01 +0.9517643268933177E+00 +0.1513761300129273E+01
+0.1820895103298334E+02 +0.1523894496223411E+01 +0.9748168266062569E+00 +0.1498239350262387E+01
+0.1823162718620000E+02 +0.1500601058836130E+01 +0.9927160964316570E+00 +0.1476906114295736E+01
+0.1825430333941667E+02 +0.1472482977283381E+01 +0.1003548896835516E+01 +0.1451262355287686E+01
+0.1827697949263334E+02 +0.1441781660307422E+01 +0.1006095144474576E+01 +0.1423294316077188E+01
+0.1829965564585000E+02 +0.1410932521435141E+01 +0.9999512704414992E+00 +0.1395186737697401E+01
+0.1832233179906667E+02 +0.1382276947607100E+01 +0.9854248985246730E+00 +0.1369079189609973E+01
+0.1834500795228334E+02 +0.1357952637551141E+01 +0.9634140999992132E+00 +0.1346927057088949E+01
+0.1836768410550000E+02 +0.1339795685756333E+01 +0.9354029202141081E+00 +0.1330375880716651E+01
+0.1839036025871667E+02 +0.1329097082666822E+01 +0.9034366195870830E+00 +0.1320562505047274E+01
+0.1841303641193334E+02 +0.1326315344130481E+01 +0.8698743785455569E+00 +0.1317911026185008E+01
+0.1843571256515000E+02 +0.1330993179372169E+01 +0.8369380504422624E+00 +0.1322083417609668E+01
+0.1845838871836667E+02 +0.1341988981646705E+01 +0.8062892863629515E+00 +0.1332160566429114E+01
+0.1848106487158334E+02 +0.1357903268915776E+01 +0.7788528042735209E+00 +0.1346972695480083E+01
+0.1850374102480000E+02 +0.1377476087403334E+01 +0.7549322568778326E+00 +0.1365415582200873E+01
+0.1852641717801667E+02 +0.1399783957819190E+01 +0.7345019207670451E+00 +0.1386620461723313E+01
+0.1854909333123334E+02 +0.1424200685017810E+01 +0.7174879828041529E+00 +0.1409945873786733E+01
+0.1857176948445000E+02 +0.1450222639338253E+01 +0.7038980021564735E+00 +0.1434861198725602E+01
+0.1859444563766667E+02 +0.1477312599892389E+01 +0.6937832034446108E+00 +0.1460832292255443E+01
+0.1861712179088333E+02 +0.1504853719504582E+01 +0.6871278914113034E+00 +0.1487279757382720E+01
+0.1863979794410000E+02 +0.1532195666565598E+01 +0.6837690511244590E+00 +0.1513606050089789E+01
+0.1866247409731667E+02 +0.1558721441861341E+01 +0.6833760202248569E+00 +0.1539246959482001E+01
+0.1868515025053334E+02 +0.1583894827879526E+01 +0.6854542259544755E+00 +0.1563718878791218E+01
+0.1870782640375000E+02 +0.1607309486221785E+01 +0.6893387533737321E+00 +0.1586671255711800E+01
+0.1873050255696667E+02 +0.1628779902045213E+01 +0.6941984527557103E+00 +0.1607964785127103E+01
+0.1875317871018333E+02 +0.1648466196057600E+01 +0.6991151495216266E+00 +0.1627762561029656E+01
+0.1877585486340000E+02 +0.1666949597926178E+01 +0.7032752392145479E+00 +0.1646573325807969E+01
+0.1879853101661667E+02 +0.1685156530927127E+01 +0.7062129825502853E+00 +0.1665179787459801E+01
+0.1882120716983334E+02 +0.1704117603234042E+01 +0.7079631269658015E+00 +0.1684449054061660E+01
+0.1884388332305000E+02 +0.1724679771608455E+01 +0.7090163334408646E+00 +0.1705110669249415E+01
+0.1886655947626667E+02 +0.1747332274644926E+01 +0.7101092809637609E+00 +0.1727615621594012E+01
+0.1888923562948333E+02 +0.1772214869786803E+01 +0.7119899196384912E+00 +0.1752128519425099E+01
+0.1891191178270000E+02 +0.1799246937931266E+01 +0.7152827583370707E+00 +0.1778615156210450E+01
+0.1893458793591667E+02 +0.1828264276038157E+01 +0.7204781896402208E+00 +0.1806946540205330E+01
+0.1895726408913334E+02 +0.1859095696936032E+01 +0.7279890396999606E+00 +0.1836965355429736E+01
+0.1897994024235000E+02 +0.1891581736504274E+01 +0.7382149954926042E+00 +0.1868507091953237E+01
+0.1900261639556667E+02 +0.1925559900964639E+01 +0.7515973313433670E+00 +0.1901388064704577E+01
+0.1902529254878334E+02 +0.1960820007703977E+01 +0.7686633811444582E+00 +0.1935365800413671E+01
+0.1904796870200000E+02 +0.1997027500355593E+01 +0.7900422701840670E+00 +0.1970075915050832E+01
+0.1907064485521667E+02 +0.2033638351495925E+01 +0.8164299675111296E+00 +0.2004963761244531E+01
+0.1909332100843334E+02 +0.2069841243448498E+01 +0.8485131760784916E+00 +0.2039234532909009E+01
+0.1911599716165000E+02 +0.2104533050997071E+01 +0.8868858830952322E+00 +0.2071826873190325E+01
+0.1913867331486667E+02 +0.2136297670976237E+01 +0.9319695237269889E+00 +0.2101394306462081E+01
+0.1916134946808334E+02 +0.2163369023641057E+01 +0.9838984144402324E+00 +0.2126288808948440E+01
+0.1918402562130000E+02 +0.2183620588356247E+01 +0.1042316862713371E+01 +0.2144583042305853E+01
+0.1920670177451667E+02 +0.2194683214874798E+01 +0.1106088565343598E+01 +0.2154205703819183E+01
+0.1922937792773333E+02 +0.2194288689316815E+01 +0.1173019424845345E+01 +0.2153254283166229E+01
+0.1925205408095000E+02 +0.2180843209516883E+01 +0.1239778446590764E+01 +0.2140473312172309E+01
+0.1927473023416667E+02 +0.2154078217238155E+01 +0.1302195564779857E+01 +0.2115768142918400E+01
+0.1929740638738334E+02 +0.2115491569757830E+01 +0.1355972875230407E+01 +0.2080533370157678E+01
+0.1932008254060000E+02 +0.2068304078196454E+01 +0.1397607625753227E+01 +0.2037597334205496E+01
+0.1934275869381667E+02 +0.2016872007781125E+01 +0.1425150619347547E+01 +0.1990748149870122E+01
+0.1936543484703333E+02 +0.1965796690646195E+01 +0.1438479881702327E+01 +0.1944021985998400E+01
+0.1938811100025000E+02 +0.1919123128919902E+01 +0.1439049443160623E+01 +0.1901040701285908E+01
+0.1941078715346667E+02 +0.1879889806846750E+01 +0.1429354595116359E+01 +0.1864600885713301E+01
+0.1943346330668334E+02 +0.1850017495664741E+01 +0.1412401823255199E+01 +0.1836531346390690E+01
+0.1945613945990000E+02 +0.1830378998750877E+01 +0.1391301272258759E+01 +0.1817724747840774E+01
+0.1947881561311667E+02 +0.1820956977773325E+01 +0.1368958031024373E+01 +0.1808268465685064E+01
+0.1950149176633333E+02 +0.1821086031610744E+01 +0.1347863996218838E+01 +0.1807645333839347E+01
+0.1952416791955000E+02 +0.1829730979915342E+01 +0.1330053485030793E+01 +0.1814952936557723E+01
+0.1954684407276667E+02 +0.1845665886638048E+01 +0.1317219869136164E+01 +0.1829047735839178E+01
+0.1956952022598334E+02 +0.1867461515600644E+01 +0.1310851196102091E+01 +0.1848557090423848E+01
+0.1959219637920000E+02 +0.1893355573902030E+01 +0.1312215177749879E+01 +0.1871812580642959E+01
+0.1961487253241667E+02 +0.1921190795896127E+01 +0.1322160774575737E+01 +0.1896832526562011E+01
+0.1963754868563333E+02 +0.1948551766997498E+01 +0.1340862214725080E+01 +0.1921448984865071E+01
+0.1966022483885000E+02 +0.1973091907197253E+01 +0.1367674861856898E+01 +0.1943576948742589E+01
+0.1968290099206667E+02 +0.1992939535090908E+01 +0.1401215991796694E+01 +0.1961539304065498E+01
+0.1970557714528334E+02 +0.2007025484336042E+01 +0.1439702552541525E+01 +0.1974316914051719E+01
+0.1972825329850000E+02 +0.2015156087400631E+01 +0.1481478472548355E+01 +0.1981586022361738E+01
+0.1975092945171667E+02 +0.2017705833407767E+01 +0.1525527624944619E+01 +0.1983461133497797E+01
+0.1977360560493333E+02 +0.2014986202965565E+01 +0.1571679384888785E+01 +0.1980003922652922E+01
+0.1979628175815000E+02 +0.2006581091813010E+01 +0.1620312795926300E+01 +0.1970721900040827E+01
+0.1981895791136667E+02 +0.1991019677452715E+01 +0.1671639719735444E+01 +0.1954332381221862E+01
+0.1984163406458334E+02 +0.1965994637850203E+01 +0.1724887978336267E+01 +0.1928952154011125E+01
+0.1986431021780000E+02 +0.1929070604978384E+01 +0.1777738490775135E+01 +0.1892680902955335E+01
+0.1988698637101667E+02 +0.1878660338318836E+01 +0.1826242755495082E+01 +0.1844403725522599E+01
+0.1990966252423334E+02 +0.1814993728513287E+01 +0.1865317960515983E+01 +0.1784570750808869E+01
+0.1993233867745000E+02 +0.1740750286738332E+01 +0.1889808271852664E+01 +0.1715669844102253E+01
+0.1995501483066667E+02 +0.1660984490870148E+01 +0.1895881429146210E+01 +0.1642116334135956E+01
+0.1997769098388334E+02 +0.1582163896854214E+01 +0.1882221009848163E+01 +0.1569461760810372E+01
+0.2000036713710000E+02 +0.1510627859732519E+01 +0.1850406981189271E+01 +0.1503174359866092E+01
+0.2002304329031667E+02 +0.1451181031150742E+01 +0.1804295619894247E+01 +0.1447512201796769E+01
+0.2004571944353334E+02 +0.1406415899183219E+01 +0.1748811429538755E+01 +0.1404928478378868E+01
+0.2006839559675000E+02 +0.1376827760514683E+01 +0.1688784421656694E+01 +0.1376092027867741E+01
+0.2009107174996667E+02 +0.1361386983723084E+01 +0.1628203008282098E+01 +0.1360309909761861E+01
+0.2011374790318334E+02 +0.1358223023767211E+01 +0.1569906998413208E+01 +0.1356087560946903E+01
+0.2013642405640000E+02 +0.1365236918505093E+01 +0.1515610702923463E+01 +0.1361653568016159E+01
+0.2015910020961667E+02 +0.1380556155732662E+01 +0.1466156130214464E+01 +0.1375355356819369E+01
+0.2018177636283334E+02 +0.1402767786623683E+01 +0.1421901080160422E+01 +0.1395867616891916E+01
+0.2020445251605000E+02 +0.1430895959313584E+01 +0.1383112859323789E+01 +0.1422192300598541E+01
+0.2022712866926667E+02 +0.1464173784769409E+01 +0.1350218857956649E+01 +0.1453495580116882E+01
+0.2024980482248334E+02 +0.1501757372033045E+01 +0.1323829569452529E+01 +0.1488893755123545E+01
+0.2027248097570000E+02 +0.1542541424289526E+01 +0.1304583018965863E+01 +0.1527305686556487E+01
+0.2029515712891667E+02 +0.1585134166466240E+01 +0.1292945205741232E+01 +0.1567421151451320E+01
+0.2031783328213334E+02 +0.1627937144378104E+01 +0.1289068042513696E+01 +0.1607756041696621E+01
+0.2034050943535000E+02 +0.1669250044695363E+01 +0.1292716580669272E+01 +0.1646740464731220E+01
+0.2036318558856667E+02 +0.1707367701808876E+01 +0.1303227121414881E+01 +0.1682811975728419E+01
+0.2038586174178334E+02 +0.1740683925005492E+01 +0.1319468700388915E+01 +0.1714519108380385E+01
+0.2040853789500000E+02 +0.1767828013816891E+01 +0.1339813346918866E+01 +0.1740651463754231E+01
+0.2043121404821667E+02 +0.1787846184810178E+01 +0.1362142095667749E+01 +0.1760404517805654E+01
+0.2045389020143334E+02 +0.1800423552965149E+01 +0.1383921182906821E+01 +0.1773573084004075E+01
+0.2047656635465000E+02 +0.1806126217847595E+01 +0.1402392204601131E+01 +0.1780748358937758E+01
+0.2049924250786667E+02 +0.1806600391954426E+01 +0.1414931874905828E+01 +0.1783455782699870E+01
+0.2052191866108334E+02 +0.1804583459468526E+01 +0.1419594837132875E+01 +0.1784119372668361E+01
+0.2054459481430000E+02 +0.1803550173003023E+01 +0.1415698370932343E+01 +0.1785738324353561E+01
+0.2056727096751667E+02 +0.1806975477603358E+01 +0.1404138443350759E+01 +0.1791288162379675E+01
+0.2058994712073333E+02 +0.1817490951075275E+01 +0.1387175261303103E+01 +0.1803057978323056E+01
+0.2061262327395000E+02 +0.1836350191395695E+01 +0.1367741438625595E+01 +0.1822221609117381E+01
+0.2063529942716667E+02 +0.1863426518255665E+01 +0.1348622530695542E+01 +0.1848811089554110E+01
+0.2065797558038334E+02 +0.1897640599925228E+01 +0.1331869741903617E+01 +0.1882033674754296E+01
+0.2068065173360000E+02 +0.1937545336061573E+01 +0.1318593496987554E+01 +0.1920736256159628E+01
+0.2070332788681667E+02 +0.1981831068642701E+01 +0.1309084529168083E+01 +0.1963826856973686E+01
+0.2072600404003333E+02 +0.2029628753793639E+01 +0.1303122032188397E+01 +0.2010542400141049E+01
+0.2074868019325000E+02 +0.2080588332494711E+01 +0.1300322561898061E+01 +0.2060534791976405E+01
+0.2077135634646667E+02 +0.2134781307451367E+01 +0.1300413936278622E+01 +0.2113810364115678E+01
+0.2079403249968334E+02 +0.2192521869087511E+01 +0.1303375621991304E+01 +0.2170594908023102E+01
+0.2081670865290000E+02 +0.2254201647366396E+01 +0.1309460820717780E+01 +0.2231196898704137E+01
+0.2083938480611667E+02 +0.2320180109077120E+01 +0.1319164733151593E+01 +0.2295904681896677E+01
+0.2086206095933333E+02 +0.2390708535383934E+01 +0.1333187527600284E+01 +0.2364910483448207E+01
+0.2088473711255000E+02 +0.2465855425358408E+01 +0.1352385054610898E+01 +0.2438244902864002E+01
+0.2090741326576667E+02 +0.2545444053975932E+01 +0.1377678013186802E+01 +0.2515729857930523E+01
+0.2093008941898334E+02 +0.2629044297111157E+01 +0.1409921680906947E+01 +0.2596977879290409E+01
+0.2095276557220000E+02 +0.2716047724778292E+01 +0.1449777811289161E+01 +0.2681457700381509E+01
+0.2097544172541667E+02 +0.2805819945989561E+01 +0.1497644771747984E+01 +0.2768619453426733E+01
+0.2099811787863334E+02 +0.2897887286480548E+01 +0.1553694231240695E+01 +0.2858042341287273E+01
+0.2102079403185000E+02 +0.2992081289132577E+01 +0.1618029693700703E+01 +0.2949544100473202E+01
+0.2104347018506667E+02 +0.3088561158999127E+01 +0.1690919253695224E+01 +0.3043194428073517E+01
+0.2106614633828334E+02 +0.3187691969984861E+01 +0.1773001519240189E+01 +0.3139218205537927E+01
+0.2108882249150000E+02 +0.3289843448168372E+01 +0.1865382743084372E+01 +0.3237833250324652E+01
+0.2111149864471667E+02 +0.3395203413455477E+01 +0.1969630208522441E+01 +0.3339087067753874E+01
+0.2113417479793334E+02 +0.3503639169475392E+01 +0.2087729269411445E+01 +0.3442719935398149E+01
+0.2115685095115000E+02 +0.3614567479139482E+01 +0.2222042852799136E+01 +0.3548035945370549E+01
+0.2117952710436667E+02 +0.3726797453333233E+01 +0.2375242796347588E+01 +0.3653763652977324E+01
+0.2120220325758334E+02 +0.3838373940294630E+01 +0.2550167401264542E+01 +0.3757925340180934E+01
+0.2122487941080000E+02 +0.3946482967932519E+01 +0.2749614142819036E+01 +0.3857754756499786E+01
+0.2124755556401667E+02 +0.4047444534152619E+01 +0.2976129670127306E+01 +0.3949679748161229E+01
+0.2127023171723334E+02 +0.4136755307828690E+01 +0.3231855093558101E+01 +0.4029342799335049E+01
+0.2129290787045000E+02 +0.4209109712038640E+01 +0.3518436149334046E+01 +0.4091605985053350E+01
+0.2131558402366667E+02 +0.4258332053334303E+01 +0.3836952790885896E+01 +0.4130489474683362E+01
+0.2133826017688333E+02 +0.4277181092131005E+01 +0.4187772559027616E+01 +0.4139021093543256E+01
+0.2136093633010000E+02 +0.4257050876250014E+01 +0.4570182018380637E+01 +0.4109035002168850E+01
+0.2138361248331667E+02 +0.4187716419531456E+01 +0.4981632027051257E+01 +0.4031061119244724E+01
+0.2140628863653334E+02 +0.4057441173922834E+01 +0.5416522254103628E+01 +0.3894569167942082E+01
+0.2142896478975000E+02 +0.3853873492645773E+01 +0.5864697249810291E+01 +0.3688892792567467E+01
+0.2145164094296667E+02 +0.3566074025475569E+01 +0.6310185102138643E+01 +0.3405057175451376E+01
+0.2147431709618333E+02 +0.3187633851141986E+01 +0.6731026492503677E+01 +0.3038399946709376E+01
+0.2149699324940000E+02 +0.2720172826156634E+01 +0.7101067899661926E+01 +0.2591344515144905E+01
+0.2151966940261667E+02 +0.2175782644766397E+01 +0.7394040871515656E+01 +0.2075178404438719E+01
+0.2154234555583334E+02 +0.1576767808032054E+01 +0.7589052649308416E+01 +0.1509632330557606E+01
+0.2156502170905000E+02 +0.9519378771736936E+00 +0.7675355116189296E+01 +0.9198082676680157E+00
+0.2158769786226667E+02 +0.3305519334417268E+00 +0.7654027203559674E+01 +0.3313740150538319E+00
+0.2161037401548333E+02 -0.2633685551676475E+00 +0.7535606820333722E+01 -0.2339314383666911E+00
+0.2163305016870000E+02 -0.8136391277497995E+00 +0.7335083671528544E+01 -0.7605045098898433E+00
+0.2165572632191667E+02 -0.1310682405834223E+01 +0.7067295901287495E+01 -0.1238261429822305E+01
+0.2167840247513334E+02 -0.1748330347615305E+01 +0.6745167782722785E+01 -0.1660488595443517E+01
+0.2170107862835000E+02 -0.2121527044970251E+01 +0.6380755098116317E+01 -0.2022162052746380E+01
+0.2172375478156667E+02 -0.2426369680403519E+01 +0.5986971375197337E+01 -0.2319814124869953E+01
+0.2174643093478333E+02 -0.2661637025737654E+01 +0.5577951430893661E+01 -0.2552471901016507E+01
+0.2176910708800000E+02 -0.2829975890659639E+01 +0.5167715948386050E+01 -0.2722433842285906E+01
+0.2179178324121667E+02 -0.2937664789222800E+01 +0.4768238525590520E+01 -0.2835067634753077E+01
+0.2181445939443334E+02 -0.2993160289590908E+01 +0.4388174494887202E+01 -0.2897699228268114E+01
+0.2183713554765000E+02 -0.3005343810012125E+01 +0.4032776312322920E+01 -0.2918226588968357E+01
+0.2185981170086667E+02 -0.2982299498883741E+01 +0.3704712719962331E+01 -0.2904085820813610E+01
+0.2188248785408334E+02 -0.2930920195480144E+01 +0.3405130692024048E+01 -0.2861831300061239E+01
+0.2190516400730000E+02 -0.2857120152345334E+01 +0.3134414163878232E+01 -0.2797203039122317E+01
+0.2192784016051667E+02 -0.2766221410086897E+01 +0.2892465235595262E+01 -0.2715372473036672E+01
+0.2195051631373334E+02 -0.2663186130253122E+01 +0.2678653305865257E+01 -0.2621109213301478E+01
+0.2197319246695000E+02 -0.2552600121218980E+01 +0.2491681875519297E+01 -0.2518773208739045E+01
+0.2199586862016667E+02 -0.2438483463317526E+01 +0.2329553197124132E+01 -0.2412172500576533E+01
+0.2201854477338334E+02 -0.2324057595676291E+01 +0.2189696208269071E+01 -0.2304382756996164E+01
+0.2204122092660000E+02 -0.2211582092819549E+01 +0.2069239485684319E+01 -0.2197621411770090E+01
+0.2206389707981667E+02 -0.2102335581621277E+01 +0.1965360867150221E+01 -0.2093238673211066E+01
+0.2208657323303334E+02 -0.1996762971097172E+01 +0.1875619557795681E+01 -0.1991844030069232E+01
+0.2210924938625000E+02 -0.1894753003749626E+01 +0.1798184498699167E+01 -0.1893540927625840E+01
+0.2213192553946667E+02 -0.1795972795839313E+01 +0.1731913537165514E+01 -0.1798211798949724E+01
+0.2215460169268334E+02 -0.1700183027215634E+01 +0.1676283705052236E+01 -0.1705789590694979E+01
+0.2217727784590000E+02 -0.1607472208358857E+01 +0.1631204943603584E+01 -0.1616462813236174E+01
+0.2219995399911667E+02 -0.1518371549593032E+01 +0.1596774847827118E+01 -0.1530782847325871E+01
+0.2222263015233334E+02 -0.1433853074586293E+01 +0.1573044209861460E+01 -0.1449675026266769E+01
+0.2224530630555000E+02 -0.1355257480241244E+01 +0.1559837780397737E+01 -0.1374385470421327E+01
+0.2226798245876667E+02 -0.1284202936713367E+01 +0.1556621785633722E+01 -0.1306398873681420E+01
+0.2229065861198334E+02 -0.1222484342783985E+01 +0.1562379936413916E+01 -0.1247335394919795E+01
+0.2231333476520000E+02 -0.1171929377155672E+01 +0.1575479496715555E+01 -0.1198805115243696E+01
+0.2233601091841667E+02 -0.1134169068647739E+01 +0.1593550770435807E+01 -0.1162190491139119E+01
+0.2235868707163334E+02 -0.1110296162309931E+01 +0.1613439351664834E+01 -0.1138341281857501E+01
+0.2238136322485000E+02 -0.1100420713414195E+01 +0.1631330191765467E+01 -0.1127204819973927E+01
+0.2240403937806667E+02 -0.1103227824344946E+01 +0.1643165010214295E+01 -0.1127491382526163E+01
+0.2242671553128334E+02 -0.1115777447380038E+01 +0.1645382971043052E+01 -0.1136558734996548E+01
+0.2244939168450000E+02 -0.1133800924323771E+01 +0.1635779790296592E+01 -0.1150687915782296E+01
+0.2247206783771667E+02 -0.1152519704491725E+01 +0.1614089473600553E+01 -0.1165750899018002E+01
+0.2249474399093334E+02 -0.1167683285486216E+01 +0.1581973997771183E+01 -0.1178041351751847E+01
+0.2251742014415000E+02 -0.1176382954337923E+01 +0.1542425225773514E+01 -0.1184938228753011E+01
+0.2254009629736667E+02 -0.1177346422954432E+01 +0.1498881419019836E+01 -0.1185172820132752E+01
+0.2256277245058333E+02 -0.1170708702739597E+01 +0.1454441791377906E+01 -0.1178681568693076E+01
+0.2258544860380000E+02 -0.1157481443538108E+01 +0.1411431054542930E+01 -0.1166204083457405E+01
+0.2260812475701667E+02 -0.1139005681906327E+01 +0.1371353244172881E+01 -0.1148845760324254E+01
+0.2263080091023333E+02 -0.1116596060219249E+01 +0.1335105393882210E+01 -0.1127773789914643E+01
+0.2265347706345000E+02 -0.1091443056958345E+01 +0.1303249942543984E+01 -0.1104106669529837E+01
+0.2267615321666667E+02 -0.1064698985793392E+01 +0.1276173430596252E+01 -0.1078946697589366E+01
+0.2269882936988333E+02 -0.1037590320049451E+01 +0.1254068150971240E+01 -0.1053440609913690E+01
+0.2272150552310000E+02 -0.1011416983764897E+01 +0.1236805101707155E+01 -0.1028765381108869E+01
+0.2274418167631667E+02 -0.9874040478878752E+00 +0.1223838404613189E+01 -0.1006011716305972E+01
+0.2276685782953334E+02 -0.9664886129062715E+00 +0.1214252780654050E+01 -0.9860243832686981E+00
+0.2278953398275000E+02 -0.9491822352087531E+00 +0.1206962057810322E+01 -0.9693006756518798E+00
+0.2281221013596667E+02 -0.9356098133952155E+00 +0.1200948831650585E+01 -0.9560164220962182E+00
+0.2283488628918334E+02 -0.9256973526915218E+00 +0.1195385175065184E+01 -0.9461555656369975E+00
+0.2285756244240000E+02 -0.9193490154874535E+00 +0.1189557332561461E+01 -0.9396308407670548E+00
+0.2288023859561667E+02 -0.9164484254296954E+00 +0.1182691610546779E+01 -0.9362850454489151E+00
+0.2290291474883334E+02 -0.9166770959282522E+00 +0.1173886796661848E+01 -0.9357725728795123E+00
+0.2292559090205000E+02 -0.9193326341538518E+00 +0.1162275360806620E+01 -0.9374472026002958E+00
+0.2294826705526667E+02 -0.9233593342886840E+00 +0.1147315787673009E+01 -0.9403978997773870E+00
+0.2297094320848334E+02 -0.9276207566245525E+00 +0.1128972858705428E+01 -0.9436500984587719E+00
+0.2299361936170000E+02 -0.9312214333236772E+00 +0.1107629456032788E+01 -0.9464015171196294E+00
+0.2301629551491667E+02 -0.9336485390073019E+00 +0.1083803082770372E+01 -0.9481332221509062E+00
+0.2303897166813334E+02 -0.9346666332284355E+00 +0.1057878621343643E+01 -0.9485419304439737E+00
+0.2306164782135000E+02 -0.9340758611331778E+00 +0.1030020082458149E+01 -0.9473664934742854E+00
+0.2308432397456667E+02 -0.9315040909928811E+00 +0.1000284825352230E+01 -0.9442342942682349E+00
+0.2310700012778334E+02 -0.9263555944900241E+00 +0.9688473407022179E+00 -0.9386228677885402E+00
+0.2312967628100001E+02 -0.9179380190287936E+00 +0.9361921406874969E+00 -0.9299562166280058E+00
+0.2315235243421667E+02 -0.9056903096463788E+00 +0.9031684737880028E+00 -0.9177805160525752E+00
+0.2317502858743334E+02 -0.8893936879920240E+00 +0.8708869532360490E+00 -0.9019309480191129E+00
+0.2319770474065000E+02 -0.8692792081844629E+00 +0.8405145166077188E+00 -0.8826198608858371E+00
+0.2322038089386667E+02 -0.8460046829062389E+00 +0.8130497623642938E+00 -0.8604198039290971E+00
+0.2324305704708334E+02 -0.8205200750757020E+00 +0.7891497846807328E+00 -0.8361542612667119E+00
+0.2326573320030001E+02 -0.7938691289006167E+00 +0.7690557799336781E+00 -0.8107351148402722E+00
+0.2328840935351667E+02 -0.7669909282202487E+00 +0.7526332954115841E+00 -0.7849993298889020E+00
+0.2331108550673333E+02 -0.7405841879408609E+00 +0.7395059886862386E+00 -0.7595958456172618E+00
+0.2333376165995000E+02 -0.7150751502661132E+00 +0.7292285250219435E+00 -0.7349548872482694E+00
+0.2335643781316667E+02 -0.6906890718958272E+00 +0.7214280122068204E+00 -0.7113388393402256E+00
+0.2337911396638334E+02 -0.6675784498818211E+00 +0.7158586468765020E+00 -0.6889385626023932E+00
+0.2340179011960000E+02 -0.6459373443669069E+00 +0.7123614417238023E+00 -0.6679619580344609E+00
+0.2342446627281667E+02 -0.6260504964619170E+00 +0.7107685298069397E+00 -0.6486742170472173E+00
+0.2344714242603333E+02 -0.6082672930934292E+00 +0.7108053899316507E+00 -0.6313783803896060E+00
+0.2346981857925000E+02 -0.5929184776513545E+00 +0.7120305227021468E+00 -0.6163484709089249E+00
+0.2349249473246667E+02 -0.5802045589445972E+00 +0.7138371276551568E+00 -0.6037403644955288E+00
+0.2351517088568334E+02 -0.5700959921328405E+00 +0.7155282301400171E+00 -0.5935148659846448E+00
+0.2353784703890000E+02 -0.5622945873077414E+00 +0.7164498687398784E+00 -0.5854109272845880E+00
+0.2356052319211667E+02 -0.5562892880040144E+00 +0.7161276921455614E+00 -0.5789906566124081E+00
+0.2358319934533333E+02 -0.5514858835992562E+00 +0.7143348174209996E+00 -0.5737382688817663E+00
+0.2360587549855000E+02 -0.5473343783713744E+00 +0.7110584585139684E+00 -0.5691583750670131E+00
+0.2362855165176667E+02 -0.5433802054647533E+00 +0.7064105734128323E+00 -0.5648231207181806E+00
+0.2365122780498334E+02 -0.5392384381781289E+00 +0.7005686167893519E+00 -0.5603669092880121E+00
+0.2367390395820000E+02 -0.5345629321923341E+00 +0.6937871316982742E+00 -0.5554750610857533E+00
+0.2369658011141667E+02 -0.5290754380193718E+00 +0.6864370870523715E+00 -0.5499093946626188E+00
+0.2371925626463334E+02 -0.5226467879402701E+00 +0.6790001706247486E+00 -0.5435670589369515E+00
+0.2374193241785000E+02 -0.5153681651915194E+00 +0.6719898458528251E+00 -0.5365309256541726E+00
+0.2376460857106667E+02 -0.5075581960580886E+00 +0.6658298182455773E+00 -0.5290716694136328E+00
+0.2378728472428334E+02 -0.4996934444256606E+00 +0.6607448617394868E+00 -0.5215904265946114E+00
+0.2380996087750000E+02 -0.4922874877378248E+00 +0.6567083293959830E+00 -0.5145202860750264E+00
+0.2383263703071667E+02 -0.4857618144634527E+00 +0.6534643362690942E+00 -0.5082208524947542E+00
+0.2385531318393334E+02 -0.4803525908571853E+00 +0.6506153456280279E+00 -0.5029016859642381E+00
+0.2387798933715000E+02 -0.4760853641810924E+00 +0.6477413343134341E+00 -0.4985994818018342E+00
+0.2390066549036667E+02 -0.4728214957042147E+00 +0.6445005050634687E+00 -0.4952108107169733E+00
+0.2392334164358334E+02 -0.4703427046260672E+00 +0.6406715017194630E+00 -0.4925553532516178E+00
+0.2394601779680000E+02 -0.4684231389702834E+00 +0.6361348792934596E+00 -0.4904325907072848E+00
+0.2396869395001667E+02 -0.4668567331582354E+00 +0.6308260242944448E+00 -0.4886466801326033E+00
+0.2399137010323334E+02 -0.4654393184976595E+00 +0.6246995037205768E+00 -0.4869977176174525E+00
+0.2401404625645000E+02 -0.4639298882523270E+00 +0.6177343524855643E+00 -0.4852587370756480E+00
+0.2403672240966667E+02 -0.4620336169091624E+00 +0.6099862915797873E+00 -0.4831705682782936E+00
+0.2405939856288334E+02 -0.4594459313722537E+00 +0.6016525480883903E+00 -0.4804803464054881E+00
+0.2408207471610000E+02 -0.4559520592614986E+00 +0.5930875938983630E+00 -0.4770169993820894E+00
+0.2410475086931667E+02 -0.4515218215518134E+00 +0.5847363816333648E+00 -0.4727614736357777E+00
+0.2412742702253334E+02 -0.4463363834635461E+00 +0.5770166589611190E+00 -0.4678675827778671E+00
+0.2415010317575000E+02 -0.4407359750038705E+00 +0.5702162651993146E+00 -0.4626236752375361E+00
+0.2417277932896667E+02 -0.4351276395169135E+00 +0.5644486202843877E+00 -0.4573809086192890E+00
+0.2419545548218334E+02 -0.4299002623069703E+00 +0.5596660603925345E+00 -0.4524832425550089E+00
+0.2421813163540000E+02 -0.4253728573872137E+00 +0.5557056103267165E+00 -0.4482213990167945E+00
+0.2424080778861667E+02 -0.4217795497170831E+00 +0.5523394809981577E+00 -0.4448155724396572E+00
+0.2426348394183334E+02 -0.4192797892448430E+00 +0.5493096175267442E+00 -0.4424184680762107E+00
+0.2428616009505000E+02 -0.4179725005825281E+00 +0.5463392070201865E+00 -0.4411231454706781E+00
+0.2430883624826667E+02 -0.4178966571960210E+00 +0.5431339182102288E+00 -0.4409638556490632E+00
+0.2433151240148334E+02 -0.4190227459941390E+00 +0.5393927239453626E+00 -0.4419121317932604E+00
+0.2435418855470000E+02 -0.4212547083356279E+00 +0.5348284121691878E+00 -0.4438789209742449E+00
+0.2437686470791667E+02 -0.4244453409756532E+00 +0.5291770328817700E+00 -0.4467235346773066E+00
+0.2439954086113334E+02 -0.4284016542538326E+00 +0.5221885357357117E+00 -0.4502555483853676E+00
+0.2442221701435000E+02 -0.4328635367577077E+00 +0.5136235160147610E+00 -0.4542210935450965E+00
+0.2444489316756667E+02 -0.4374761252187895E+00 +0.5032850078756241E+00 -0.4582877657696038E+00
+0.2446756932078333E+02 -0.4417952899019590E+00 +0.4910789789099327E+00 -0.4620538566423320E+00
+0.2449024547400000E+02 -0.4453416216326961E+00 +0.4770636882993232E+00 -0.4650918078298480E+00
+0.2451292162721667E+02 -0.4476777787021817E+00 +0.4614524280918736E+00 -0.4670085028256643E+00
+0.2453559778043333E+02 -0.4484668827305371E+00 +0.4445693941403859E+00 -0.4674927128340456E+00
+0.2455827393365000E+02 -0.4474883671414078E+00 +0.4267900682414436E+00 -0.4663320753973175E+00
+0.2458095008686667E+02 -0.4446208823147291E+00 +0.4084993048555056E+00 -0.4634047621881703E+00
+0.2460362624008334E+02 -0.4398192763973794E+00 +0.3900776722298525E+00 -0.4586644039892407E+00
+0.2462630239330000E+02 -0.4331064487946976E+00 +0.3719039651595102E+00 -0.4521338428444970E+00
+0.2464897854651667E+02 -0.4245833073996330E+00 +0.3543531746558420E+00 -0.4439106402824478E+00
+0.2467165469973334E+02 -0.4144431212719076E+00 +0.3377754386805541E+00 -0.4341747528859705E+00
+0.2469433085295000E+02 -0.4029703867062767E+00 +0.3224586289031169E+00 -0.4231845391872813E+00
+0.2471700700616667E+02 -0.3905147738644124E+00 +0.3085922916049747E+00 -0.4112543727665448E+00
+0.2473968315938334E+02 -0.3774480754973466E+00 +0.2962502833487596E+00 -0.3987190538465655E+00
+0.2476235931260000E+02 -0.3641203270956785E+00 +0.2853967282814406E+00 -0.3858966680584990E+00
+0.2478503546581667E+02 -0.3508270575756818E+00 +0.2759084783818237E+00 -0.3730594549405211E+00
+0.2480771161903334E+02 -0.3377909926055707E+00 +0.2676039823620406E+00 -0.3604161505679837E+00
+0.2483038777225000E+02 -0.3251550600221613E+00 +0.2602713594206392E+00 -0.3481041833349778E+00
+0.2485306392546667E+02 -0.3129815452043941E+00 +0.2536943408547366E+00 -0.3361885935968447E+00
+0.2487574007868334E+02 -0.3012564502349178E+00 +0.2476796104348967E+00 -0.3246673814602092E+00
+0.2489841623190000E+02 -0.2899054561040662E+00 +0.2420861421148734E+00 -0.3134870988389287E+00
+0.2492109238511667E+02 -0.2788272847868550E+00 +0.2368463448547257E+00 -0.3025710339805758E+00
+0.2494376853833334E+02 -0.2679366435601176E+00 +0.2319639632865259E+00 -0.2918532620544496E+00
+0.2496644469155000E+02 -0.2571962110896549E+00 +0.2274860395243124E+00 -0.2813041501834301E+00
+0.2498912084476667E+02 -0.2466225566319381E+00 +0.2234651439717593E+00 -0.2709368115931006E+00
+0.2501179699798334E+02 -0.2362701044712855E+00 +0.2199326064105497E+00 -0.2607967206486148E+00
+0.2503447315120000E+02 -0.2262095964440480E+00 +0.2168903414436897E+00 -0.2509455149193578E+00
+0.2505714930441667E+02 -0.2165132392125786E+00 +0.2143145014867228E+00 -0.2414482240799329E+00
+0.2507982545763334E+02 -0.2072477641558627E+00 +0.2121615915561340E+00 -0.2323661810017950E+00
+0.2510250161085001E+02 -0.1984716918656649E+00 +0.2103732685539301E+00 -0.2237538020885095E+00
+0.2512517776406667E+02 -0.1902349157275073E+00 +0.2088796030948679E+00 -0.2156575760495687E+00
+0.2514785391728334E+02 -0.1825798625932347E+00 +0.2075994278953793E+00 -0.2081159286306056E+00
+0.2517053007050000E+02 -0.1755406864975939E+00 +0.2064362173511695E+00 -0.2011571465668116E+00
+0.2519320622371667E+02 -0.1691351867546578E+00 +0.2052727073116546E+00 -0.1947921033221349E+00
+0.2521588237693334E+02 -0.1633491008610633E+00 +0.2039729134296832E+00 -0.1890023615622243E+00
+0.2523855853015001E+02 -0.1581219639064032E+00 +0.2023981084154660E+00 -0.1837304223376053E+00
+0.2526123468336667E+02 -0.1533473803360386E+00 +0.2004315238572632E+00 -0.1788805046090023E+00
+0.2528391083658333E+02 -0.1488900274670395E+00 +0.1979959863195018E+00 -0.1743308614038619E+00
+0.2530658698980000E+02 -0.1446056045398269E+00 +0.1950543074827641E+00 -0.1699485658033908E+00
+0.2532926314301667E+02 -0.1403484270687728E+00 +0.1916006453849065E+00 -0.1655970642405871E+00
+0.2535193929623334E+02 -0.1359682642845676E+00 +0.1876599055145702E+00 -0.1611374304875619E+00
+0.2537461544945000E+02 -0.1313128438285879E+00 +0.1833001547585104E+00 -0.1564336372289132E+00
+0.2539729160266667E+02 -0.1262476431472832E+00 +0.1786447192644389E+00 -0.1513691672797171E+00
+0.2541996775588333E+02 -0.1206864338057589E+00 +0.1738668630900694E+00 -0.1458704751789113E+00
+0.2544264390910000E+02 -0.1146145902963913E+00 +0.1691635869654578E+00 -0.1399249903095989E+00
+0.2546532006231667E+02 -0.1080928845356836E+00 +0.1647204566206890E+00 -0.1335846086286188E+00
+0.2548799621553334E+02 -0.1012433205870504E+00 +0.1606818296976514E+00 -0.1269547406453342E+00
+0.2551067236875000E+02 -0.9422563378443360E-01 +0.1571326371281976E+00 -0.1201745623442840E+00
+0.2553334852196667E+02 -0.8721058414770473E-01 +0.1540912277511158E+00 -0.1133936511383637E+00
+0.2555602467518334E+02 -0.8035275603015438E-01 +0.1515130400111018E+00 -0.1067484521297219E+00
+0.2557870082840000E+02 -0.7376727774328051E-01 +0.1493062568893011E+00 -0.1003427448076601E+00
+0.2560137698161667E+02 -0.6751760914963907E-01 +0.1473568665876476E+00 -0.9423731068543217E-01
+0.2562405313483334E+02 -0.6161845257865568E-01 +0.1455546424966649E+00 -0.8845153125962102E-01
+0.2564672928805000E+02 -0.5605045070035297E-01 +0.1438110894956247E+00 -0.8297461464601352E-01
+0.2566940544126667E+02 -0.5077931348596539E-01 +0.1420655760159838E+00 -0.7778090710526886E-01
+0.2569208159448334E+02 -0.4577266453238037E-01 +0.1402801791513874E+00 -0.7284347945353020E-01
+0.2571475774770000E+02 -0.4100858030642426E-01 +0.1384264760498199E+00 -0.6814106562247213E-01
+0.2573743390091667E+02 -0.3647216830911737E-01 +0.1364719416910524E+00 -0.6365610290245605E-01
+0.2576011005413334E+02 -0.3214420390418474E-01 +0.1343748976479831E+00 -0.5936690045988335E-01
+0.2578278620735000E+02 -0.2799146366099740E-01 +0.1320895825928727E+00 -0.5524039355067534E-01
+0.2580546236056667E+02 -0.2396395604735039E-01 +0.1295750080267093E+00 -0.5122947932659438E-01
+0.2582813851378334E+02 -0.1999705590220287E-01 +0.1268025348720153E+00 -0.4727454073307391E-01
+0.2585081466700000E+02 -0.1601646695523506E-01 +0.1237616182824244E+00 -0.4330775859591141E-01
+0.2587349082021667E+02 -0.1194568396503370E-01 +0.1204622617266278E+00 -0.3925906146840119E-01
+0.2589616697343334E+02 -0.7712189759259950E-02 +0.1169323907423907E+00 -0.3506100916212840E-01
+0.2591884312665000E+02 -0.3247900949089886E-02 +0.1132146434946882E+00 -0.3065039167854011E-01
+0.2594151927986667E+02 +0.1512138577223246E-02 +0.1093698123323227E+00 -0.2596942996690266E-01
+0.2596419543308334E+02 +0.6622841982841280E-02 +0.1054848667577434E+00 -0.2097248559955212E-01
+0.2598687158630000E+02 +0.1211201901289334E-01 +0.1016737563390820E+00 -0.1563900392067663E-01
+0.2600954773951667E+02 +0.1796393431452200E-01 +0.9806356337028886E-01 -0.9985551389390723E-02
+0.2603222389273334E+02 +0.2411528570562549E-01 +0.9477175381285696E-01 -0.4068919546970751E-02
+0.2605490004595000E+02 +0.3046509316202195E-01 +0.9188646939161138E-01 +0.2021235372236196E-02
+0.2607757619916667E+02 +0.3689117940648519E-01 +0.8945686218268893E-01 +0.8175467713753770E-02
+0.2610025235238334E+02 +0.4326534777161306E-01 +0.8749262612936663E-01 +0.1427747268544555E-01
+0.2612292850560000E+02 +0.4946359654962610E-01 +0.8596798021916342E-01 +0.2021369233261439E-01
+0.2614560465881667E+02 +0.5537180462886086E-01 +0.8482543537940596E-01 +0.2587965061696174E-01
+0.2616828081203334E+02 +0.6089003214278484E-01 +0.8397643000365451E-01 +0.3118544155805014E-01
+0.2619095696525000E+02 +0.6594037984350672E-01 +0.8329896358178340E-01 +0.3606403630594290E-01
+0.2621363311846667E+02 +0.7048284344430340E-01 +0.8263732284703212E-01 +0.4048507560176917E-01
+0.2623630927168334E+02 +0.7453785727605940E-01 +0.8181355282224093E-01 +0.4447207716938772E-01
+0.2625898542490000E+02 +0.7820399232413040E-01 +0.8065819831981325E-01 +0.4811391148910604E-01
+0.2628166157811667E+02 +0.8165309530882572E-01 +0.7905504214173216E-01 +0.5155820028106106E-01
+0.2630433773133333E+02 +0.8509384540270437E-01 +0.7697850376821283E-01 +0.5498144650423376E-01
+0.2632701388455000E+02 +0.8871647521140338E-01 +0.7450009145990127E-01 +0.5854577580066278E-01
+0.2634969003776667E+02 +0.9264670760956123E-01 +0.7175899933589999E-01 +0.6236230547932020E-01
+0.2637236619098334E+02 +0.9692956580667345E-01 +0.6891514255911346E-01 +0.6647638716448534E-01
+0.2639504234420000E+02 +0.1015422456137711E+00 +0.6610903709057254E-01 +0.7087542202997865E-01
+0.2641771849741667E+02 +0.1064207613281735E+00 +0.6344117417534950E-01 +0.7550897302587667E-01
+0.2644039465063333E+02 +0.1114855208956974E+00 +0.6096924192741211E-01 +0.8030983247240098E-01
+0.2646307080385000E+02 +0.1166589746142272E+00 +0.5871521844690422E-01 +0.8520980195701522E-01
+0.2648574695706667E+02 +0.1218752561484743E+00 +0.5667536127459286E-01 +0.9014914279206654E-01
+0.2650842311028333E+02 +0.1270844093834346E+00 +0.5482963148790582E-01 +0.9508118909485841E-01
+0.2653109926350000E+02 +0.1322534690773649E+00 +0.5314984196977027E-01 +0.9997379048393984E-01
+0.2655377541671667E+02 +0.1373652623763881E+00 +0.5160676928339940E-01 +0.1048084298458590E+00
+0.2657645156993334E+02 +0.1424149026310345E+00 +0.5017592270596079E-01 +0.1095772891469027E+00
+0.2659912772315000E+02 +0.1474043772607174E+00 +0.4884082927197150E-01 +0.1142788114663185E+00
+0.2662180387636667E+02 +0.1523368379319622E+00 +0.4759295129735898E-01 +0.1189130480631168E+00
+0.2664448002958334E+02 +0.1572126346774553E+00 +0.4642881157381007E-01 +0.1234783102544741E+00
+0.2666715618280000E+02 +0.1620281046819786E+00 +0.4534613783902983E-01 +0.1279699372537926E+00
+0.2668983233601667E+02 +0.1667766633394752E+00 +0.4434074417001616E-01 +0.1323809516016554E+00
+0.2671250848923334E+02 +0.1714510895085637E+00 +0.4340492294067123E-01 +0.1367038033475484E+00
+0.2673518464245000E+02 +0.1760460736418935E+00 +0.4252739256569479E-01 +0.1409324070686900E+00
+0.2675786079566667E+02 +0.1805603737261439E+00 +0.4169464699717790E-01 +0.1450638331198195E+00
+0.2678053694888334E+02 +0.1849979102118378E+00 +0.4089342903225239E-01 +0.1490990671039617E+00
+0.2680321310210000E+02 +0.1893671594850951E+00 +0.4011358800052429E-01 +0.1530423841510076E+00
+0.2682588925531667E+02 +0.1936788164531764E+00 +0.3935007245669016E-01 +0.1568993867218463E+00
+0.2684856540853334E+02 +0.1979427349225619E+00 +0.3860302787462837E-01 +0.1606744684156430E+00
+0.2687124156175000E+02 +0.2021656463884566E+00 +0.3787607895313023E-01 +0.1643687791790308E+00
+0.2689391771496667E+02 +0.2063505206115605E+00 +0.3717392587251946E-01 +0.1679793311545621E+00
+0.2691659386818334E+02 +0.2104973198502423E+00 +0.3650045669883566E-01 +0.1714991078571729E+00
+0.2693927002140001E+02 +0.2146043096348458E+00 +0.3585787726056981E-01 +0.1749175220239549E+00
+0.2696194617461667E+02 +0.2186692255481754E+00 +0.3524668382911165E-01 +0.1782206553168445E+00
+0.2698462232783334E+02 +0.2226900128872403E+00 +0.3466606176319252E-01 +0.1813905716916302E+00
+0.2700729848105000E+02 +0.2266651638186520E+00 +0.3411437459444909E-01 +0.1844043947790706E+00
+0.2702997463426667E+02 +0.2305937892280371E+00 +0.3358957440616024E-01 +0.1872289301042489E+00
+0.2705265078748334E+02 +0.2344755556739866E+00 +0.3308948721751660E-01 +0.1898233578167861E+00
+0.2707532694070001E+02 +0.2383105736193306E+00 +0.3261198647904791E-01 +0.1920967475333725E+00
+0.2709800309391667E+02 +0.2420992824719302E+00 +0.3215508527685376E-01 +0.1939964157640147E+00
+0.2712067924713334E+02 +0.2458423515713550E+00 +0.3171697619276432E-01 +0.1950017295471126E+00
+0.2714335540035000E+02 +0.2495406021612789E+00 +0.3129604039315285E-01 +0.1961289642910999E+00
+0.2716603155356667E+02 +0.2531949490639970E+00 +0.3089084020378950E-01 +0.1910763395400771E+00
+0.2718870770678334E+02 +0.2568063585930579E+00 +0.3050010388708100E-01 +0.1894864525916410E+00
