# Macroscopic dielectric function epsm
#
# Momentum transfer Q=G+q in lattice cooridnates
# G:   0   0   0
# q:   0.0000000   0.0000000   0.0000000
# Momentum transfer Q=G+q in Cartesian cooridnates
# G:   0.0000000   0.0000000   0.0000000
# q:   0.0000000   0.0000000   0.0000000
# Norm2(G+q)   0.0000000
#
# Energy scale=   27.211384
# Used broadening in scaled energy units:    0.108846
#
# Number of k-points=       0
# Unit cell volume [au]=  115.024912
# Coulomb potential v(Q) [au]=          0.000000
#
#             Frequency                Re(epsm)                Im(epsm)       Re(epsm) form KKT
+0.0000000000000000E+00 +0.4949259367283664E+01 -0.8328464911552320E-19 +0.4865640944394197E+01
+0.3628184514666666E-01 +0.4949456466578026E+01 +0.1186460899333518E-02 +0.4865497148754867E+01
+0.7256369029333333E-01 +0.4950047971071236E+01 +0.2374173696244860E-02 +0.4866106906117131E+01
+0.1088455354400000E+00 +0.4951034501240332E+01 +0.3564394246010938E-02 +0.4867142263440847E+01
+0.1451273805866667E+00 +0.4952417093371610E+01 +0.4758386345117325E-02 +0.4868505612582439E+01
+0.1814092257333333E+00 +0.4954197202813795E+01 +0.5957425766675534E-02 +0.4870287442684132E+01
+0.2176910708800000E+00 +0.4956376708559847E+01 +0.7162804374431996E-02 +0.4872462006494043E+01
+0.2539729160266667E+00 +0.4958957919189597E+01 +0.8375834342936228E-02 +0.4875040288320867E+01
+0.2902547611733333E+00 +0.4961943580210797E+01 +0.9597852512645007E-02 +0.4878021749957387E+01
+0.3265366063200000E+00 +0.4965336882847000E+01 +0.1083022491028575E-01 +0.4881410571483469E+01
+0.3628184514666666E+00 +0.4969141474331281E+01 +0.1207435146671782E-01 +0.4885210044130231E+01
+0.3991002966133333E+00 +0.4973361469773174E+01 +0.1333167096684501E-01 +0.4889424364414600E+01
+0.4353821417600000E+00 +0.4978001465680544E+01 +0.1460366626890762E-01 +0.4894058078491414E+01
+0.4716639869066667E+00 +0.4983066555229616E+01 +0.1589186983371672E-01 +0.4899116269052528E+01
+0.5079458320533333E+00 +0.4988562345387693E+01 +0.1719786960823756E-01 +0.4904604519044907E+01
+0.5442276772000001E+00 +0.4994494976012228E+01 +0.1852331531235078E-01 +0.4910528945998896E+01
+0.5805095223466666E+00 +0.5000871141062341E+01 +0.1986992518279883E-01 +0.4916896218261220E+01
+0.6167913674933333E+00 +0.5007698112078410E+01 +0.2123949323430427E-01 +0.4923713579572466E+01
+0.6530732126400001E+00 +0.5014983764106452E+01 +0.2263389710478088E-01 +0.4930988874338038E+01
+0.6893550577866667E+00 +0.5022736604264739E+01 +0.2405510655958110E-01 +0.4938730576048850E+01
+0.7256369029333333E+00 +0.5030965803176914E+01 +0.2550519273901667E-01 +0.4946947818399204E+01
+0.7619187480800000E+00 +0.5039681229521303E+01 +0.2698633824414978E-01 +0.4955650429536577E+01
+0.7982005932266667E+00 +0.5048893487981536E+01 +0.2850084816834888E-01 +0.4964848969664891E+01
+0.8344824383733334E+00 +0.5058613960917484E+01 +0.3005116219660536E-01 +0.4974554772329303E+01
+0.8707642835200000E+00 +0.5068854854115278E+01 +0.3163986791149338E-01 +0.4984779989731847E+01
+0.9070461286666667E+00 +0.5079629247024590E+01 +0.3326971546434439E-01 +0.4995537642477392E+01
+0.9433279738133333E+00 +0.5090951147941327E+01 +0.3494363379320947E-01 +0.5006841674201077E+01
+0.9796098189600000E+00 +0.5102835554655916E+01 +0.3666474859612574E-01 +0.5018707011586904E+01
+0.1015891664106667E+01 +0.5115298521157244E+01 +0.3843640229984328E-01 +0.5031149630355539E+01
+0.1052173509253334E+01 +0.5128357231059373E+01 +0.4026217630141820E-01 +0.5044186627876514E+01
+0.1088455354400000E+01 +0.5142030078515029E+01 +0.4214591580404776E-01 +0.5057836303150699E+01
+0.1124737199546667E+01 +0.5156336757480321E+01 +0.4409175762062058E-01 +0.5072118245011267E+01
+0.1161019044693333E+01 +0.5171298360324425E+01 +0.4610416138031111E-01 +0.5087053429512167E+01
+0.1197300889840000E+01 +0.5186937486917659E+01 +0.4818794464727975E-01 +0.5102664327612121E+01
+0.1233582734986667E+01 +0.5203278365499092E+01 +0.5034832254874634E-01 +0.5118975024424356E+01
+0.1269864580133333E+01 +0.5220346986825110E+01 +0.5259095261552006E-01 +0.5136011351492429E+01
+0.1306146425280000E+01 +0.5238171253324124E+01 +0.5492198566559376E-01 +0.5153801033773910E+01
+0.1342428270426667E+01 +0.5256781145259751E+01 +0.5734812371561525E-01 +0.5172373853276647E+01
+0.1378710115573333E+01 +0.5276208906220638E+01 +0.5987668609232163E-01 +0.5191761831598770E+01
+0.1414991960720000E+01 +0.5296489250639002E+01 +0.6251568514444239E-01 +0.5211999433990369E+01
+0.1451273805866667E+01 +0.5317659596488307E+01 +0.6527391323530649E-01 +0.5233123797987147E+01
+0.1487555651013333E+01 +0.5339760326855582E+01 +0.6816104304082143E-01 +0.5255174990183432E+01
+0.1523837496160000E+01 +0.5362835084726830E+01 +0.7118774360328467E-01 +0.5278196295330019E+01
+0.1560119341306667E+01 +0.5386931106108399E+01 +0.7436581512091553E-01 +0.5302234542683817E+01
+0.1596401186453333E+01 +0.5412099597547352E+01 +0.7770834611461172E-01 +0.5327340475431941E+01
+0.1632683031600000E+01 +0.5438396165263092E+01 +0.8122989744485530E-01 +0.5353569170093862E+01
+0.1668964876746667E+01 +0.5465881304494046E+01 +0.8494671870286920E-01 +0.5380980514122323E+01
+0.1705246721893333E+01 +0.5494620959380498E+01 +0.8887700383715857E-01 +0.5409639751527514E+01
+0.1741528567040000E+01 +0.5524687165808662E+01 +0.9304119458835822E-01 +0.5439618108317867E+01
+0.1777810412186667E+01 +0.5556158792250186E+01 +0.9746234251207773E-01 +0.5470993511971523E+01
+0.1814092257333333E+01 +0.5589122396869023E+01 +0.1021665432346387E+00 +0.5503851422147805E+01
+0.1850374102480000E+01 +0.5623673223227646E+01 +0.1071834603353043E+00 +0.5538285793566909E+01
+0.1886655947626667E+01 +0.5659916362005310E+01 +0.1125469611928816E+00 +0.5574400196626002E+01
+0.1922937792773334E+01 +0.5697968112586532E+01 +0.1182958937111108E+00 +0.5612309127133233E+01
+0.1959219637920000E+01 +0.5737957586538965E+01 +0.1244750416645235E+00 +0.5652139543856333E+01
+0.1995501483066667E+01 +0.5780028605446431E+01 +0.1311363083680262E+00 +0.5694032681820643E+01
+0.2031783328213333E+01 +0.5824341958962350E+01 +0.1383401947477914E+00 +0.5738146200998799E+01
+0.2068065173360000E+01 +0.5871078106247628E+01 +0.1461576605491025E+00 +0.5784656744904903E+01
+0.2104347018506667E+01 +0.5920440426388152E+01 +0.1546724891320767E+00 +0.5833763002516261E+01
+0.2140628863653333E+01 +0.5972659152570071E+01 +0.1639843212463348E+00 +0.5885689390966025E+01
+0.2176910708800000E+01 +0.6027996162862641E+01 +0.1742125876923780E+00 +0.5940690506827716E+01
+0.2213192553946667E+01 +0.6086750850128833E+01 +0.1855016647006678E+00 +0.5999056531846929E+01
+0.2249474399093333E+01 +0.6149267358123801E+01 +0.1980277146459249E+00 +0.6061119825659266E+01
+0.2285756244240000E+01 +0.6215943553911885E+01 +0.2120078830873368E+00 +0.6127262993173432E+01
+0.2322038089386667E+01 +0.6287242211268868E+01 +0.2277128413384466E+00 +0.6197928774437089E+01
+0.2358319934533334E+01 +0.6363705005465932E+01 +0.2454841585967848E+00 +0.6273632158533291E+01
+0.2394601779680000E+01 +0.6445970056233816E+01 +0.2657587720039166E+00 +0.6354975140452499E+01
+0.2430883624826667E+01 +0.6534793865158258E+01 +0.2891040914578936E+00 +0.6442664448608419E+01
+0.2467165469973333E+01 +0.6631078469601367E+01 +0.3162693701525745E+00 +0.6537532201335857E+01
+0.2503447315120000E+01 +0.6735904198458828E+01 +0.3482625006413140E+00 +0.6640558409866133E+01
+0.2539729160266667E+01 +0.6850566853914335E+01 +0.3864674549051774E+00 +0.6752891614384154E+01
+0.2576011005413333E+01 +0.6976613644859165E+01 +0.4328281317054776E+00 +0.6875857548981259E+01
+0.2612292850560000E+01 +0.7115860091830534E+01 +0.4901427442180366E+00 +0.7010930388527405E+01
+0.2648574695706666E+01 +0.7270338207740664E+01 +0.5625438988627944E+00 +0.7159604351787192E+01
+0.2684856540853334E+01 +0.7442042514242183E+01 +0.6562856210920582E+00 +0.7323015889770585E+01
+0.2721138386000000E+01 +0.7632123881301375E+01 +0.7809945124554718E+00 +0.7500966587640201E+01
+0.2757420231146667E+01 +0.7838660805267651E+01 +0.9513948236784372E+00 +0.7689604422235808E+01
+0.2793702076293334E+01 +0.8051216523102388E+01 +0.1188439237984571E+01 +0.7876640042169406E+01
+0.2829983921440000E+01 +0.8240728438985357E+01 +0.1514981989660472E+01 +0.8034399133979402E+01
+0.2866265766586667E+01 +0.8351992849505734E+01 +0.1937254405026223E+01 +0.8117408721774066E+01
+0.2902547611733333E+01 +0.8317157186449041E+01 +0.2418362279081360E+01 +0.8074884326343948E+01
+0.2938829456880000E+01 +0.8092620741400715E+01 +0.2861085036521499E+01 +0.7883596643019706E+01
+0.2975111302026666E+01 +0.7732296725419346E+01 +0.3132730126185300E+01 +0.7592031545362444E+01
+0.3011393147173334E+01 +0.7395306277224798E+01 +0.3196722078781355E+01 +0.7308656743763007E+01
+0.3047674992320000E+01 +0.7183226506541706E+01 +0.3161823958783124E+01 +0.7107536092625753E+01
+0.3083956837466667E+01 +0.7059582113806205E+01 +0.3118197058970954E+01 +0.6985770091039847E+01
+0.3120238682613333E+01 +0.7001479548257851E+01 +0.3059673707708225E+01 +0.6932032635517944E+01
+0.3156520527760000E+01 +0.7038754507232821E+01 +0.3019275692983668E+01 +0.6951603997969411E+01
+0.3192802372906667E+01 +0.7140225695496953E+01 +0.3062528640261451E+01 +0.7021075659607793E+01
+0.3229084218053333E+01 +0.7237255959010106E+01 +0.3204320174371695E+01 +0.7089740425026193E+01
+0.3265366063200000E+01 +0.7276170912237357E+01 +0.3409860743760399E+01 +0.7117122878529337E+01
+0.3301647908346667E+01 +0.7252920317381809E+01 +0.3629484575721650E+01 +0.7093121245478830E+01
+0.3337929753493333E+01 +0.7180516488598171E+01 +0.3847793027549271E+01 +0.7022077153885705E+01
+0.3374211598640000E+01 +0.7052985146654867E+01 +0.4046208758264176E+01 +0.6906882152727674E+01
+0.3410493443786667E+01 +0.6891133875000876E+01 +0.4188678949338930E+01 +0.6765174517856692E+01
+0.3446775288933333E+01 +0.6737235865421392E+01 +0.4273905243936865E+01 +0.6626757364791742E+01
+0.3483057134080000E+01 +0.6615589087154858E+01 +0.4316968177790076E+01 +0.6516140521000919E+01
+0.3519338979226667E+01 +0.6552076270640092E+01 +0.4342723748234552E+01 +0.6450465526531189E+01
+0.3555620824373333E+01 +0.6543814934470974E+01 +0.4402544912396015E+01 +0.6424956860595923E+01
+0.3591902669520000E+01 +0.6545117850359841E+01 +0.4512707464887360E+01 +0.6414368933341310E+01
+0.3628184514666667E+01 +0.6549791478558983E+01 +0.4649406029716656E+01 +0.6409688329197408E+01
+0.3664466359813333E+01 +0.6576211231885456E+01 +0.4844091247018421E+01 +0.6407164421504111E+01
+0.3700748204960000E+01 +0.6566962549529975E+01 +0.5138938098719200E+01 +0.6367788923208406E+01
+0.3737030050106667E+01 +0.6454667755839507E+01 +0.5504811626049740E+01 +0.6239104396128446E+01
+0.3773311895253333E+01 +0.6191296222691680E+01 +0.5893584103994912E+01 +0.5980972601540746E+01
+0.3809593740400000E+01 +0.5747199006273876E+01 +0.6190339378658390E+01 +0.5591191504203975E+01
+0.3845875585546667E+01 +0.5238222515377844E+01 +0.6269805571766662E+01 +0.5154042356670797E+01
+0.3882157430693333E+01 +0.4840253204599699E+01 +0.6186345368740554E+01 +0.4782062772163348E+01
+0.3918439275840000E+01 +0.4574206741481633E+01 +0.6098801323285779E+01 +0.4498728264627845E+01
+0.3954721120986667E+01 +0.4329539796911306E+01 +0.6076576374067238E+01 +0.4238633786333342E+01
+0.3991002966133334E+01 +0.4016643267579747E+01 +0.6045051592227654E+01 +0.3949319556361612E+01
+0.4027284811280000E+01 +0.3691931758658822E+01 +0.5905186227292487E+01 +0.3661126370267685E+01
+0.4063566656426667E+01 +0.3454472370618705E+01 +0.5691493098047878E+01 +0.3432400700992633E+01
+0.4099848501573334E+01 +0.3297823777882988E+01 +0.5483586263180427E+01 +0.3269531158470584E+01
+0.4136130346720000E+01 +0.3179525755881785E+01 +0.5284473492456453E+01 +0.3153327596158271E+01
+0.4172412191866667E+01 +0.3116888654849810E+01 +0.5083539490344730E+01 +0.3085917865530721E+01
+0.4208694037013334E+01 +0.3112833333239835E+01 +0.4928042990053248E+01 +0.3061055132572963E+01
+0.4244975882160000E+01 +0.3109133801929906E+01 +0.4826351908964782E+01 +0.3048449761112236E+01
+0.4281257727306667E+01 +0.3101098800209405E+01 +0.4732702669092774E+01 +0.3039923790750469E+01
+0.4317539572453333E+01 +0.3116148364759887E+01 +0.4656540708141756E+01 +0.3045247610151788E+01
+0.4353821417600001E+01 +0.3143619261451373E+01 +0.4608757272433207E+01 +0.3065139875069782E+01
+0.4390103262746667E+01 +0.3200970991441642E+01 +0.4604805254095726E+01 +0.3097180548761014E+01
+0.4426385107893333E+01 +0.3242955964799820E+01 +0.4717738338965392E+01 +0.3096604119875690E+01
+0.4462666953040000E+01 +0.3121610717478256E+01 +0.4911386800935673E+01 +0.2977525238894928E+01
+0.4498948798186666E+01 +0.2810569460266731E+01 +0.4979951263002776E+01 +0.2737785063033107E+01
+0.4535230643333334E+01 +0.2513496254959026E+01 +0.4813770839866375E+01 +0.2503498562602501E+01
+0.4571512488480000E+01 +0.2393385444171091E+01 +0.4540418793761258E+01 +0.2389346932264780E+01
+0.4607794333626667E+01 +0.2436143501429641E+01 +0.4318357859273609E+01 +0.2398792510168573E+01
+0.4644076178773333E+01 +0.2538208692211792E+01 +0.4221596074099192E+01 +0.2461054860894288E+01
+0.4680358023920000E+01 +0.2597578484022063E+01 +0.4217517170918210E+01 +0.2504656601279830E+01
+0.4716639869066667E+01 +0.2599792808673077E+01 +0.4221197243067377E+01 +0.2513914197146984E+01
+0.4752921714213334E+01 +0.2605365938432946E+01 +0.4207388451625276E+01 +0.2518892575239907E+01
+0.4789203559360000E+01 +0.2640427818547890E+01 +0.4229541498690010E+01 +0.2531788777306574E+01
+0.4825485404506667E+01 +0.2645414247447404E+01 +0.4337180222825141E+01 +0.2510712203883525E+01
+0.4861767249653334E+01 +0.2526687449954238E+01 +0.4474138712497442E+01 +0.2404113992765065E+01
+0.4898049094800000E+01 +0.2312247793430271E+01 +0.4519769766453569E+01 +0.2227471330945481E+01
+0.4934330939946666E+01 +0.2098062990888192E+01 +0.4458438242915172E+01 +0.2042323321103378E+01
+0.4970612785093333E+01 +0.1930402939793629E+01 +0.4316940674582010E+01 +0.1896563973635270E+01
+0.5006894630240001E+01 +0.1852027227261685E+01 +0.4133143220716371E+01 +0.1821392153122593E+01
+0.5043176475386667E+01 +0.1872768828884866E+01 +0.3980248227377400E+01 +0.1819772461245869E+01
+0.5079458320533333E+01 +0.1934969656813443E+01 +0.3923422941540013E+01 +0.1848420347198329E+01
+0.5115740165680000E+01 +0.1948039007233305E+01 +0.3947430233124511E+01 +0.1847360742161096E+01
+0.5152022010826666E+01 +0.1886889464365842E+01 +0.3979039726060490E+01 +0.1792852590170427E+01
+0.5188303855973333E+01 +0.1780127401694234E+01 +0.3975672338096346E+01 +0.1700638262119460E+01
+0.5224585701120001E+01 +0.1665117402426593E+01 +0.3924733592437408E+01 +0.1598876922156022E+01
+0.5260867546266667E+01 +0.1568121827991048E+01 +0.3851652703570069E+01 +0.1503538567407730E+01
+0.5297149391413333E+01 +0.1466058399112514E+01 +0.3769603214840879E+01 +0.1409289932333539E+01
+0.5333431236560000E+01 +0.1361912957938191E+01 +0.3646264797954831E+01 +0.1321242848824869E+01
+0.5369713081706667E+01 +0.1295103490377949E+01 +0.3480526785814462E+01 +0.1264344526737958E+01
+0.5405994926853333E+01 +0.1290622103773750E+01 +0.3300432103180523E+01 +0.1258465086378387E+01
+0.5442276772000000E+01 +0.1353311479290306E+01 +0.3153028320594899E+01 +0.1301713523971991E+01
+0.5478558617146667E+01 +0.1434938471399528E+01 +0.3083278053290683E+01 +0.1358150741147360E+01
+0.5514840462293334E+01 +0.1461847241410280E+01 +0.3062544306266574E+01 +0.1382766647653350E+01
+0.5551122307440000E+01 +0.1435575272244557E+01 +0.3008577245655435E+01 +0.1376065830562454E+01
+0.5587404152586667E+01 +0.1429560556094736E+01 +0.2899960024287004E+01 +0.1380683350490824E+01
+0.5623685997733333E+01 +0.1477468462804581E+01 +0.2789458889142797E+01 +0.1421396031096293E+01
+0.5659967842880000E+01 +0.1554038873723145E+01 +0.2707027546440368E+01 +0.1489573993961304E+01
+0.5696249688026667E+01 +0.1649222314056755E+01 +0.2651334438244302E+01 +0.1574837745993409E+01
+0.5732531533173334E+01 +0.1759153040519661E+01 +0.2636123624152271E+01 +0.1669260109928846E+01
+0.5768813378320000E+01 +0.1862860961858666E+01 +0.2674809388834939E+01 +0.1754781240865327E+01
+0.5805095223466666E+01 +0.1926226397610652E+01 +0.2766316374771563E+01 +0.1804422520389777E+01
+0.5841377068613334E+01 +0.1915874305644319E+01 +0.2878367145523494E+01 +0.1796081956039890E+01
+0.5877658913760000E+01 +0.1836247516971646E+01 +0.2955513385436837E+01 +0.1734680258896730E+01
+0.5913940758906667E+01 +0.1735766189495381E+01 +0.2973501841252378E+01 +0.1650423622721010E+01
+0.5950222604053333E+01 +0.1642869229177094E+01 +0.2953454012251703E+01 +0.1566782072481005E+01
+0.5986504449200001E+01 +0.1558554458609413E+01 +0.2906700560229724E+01 +0.1490549597892008E+01
+0.6022786294346667E+01 +0.1485310572542191E+01 +0.2834952994737490E+01 +0.1425751113902438E+01
+0.6059068139493333E+01 +0.1432406876217049E+01 +0.2735604955345838E+01 +0.1381293200693544E+01
+0.6095349984640000E+01 +0.1417922240836147E+01 +0.2618477963583848E+01 +0.1369046747587117E+01
+0.6131631829786667E+01 +0.1447542353673708E+01 +0.2507840284595964E+01 +0.1392820433193117E+01
+0.6167913674933334E+01 +0.1508901845190988E+01 +0.2422745938035499E+01 +0.1444941984696701E+01
+0.6204195520080000E+01 +0.1590366557825947E+01 +0.2369548621516318E+01 +0.1514740112911651E+01
+0.6240477365226667E+01 +0.1679216518741149E+01 +0.2361413187320067E+01 +0.1587320480261528E+01
+0.6276759210373333E+01 +0.1741338868651773E+01 +0.2397274422383886E+01 +0.1640228723195521E+01
+0.6313041055520000E+01 +0.1762726882125028E+01 +0.2441440194031566E+01 +0.1663913183786671E+01
+0.6349322900666667E+01 +0.1766224490957063E+01 +0.2479678425273725E+01 +0.1666844536937472E+01
+0.6385604745813334E+01 +0.1750962465401156E+01 +0.2525117309943575E+01 +0.1649599389481464E+01
+0.6421886590960000E+01 +0.1700020507313288E+01 +0.2563501272978988E+01 +0.1605801404482595E+01
+0.6458168436106667E+01 +0.1625210509042978E+01 +0.2568058873386457E+01 +0.1543787306493599E+01
+0.6494450281253334E+01 +0.1554745530333689E+01 +0.2536118994532912E+01 +0.1482536746512790E+01
+0.6530732126400000E+01 +0.1501981275079341E+01 +0.2486283159070310E+01 +0.1432430002287943E+01
+0.6567013971546666E+01 +0.1456715479346552E+01 +0.2429495881849109E+01 +0.1390856447825664E+01
+0.6603295816693334E+01 +0.1416732418961984E+01 +0.2351473425333758E+01 +0.1359956707522127E+01
+0.6639577661840001E+01 +0.1408107789641768E+01 +0.2250819272051024E+01 +0.1354756439247913E+01
+0.6675859506986667E+01 +0.1444312830826915E+01 +0.2157376352049778E+01 +0.1383481521073336E+01
+0.6712141352133333E+01 +0.1509750456551919E+01 +0.2098537789210497E+01 +0.1435394364793354E+01
+0.6748423197280000E+01 +0.1576535781737412E+01 +0.2085593980472728E+01 +0.1487646695403247E+01
+0.6784705042426666E+01 +0.1610869418857080E+01 +0.2107520416949430E+01 +0.1515963839236932E+01
+0.6820986887573333E+01 +0.1598466766033167E+01 +0.2128259811822197E+01 +0.1510059044295504E+01
+0.6857268732720001E+01 +0.1555662728035654E+01 +0.2112497004711818E+01 +0.1482932471245952E+01
+0.6893550577866666E+01 +0.1524171489510268E+01 +0.2048694291400317E+01 +0.1463645396628968E+01
+0.6929832423013333E+01 +0.1534513837096140E+01 +0.1966134259391884E+01 +0.1473985890945995E+01
+0.6966114268160000E+01 +0.1581883116857195E+01 +0.1897494146278241E+01 +0.1513475881539880E+01
+0.7002396113306666E+01 +0.1645880358246850E+01 +0.1860200303637740E+01 +0.1566403818401990E+01
+0.7038677958453333E+01 +0.1697594384176208E+01 +0.1851437662294442E+01 +0.1613060941161985E+01
+0.7074959803600001E+01 +0.1726808629777830E+01 +0.1839351352865354E+01 +0.1648607991649667E+01
+0.7111241648746667E+01 +0.1765384522338383E+01 +0.1807130570265810E+01 +0.1690606929153960E+01
+0.7147523493893334E+01 +0.1835894186369745E+01 +0.1784191596908083E+01 +0.1751990237219658E+01
+0.7183805339040001E+01 +0.1918683995041088E+01 +0.1801130677631622E+01 +0.1820390937508424E+01
+0.7220087184186666E+01 +0.1978506403661656E+01 +0.1856233163986815E+01 +0.1871928399069033E+01
+0.7256369029333333E+01 +0.2000148132058333E+01 +0.1921148963862516E+01 +0.1894744686308520E+01
+0.7292650874480000E+01 +0.1994706462127968E+01 +0.1977148966554834E+01 +0.1892674589936151E+01
+0.7328932719626667E+01 +0.1967858318222125E+01 +0.2020268082248092E+01 +0.1871465361592175E+01
+0.7365214564773334E+01 +0.1924423061067859E+01 +0.2036286651333555E+01 +0.1839344294926805E+01
+0.7401496409919999E+01 +0.1890734817644727E+01 +0.2016881638116663E+01 +0.1814923561849908E+01
+0.7437778255066666E+01 +0.1892088250038617E+01 +0.1984637192894422E+01 +0.1814463496415019E+01
+0.7474060100213334E+01 +0.1922438594878596E+01 +0.1974979674438092E+01 +0.1833511523680890E+01
+0.7510341945360000E+01 +0.1948296841540224E+01 +0.2002464868532861E+01 +0.1849039312098118E+01
+0.7546623790506667E+01 +0.1938737605780485E+01 +0.2046631535259580E+01 +0.1840170972747577E+01
+0.7582905635653334E+01 +0.1895449591335071E+01 +0.2070669455342906E+01 +0.1807545352228379E+01
+0.7619187480800000E+01 +0.1847917526101764E+01 +0.2059373206881476E+01 +0.1770184801042714E+01
+0.7655469325946667E+01 +0.1819457282739549E+01 +0.2025973219364618E+01 +0.1745260948946286E+01
+0.7691751171093334E+01 +0.1811427179106897E+01 +0.1990524403910315E+01 +0.1736005759025739E+01
+0.7728033016239999E+01 +0.1813967889689679E+01 +0.1958807912899746E+01 +0.1737928175331950E+01
+0.7764314861386667E+01 +0.1826949022895264E+01 +0.1929428285969284E+01 +0.1749224279226378E+01
+0.7800596706533335E+01 +0.1849331165868780E+01 +0.1910720081350351E+01 +0.1767144434970382E+01
+0.7836878551680000E+01 +0.1868899590157016E+01 +0.1902357629302605E+01 +0.1785363651666009E+01
+0.7873160396826667E+01 +0.1886078081530597E+01 +0.1893494220731991E+01 +0.1803336167039638E+01
+0.7909442241973334E+01 +0.1910148270373588E+01 +0.1885387678281120E+01 +0.1825592925766194E+01
+0.7945724087120000E+01 +0.1940718985123060E+01 +0.1888571328891288E+01 +0.1851234018530554E+01
+0.7982005932266667E+01 +0.1965470968427356E+01 +0.1905352057463808E+01 +0.1873255087971260E+01
+0.8018287777413333E+01 +0.1980537641070818E+01 +0.1924323947373524E+01 +0.1888953238432588E+01
+0.8054569622560001E+01 +0.1994382600019973E+01 +0.1941741436555964E+01 +0.1902650931331477E+01
+0.8090851467706667E+01 +0.2013219848669182E+01 +0.1964399571651029E+01 +0.1917656679121939E+01
+0.8127133312853333E+01 +0.2031072653367826E+01 +0.2006503895514007E+01 +0.1927853660667448E+01
+0.8163415157999999E+01 +0.2025468693351769E+01 +0.2066631055061062E+01 +0.1919630820920312E+01
+0.8199697003146667E+01 +0.1988454671154560E+01 +0.2125175380777405E+01 +0.1885400368404616E+01
+0.8235978848293334E+01 +0.1920418894722344E+01 +0.2167109571368614E+01 +0.1826071568076169E+01
+0.8272260693440000E+01 +0.1831039838068842E+01 +0.2167125122937685E+01 +0.1753815919517514E+01
+0.8308542538586668E+01 +0.1760455075035548E+01 +0.2116103758637076E+01 +0.1695706412529217E+01
+0.8344824383733334E+01 +0.1737188764618558E+01 +0.2048124719639228E+01 +0.1671081587908824E+01
+0.8381106228880000E+01 +0.1748759839276317E+01 +0.1997335311968570E+01 +0.1674717861238209E+01
+0.8417388074026668E+01 +0.1771331858771501E+01 +0.1972195601383200E+01 +0.1689759439057959E+01
+0.8453669919173333E+01 +0.1788482199867892E+01 +0.1964193385328253E+01 +0.1703941619273484E+01
+0.8489951764320001E+01 +0.1802224390993364E+01 +0.1961273865470021E+01 +0.1715915536399338E+01
+0.8526233609466667E+01 +0.1818368911604949E+01 +0.1972506306073060E+01 +0.1724666794166327E+01
+0.8562515454613333E+01 +0.1813937049609348E+01 +0.2005978320699844E+01 +0.1716173969565224E+01
+0.8598797299760001E+01 +0.1768667050025806E+01 +0.2029476533176989E+01 +0.1681499395088777E+01
+0.8635079144906666E+01 +0.1711921124694710E+01 +0.2008946545298852E+01 +0.1638736161496564E+01
+0.8671360990053333E+01 +0.1682003074312102E+01 +0.1961217408806586E+01 +0.1611586117656756E+01
+0.8707642835200001E+01 +0.1674499076043515E+01 +0.1914423840859970E+01 +0.1602959853902584E+01
+0.8743924680346666E+01 +0.1679513841062996E+01 +0.1868011868048696E+01 +0.1608285246652470E+01
+0.8780206525493334E+01 +0.1702174117265895E+01 +0.1825585036285236E+01 +0.1627683905789774E+01
+0.8816488370640000E+01 +0.1737371851194631E+01 +0.1798024547211452E+01 +0.1657417896638432E+01
+0.8852770215786666E+01 +0.1773776630359761E+01 +0.1785297914701977E+01 +0.1690393980348970E+01
+0.8889052060933334E+01 +0.1810507278538428E+01 +0.1780182417082930E+01 +0.1724809119560122E+01
+0.8925333906080001E+01 +0.1852721193418200E+01 +0.1787722412398655E+01 +0.1761003819820237E+01
+0.8961615751226667E+01 +0.1891260749870076E+01 +0.1817069233767693E+01 +0.1792418284823186E+01
+0.8997897596373333E+01 +0.1911343742871577E+01 +0.1866048409764702E+01 +0.1807525922888191E+01
+0.9034179441519999E+01 +0.1899315337910565E+01 +0.1921044886903287E+01 +0.1797504124212228E+01
+0.9070461286666667E+01 +0.1858263709428262E+01 +0.1956853264756274E+01 +0.1765480647651838E+01
+0.9106743131813333E+01 +0.1810099121395293E+01 +0.1964075043716493E+01 +0.1725463448903161E+01
+0.9143024976960000E+01 +0.1767936017547988E+01 +0.1949288693284549E+01 +0.1689518105679501E+01
+0.9179306822106668E+01 +0.1739920191251152E+01 +0.1917438162294608E+01 +0.1665555047933293E+01
+0.9215588667253334E+01 +0.1732868637715040E+01 +0.1881301797546296E+01 +0.1657237786052137E+01
+0.9251870512400000E+01 +0.1737994401928096E+01 +0.1851550023142097E+01 +0.1660816094519624E+01
+0.9288152357546666E+01 +0.1751272602179560E+01 +0.1822972908730266E+01 +0.1674141912624682E+01
+0.9324434202693334E+01 +0.1781450067171288E+01 +0.1800462241973814E+01 +0.1699591378547380E+01
+0.9360716047840000E+01 +0.1822484659971635E+01 +0.1800902096740580E+01 +0.1731683911013897E+01
+0.9396997892986667E+01 +0.1853145985054807E+01 +0.1826695793447121E+01 +0.1756241917435657E+01
+0.9433279738133335E+01 +0.1860348240032710E+01 +0.1861719097113460E+01 +0.1763639555314945E+01
+0.9469561583279999E+01 +0.1848054142437070E+01 +0.1887593411427634E+01 +0.1756458246836002E+01
+0.9505843428426667E+01 +0.1834461069192214E+01 +0.1896901139648707E+01 +0.1746549833837027E+01
+0.9542125273573335E+01 +0.1832264358537895E+01 +0.1908023245426025E+01 +0.1739588265332925E+01
+0.9578407118720000E+01 +0.1819226231582873E+01 +0.1935079911109066E+01 +0.1723872432926445E+01
+0.9614688963866667E+01 +0.1776923201010843E+01 +0.1952431099170484E+01 +0.1690375338160287E+01
+0.9650970809013334E+01 +0.1726388460595861E+01 +0.1932196305180215E+01 +0.1652930655287800E+01
+0.9687252654160000E+01 +0.1703251053733173E+01 +0.1879716693766528E+01 +0.1635734169152196E+01
+0.9723534499306668E+01 +0.1723321714642553E+01 +0.1826861081099739E+01 +0.1650221721065510E+01
+0.9759816344453332E+01 +0.1771760891375814E+01 +0.1804603382107773E+01 +0.1686253199911228E+01
+0.9796098189600000E+01 +0.1817467509613119E+01 +0.1818866483064651E+01 +0.1722530835537933E+01
+0.9832380034746667E+01 +0.1842726605850220E+01 +0.1852597434930017E+01 +0.1744453180804065E+01
+0.9868661879893333E+01 +0.1846891069854996E+01 +0.1890561144638626E+01 +0.1748954114607946E+01
+0.9904943725040001E+01 +0.1833308062274102E+01 +0.1922169493178784E+01 +0.1738985730905473E+01
+0.9941225570186667E+01 +0.1810930286295234E+01 +0.1938730280833308E+01 +0.1722068121328055E+01
+0.9977507415333333E+01 +0.1794271072595840E+01 +0.1939872051632075E+01 +0.1709000839300633E+01
+0.1001378926048000E+02 +0.1794965868746505E+01 +0.1938102893336363E+01 +0.1707432747746517E+01
+0.1005007110562667E+02 +0.1809817537380164E+01 +0.1954123956495871E+01 +0.1713583911462449E+01
+0.1008635295077333E+02 +0.1814747099741237E+01 +0.2000017520411449E+01 +0.1709975707713434E+01
+0.1012263479592000E+02 +0.1781291497170122E+01 +0.2057169949886886E+01 +0.1679092755028277E+01
+0.1015891664106667E+02 +0.1713915245687459E+01 +0.2087914519882133E+01 +0.1624232982140831E+01
+0.1019519848621333E+02 +0.1647249166615436E+01 +0.2080764141332045E+01 +0.1566967224359177E+01
+0.1023148033136000E+02 +0.1600843586822811E+01 +0.2058512948526680E+01 +0.1521271698888725E+01
+0.1026776217650667E+02 +0.1563339017122139E+01 +0.2038132688229119E+01 +0.1483391808799385E+01
+0.1030404402165333E+02 +0.1524010174845326E+01 +0.2013142013220002E+01 +0.1447396727314521E+01
+0.1034032586680000E+02 +0.1488440901968513E+01 +0.1974624630965665E+01 +0.1416448153874093E+01
+0.1037660771194667E+02 +0.1467682219514385E+01 +0.1924353239774532E+01 +0.1398238110338239E+01
+0.1041288955709333E+02 +0.1469247294342694E+01 +0.1871831863571237E+01 +0.1398223360900218E+01
+0.1044917140224000E+02 +0.1492263970467706E+01 +0.1833670370727302E+01 +0.1414100679519435E+01
+0.1048545324738667E+02 +0.1519725146685411E+01 +0.1818737581967563E+01 +0.1435147706572786E+01
+0.1052173509253333E+02 +0.1541292317616032E+01 +0.1819457536400594E+01 +0.1452378287090232E+01
+0.1055801693768000E+02 +0.1553837801005956E+01 +0.1835810593648909E+01 +0.1459516538307210E+01
+0.1059429878282667E+02 +0.1541652818570193E+01 +0.1862892401239060E+01 +0.1447314030920879E+01
+0.1063058062797333E+02 +0.1500182320596282E+01 +0.1875359308428642E+01 +0.1414588533047401E+01
+0.1066686247312000E+02 +0.1451065848398045E+01 +0.1855673660329313E+01 +0.1375620485933903E+01
+0.1070314431826667E+02 +0.1417486538150882E+01 +0.1811200822590790E+01 +0.1347207014141628E+01
+0.1073942616341333E+02 +0.1406582658245929E+01 +0.1759256965673951E+01 +0.1336221536362268E+01
+0.1077570800856000E+02 +0.1412981214713222E+01 +0.1712592801828159E+01 +0.1339871553869460E+01
+0.1081198985370667E+02 +0.1427234135174815E+01 +0.1674744113785293E+01 +0.1351767325916517E+01
+0.1084827169885333E+02 +0.1444286489831477E+01 +0.1641515092385741E+01 +0.1368102998633840E+01
+0.1088455354400000E+02 +0.1466072767582270E+01 +0.1610153404266221E+01 +0.1389209229461042E+01
+0.1092083538914667E+02 +0.1495012919206036E+01 +0.1581770445720585E+01 +0.1416784091229822E+01
+0.1095711723429333E+02 +0.1533031192404379E+01 +0.1561018972938526E+01 +0.1451062164561447E+01
+0.1099339907944000E+02 +0.1574402929504219E+01 +0.1554282851521714E+01 +0.1488056214913450E+01
+0.1102968092458667E+02 +0.1611829432812123E+01 +0.1556942063020055E+01 +0.1523799187097749E+01
+0.1106596276973333E+02 +0.1650990067457333E+01 +0.1565916164035692E+01 +0.1559454457014079E+01
+0.1110224461488000E+02 +0.1691627248646911E+01 +0.1593802734560021E+01 +0.1591957569995896E+01
+0.1113852646002667E+02 +0.1712567774728006E+01 +0.1645681437459382E+01 +0.1607344516816960E+01
+0.1117480830517333E+02 +0.1694833223694244E+01 +0.1700229934443966E+01 +0.1593957244239832E+01
+0.1121109015032000E+02 +0.1645901273981588E+01 +0.1725906217622243E+01 +0.1558006751513791E+01
+0.1124737199546667E+02 +0.1597522121213572E+01 +0.1708765652725466E+01 +0.1521947061943749E+01
+0.1128365384061333E+02 +0.1578893933565789E+01 +0.1666694618629072E+01 +0.1506201341848359E+01
+0.1131993568576000E+02 +0.1590468291207652E+01 +0.1628787381857078E+01 +0.1513483522754914E+01
+0.1135621753090667E+02 +0.1615770095068897E+01 +0.1606132261331524E+01 +0.1534155325062563E+01
+0.1139249937605333E+02 +0.1645214112256387E+01 +0.1595643790600401E+01 +0.1560313556801340E+01
+0.1142878122120000E+02 +0.1677489358831524E+01 +0.1595983848724449E+01 +0.1588617773539049E+01
+0.1146506306634667E+02 +0.1708155191077759E+01 +0.1609949338588683E+01 +0.1614973602357721E+01
+0.1150134491149333E+02 +0.1729688534530072E+01 +0.1634697885848734E+01 +0.1634089075596784E+01
+0.1153762675664000E+02 +0.1738988483717421E+01 +0.1663641158002429E+01 +0.1643083929815774E+01
+0.1157390860178667E+02 +0.1736495475738934E+01 +0.1689505789956331E+01 +0.1642829391090681E+01
+0.1161019044693333E+02 +0.1729520184928059E+01 +0.1706482593138355E+01 +0.1638491899508672E+01
+0.1164647229208000E+02 +0.1726747375300817E+01 +0.1719821130427213E+01 +0.1635088427764481E+01
+0.1168275413722667E+02 +0.1724680319357619E+01 +0.1738529464863718E+01 +0.1630969281636439E+01
+0.1171903598237333E+02 +0.1715299831620581E+01 +0.1760682397071630E+01 +0.1621498079810847E+01
+0.1175531782752000E+02 +0.1698065860832000E+01 +0.1781769668686644E+01 +0.1604734381310544E+01
+0.1179159967266667E+02 +0.1671033149882788E+01 +0.1799338480818938E+01 +0.1579881327992686E+01
+0.1182788151781333E+02 +0.1635193563141184E+01 +0.1806543103258114E+01 +0.1547953498041480E+01
+0.1186416336296000E+02 +0.1593942707648270E+01 +0.1800466451936046E+01 +0.1511712753309949E+01
+0.1190044520810667E+02 +0.1550419944588265E+01 +0.1772516347246887E+01 +0.1477042361589409E+01
+0.1193672705325333E+02 +0.1523998291370756E+01 +0.1716913178374184E+01 +0.1457856078961913E+01
+0.1197300889840000E+02 +0.1535070128706326E+01 +0.1651793941137159E+01 +0.1467087500867210E+01
+0.1200929074354667E+02 +0.1579448444699043E+01 +0.1606652011502017E+01 +0.1501689837259546E+01
+0.1204557258869333E+02 +0.1631618920130393E+01 +0.1593116162961044E+01 +0.1545003408288755E+01
+0.1208185443384000E+02 +0.1673689134595280E+01 +0.1599341923131181E+01 +0.1583222458759178E+01
+0.1211813627898667E+02 +0.1703780667001933E+01 +0.1611259341226809E+01 +0.1613401157616778E+01
+0.1215441812413333E+02 +0.1729958880062869E+01 +0.1618864835998297E+01 +0.1641371223571704E+01
+0.1219069996928000E+02 +0.1767054728508164E+01 +0.1626499880357578E+01 +0.1675604499014773E+01
+0.1222698181442667E+02 +0.1815571187602756E+01 +0.1654051975084314E+01 +0.1714821053032696E+01
+0.1226326365957333E+02 +0.1853317366127385E+01 +0.1711587697495131E+01 +0.1744337380031279E+01
+0.1229954550472000E+02 +0.1860032241797036E+01 +0.1783778494500969E+01 +0.1750133958268692E+01
+0.1233582734986667E+02 +0.1835505338721031E+01 +0.1848432222568935E+01 +0.1730755654563427E+01
+0.1237210919501333E+02 +0.1792060899732157E+01 +0.1891270815842574E+01 +0.1695324152728432E+01
+0.1240839104016000E+02 +0.1746380119867846E+01 +0.1909769970849444E+01 +0.1656484355447548E+01
+0.1244467288530667E+02 +0.1710073163233763E+01 +0.1911686752918267E+01 +0.1623700091686721E+01
+0.1248095473045333E+02 +0.1685336951332987E+01 +0.1907084076611625E+01 +0.1600026541522297E+01
+0.1251723657560000E+02 +0.1670459632529520E+01 +0.1899627361092452E+01 +0.1585825844480256E+01
+0.1255351842074667E+02 +0.1669719609274433E+01 +0.1894904486560367E+01 +0.1581783595696227E+01
+0.1258980026589333E+02 +0.1676722093297987E+01 +0.1908777406540667E+01 +0.1581179041732782E+01
+0.1262608211104000E+02 +0.1666864995701550E+01 +0.1941349839256017E+01 +0.1568695021636954E+01
+0.1266236395618667E+02 +0.1628963241428151E+01 +0.1965810831608552E+01 +0.1538240107902776E+01
+0.1269864580133333E+02 +0.1584390614849966E+01 +0.1960320524880116E+01 +0.1503216102700235E+01
+0.1273492764648000E+02 +0.1559563573342966E+01 +0.1934616765730265E+01 +0.1481092776924097E+01
+0.1277120949162667E+02 +0.1557825913099395E+01 +0.1910074376020667E+01 +0.1476647490041627E+01
+0.1280749133677334E+02 +0.1570690990728925E+01 +0.1898089070374719E+01 +0.1484424581709800E+01
+0.1284377318192000E+02 +0.1587531009807637E+01 +0.1903856957710635E+01 +0.1495553282815770E+01
+0.1288005502706667E+02 +0.1596782292303365E+01 +0.1923926290598241E+01 +0.1501609703680508E+01
+0.1291633687221333E+02 +0.1594789326972704E+01 +0.1950903027100218E+01 +0.1498069894861284E+01
+0.1295261871736000E+02 +0.1578629538202796E+01 +0.1979722916481684E+01 +0.1482753792491907E+01
+0.1298890056250667E+02 +0.1548073269499333E+01 +0.1998722589802369E+01 +0.1457401815566851E+01
+0.1302518240765333E+02 +0.1516751172833345E+01 +0.1999595000317373E+01 +0.1431276704159598E+01
+0.1306146425280000E+02 +0.1498822884504719E+01 +0.1991310280389085E+01 +0.1413565252678821E+01
+0.1309774609794667E+02 +0.1492014683793177E+01 +0.1988703604783023E+01 +0.1403825002872971E+01
+0.1313402794309333E+02 +0.1486037804848617E+01 +0.1993320337782245E+01 +0.1396451181315826E+01
+0.1317030978824000E+02 +0.1480238793354112E+01 +0.2001471652107941E+01 +0.1389204787487297E+01
+0.1320659163338667E+02 +0.1474364767994306E+01 +0.2016059009479337E+01 +0.1380889858335729E+01
+0.1324287347853333E+02 +0.1464193479036992E+01 +0.2038093647281701E+01 +0.1368289815752627E+01
+0.1327915532368000E+02 +0.1444702526019217E+01 +0.2068458582640127E+01 +0.1346179359455140E+01
+0.1331543716882667E+02 +0.1404760180722378E+01 +0.2100939556230506E+01 +0.1308473070539952E+01
+0.1335171901397333E+02 +0.1346326881729031E+01 +0.2116804066869560E+01 +0.1257187948310345E+01
+0.1338800085912000E+02 +0.1285634522746999E+01 +0.2112681273391156E+01 +0.1201412339699305E+01
+0.1342428270426667E+02 +0.1224346399124477E+01 +0.2094057147825192E+01 +0.1145637596638898E+01
+0.1346056454941333E+02 +0.1164913559135299E+01 +0.2050937595959987E+01 +0.1095830822855724E+01
+0.1349684639456000E+02 +0.1131323384110147E+01 +0.1981599686282513E+01 +0.1067332781689735E+01
+0.1353312823970667E+02 +0.1139281155414555E+01 +0.1913756281523984E+01 +0.1069342969770590E+01
+0.1356941008485333E+02 +0.1172606264954761E+01 +0.1875843091611056E+01 +0.1091084134798411E+01
+0.1360569193000000E+02 +0.1200562519977212E+01 +0.1870023624736445E+01 +0.1111700491302339E+01
+0.1364197377514667E+02 +0.1207988559516040E+01 +0.1873633454229832E+01 +0.1120175845718146E+01
+0.1367825562029333E+02 +0.1207217714695165E+01 +0.1867796989459667E+01 +0.1122726871956901E+01
+0.1371453746544000E+02 +0.1215638553639406E+01 +0.1859117045004576E+01 +0.1129054028022276E+01
+0.1375081931058667E+02 +0.1228724865357526E+01 +0.1863039009230062E+01 +0.1137378482319483E+01
+0.1378710115573333E+02 +0.1232635914132843E+01 +0.1877616867431015E+01 +0.1139715590445961E+01
+0.1382338300088000E+02 +0.1225987255760817E+01 +0.1892317659062802E+01 +0.1133911205808985E+01
+0.1385966484602667E+02 +0.1213963551238849E+01 +0.1904687700367409E+01 +0.1122297462158941E+01
+0.1389594669117333E+02 +0.1196499288292760E+01 +0.1915534871297642E+01 +0.1105720128556221E+01
+0.1393222853632000E+02 +0.1173638925850764E+01 +0.1920758179721989E+01 +0.1085390385345083E+01
+0.1396851038146667E+02 +0.1152239776957649E+01 +0.1918639069234241E+01 +0.1065463158042982E+01
+0.1400479222661333E+02 +0.1136473866487338E+01 +0.1917010964637717E+01 +0.1047838051912887E+01
+0.1404107407176000E+02 +0.1117763908710973E+01 +0.1923533972668962E+01 +0.1026797408127022E+01
+0.1407735591690667E+02 +0.1083008360668826E+01 +0.1928748058760331E+01 +0.9958934818553529E+00
+0.1411363776205333E+02 +0.1040429644223570E+01 +0.1914295172669201E+01 +0.9603693682232666E+00
+0.1414991960720000E+02 +0.1008429240389553E+01 +0.1883344900235443E+01 +0.9315079757719422E+00
+0.1418620145234667E+02 +0.9903217159574155E+00 +0.1845945778497594E+01 +0.9148357672175209E+00
+0.1422248329749333E+02 +0.9900721322725818E+00 +0.1808067046380823E+01 +0.9125505206605775E+00
+0.1425876514264000E+02 +0.1005878349193890E+01 +0.1785848536387225E+01 +0.9210068917037593E+00
+0.1429504698778667E+02 +0.1018063780700575E+01 +0.1786304316816082E+01 +0.9273683828798452E+00
+0.1433132883293333E+02 +0.1011613275630682E+01 +0.1795553157192472E+01 +0.9212858483407904E+00
+0.1436761067808000E+02 +0.9906479484129456E+00 +0.1796359336801857E+01 +0.9043765748402590E+00
+0.1440389252322667E+02 +0.9680638748429359E+00 +0.1785338210372455E+01 +0.8846937006711175E+00
+0.1444017436837333E+02 +0.9494775955491443E+00 +0.1768859067503246E+01 +0.8668261412153881E+00
+0.1447645621352000E+02 +0.9317775202446776E+00 +0.1750395497549915E+01 +0.8502363991755486E+00
+0.1451273805866667E+02 +0.9143706926421932E+00 +0.1725002178870286E+01 +0.8358218321041273E+00
+0.1454901990381333E+02 +0.9063394281703111E+00 +0.1692493340429990E+01 +0.8285148722832454E+00
+0.1458530174896000E+02 +0.9103839905871214E+00 +0.1663931400536427E+01 +0.8296768254170347E+00
+0.1462158359410667E+02 +0.9173394987695724E+00 +0.1645577939694211E+01 +0.8336772404270284E+00
+0.1465786543925333E+02 +0.9185191617134818E+00 +0.1631797368288721E+01 +0.8351609780391047E+00
+0.1469414728440000E+02 +0.9174174324678774E+00 +0.1613506045187420E+01 +0.8357295931572829E+00
+0.1473042912954667E+02 +0.9222231264372481E+00 +0.1594056692102779E+01 +0.8393343677894654E+00
+0.1476671097469333E+02 +0.9292255280505139E+00 +0.1580747318895447E+01 +0.8442869519506861E+00
+0.1480299281984000E+02 +0.9310205715048863E+00 +0.1570930870290974E+01 +0.8461782780176156E+00
+0.1483927466498667E+02 +0.9267878701052612E+00 +0.1555749262309463E+01 +0.8451627546915500E+00
+0.1487555651013333E+02 +0.9263817601703410E+00 +0.1528741737517382E+01 +0.8482361283523538E+00
+0.1491183835528000E+02 +0.9430363776799184E+00 +0.1496927104485984E+01 +0.8637403113392925E+00
+0.1494812020042667E+02 +0.9773054046984313E+00 +0.1478253521575561E+01 +0.8913146636579294E+00
+0.1498440204557333E+02 +0.1013363753872689E+01 +0.1482391735242506E+01 +0.9204315240602229E+00
+0.1502068389072000E+02 +0.1035893445963664E+01 +0.1503384484337270E+01 +0.9395155781587152E+00
+0.1505696573586667E+02 +0.1038521351654016E+01 +0.1527016485090216E+01 +0.9439938242508364E+00
+0.1509324758101333E+02 +0.1029337104565923E+01 +0.1538498699216850E+01 +0.9395997256264607E+00
+0.1512952942616000E+02 +0.1025512939565123E+01 +0.1540165604603816E+01 +0.9362171740444347E+00
+0.1516581127130667E+02 +0.1026880744802892E+01 +0.1548130177885143E+01 +0.9342219691781775E+00
+0.1520209311645333E+02 +0.1018506377012785E+01 +0.1562043679321061E+01 +0.9262767711716822E+00
+0.1523837496160000E+02 +0.1000718030028041E+01 +0.1568262739399346E+01 +0.9118875361905510E+00
+0.1527465680674667E+02 +0.9837768228978666E+00 +0.1566210583701896E+01 +0.8965107468999219E+00
+0.1531093865189333E+02 +0.9689264072665983E+00 +0.1561101277204146E+01 +0.8823028281458655E+00
+0.1534722049704000E+02 +0.9543585001653163E+00 +0.1553723317811271E+01 +0.8686553891292833E+00
+0.1538350234218667E+02 +0.9402289456447284E+00 +0.1542144483624556E+01 +0.8561187698655439E+00
+0.1541978418733333E+02 +0.9301617609173167E+00 +0.1526578092605816E+01 +0.8466996099208494E+00
+0.1545606603248000E+02 +0.9249314959923337E+00 +0.1510814615436766E+01 +0.8411263617378769E+00
+0.1549234787762667E+02 +0.9227692418923403E+00 +0.1496054920309361E+01 +0.8386659127953595E+00
+0.1552862972277333E+02 +0.9239580786983971E+00 +0.1483180727601201E+01 +0.8387092572658439E+00
+0.1556491156792000E+02 +0.9259093015510951E+00 +0.1474909380854702E+01 +0.8392628161427415E+00
+0.1560119341306667E+02 +0.9244774954186731E+00 +0.1468159511611794E+01 +0.8383130338701267E+00
+0.1563747525821333E+02 +0.9231022613947051E+00 +0.1458950891137941E+01 +0.8373547507949956E+00
+0.1567375710336000E+02 +0.9250009772864888E+00 +0.1451980626821080E+01 +0.8374580819149905E+00
+0.1571003894850667E+02 +0.9237309680188603E+00 +0.1450738267967361E+01 +0.8349875370839652E+00
+0.1574632079365333E+02 +0.9133329007284435E+00 +0.1447655668634803E+01 +0.8271390227605194E+00
+0.1578260263880000E+02 +0.9011829896972563E+00 +0.1432671472510455E+01 +0.8189858670312430E+00
+0.1581888448394667E+02 +0.9012627219646268E+00 +0.1411480752798172E+01 +0.8182503540681033E+00
+0.1585516632909333E+02 +0.9105446941163281E+00 +0.1400049567410187E+01 +0.8232207994102735E+00
+0.1589144817424000E+02 +0.9139528200665449E+00 +0.1398210503334743E+01 +0.8255025409566743E+00
+0.1592773001938667E+02 +0.9094476519160322E+00 +0.1394373510415373E+01 +0.8226655860156713E+00
+0.1596401186453333E+02 +0.9036987648818735E+00 +0.1385968944677147E+01 +0.8178451995071472E+00
+0.1600029370968000E+02 +0.8973947541776843E+00 +0.1374861484784485E+01 +0.8127295401575116E+00
+0.1603657555482667E+02 +0.8918177418772538E+00 +0.1358232091879530E+01 +0.8090761199454387E+00
+0.1607285739997333E+02 +0.8922377973633285E+00 +0.1337560094045803E+01 +0.8099794685816273E+00
+0.1610913924512000E+02 +0.8997986562545454E+00 +0.1317059069776748E+01 +0.8169952689842498E+00
+0.1614542109026667E+02 +0.9150108014962304E+00 +0.1300774556532657E+01 +0.8297724691994642E+00
+0.1618170293541333E+02 +0.9337432593636442E+00 +0.1295128493670471E+01 +0.8445830733686217E+00
+0.1621798478056000E+02 +0.9462446364723545E+00 +0.1299730654119027E+01 +0.8548972740124932E+00
+0.1625426662570667E+02 +0.9474846843921385E+00 +0.1306302954895332E+01 +0.8569752704076737E+00
+0.1629054847085333E+02 +0.9402099905906396E+00 +0.1306940733057941E+01 +0.8523052177651769E+00
+0.1632683031600000E+02 +0.9297508340103061E+00 +0.1298011012738905E+01 +0.8452472481859955E+00
+0.1636311216114667E+02 +0.9226233942663952E+00 +0.1277653863486714E+01 +0.8416911082132632E+00
+0.1639939400629333E+02 +0.9281905849453380E+00 +0.1249201314903690E+01 +0.8482513307479811E+00
+0.1643567585144000E+02 +0.9508289214272851E+00 +0.1224716190048593E+01 +0.8673441801452776E+00
+0.1647195769658667E+02 +0.9823232556543676E+00 +0.1215753599520907E+01 +0.8932353328360915E+00
+0.1650823954173334E+02 +0.1008946586976143E+01 +0.1221110271295298E+01 +0.9169490481277849E+00
+0.1654452138688000E+02 +0.1027294187837753E+01 +0.1229460555063951E+01 +0.9357447614903851E+00
+0.1658080323202667E+02 +0.1046254863226407E+01 +0.1237366643868484E+01 +0.9536119800311180E+00
+0.1661708507717334E+02 +0.1068138598691201E+01 +0.1254514366885994E+01 +0.9710039253289204E+00
+0.1665336692232000E+02 +0.1081220390227274E+01 +0.1285154240656243E+01 +0.9808656370944924E+00
+0.1668964876746667E+02 +0.1076961681652287E+01 +0.1319187384215301E+01 +0.9775290075787233E+00
+0.1672593061261334E+02 +0.1059087091589847E+01 +0.1346347960954823E+01 +0.9625441884644418E+00
+0.1676221245776000E+02 +0.1034227965157071E+01 +0.1364175485950520E+01 +0.9404948699114011E+00
+0.1679849430290666E+02 +0.1005708747211068E+01 +0.1373693459140743E+01 +0.9144757850633691E+00
+0.1683477614805334E+02 +0.9744248685400132E+00 +0.1374980835074492E+01 +0.8859746105366308E+00
+0.1687105799320000E+02 +0.9414989245876781E+00 +0.1366215778115576E+01 +0.8566970426361840E+00
+0.1690733983834667E+02 +0.9109121342941849E+00 +0.1344713141386938E+01 +0.8303418118742824E+00
+0.1694362168349333E+02 +0.8899461504495370E+00 +0.1310814678045278E+01 +0.8127062592999671E+00
+0.1697990352864000E+02 +0.8864484109844292E+00 +0.1271055170381463E+01 +0.8090654332561910E+00
+0.1701618537378667E+02 +0.9006094998165747E+00 +0.1239194844597839E+01 +0.8186709014863405E+00
+0.1705246721893333E+02 +0.9196912366265888E+00 +0.1222916048317894E+01 +0.8333129392162923E+00
+0.1708874906408000E+02 +0.9331362243635321E+00 +0.1214897364956250E+01 +0.8459400367323787E+00
+0.1712503090922667E+02 +0.9441827585296083E+00 +0.1206867847451516E+01 +0.8569934613113883E+00
+0.1716131275437333E+02 +0.9575828085849938E+00 +0.1201663815080671E+01 +0.8685339768806521E+00
+0.1719759459952000E+02 +0.9691062804418555E+00 +0.1202743808904021E+01 +0.8784510720370620E+00
+0.1723387644466667E+02 +0.9747311713620392E+00 +0.1204976816177204E+01 +0.8848710253631080E+00
+0.1727015828981333E+02 +0.9798455434100537E+00 +0.1203761745399849E+01 +0.8906527524187713E+00
+0.1730644013496000E+02 +0.9901625964741821E+00 +0.1205056542543867E+01 +0.8984201832366625E+00
+0.1734272198010667E+02 +0.9995991663806580E+00 +0.1218288234742693E+01 +0.9034405564887623E+00
+0.1737900382525333E+02 +0.9925606566965877E+00 +0.1240689653857137E+01 +0.8960368744452177E+00
+0.1741528567040000E+02 +0.9634884364111845E+00 +0.1252095977318114E+01 +0.8740262357445376E+00
+0.1745156751554667E+02 +0.9302736072361603E+00 +0.1236624161955850E+01 +0.8493407476153285E+00
+0.1748784936069333E+02 +0.9152184358058594E+00 +0.1201880975059712E+01 +0.8372666931398685E+00
+0.1752413120584000E+02 +0.9238976572104747E+00 +0.1168703269473077E+01 +0.8423069106703416E+00
+0.1756041305098667E+02 +0.9434000855535747E+00 +0.1151176223956109E+01 +0.8566250913467751E+00
+0.1759669489613333E+02 +0.9597023882895535E+00 +0.1145245276742445E+01 +0.8708436866357659E+00
+0.1763297674128000E+02 +0.9718714185723223E+00 +0.1142652260252213E+01 +0.8824721356255202E+00
+0.1766925858642667E+02 +0.9833995771583410E+00 +0.1142218937104208E+01 +0.8928092881061375E+00
+0.1770554043157333E+02 +0.9937082017761838E+00 +0.1147698269193265E+01 +0.9007331085554685E+00
+0.1774182227672000E+02 +0.9954749619938266E+00 +0.1158367611951584E+01 +0.9021535616932275E+00
+0.1777810412186667E+02 +0.9868829291051704E+00 +0.1164758948473305E+01 +0.8961875363110889E+00
+0.1781438596701333E+02 +0.9749908541579464E+00 +0.1162204308612722E+01 +0.8869531351427662E+00
+0.1785066781216000E+02 +0.9645147143395743E+00 +0.1151889490449500E+01 +0.8788070411783830E+00
+0.1788694965730667E+02 +0.9593695170996213E+00 +0.1135038933018092E+01 +0.8751949337623268E+00
+0.1792323150245333E+02 +0.9630622626486882E+00 +0.1116344536676422E+01 +0.8783870824866831E+00
+0.1795951334760000E+02 +0.9739730687053891E+00 +0.1101831275738361E+01 +0.8874297341505057E+00
+0.1799579519274667E+02 +0.9880473253706761E+00 +0.1092754244104380E+01 +0.8998519448530335E+00
+0.1803207703789333E+02 +0.1004697601106370E+01 +0.1090379081258261E+01 +0.9136156065730567E+00
+0.1806835888304000E+02 +0.1019110679541360E+01 +0.1098299667842384E+01 +0.9246596030283087E+00
+0.1810464072818667E+02 +0.1022718683461173E+01 +0.1114691838091100E+01 +0.9266156056828565E+00
+0.1814092257333333E+02 +0.1008616085107854E+01 +0.1129280238458106E+01 +0.9156644395309967E+00
+0.1817720441848000E+02 +0.9826296783990717E+00 +0.1126674503092562E+01 +0.8966698785041203E+00
+0.1821348626362667E+02 +0.9626812599248655E+00 +0.1103394631489619E+01 +0.8818021835026141E+00
+0.1824976810877333E+02 +0.9609040318613056E+00 +0.1073519276491522E+01 +0.8789578875334044E+00
+0.1828604995392000E+02 +0.9690409394599895E+00 +0.1052188898192430E+01 +0.8840501717723468E+00
+0.1832233179906667E+02 +0.9740576394219843E+00 +0.1034185502122468E+01 +0.8902776038106477E+00
+0.1835861364421334E+02 +0.9818314346642072E+00 +0.1009192328090730E+01 +0.9000418085132170E+00
+0.1839489548936000E+02 +0.1002290407845340E+01 +0.9839731383403564E+00 +0.9184416566634973E+00
+0.1843117733450667E+02 +0.1031011273219546E+01 +0.9692632813834635E+00 +0.9431383394100685E+00
+0.1846745917965333E+02 +0.1058022976034283E+01 +0.9656971406269614E+00 +0.9674370236800041E+00
+0.1850374102480000E+02 +0.1078113120343730E+01 +0.9660729885765814E+00 +0.9877437015521581E+00
+0.1854002286994667E+02 +0.1095832787520143E+01 +0.9631177290610876E+00 +0.1006606295605213E+01
+0.1857630471509333E+02 +0.1118643159580522E+01 +0.9599261271003989E+00 +0.1028152115419696E+01
+0.1861258656024000E+02 +0.1145193665855059E+01 +0.9636919892151758E+00 +0.1051839155202903E+01
+0.1864886840538667E+02 +0.1169378392854042E+01 +0.9761820372890215E+00 +0.1073516128276762E+01
+0.1868515025053333E+02 +0.1186631747908834E+01 +0.9946306207970628E+00 +0.1089478151275217E+01
+0.1872143209568000E+02 +0.1195071833756357E+01 +0.1014812962049142E+01 +0.1098023722533952E+01
+0.1875771394082667E+02 +0.1195000676603700E+01 +0.1032701248498939E+01 +0.1099204074981990E+01
+0.1879399578597333E+02 +0.1187493755100967E+01 +0.1044396662290238E+01 +0.1094428471637610E+01
+0.1883027763112000E+02 +0.1176534482076339E+01 +0.1044923832263811E+01 +0.1087603873338912E+01
+0.1886655947626667E+02 +0.1171551664102515E+01 +0.1033157700562576E+01 +0.1085583718150547E+01
+0.1890284132141333E+02 +0.1180151693657289E+01 +0.1018569212415218E+01 +0.1092834233642315E+01
+0.1893912316656000E+02 +0.1196124096196014E+01 +0.1011779433047805E+01 +0.1106085479370554E+01
+0.1897540501170667E+02 +0.1210415828559847E+01 +0.1009827124188489E+01 +0.1120057261484930E+01
+0.1901168685685333E+02 +0.1224576666607784E+01 +0.1007110338095886E+01 +0.1134494271232070E+01
+0.1904796870200000E+02 +0.1241708808211906E+01 +0.1004714495821835E+01 +0.1151122026876504E+01
+0.1908425054714667E+02 +0.1261616336347987E+01 +0.1004151547123900E+01 +0.1170366801427605E+01
+0.1912053239229333E+02 +0.1284682456734154E+01 +0.1006090760570519E+01 +0.1192367221071792E+01
+0.1915681423744000E+02 +0.1311370608085375E+01 +0.1012336635297293E+01 +0.1217233692665801E+01
+0.1919309608258667E+02 +0.1341407427692034E+01 +0.1026399794915436E+01 +0.1243886565624567E+01
+0.1922937792773333E+02 +0.1369930873562015E+01 +0.1053787936263883E+01 +0.1267550198876809E+01
+0.1926565977288000E+02 +0.1384155017487175E+01 +0.1093434994917889E+01 +0.1279741226407677E+01
+0.1930194161802667E+02 +0.1376948653555203E+01 +0.1129342874286641E+01 +0.1276774965362065E+01
+0.1933822346317334E+02 +0.1359976847688621E+01 +0.1146897314752785E+01 +0.1266122733970365E+01
+0.1937450530832000E+02 +0.1349393259557019E+01 +0.1147979173294907E+01 +0.1259190606328518E+01
+0.1941078715346666E+02 +0.1352093636325886E+01 +0.1142916445348097E+01 +0.1262231743092594E+01
+0.1944706899861334E+02 +0.1367881653130833E+01 +0.1141302206450946E+01 +0.1275371361970095E+01
+0.1948335084376000E+02 +0.1390358434201672E+01 +0.1151540514931284E+01 +0.1293498252238270E+01
+0.1951963268890666E+02 +0.1408574957730153E+01 +0.1172319828129739E+01 +0.1309702802079503E+01
+0.1955591453405334E+02 +0.1420860433503332E+01 +0.1196221583046985E+01 +0.1321415867972094E+01
+0.1959219637920000E+02 +0.1428855153121612E+01 +0.1221826555125953E+01 +0.1328976903912712E+01
+0.1962847822434667E+02 +0.1431858447636912E+01 +0.1246695928265162E+01 +0.1332878313128649E+01
+0.1966476006949333E+02 +0.1433767147108316E+01 +0.1267838210955825E+01 +0.1335723752885285E+01
+0.1970104191464000E+02 +0.1439359691186830E+01 +0.1289329271924756E+01 +0.1339897495712350E+01
+0.1973732375978667E+02 +0.1444479257437503E+01 +0.1317242009265857E+01 +0.1343012953410148E+01
+0.1977360560493333E+02 +0.1442726314542377E+01 +0.1346911526467056E+01 +0.1342144668718452E+01
+0.1980988745008000E+02 +0.1439955334207956E+01 +0.1373192074217077E+01 +0.1339661353356985E+01
+0.1984616929522667E+02 +0.1440187135557996E+01 +0.1402985979045893E+01 +0.1337475455937223E+01
+0.1988245114037333E+02 +0.1437903258449893E+01 +0.1442941993958141E+01 +0.1331211895105312E+01
+0.1991873298552000E+02 +0.1420161732356953E+01 +0.1493996493760101E+01 +0.1311375485636705E+01
+0.1995501483066667E+02 +0.1374056194456871E+01 +0.1539630826176154E+01 +0.1271403002030296E+01
+0.1999129667581333E+02 +0.1310740436931783E+01 +0.1554453547944928E+01 +0.1219931819751173E+01
+0.2002757852096000E+02 +0.1259080475660875E+01 +0.1536812301857915E+01 +0.1175841137300438E+01
+0.2006386036610667E+02 +0.1232443829222902E+01 +0.1505007796714571E+01 +0.1150977613926022E+01
+0.2010014221125333E+02 +0.1230342442035440E+01 +0.1474587230674200E+01 +0.1146263699481922E+01
+0.2013642405640000E+02 +0.1245263971902896E+01 +0.1457176347111611E+01 +0.1156026632131247E+01
+0.2017270590154667E+02 +0.1265892198319841E+01 +0.1455746073727024E+01 +0.1171888123354902E+01
+0.2020898774669334E+02 +0.1284347619018929E+01 +0.1466670397181237E+01 +0.1187415656419703E+01
+0.2024526959184000E+02 +0.1299183511483580E+01 +0.1483347678993030E+01 +0.1201015422677718E+01
+0.2028155143698667E+02 +0.1314766599147084E+01 +0.1505536962671320E+01 +0.1213921018992144E+01
+0.2031783328213333E+02 +0.1329162380020079E+01 +0.1537975221109094E+01 +0.1224728365252994E+01
+0.2035411512728000E+02 +0.1336826237282589E+01 +0.1581079691209662E+01 +0.1229186745225108E+01
+0.2039039697242667E+02 +0.1332143651095290E+01 +0.1632324195672361E+01 +0.1222790689067395E+01
+0.2042667881757333E+02 +0.1311268990428621E+01 +0.1683765199181541E+01 +0.1203478899985053E+01
+0.2046296066272000E+02 +0.1279268965662779E+01 +0.1726606191199089E+01 +0.1174765634000235E+01
+0.2049924250786667E+02 +0.1246357891126360E+01 +0.1761504018421205E+01 +0.1142852195326092E+01
+0.2053552435301333E+02 +0.1213834356953682E+01 +0.1798789098280995E+01 +0.1108263454321939E+01
+0.2057180619816000E+02 +0.1170654744030756E+01 +0.1840815606781376E+01 +0.1064857176436308E+01
+0.2060808804330667E+02 +0.1111212332447019E+01 +0.1877139439691357E+01 +0.1009014913233763E+01
+0.2064436988845333E+02 +0.1040779575652038E+01 +0.1898422442095621E+01 +0.9441465370320735E+00
+0.2068065173360000E+02 +0.9686613010721287E+00 +0.1902154494222865E+01 +0.8770236193522345E+00
+0.2071693357874667E+02 +0.9003407261882432E+00 +0.1893081056990527E+01 +0.8122016894242512E+00
+0.2075321542389333E+02 +0.8360882780555048E+00 +0.1871209016626974E+01 +0.7525479991250299E+00
+0.2078949726904000E+02 +0.7849205712575760E+00 +0.1838276169217162E+01 +0.7026847099270210E+00
+0.2082577911418667E+02 +0.7459944311183589E+00 +0.1808888472716994E+01 +0.6612631607279478E+00
+0.2086206095933333E+02 +0.7035751567242806E+00 +0.1781504723509983E+01 +0.6210950336985228E+00
+0.2089834280448000E+02 +0.6619266955888091E+00 +0.1739859888920753E+01 +0.5846954253475800E+00
+0.2093462464962667E+02 +0.6387749329569238E+00 +0.1688912302228260E+01 +0.5614269724239869E+00
+0.2097090649477333E+02 +0.6327264930233166E+00 +0.1645819426767789E+01 +0.5514965236267603E+00
+0.2100718833992000E+02 +0.6320262095603673E+00 +0.1613514775224515E+01 +0.5480810744278299E+00
+0.2104347018506667E+02 +0.6329305480884360E+00 +0.1588143011354742E+01 +0.5470353199913802E+00
+0.2107975203021333E+02 +0.6347343467741442E+00 +0.1568177199757442E+01 +0.5472332482209887E+00
+0.2111603387536000E+02 +0.6376953644626717E+00 +0.1554065888361951E+01 +0.5478154850036476E+00
+0.2115231572050667E+02 +0.6382251228171762E+00 +0.1547952180432951E+01 +0.5460197553985291E+00
+0.2118859756565333E+02 +0.6313307943954796E+00 +0.1545961793353729E+01 +0.5387853076979980E+00
+0.2122487941080000E+02 +0.6176929631115188E+00 +0.1543170602831329E+01 +0.5257492432965423E+00
+0.2126116125594667E+02 +0.5984199201170179E+00 +0.1536731923628039E+01 +0.5082562417040448E+00
+0.2129744310109333E+02 +0.5771405505083134E+00 +0.1523313126159493E+01 +0.4892478331105592E+00
+0.2133372494624000E+02 +0.5593837893060081E+00 +0.1504407352290879E+01 +0.4723925356490097E+00
+0.2137000679138667E+02 +0.5462497147073617E+00 +0.1485814472603835E+01 +0.4582608821812756E+00
+0.2140628863653333E+02 +0.5318677521386904E+00 +0.1470083037662385E+01 +0.4435633810621682E+00
+0.2144257048168000E+02 +0.5122333005440638E+00 +0.1451229336192702E+01 +0.4261566380004504E+00
+0.2147885232682667E+02 +0.4913213199058999E+00 +0.1422424239764171E+01 +0.4090944136576306E+00
+0.2151513417197333E+02 +0.4788912475251208E+00 +0.1381360983176772E+01 +0.3998870716386755E+00
+0.2155141601712000E+02 +0.4861286913121682E+00 +0.1337312651150680E+01 +0.4051892557918356E+00
+0.2158769786226667E+02 +0.5101641168001203E+00 +0.1308027759018609E+01 +0.4223087604675928E+00
+0.2162397970741333E+02 +0.5324427454997676E+00 +0.1300722149522211E+01 +0.4387740527865468E+00
+0.2166026155256000E+02 +0.5377126155699690E+00 +0.1301253431179626E+01 +0.4450410104739105E+00
+0.2169654339770667E+02 +0.5336179188463812E+00 +0.1291991216853788E+01 +0.4448233727388647E+00
+0.2173282524285333E+02 +0.5357706417196153E+00 +0.1274770238718967E+01 +0.4475144196992125E+00
+0.2176910708800000E+02 +0.5464600490794412E+00 +0.1261742314881834E+01 +0.4554561113582576E+00
+0.2180538893314667E+02 +0.5579448718576295E+00 +0.1258006966275739E+01 +0.4640319217746820E+00
+0.2184167077829333E+02 +0.5634329659559485E+00 +0.1262162439594979E+01 +0.4675283341461437E+00
+0.2187795262344000E+02 +0.5568120899954705E+00 +0.1268109004505370E+01 +0.4621163313232854E+00
+0.2191423446858667E+02 +0.5398533778814867E+00 +0.1264189603932969E+01 +0.4497284778501465E+00
+0.2195051631373333E+02 +0.5244163325333911E+00 +0.1245028707292625E+01 +0.4387301525668333E+00
+0.2198679815888000E+02 +0.5226720366423069E+00 +0.1216840460287230E+01 +0.4376824728472528E+00
+0.2202308000402667E+02 +0.5369294944885641E+00 +0.1194331662249542E+01 +0.4478927151063715E+00
+0.2205936184917334E+02 +0.5559778217535006E+00 +0.1186940136477714E+01 +0.4620950905880923E+00
+0.2209564369432000E+02 +0.5677242937945428E+00 +0.1191122602731794E+01 +0.4715377571516886E+00
+0.2213192553946667E+02 +0.5676317243094269E+00 +0.1196819291789354E+01 +0.4728087210125419E+00
+0.2216820738461334E+02 +0.5618854243826439E+00 +0.1193916946988135E+01 +0.4702328973756356E+00
+0.2220448922976000E+02 +0.5628445884392044E+00 +0.1186325289957123E+01 +0.4702684991543564E+00
+0.2224077107490667E+02 +0.5663300459524157E+00 +0.1186457089191840E+01 +0.4709457737372802E+00
+0.2227705292005333E+02 +0.5602341879889791E+00 +0.1189119723002023E+01 +0.4663809928809455E+00
+0.2231333476520000E+02 +0.5491032025706187E+00 +0.1182350223021333E+01 +0.4587094550435867E+00
+0.2234961661034667E+02 +0.5435193066648675E+00 +0.1166986531155539E+01 +0.4549019288472860E+00
+0.2238589845549333E+02 +0.5488722225723233E+00 +0.1149551737272273E+01 +0.4594125331322177E+00
+0.2242218030064000E+02 +0.5654239732482522E+00 +0.1141158205075682E+01 +0.4710433036237807E+00
+0.2245846214578667E+02 +0.5803835464743722E+00 +0.1150144183890191E+01 +0.4809119586841781E+00
+0.2249474399093333E+02 +0.5790890283957753E+00 +0.1167368330439930E+01 +0.4797978507298718E+00
+0.2253102583608000E+02 +0.5635653209671354E+00 +0.1176757750632646E+01 +0.4682077955434681E+00
+0.2256730768122667E+02 +0.5455304455118127E+00 +0.1173864258197659E+01 +0.4535116167514839E+00
+0.2260358952637333E+02 +0.5316488999137681E+00 +0.1162636116790891E+01 +0.4416076407250132E+00
+0.2263987137152000E+02 +0.5248300259434150E+00 +0.1147130788145454E+01 +0.4353312376645170E+00
+0.2267615321666667E+02 +0.5258144772793512E+00 +0.1132908230743246E+01 +0.4349634072981925E+00
+0.2271243506181333E+02 +0.5305382224144494E+00 +0.1123680632793506E+01 +0.4381610831813397E+00
+0.2274871690696000E+02 +0.5364606185034805E+00 +0.1118317684989377E+01 +0.4428473025285180E+00
+0.2278499875210667E+02 +0.5434680215649479E+00 +0.1117860198704184E+01 +0.4478825589547826E+00
+0.2282128059725333E+02 +0.5486389074137175E+00 +0.1123942679015258E+01 +0.4509083570854211E+00
+0.2285756244240000E+02 +0.5477161778476454E+00 +0.1135817056128428E+01 +0.4485281443828731E+00
+0.2289384428754667E+02 +0.5367866655259761E+00 +0.1149846517161122E+01 +0.4377422836962437E+00
+0.2293012613269333E+02 +0.5136618131095583E+00 +0.1158906561105618E+01 +0.4178767602040658E+00
+0.2296640797784000E+02 +0.4845068457274494E+00 +0.1152627193001278E+01 +0.3943971512443061E+00
+0.2300268982298667E+02 +0.4646805221682748E+00 +0.1132674084065298E+01 +0.3766944575416358E+00
+0.2303897166813334E+02 +0.4577013813657775E+00 +0.1113186049668344E+01 +0.3677840159235694E+00
+0.2307525351328000E+02 +0.4547208007387875E+00 +0.1100828888548008E+01 +0.3627185105155267E+00
+0.2311153535842667E+02 +0.4488449255598328E+00 +0.1091828012951169E+01 +0.3568072755530997E+00
+0.2314781720357334E+02 +0.4413574811332104E+00 +0.1080937677763691E+01 +0.3500355598168243E+00
+0.2318409904872000E+02 +0.4354111841127804E+00 +0.1069095018569356E+01 +0.3439025190930460E+00
+0.2322038089386666E+02 +0.4295556450157485E+00 +0.1057735613757002E+01 +0.3381254911514006E+00
+0.2325666273901334E+02 +0.4232977266227188E+00 +0.1044371625501958E+01 +0.3329008103830575E+00
+0.2329294458416000E+02 +0.4208707303092188E+00 +0.1028215306581255E+01 +0.3306811865686032E+00
+0.2332922642930667E+02 +0.4248082468383591E+00 +0.1015360844875629E+01 +0.3322833705929363E+00
+0.2336550827445334E+02 +0.4286654879216440E+00 +0.1010697654157130E+01 +0.3338151861468287E+00
+0.2340179011960000E+02 +0.4263738191335681E+00 +0.1010058457701128E+01 +0.3311443068300414E+00
+0.2343807196474667E+02 +0.4182059876900043E+00 +0.1008881231170393E+01 +0.3234779135530244E+00
+0.2347435380989334E+02 +0.4049337923151772E+00 +0.1004673307757868E+01 +0.3116220120864482E+00
+0.2351063565504000E+02 +0.3886715531344846E+00 +0.9946973152871021E+00 +0.2973531433375626E+00
+0.2354691750018667E+02 +0.3723711821186739E+00 +0.9783855466747022E+00 +0.2830796395956355E+00
+0.2358319934533333E+02 +0.3587467765835407E+00 +0.9550283915115985E+00 +0.2716992746735076E+00
+0.2361948119048000E+02 +0.3532005609655613E+00 +0.9267307669241944E+00 +0.2665751930391541E+00
+0.2365576303562667E+02 +0.3565208064156377E+00 +0.9011173595036425E+00 +0.2679793088653453E+00
+0.2369204488077333E+02 +0.3623022468005883E+00 +0.8816240845500527E+00 +0.2721510438583030E+00
+0.2372832672592000E+02 +0.3664544224549611E+00 +0.8647228645383231E+00 +0.2761138280716229E+00
+0.2376460857106667E+02 +0.3699325775514316E+00 +0.8470506584883646E+00 +0.2800876673870488E+00
+0.2380089041621333E+02 +0.3756340403859832E+00 +0.8277572068496324E+00 +0.2859878540964608E+00
+0.2383717226136000E+02 +0.3854338756645179E+00 +0.8096915643254721E+00 +0.2948337839129000E+00
+0.2387345410650667E+02 +0.3972869637012975E+00 +0.7942406550122469E+00 +0.3061089944092334E+00
+0.2390973595165333E+02 +0.4125605176309670E+00 +0.7806184251301069E+00 +0.3202660203219159E+00
+0.2394601779680000E+02 +0.4327964993576613E+00 +0.7740358014453856E+00 +0.3370292640523055E+00
+0.2398229964194667E+02 +0.4515312370821537E+00 +0.7803132302345526E+00 +0.3513935587214202E+00
+0.2401858148709333E+02 +0.4576361859975845E+00 +0.7977155315887896E+00 +0.3552793715732587E+00
+0.2405486333224000E+02 +0.4429760546980419E+00 +0.8139837217346202E+00 +0.3438698701974023E+00
+0.2409114517738667E+02 +0.4139296902139953E+00 +0.8115031827567676E+00 +0.3225875585109131E+00
+0.2412742702253333E+02 +0.3911005875952009E+00 +0.7867384922734935E+00 +0.3048548081864126E+00
+0.2416370886768000E+02 +0.3855850415096316E+00 +0.7553515012593474E+00 +0.2986925530474042E+00
+0.2419999071282667E+02 +0.3902046140455515E+00 +0.7294956149098837E+00 +0.3012116793941987E+00
+0.2423627255797333E+02 +0.3970390205698954E+00 +0.7080302159691214E+00 +0.3073128018098965E+00
+0.2427255440312000E+02 +0.4060066408686992E+00 +0.6880550826552321E+00 +0.3156748151777605E+00
+0.2430883624826667E+02 +0.4175051637404466E+00 +0.6709454778093173E+00 +0.3259775827601968E+00
+0.2434511809341333E+02 +0.4291184312592972E+00 +0.6568365921968626E+00 +0.3369835290801397E+00
+0.2438139993856000E+02 +0.4409900846797226E+00 +0.6435074482547609E+00 +0.3486149129326631E+00
+0.2441768178370667E+02 +0.4551027593357528E+00 +0.6323250891915027E+00 +0.3614392957939802E+00
+0.2445396362885333E+02 +0.4693875016852260E+00 +0.6259391447763668E+00 +0.3740921615034484E+00
+0.2449024547400000E+02 +0.4802655523036654E+00 +0.6237955583903914E+00 +0.3839230532168784E+00
+0.2452652731914667E+02 +0.4849315679369323E+00 +0.6226796514535270E+00 +0.3890865346940471E+00
+0.2456280916429333E+02 +0.4842368442582585E+00 +0.6167746592554216E+00 +0.3906651811665741E+00
+0.2459909100944000E+02 +0.4847034391814956E+00 +0.6036183688547005E+00 +0.3929215881832464E+00
+0.2463537285458667E+02 +0.4911822608444294E+00 +0.5880622217882228E+00 +0.3990273662565299E+00
+0.2467165469973333E+02 +0.5010864035966198E+00 +0.5752735021943182E+00 +0.4079261643625430E+00
+0.2470793654488000E+02 +0.5107333979536064E+00 +0.5636783408428677E+00 +0.4177267378308566E+00
+0.2474421839002667E+02 +0.5221384116830060E+00 +0.5514733918580039E+00 +0.4289517988029230E+00
+0.2478050023517333E+02 +0.5362863530635951E+00 +0.5413715660314674E+00 +0.4419641501707062E+00
+0.2481678208032000E+02 +0.5505200375731129E+00 +0.5348492226076957E+00 +0.4551678893620149E+00
+0.2485306392546667E+02 +0.5626521823651605E+00 +0.5300640998289894E+00 +0.4671464582553381E+00
+0.2488934577061334E+02 +0.5735235255571660E+00 +0.5249819003183904E+00 +0.4781048370227434E+00
+0.2492562761576000E+02 +0.5841676733147847E+00 +0.5197724849935654E+00 +0.4886923369460617E+00
+0.2496190946090667E+02 +0.5945776710085060E+00 +0.5144816929908490E+00 +0.4991190789781055E+00
+0.2499819130605333E+02 +0.6048786285612684E+00 +0.5089397042190504E+00 +0.5095041693523347E+00
+0.2503447315120000E+02 +0.6152209458247732E+00 +0.5024674777655800E+00 +0.5202809283152574E+00
+0.2507075499634667E+02 +0.6273547165951431E+00 +0.4943584471664356E+00 +0.5327837267331417E+00
+0.2510703684149333E+02 +0.6439225603722056E+00 +0.4864914467567428E+00 +0.5485513679040206E+00
+0.2514331868664000E+02 +0.6646548673903879E+00 +0.4834482465270331E+00 +0.5670452856420496E+00
+0.2517960053178667E+02 +0.6849870554021062E+00 +0.4879273794871579E+00 +0.5849850559851084E+00
+0.2521588237693333E+02 +0.6997223949744874E+00 +0.4981690721845220E+00 +0.5985349196592302E+00
+0.2525216422208000E+02 +0.7064839604579549E+00 +0.5091158932452593E+00 +0.6059275227999330E+00
+0.2528844606722667E+02 +0.7071027251250568E+00 +0.5157400358189476E+00 +0.6084187745065688E+00
+0.2532472791237333E+02 +0.7058200715135245E+00 +0.5153800002640176E+00 +0.6094698488086965E+00
+0.2536100975752000E+02 +0.7083663922937012E+00 +0.5087015637843268E+00 +0.6132768677060464E+00
+0.2539729160266667E+02 +0.7179817820021406E+00 +0.5013174986395731E+00 +0.6220176708942451E+00
+0.2543357344781333E+02 +0.7318894398914312E+00 +0.4985908102342217E+00 +0.6340345308006546E+00
+0.2546985529296000E+02 +0.7452029672911311E+00 +0.5010873569209117E+00 +0.6459868905697754E+00
+0.2550613713810667E+02 +0.7555501265386323E+00 +0.5063872709407875E+00 +0.6557553175392543E+00
+0.2554241898325333E+02 +0.7626212563142347E+00 +0.5125217346463481E+00 +0.6627603216034401E+00
+0.2557870082840000E+02 +0.7666259789743903E+00 +0.5179473306467884E+00 +0.6671557208920456E+00
+0.2561498267354667E+02 +0.7682654035544706E+00 +0.5215798499565369E+00 +0.6694344869302389E+00
+0.2565126451869333E+02 +0.7679132375557229E+00 +0.5222000378643785E+00 +0.6703771999681511E+00
+0.2568754636384000E+02 +0.7680062228068973E+00 +0.5175847481324699E+00 +0.6721550428184577E+00
+0.2572382820898667E+02 +0.7733502517033251E+00 +0.5094485149203460E+00 +0.6777255293446467E+00
+0.2576011005413334E+02 +0.7846240150855404E+00 +0.5031410292534997E+00 +0.6876722630834349E+00
+0.2579639189928000E+02 +0.7983143568106330E+00 +0.5017816896893905E+00 +0.6996576645769385E+00
+0.2583267374442667E+02 +0.8105165753045651E+00 +0.5046348034148399E+00 +0.7108998131608465E+00
+0.2586895558957334E+02 +0.8200016066139745E+00 +0.5091239524756103E+00 +0.7200973325173023E+00
+0.2590523743472000E+02 +0.8267752222213626E+00 +0.5136534923957106E+00 +0.7271278957307147E+00
+0.2594151927986666E+02 +0.8315267756324238E+00 +0.5156005593834202E+00 +0.7330821512685768E+00
+0.2597780112501334E+02 +0.8386525291635284E+00 +0.5143604479405418E+00 +0.7405448296973713E+00
+0.2601408297016000E+02 +0.8497743625943788E+00 +0.5144430079522619E+00 +0.7506032697215607E+00
+0.2605036481530666E+02 +0.8620716212525483E+00 +0.5180381770213041E+00 +0.7617561211505320E+00
+0.2608664666045334E+02 +0.8734814407860420E+00 +0.5247385558725477E+00 +0.7722477545034503E+00
+0.2612292850560000E+02 +0.8825903320697215E+00 +0.5334669386057778E+00 +0.7809689571025018E+00
+0.2615921035074667E+02 +0.8892922367083496E+00 +0.5418335713413018E+00 +0.7881166465648335E+00
+0.2619549219589333E+02 +0.8968785854981395E+00 +0.5492970024776972E+00 +0.7953321470536112E+00
+0.2623177404104000E+02 +0.9057601725034814E+00 +0.5604414832876196E+00 +0.8023952625797031E+00
+0.2626805588618667E+02 +0.9104061900556455E+00 +0.5762614949336968E+00 +0.8061411824517818E+00
+0.2630433773133333E+02 +0.9080789525761641E+00 +0.5919208406939402E+00 +0.8046346297633675E+00
+0.2634061957648000E+02 +0.9009028626954143E+00 +0.6031373872296906E+00 +0.7991958921566127E+00
+0.2637690142162667E+02 +0.8928937193067752E+00 +0.6085676616656431E+00 +0.7928514581476176E+00
+0.2641318326677333E+02 +0.8878551644513387E+00 +0.6102026238595044E+00 +0.7882778837536129E+00
+0.2644946511192000E+02 +0.8861058196630137E+00 +0.6127403804896738E+00 +0.7855298248758074E+00
+0.2648574695706667E+02 +0.8828373015158153E+00 +0.6181749399584942E+00 +0.7817370715212485E+00
+0.2652202880221333E+02 +0.8744398339898246E+00 +0.6217478239315742E+00 +0.7750253020777134E+00
+0.2655831064736000E+02 +0.8649254701889999E+00 +0.6175917109749912E+00 +0.7681743234861396E+00
+0.2659459249250667E+02 +0.8621709670257711E+00 +0.6072246101551841E+00 +0.7662473863952987E+00
+0.2663087433765334E+02 +0.8689156937125263E+00 +0.5984665113344684E+00 +0.7710901278079492E+00
+0.2666715618280000E+02 +0.8802194972282047E+00 +0.5982328396367603E+00 +0.7791857689276550E+00
+0.2670343802794667E+02 +0.8873718412104636E+00 +0.6061379579682858E+00 +0.7847060685351022E+00
+0.2673971987309334E+02 +0.8868909847224564E+00 +0.6147330632017958E+00 +0.7851288093074068E+00
+0.2677600171824000E+02 +0.8832595910274180E+00 +0.6192647976824339E+00 +0.7826199865761112E+00
+0.2681228356338667E+02 +0.8797999657492731E+00 +0.6215899432104377E+00 +0.7794615045086676E+00
+0.2684856540853333E+02 +0.8757759500635646E+00 +0.6226013522627754E+00 +0.7759795051553278E+00
+0.2688484725368000E+02 +0.8717310405794410E+00 +0.6213111801591664E+00 +0.7726558413106259E+00
+0.2692112909882667E+02 +0.8693801328824654E+00 +0.6181732782728084E+00 +0.7705368352255045E+00
+0.2695741094397333E+02 +0.8689275196968822E+00 +0.6153430976029722E+00 +0.7696530167569007E+00
+0.2699369278912000E+02 +0.8681244075925055E+00 +0.6132528634712262E+00 +0.7688968264530616E+00
+0.2702997463426667E+02 +0.8666520806607005E+00 +0.6096271717655339E+00 +0.7681191519127542E+00
+0.2706625647941333E+02 +0.8667480935082266E+00 +0.6039088778155495E+00 +0.7685966686690170E+00
+0.2710253832456000E+02 +0.8694958008527464E+00 +0.5979239305558695E+00 +0.7710881648813368E+00
+0.2713882016970667E+02 +0.8739496027645350E+00 +0.5927196121092861E+00 +0.7752797858504751E+00
+0.2717510201485333E+02 +0.8798781440012531E+00 +0.5880961906153326E+00 +0.7809327895925096E+00
+0.2721138386000000E+02 +0.8875254180238181E+00 +0.5845213841609871E+00 +0.7880874201825485E+00
+0.2724766570514667E+02 +0.8967865979940465E+00 +0.5825071742507123E+00 +0.7967264093504530E+00
+0.2728394755029333E+02 +0.9080695304571449E+00 +0.5831304090830349E+00 +0.8066891442839541E+00
+0.2732022939544000E+02 +0.9197729846172439E+00 +0.5893356951280642E+00 +0.8162194673668728E+00
+0.2735651124058666E+02 +0.9261853389586743E+00 +0.6009162692105566E+00 +0.8217009447609464E+00
+0.2739279308573333E+02 +0.9245439362740024E+00 +0.6111601435123140E+00 +0.8216548516597154E+00
+0.2742907493088000E+02 +0.9199825171235887E+00 +0.6143900184685700E+00 +0.8193877852654423E+00
+0.2746535677602666E+02 +0.9195655742617892E+00 +0.6124280717684332E+00 +0.8196090498306945E+00
+0.2750163862117333E+02 +0.9251475257358918E+00 +0.6117792793476842E+00 +0.8236986818189538E+00
+0.2753792046632000E+02 +0.9323580161325018E+00 +0.6173344441867683E+00 +0.8286866832002359E+00
+0.2757420231146666E+02 +0.9346325469494969E+00 +0.6280618906451323E+00 +0.8300787091198660E+00
+0.2761048415661333E+02 +0.9290595272052478E+00 +0.6376515372826282E+00 +0.8259918626023024E+00
+0.2764676600176000E+02 +0.9195490597338857E+00 +0.6401350059606143E+00 +0.8190145457830156E+00
+0.2768304784690666E+02 +0.9125576061765198E+00 +0.6356123358667567E+00 +0.8136291358253732E+00
+0.2771932969205333E+02 +0.9112949349933502E+00 +0.6281681705965267E+00 +0.8125086616134236E+00
+0.2775561153720000E+02 +0.9151523942653450E+00 +0.6219166678042907E+00 +0.8155261583122088E+00
+0.2779189338234666E+02 +0.9217149911448992E+00 +0.6181854537068263E+00 +0.8213124521720166E+00
+0.2782817522749333E+02 +0.9306416943398470E+00 +0.6170405652588271E+00 +0.8290394456110186E+00
+0.2786445707264000E+02 +0.9407453276609924E+00 +0.6209328228591141E+00 +0.8372203368234651E+00
+0.2790073891778666E+02 +0.9476705403240892E+00 +0.6294308749589633E+00 +0.8432490710145202E+00
+0.2793702076293333E+02 +0.9505592489338708E+00 +0.6388387521195649E+00 +0.8461091870335796E+00
+0.2797330260808000E+02 +0.9507339797877923E+00 +0.6481120198252008E+00 +0.8462899953187097E+00
+0.2800958445322667E+02 +0.9483472007220215E+00 +0.6567226023924412E+00 +0.8441782775375961E+00
+0.2804586629837333E+02 +0.9439508569296308E+00 +0.6644190363500374E+00 +0.8399525028641803E+00
+0.2808214814352000E+02 +0.9367904233353052E+00 +0.6708331708325029E+00 +0.8334726999335393E+00
+0.2811842998866667E+02 +0.9273503354604143E+00 +0.6738271094547359E+00 +0.8252651662691440E+00
+0.2815471183381333E+02 +0.9176450276657426E+00 +0.6728993644323326E+00 +0.8167029300648112E+00
+0.2819099367896000E+02 +0.9089313429251057E+00 +0.6681088035527336E+00 +0.8091575672154085E+00
+0.2822727552410667E+02 +0.9030375993898992E+00 +0.6601126220058611E+00 +0.8039351405945379E+00
+0.2826355736925333E+02 +0.9006831547073484E+00 +0.6507809811248867E+00 +0.8016900194890570E+00
+0.2829983921440000E+02 +0.9013730632990616E+00 +0.6414997438043435E+00 +0.8021560713134900E+00
+0.2833612105954667E+02 +0.9040341624291544E+00 +0.6328351782098119E+00 +0.8046235062460196E+00
+0.2837240290469333E+02 +0.9078501032419756E+00 +0.6238611340658519E+00 +0.8087705591914200E+00
+0.2840868474984000E+02 +0.9143045489223934E+00 +0.6130076672786048E+00 +0.8157936443148921E+00
+0.2844496659498667E+02 +0.9268733397440583E+00 +0.6017593968484818E+00 +0.8277148783005071E+00
+0.2848124844013334E+02 +0.9460554354749193E+00 +0.5948403890313593E+00 +0.8447785777576367E+00
+0.2851753028528000E+02 +0.9687886343139613E+00 +0.5957008251780265E+00 +0.8646853524779307E+00
+0.2855381213042666E+02 +0.9907784488272874E+00 +0.6053090761635558E+00 +0.8839585590369865E+00
+0.2859009397557334E+02 +0.1008053013860758E+01 +0.6220261101390965E+00 +0.8993841017265479E+00
+0.2862637582072000E+02 +0.1018482657914886E+01 +0.6426072935344537E+00 +0.9090840185870136E+00
+0.2866265766586666E+02 +0.1021988681843835E+01 +0.6636199375221995E+00 +0.9128460365197122E+00
+0.2869893951101334E+02 +0.1020005231944018E+01 +0.6828222944511473E+00 +0.9115590134598726E+00
+0.2873522135616000E+02 +0.1013547578583713E+01 +0.6988533752875046E+00 +0.9063927153687800E+00
+0.2877150320130666E+02 +0.1004646699232570E+01 +0.7093628010036668E+00 +0.8994745877744885E+00
+0.2880778504645333E+02 +0.9984690497297258E+00 +0.7142148955972212E+00 +0.8944146279464189E+00
+0.2884406689160000E+02 +0.9988169034510382E+00 +0.7193447343962260E+00 +0.8932287534548198E+00
+0.2888034873674667E+02 +0.1001239773969743E+01 +0.7319332336477045E+00 +0.8928291185453414E+00
+0.2891663058189333E+02 +0.9970116723550559E+00 +0.7512717806119169E+00 +0.8873222987407451E+00
+0.2895291242704000E+02 +0.9813904765604738E+00 +0.7701997015817503E+00 +0.8732787545742902E+00
+0.2898919427218667E+02 +0.9567305207927019E+00 +0.7791457186582873E+00 +0.8529406400785133E+00
+0.2902547611733333E+02 +0.9334859554630794E+00 +0.7743476772315043E+00 +0.8333616355786624E+00
+0.2906175796248000E+02 +0.9197572722018852E+00 +0.7622165916425372E+00 +0.8204243185796156E+00
+0.2909803980762667E+02 +0.9151653233554504E+00 +0.7513202599252433E+00 +0.8144215376208004E+00
+0.2913432165277333E+02 +0.9139983928749653E+00 +0.7453905254248265E+00 +0.8117237506724672E+00
+0.2917060349792000E+02 +0.9116342498834211E+00 +0.7423796552997544E+00 +0.8089816518471737E+00
+0.2920688534306667E+02 +0.9075664437833186E+00 +0.7386013066436727E+00 +0.8055583294283335E+00
+0.2924316718821333E+02 +0.9043520647762744E+00 +0.7321323130140720E+00 +0.8030726207145941E+00
+0.2927944903336000E+02 +0.9046492661945320E+00 +0.7245305504656373E+00 +0.8031972887217611E+00
+0.2931573087850667E+02 +0.9081540538180353E+00 +0.7180551618052796E+00 +0.8061595631372728E+00
+0.2935201272365333E+02 +0.9145228893789760E+00 +0.7135900134372135E+00 +0.8115446615165445E+00
+0.2938829456880000E+02 +0.9229542575463845E+00 +0.7132609311637030E+00 +0.8182582747120929E+00
+0.2942457641394667E+02 +0.9299116832143256E+00 +0.7181604656274261E+00 +0.8237263001680796E+00
+0.2946085825909334E+02 +0.9317635376610630E+00 +0.7251867603129118E+00 +0.8257170540905674E+00
+0.2949714010424000E+02 +0.9296396580420199E+00 +0.7293546366662628E+00 +0.8249139079256314E+00
+0.2953342194938667E+02 +0.9279283398637080E+00 +0.7289395121567517E+00 +0.8244837528272384E+00
+0.2956970379453334E+02 +0.9312736195055858E+00 +0.7263060222925590E+00 +0.8275356481470406E+00
+0.2960598563968000E+02 +0.9400226351630498E+00 +0.7279194084104080E+00 +0.8339633387034542E+00
+0.2964226748482667E+02 +0.9479964078495553E+00 +0.7367828988971149E+00 +0.8399522527350174E+00
+0.2967854932997334E+02 +0.9507232134090138E+00 +0.7489728819078763E+00 +0.8423879276344974E+00
+0.2971483117512000E+02 +0.9496384684035779E+00 +0.7606497219678475E+00 +0.8414698264697495E+00
+0.2975111302026666E+02 +0.9465586293163499E+00 +0.7727016710954500E+00 +0.8378356836513384E+00
+0.2978739486541334E+02 +0.9385458906365554E+00 +0.7859373670115601E+00 +0.8299226529363275E+00
+0.2982367671056000E+02 +0.9229915342191095E+00 +0.7946697239745573E+00 +0.8170530012111291E+00
+0.2985995855570667E+02 +0.9057125772475935E+00 +0.7925980477630177E+00 +0.8033177958206297E+00
+0.2989624040085334E+02 +0.8956218858998716E+00 +0.7816273520800174E+00 +0.7948698566313263E+00
+0.2993252224600000E+02 +0.8960621602461615E+00 +0.7694520037578636E+00 +0.7944894201108339E+00
+0.2996880409114667E+02 +0.9044731571397008E+00 +0.7615244259476761E+00 +0.8010424883661023E+00
+0.3000508593629333E+02 +0.9183131011417833E+00 +0.7608071739012534E+00 +0.8119515927111474E+00
+0.3004136778144000E+02 +0.9330149748738472E+00 +0.7701068575806849E+00 +0.8233721859426827E+00
+0.3007764962658667E+02 +0.9428728393648467E+00 +0.7878943890634871E+00 +0.8310771768641195E+00
+0.3011393147173333E+02 +0.9456057737144368E+00 +0.8105611181077709E+00 +0.8326052983247118E+00
+0.3015021331688000E+02 +0.9402071453946272E+00 +0.8357500647722549E+00 +0.8267167682565006E+00
+0.3018649516202667E+02 +0.9253233288211676E+00 +0.8603729855203819E+00 +0.8126115483351877E+00
+0.3022277700717333E+02 +0.9013853040985504E+00 +0.8803230036552846E+00 +0.7906650351753985E+00
+0.3025905885232000E+02 +0.8700912596821362E+00 +0.8919550052592520E+00 +0.7626240221070824E+00
+0.3029534069746667E+02 +0.8351886869442354E+00 +0.8906414828134748E+00 +0.7324379686605986E+00
+0.3033162254261334E+02 +0.8059560739336205E+00 +0.8750936737539858E+00 +0.7067675996986880E+00
+0.3036790438776000E+02 +0.7892052573265559E+00 +0.8534338989824575E+00 +0.6902933981158881E+00
+0.3040418623290667E+02 +0.7821401230190788E+00 +0.8332265862360716E+00 +0.6823254328341024E+00
+0.3044046807805334E+02 +0.7813961060718969E+00 +0.8157722571961856E+00 +0.6805471801416836E+00
+0.3047674992320000E+02 +0.7859827058946789E+00 +0.8020891031154909E+00 +0.6835989476259208E+00
+0.3051303176834667E+02 +0.7944615641715812E+00 +0.7940352170268767E+00 +0.6899138005013519E+00
+0.3054931361349334E+02 +0.8037525083856627E+00 +0.7926851270366355E+00 +0.6971381300125880E+00
+0.3058559545864000E+02 +0.8115698235546325E+00 +0.7969220716294985E+00 +0.7032167507654549E+00
+0.3062187730378667E+02 +0.8166901914121909E+00 +0.8066884466752990E+00 +0.7064312158515095E+00
+0.3065815914893334E+02 +0.8158895288513767E+00 +0.8215569973138590E+00 +0.7043169839906436E+00
+0.3069444099408000E+02 +0.8059545045671302E+00 +0.8383872864852819E+00 +0.6943978336324534E+00
+0.3073072283922667E+02 +0.7849618722178314E+00 +0.8515920631177988E+00 +0.6757810823188738E+00
+0.3076700468437334E+02 +0.7558922642606041E+00 +0.8525390116720994E+00 +0.6517544831915367E+00
+0.3080328652952000E+02 +0.7303184520317183E+00 +0.8374202952178509E+00 +0.6304417501140946E+00
+0.3083956837466667E+02 +0.7178876099753593E+00 +0.8143636591054876E+00 +0.6186316868393511E+00
+0.3087585021981334E+02 +0.7177259576151548E+00 +0.7929961585682535E+00 +0.6170081982639932E+00
+0.3091213206496000E+02 +0.7263675540367851E+00 +0.7778802662840615E+00 +0.6229184866375160E+00
+0.3094841391010667E+02 +0.7394166346902857E+00 +0.7732175660229490E+00 +0.6321421319913351E+00
+0.3098469575525334E+02 +0.7491632267769306E+00 +0.7791922501135847E+00 +0.6391539070224289E+00
+0.3102097760040000E+02 +0.7514041170318506E+00 +0.7907996852718676E+00 +0.6402077358179971E+00
+0.3105725944554667E+02 +0.7451965739416345E+00 +0.8047313087891141E+00 +0.6336290134180882E+00
+0.3109354129069334E+02 +0.7279984817144400E+00 +0.8163770784224398E+00 +0.6184506650451825E+00
+0.3112982313584000E+02 +0.7021755260752907E+00 +0.8164308545596439E+00 +0.5975954693642749E+00
+0.3116610498098667E+02 +0.6798074442260685E+00 +0.8002443128543151E+00 +0.5796304878013985E+00
+0.3120238682613334E+02 +0.6725930782665044E+00 +0.7764666911662934E+00 +0.5723692723310196E+00
+0.3123866867128000E+02 +0.6794374934935561E+00 +0.7594418306731918E+00 +0.5753487609193326E+00
+0.3127495051642667E+02 +0.6888993364648874E+00 +0.7549054340876749E+00 +0.5812837576618348E+00
+0.3131123236157334E+02 +0.6930361209394811E+00 +0.7573697017964747E+00 +0.5842697714487225E+00
+0.3134751420672000E+02 +0.6924649925699415E+00 +0.7617250541693739E+00 +0.5831428938313375E+00
+0.3138379605186667E+02 +0.6870663832683063E+00 +0.7674101132931754E+00 +0.5776162817051987E+00
+0.3142007789701334E+02 +0.6754774653446881E+00 +0.7701944907275560E+00 +0.5678511007915328E+00
+0.3145635974216000E+02 +0.6627891792872940E+00 +0.7661415221975979E+00 +0.5570777092489760E+00
+0.3149264158730667E+02 +0.6543089530056591E+00 +0.7582180103503358E+00 +0.5489169832993117E+00
+0.3152892343245334E+02 +0.6503089894230667E+00 +0.7514564910165082E+00 +0.5438458491966294E+00
+0.3156520527760000E+02 +0.6476482920858161E+00 +0.7486790135351105E+00 +0.5397060877650234E+00
+0.3160148712274667E+02 +0.6425051515292788E+00 +0.7502596532011838E+00 +0.5332620534182622E+00
+0.3163776896789334E+02 +0.6302396036299935E+00 +0.7532328771044634E+00 +0.5216017676439341E+00
+0.3167405081304000E+02 +0.6110264122629834E+00 +0.7499975850243199E+00 +0.5053336616728610E+00
+0.3171033265818667E+02 +0.5925461843174891E+00 +0.7370361284959774E+00 +0.4893791596339653E+00
+0.3174661450333333E+02 +0.5805815577372549E+00 +0.7197926019185026E+00 +0.4774829174694508E+00
+0.3178289634848000E+02 +0.5719749131331578E+00 +0.7034818433004424E+00 +0.4686092344625123E+00
+0.3181917819362667E+02 +0.5634155207083685E+00 +0.6854794681407120E+00 +0.4612277197300162E+00
+0.3185546003877333E+02 +0.5582347593428951E+00 +0.6629379304425136E+00 +0.4572463811625243E+00
+0.3189174188392000E+02 +0.5608851663500551E+00 +0.6388101670379399E+00 +0.4594052604826587E+00
+0.3192802372906667E+02 +0.5713054722284125E+00 +0.6189116790381907E+00 +0.4675903078980312E+00
+0.3196430557421333E+02 +0.5849581311824207E+00 +0.6072442745303548E+00 +0.4783546312181486E+00
+0.3200058741936000E+02 +0.5953373143098459E+00 +0.6026829944765701E+00 +0.4873170249197073E+00
+0.3203686926450667E+02 +0.6009568290970541E+00 +0.5989894208213924E+00 +0.4933094356390032E+00
+0.3207315110965333E+02 +0.6064861408235498E+00 +0.5949027427191204E+00 +0.4981635718264928E+00
+0.3210943295480000E+02 +0.6109800733553981E+00 +0.5945954110350350E+00 +0.5012589727796595E+00
+0.3214571479994667E+02 +0.6091041230648886E+00 +0.5954217095140303E+00 +0.5001710465827519E+00
+0.3218199664509334E+02 +0.6031834515715759E+00 +0.5909159500933866E+00 +0.4961815828315529E+00
+0.3221827849024000E+02 +0.5989019516676045E+00 +0.5817756719132527E+00 +0.4926432940817040E+00
+0.3225456033538667E+02 +0.5964468134392141E+00 +0.5709231933920580E+00 +0.4906976451930344E+00
+0.3229084218053333E+02 +0.5960611724896174E+00 +0.5574766080427876E+00 +0.4910715795138215E+00
+0.3232712402568000E+02 +0.6007457825948075E+00 +0.5435386121014343E+00 +0.4949753002603139E+00
+0.3236340587082667E+02 +0.6083233861176232E+00 +0.5333184749864366E+00 +0.5012334543941104E+00
+0.3239968771597333E+02 +0.6152472402379761E+00 +0.5254633536912379E+00 +0.5078032652627371E+00
+0.3243596956112000E+02 +0.6222641082589599E+00 +0.5180851908129268E+00 +0.5145445826681929E+00
+0.3247225140626667E+02 +0.6300859299030478E+00 +0.5116800560945507E+00 +0.5219122112497301E+00
+0.3250853325141333E+02 +0.6388475925759500E+00 +0.5066532122903398E+00 +0.5300167334680947E+00
+0.3254481509656000E+02 +0.6485478630507475E+00 +0.5043448001581599E+00 +0.5384757158881348E+00
+0.3258109694170667E+02 +0.6572152421527820E+00 +0.5061441069059852E+00 +0.5457205847069106E+00
+0.3261737878685333E+02 +0.6616563394850418E+00 +0.5114263165796928E+00 +0.5493780875562690E+00
+0.3265366063200000E+02 +0.6594519173748365E+00 +0.5164778708922939E+00 +0.5480424093193965E+00
+0.3268994247714667E+02 +0.6525442255842342E+00 +0.5163262403570965E+00 +0.5431507842229976E+00
+0.3272622432229333E+02 +0.6458130051696468E+00 +0.5099485485890578E+00 +0.5380270304226922E+00
+0.3276250616744000E+02 +0.6421130325785707E+00 +0.4994621988994978E+00 +0.5351990069457941E+00
+0.3279878801258667E+02 +0.6425454654390996E+00 +0.4870731025255127E+00 +0.5357824438125425E+00
+0.3283506985773333E+02 +0.6471955477209617E+00 +0.4752181635169367E+00 +0.5398062190163235E+00
+0.3287135170288000E+02 +0.6546404070477052E+00 +0.4659094971608850E+00 +0.5461694857617040E+00
+0.3290763354802667E+02 +0.6624532703970177E+00 +0.4596008104238021E+00 +0.5531388624168440E+00
+0.3294391539317333E+02 +0.6692166517149777E+00 +0.4546196083493033E+00 +0.5596779135882876E+00
+0.3298019723832000E+02 +0.6755671160442153E+00 +0.4498641018443862E+00 +0.5658887841600035E+00
+0.3301647908346667E+02 +0.6819491047329286E+00 +0.4452117358442507E+00 +0.5721694007830816E+00
+0.3305276092861333E+02 +0.6888324812788220E+00 +0.4408734295125174E+00 +0.5787585595714257E+00
+0.3308904277376000E+02 +0.6959582987704115E+00 +0.4373256585419772E+00 +0.5855630035734967E+00
+0.3312532461890667E+02 +0.7030073282527418E+00 +0.4344077561293084E+00 +0.5923501899164354E+00
+0.3316160646405334E+02 +0.7098197789005480E+00 +0.4318328907988533E+00 +0.5990829742070471E+00
+0.3319788830920000E+02 +0.7170087971511774E+00 +0.4290496162064944E+00 +0.6061956063730585E+00
+0.3323417015434667E+02 +0.7255571143333178E+00 +0.4271452387135123E+00 +0.6140647244996902E+00
+0.3327045199949333E+02 +0.7343254839662277E+00 +0.4275636774661370E+00 +0.6219933781927229E+00
+0.3330673384464000E+02 +0.7416513083751564E+00 +0.4298669771670600E+00 +0.6288267417765422E+00
+0.3334301568978667E+02 +0.7468851207897051E+00 +0.4325904050911435E+00 +0.6341326680894261E+00
+0.3337929753493334E+02 +0.7511745434312813E+00 +0.4343797135502532E+00 +0.6385996503859732E+00
+0.3341557938008000E+02 +0.7559959359553761E+00 +0.4363171036743128E+00 +0.6429469701793753E+00
+0.3345186122522667E+02 +0.7602687027213916E+00 +0.4400513091116043E+00 +0.6465034725814024E+00
+0.3348814307037333E+02 +0.7617506242805686E+00 +0.4451890020055700E+00 +0.6477422198903815E+00
+0.3352442491552000E+02 +0.7589793431585711E+00 +0.4492044235236846E+00 +0.6458381493386116E+00
+0.3356070676066667E+02 +0.7532871246503969E+00 +0.4483509489120221E+00 +0.6420868897835617E+00
+0.3359698860581333E+02 +0.7495871159435257E+00 +0.4411325433147875E+00 +0.6399779909681869E+00
+0.3363327045096000E+02 +0.7523029752824791E+00 +0.4316311764990076E+00 +0.6422832518478381E+00
+0.3366955229610667E+02 +0.7596572556334740E+00 +0.4253167107286548E+00 +0.6481820301681309E+00
+0.3370583414125333E+02 +0.7674155853011783E+00 +0.4227673173042529E+00 +0.6549558996184418E+00
+0.3374211598640000E+02 +0.7738677351860662E+00 +0.4218735814176904E+00 +0.6611137771217852E+00
+0.3377839783154667E+02 +0.7795824571053959E+00 +0.4212128000802896E+00 +0.6667005004428799E+00
+0.3381467967669333E+02 +0.7851130703384336E+00 +0.4208491127146040E+00 +0.6720043974725627E+00
+0.3385096152184000E+02 +0.7900814512092703E+00 +0.4206384487568969E+00 +0.6770074694926301E+00
+0.3388724336698667E+02 +0.7950006900200369E+00 +0.4194408484438810E+00 +0.6822417342369791E+00
+0.3392352521213333E+02 +0.8018726940512021E+00 +0.4176051317847140E+00 +0.6888893549071260E+00
+0.3395980705728000E+02 +0.8113544941356301E+00 +0.4177415932715051E+00 +0.6971767515387077E+00
+0.3399608890242666E+02 +0.8210016310184082E+00 +0.4218998572120942E+00 +0.7055033849374956E+00
+0.3403237074757333E+02 +0.8282137580567117E+00 +0.4288955012623901E+00 +0.7120359143923556E+00
+0.3406865259272000E+02 +0.8325305583591651E+00 +0.4371851215466827E+00 +0.7159839505180590E+00
+0.3410493443786667E+02 +0.8334979343489008E+00 +0.4457965422466655E+00 +0.7169770567154869E+00
+0.3414121628301334E+02 +0.8307292524898375E+00 +0.4529877985878965E+00 +0.7149578461584820E+00
+0.3417749812816000E+02 +0.8253504159141350E+00 +0.4562579060518049E+00 +0.7110635725786310E+00
+0.3421377997330666E+02 +0.8207934863201123E+00 +0.4544964270980926E+00 +0.7078360985074028E+00
+0.3425006181845333E+02 +0.8205214180320297E+00 +0.4501757315186566E+00 +0.7075284115318090E+00
+0.3428634366360000E+02 +0.8238307538572924E+00 +0.4477330972749229E+00 +0.7097685938336505E+00
+0.3432262550874667E+02 +0.8269897178506551E+00 +0.4475777790604377E+00 +0.7125243602638045E+00
+0.3435890735389334E+02 +0.8296008910699084E+00 +0.4475244204744481E+00 +0.7150785756160537E+00
+0.3439518919904000E+02 +0.8323037079657050E+00 +0.4478232586866505E+00 +0.7175106627926227E+00
+0.3443147104418667E+02 +0.8340770910229850E+00 +0.4477435213788027E+00 +0.7197180867927473E+00
+0.3446775288933333E+02 +0.8367008456019406E+00 +0.4453360881704304E+00 +0.7229482070713398E+00
+0.3450403473448000E+02 +0.8434507586591926E+00 +0.4424573439996213E+00 +0.7290382665997410E+00
+0.3454031657962666E+02 +0.8538120686841199E+00 +0.4435155882157819E+00 +0.7375536744758734E+00
+0.3457659842477334E+02 +0.8638593240797213E+00 +0.4501934197981470E+00 +0.7458456143960727E+00
+0.3461288026992001E+02 +0.8704108203418814E+00 +0.4611620268011966E+00 +0.7512750558645267E+00
+0.3464916211506667E+02 +0.8715855645796842E+00 +0.4739233556217426E+00 +0.7522880264024470E+00
+0.3468544396021333E+02 +0.8670714806086870E+00 +0.4850856626154050E+00 +0.7487731674924835E+00
+0.3472172580536000E+02 +0.8590467026494186E+00 +0.4911747696201115E+00 +0.7426514463140788E+00
+0.3475800765050666E+02 +0.8525927679196248E+00 +0.4914504065236257E+00 +0.7374502084130514E+00
+0.3479428949565333E+02 +0.8510980500094756E+00 +0.4905133502377059E+00 +0.7352934972442073E+00
+0.3483057134080001E+02 +0.8518538414846996E+00 +0.4929123712582861E+00 +0.7347084987674746E+00
+0.3486685318594667E+02 +0.8505566919877153E+00 +0.4982299443316061E+00 +0.7328494171749692E+00
+0.3490313503109333E+02 +0.8458325109027079E+00 +0.5032425302269489E+00 +0.7286078513913300E+00
+0.3493941687624000E+02 +0.8395003927551699E+00 +0.5060552513532836E+00 +0.7228029467784598E+00
+0.3497569872138666E+02 +0.8324303161787405E+00 +0.5074130168847735E+00 +0.7160656007960250E+00
+0.3501198056653333E+02 +0.8238153866869520E+00 +0.5064080959562333E+00 +0.7085153656964538E+00
+0.3504826241168000E+02 +0.8155291465295340E+00 +0.5010044328948986E+00 +0.7015574286180644E+00
+0.3508454425682667E+02 +0.8107580111908106E+00 +0.4921836687336788E+00 +0.6973461042914683E+00
+0.3512082610197334E+02 +0.8106581024173949E+00 +0.4828168830411592E+00 +0.6968384144135608E+00
+0.3515710794712000E+02 +0.8141135797541690E+00 +0.4756784260569659E+00 +0.6992037570678920E+00
+0.3519338979226666E+02 +0.8183278998487332E+00 +0.4714339981170894E+00 +0.7026368559631317E+00
+0.3522967163741333E+02 +0.8220629388082628E+00 +0.4682726572202793E+00 +0.7061811688057151E+00
+0.3526595348256000E+02 +0.8262997863224075E+00 +0.4653317443126731E+00 +0.7101880352575491E+00
+0.3530223532770667E+02 +0.8317633958500374E+00 +0.4631981083378348E+00 +0.7151448767231496E+00
+0.3533851717285334E+02 +0.8385803617992915E+00 +0.4631138300750904E+00 +0.7209084706903640E+00
+0.3537479901800000E+02 +0.8450967487425420E+00 +0.4667151939747417E+00 +0.7261025783902375E+00
+0.3541108086314667E+02 +0.8482067830318804E+00 +0.4729104485758897E+00 +0.7288248449077666E+00
+0.3544736270829333E+02 +0.8476636577963139E+00 +0.4784891178507746E+00 +0.7286916877017546E+00
+0.3548364455344000E+02 +0.8450823874559090E+00 +0.4822622592743255E+00 +0.7266336783632399E+00
+0.3551992639858667E+02 +0.8414133595464868E+00 +0.4836554536332520E+00 +0.7237380768450704E+00
+0.3555620824373334E+02 +0.8384926685030430E+00 +0.4825643096049993E+00 +0.7212840134329813E+00
+0.3559249008888001E+02 +0.8372972006296445E+00 +0.4808163402810064E+00 +0.7198740647141431E+00
+0.3562877193402667E+02 +0.8362523428217022E+00 +0.4794217855903302E+00 +0.7188389953160806E+00
+0.3566505377917333E+02 +0.8348910071138802E+00 +0.4762919080009670E+00 +0.7182383034138013E+00
+0.3570133562432000E+02 +0.8362744569393004E+00 +0.4712268575129032E+00 +0.7196465395011660E+00
+0.3573761746946666E+02 +0.8411962110097716E+00 +0.4675044849986345E+00 +0.7236039442456488E+00
+0.3577389931461334E+02 +0.8474378123702173E+00 +0.4669103060622241E+00 +0.7287454437400167E+00
+0.3581018115976001E+02 +0.8529220551321104E+00 +0.4687924826007976E+00 +0.7335914051943968E+00
+0.3584646300490667E+02 +0.8574465144535692E+00 +0.4717472167825780E+00 +0.7377590715176394E+00
+0.3588274485005334E+02 +0.8617592282099651E+00 +0.4758406425518729E+00 +0.7414326584962969E+00
+0.3591902669520000E+02 +0.8653632377606666E+00 +0.4822032459505790E+00 +0.7440553838497213E+00
+0.3595530854034666E+02 +0.8658939636729126E+00 +0.4909658923158421E+00 +0.7440458305458844E+00
+0.3599159038549333E+02 +0.8616989266511008E+00 +0.4990746841061649E+00 +0.7405512240684806E+00
+0.3602787223064001E+02 +0.8548100614152792E+00 +0.5039457427899787E+00 +0.7346381695154380E+00
+0.3606415407578667E+02 +0.8470995237578720E+00 +0.5054230857209148E+00 +0.7279252713421266E+00
+0.3610043592093334E+02 +0.8401377490784997E+00 +0.5035765138174755E+00 +0.7217880671795679E+00
+0.3613671776608000E+02 +0.8352313890278197E+00 +0.4994356554165587E+00 +0.7173154044468515E+00
+0.3617299961122666E+02 +0.8329737801983154E+00 +0.4940716667645116E+00 +0.7151706990406372E+00
+0.3620928145637333E+02 +0.8341256109354520E+00 +0.4890702620951093E+00 +0.7156443809300563E+00
+0.3624556330152000E+02 +0.8376011521067361E+00 +0.4874983224632640E+00 +0.7175253477356036E+00
+0.3628184514666667E+02 +0.8387539860627389E+00 +0.4900046921533995E+00 +0.7178186062121894E+00
+0.3631812699181334E+02 +0.8347085400160986E+00 +0.4917106095578235E+00 +0.7149180247602696E+00
+0.3635440883696000E+02 +0.8290395687991778E+00 +0.4877434179839902E+00 +0.7111384482622407E+00
+0.3639069068210667E+02 +0.8276795241897053E+00 +0.4791464257227923E+00 +0.7103438708330316E+00
+0.3642697252725333E+02 +0.8321734109568560E+00 +0.4712576793746853E+00 +0.7137952490132248E+00
+0.3646325437240000E+02 +0.8394077226045518E+00 +0.4667733608951370E+00 +0.7199017156710328E+00
+0.3649953621754667E+02 +0.8475681548841132E+00 +0.4648977274024416E+00 +0.7272352079875456E+00
+0.3653581806269334E+02 +0.8569764185165569E+00 +0.4656803662560120E+00 +0.7354318743823816E+00
+0.3657209990784000E+02 +0.8668579305824842E+00 +0.4710958712301245E+00 +0.7433982253122948E+00
+0.3660838175298667E+02 +0.8733312250235290E+00 +0.4819963368900368E+00 +0.7483539039544782E+00
+0.3664466359813333E+02 +0.8725697394389256E+00 +0.4947143363821441E+00 +0.7478518910025735E+00
+0.3668094544328000E+02 +0.8653796650618614E+00 +0.5033626181561784E+00 +0.7425981590063520E+00
+0.3671722728842667E+02 +0.8572771006242257E+00 +0.5050463867145460E+00 +0.7363948716249367E+00
+0.3675350913357334E+02 +0.8533871425103806E+00 +0.5028862878001196E+00 +0.7327164329035232E+00
+0.3678979097872000E+02 +0.8533105118328146E+00 +0.5017882130106175E+00 +0.7317825057345360E+00
+0.3682607282386667E+02 +0.8541308090106488E+00 +0.5029585898202469E+00 +0.7318739552274451E+00
+0.3686235466901334E+02 +0.8545730379129928E+00 +0.5058685857628473E+00 +0.7316573919716900E+00
+0.3689863651416000E+02 +0.8534460260550505E+00 +0.5102014726651662E+00 +0.7301691792782292E+00
+0.3693491835930666E+02 +0.8500423959507675E+00 +0.5142662977908407E+00 +0.7270036724512638E+00
+0.3697120020445334E+02 +0.8453411056441373E+00 +0.5170381891743980E+00 +0.7226082868662612E+00
+0.3700748204960000E+02 +0.8399009427297087E+00 +0.5182755998678350E+00 +0.7176158397127681E+00
+0.3704376389474667E+02 +0.8346558738126965E+00 +0.5179338138467721E+00 +0.7126148032509376E+00
+0.3708004573989334E+02 +0.8296077396331942E+00 +0.5167261669747374E+00 +0.7077659493837702E+00
+0.3711632758504000E+02 +0.8244448346421818E+00 +0.5137876559266432E+00 +0.7032662989247230E+00
+0.3715260943018666E+02 +0.8210515158002051E+00 +0.5083905247438469E+00 +0.7003582742514032E+00
+0.3718889127533333E+02 +0.8213950671620638E+00 +0.5026322633837865E+00 +0.7001546517348101E+00
+0.3722517312048000E+02 +0.8243820641542414E+00 +0.4995092262872730E+00 +0.7019290922636487E+00
+0.3726145496562667E+02 +0.8270691286005067E+00 +0.4995867734198833E+00 +0.7036892637720269E+00
+0.3729773681077334E+02 +0.8275501751316003E+00 +0.5010353446734529E+00 +0.7040214472124072E+00
+0.3733401865592000E+02 +0.8261268834069904E+00 +0.5013031989134012E+00 +0.7031869375622144E+00
+0.3737030050106667E+02 +0.8254334685458919E+00 +0.4993247151662874E+00 +0.7028975427805811E+00
+0.3740658234621333E+02 +0.8277264523819723E+00 +0.4971135233227385E+00 +0.7046325267433098E+00
+0.3744286419136000E+02 +0.8326334463582566E+00 +0.4980381966366556E+00 +0.7079062736103717E+00
+0.3747914603650667E+02 +0.8363488961934405E+00 +0.5041223559485521E+00 +0.7100320470110656E+00
+0.3751542788165334E+02 +0.8347743808862520E+00 +0.5126790625750700E+00 +0.7083310212728042E+00
+0.3755170972680000E+02 +0.8280732962109369E+00 +0.5190865518919614E+00 +0.7027312124427921E+00
+0.3758799157194667E+02 +0.8194669652955660E+00 +0.5210764811995832E+00 +0.6954138675183812E+00
+0.3762427341709333E+02 +0.8120636909337220E+00 +0.5194061330131217E+00 +0.6887276540421658E+00
+0.3766055526224000E+02 +0.8071331390517020E+00 +0.5163520454364487E+00 +0.6837393637263470E+00
+0.3769683710738667E+02 +0.8039171280838524E+00 +0.5137686537606405E+00 +0.6801157000217120E+00
+0.3773311895253334E+02 +0.8011649435267624E+00 +0.5122606231618724E+00 +0.6768664103353228E+00
+0.3776940079768000E+02 +0.7973682540764895E+00 +0.5115466413708926E+00 +0.6729285480551517E+00
+0.3780568264282667E+02 +0.7918922228072965E+00 +0.5097277932808664E+00 +0.6680050560465793E+00
+0.3784196448797334E+02 +0.7862175013982943E+00 +0.5054035555974845E+00 +0.6630442573555175E+00
+0.3787824633312000E+02 +0.7821702562017208E+00 +0.4985681724633417E+00 +0.6595678402351213E+00
+0.3791452817826667E+02 +0.7817706642328826E+00 +0.4906418157333813E+00 +0.6588970883296108E+00
+0.3795081002341334E+02 +0.7850805049593570E+00 +0.4851416226886597E+00 +0.6607669575113599E+00
+0.3798709186856000E+02 +0.7883922299898019E+00 +0.4839581255830352E+00 +0.6628099423454993E+00
+0.3802337371370667E+02 +0.7886763471581003E+00 +0.4845681725991507E+00 +0.6629820146913913E+00
+0.3805965555885334E+02 +0.7866673440637796E+00 +0.4837417895876531E+00 +0.6616128401974937E+00
+0.3809593740400000E+02 +0.7853883786561415E+00 +0.4807421488657683E+00 +0.6605897341962534E+00
+0.3813221924914667E+02 +0.7865963666719866E+00 +0.4785030440353349E+00 +0.6607874233991606E+00
+0.3816850109429334E+02 +0.7873653634294504E+00 +0.4799650769799112E+00 +0.6602846777092315E+00
+0.3820478293944000E+02 +0.7831633872501939E+00 +0.4826717997944200E+00 +0.6565248500179179E+00
+0.3824106478458667E+02 +0.7750038724294871E+00 +0.4809815647244207E+00 +0.6501368029841061E+00
+0.3827734662973333E+02 +0.7677883601061035E+00 +0.4738046080250459E+00 +0.6442188069206805E+00
+0.3831362847488000E+02 +0.7640079542590796E+00 +0.4630207111317043E+00 +0.6412443350420706E+00
+0.3834991032002667E+02 +0.7657426474282489E+00 +0.4504133144360136E+00 +0.6428740520142880E+00
+0.3838619216517333E+02 +0.7741402788412987E+00 +0.4405347527828627E+00 +0.6493501562551756E+00
+0.3842247401032000E+02 +0.7852434802770821E+00 +0.4381229734584051E+00 +0.6576905430917942E+00
+0.3845875585546667E+02 +0.7922389850926601E+00 +0.4423834700186252E+00 +0.6632746947228760E+00
+0.3849503770061333E+02 +0.7922724670852456E+00 +0.4469542798790384E+00 +0.6641726366480599E+00
+0.3853131954576000E+02 +0.7894491038007641E+00 +0.4469286930457629E+00 +0.6627220797669320E+00
+0.3856760139090667E+02 +0.7885148286001089E+00 +0.4438208055823955E+00 +0.6620377332160241E+00
+0.3860388323605333E+02 +0.7898125295033802E+00 +0.4409086252124355E+00 +0.6628226117086462E+00
+0.3864016508120000E+02 +0.7915963212307329E+00 +0.4394622191052006E+00 +0.6640222692003251E+00
+0.3867644692634667E+02 +0.7922390200601228E+00 +0.4387374856122706E+00 +0.6645856466778572E+00
+0.3871272877149333E+02 +0.7918677938112578E+00 +0.4370174531061815E+00 +0.6645680105296755E+00
+0.3874901061664000E+02 +0.7919921937818477E+00 +0.4338760621331287E+00 +0.6648994947893696E+00
+0.3878529246178667E+02 +0.7935169282281034E+00 +0.4300782920694933E+00 +0.6663721336965704E+00
+0.3882157430693333E+02 +0.7969899042345303E+00 +0.4266694911707144E+00 +0.6692928889040753E+00
+0.3885785615208000E+02 +0.8017199017407215E+00 +0.4255201452344467E+00 +0.6729909891933857E+00
+0.3889413799722667E+02 +0.8053984079593653E+00 +0.4266125576783557E+00 +0.6760935248680568E+00
+0.3893041984237333E+02 +0.8075287757440051E+00 +0.4285338381869747E+00 +0.6778860985211642E+00
+0.3896670168752000E+02 +0.8078322903036781E+00 +0.4309027051205457E+00 +0.6780702829389522E+00
+0.3900298353266667E+02 +0.8058836830934524E+00 +0.4321414070779154E+00 +0.6766700365533733E+00
+0.3903926537781333E+02 +0.8033265927043794E+00 +0.4308321930037260E+00 +0.6747678271914794E+00
+0.3907554722296000E+02 +0.8019663103821313E+00 +0.4276755060407048E+00 +0.6736289827138620E+00
+0.3911182906810667E+02 +0.8020938474942135E+00 +0.4237883472961359E+00 +0.6737740181828933E+00
+0.3914811091325333E+02 +0.8039790415992936E+00 +0.4197672672975961E+00 +0.6753692068479720E+00
+0.3918439275840000E+02 +0.8074259073797607E+00 +0.4169520857689715E+00 +0.6781208090997981E+00
+0.3922067460354667E+02 +0.8109853864462971E+00 +0.4157811969378532E+00 +0.6811296752382459E+00
+0.3925695644869333E+02 +0.8139333889741339E+00 +0.4153029309039157E+00 +0.6838684134909625E+00
+0.3929323829384000E+02 +0.8169154151261788E+00 +0.4151715643113245E+00 +0.6864440158357760E+00
+0.3932952013898667E+02 +0.8194718887175010E+00 +0.4162989091761173E+00 +0.6884613089912204E+00
+0.3936580198413333E+02 +0.8200484461573417E+00 +0.4176122394943973E+00 +0.6892444591496748E+00
+0.3940208382928000E+02 +0.8196441128341279E+00 +0.4169498948209489E+00 +0.6894397880763683E+00
+0.3943836567442667E+02 +0.8206227971313607E+00 +0.4145147359139317E+00 +0.6905666710916933E+00
+0.3947464751957333E+02 +0.8239416148061741E+00 +0.4122119524701985E+00 +0.6933616884285118E+00
+0.3951092936472000E+02 +0.8287739338844352E+00 +0.4119645565911940E+00 +0.6971969236372663E+00
+0.3954721120986667E+02 +0.8329530335736979E+00 +0.4141728058993537E+00 +0.7006490717400293E+00
+0.3958349305501334E+02 +0.8353773395182598E+00 +0.4172947602565716E+00 +0.7028616573988948E+00
+0.3961977490016000E+02 +0.8365081746413449E+00 +0.4203882656156870E+00 +0.7038970296971321E+00
+0.3965605674530667E+02 +0.8365846857297370E+00 +0.4230640383226844E+00 +0.7040503070839417E+00
+0.3969233859045333E+02 +0.8362084306829322E+00 +0.4248662415030742E+00 +0.7038106404351687E+00
+0.3972862043560000E+02 +0.8363547845792529E+00 +0.4261125447792179E+00 +0.7037974929994886E+00
+0.3976490228074667E+02 +0.8371893463861335E+00 +0.4282967009328928E+00 +0.7039210133372271E+00
+0.3980118412589334E+02 +0.8367763470669580E+00 +0.4322787004735403E+00 +0.7029376259225766E+00
+0.3983746597104000E+02 +0.8332163668050440E+00 +0.4363440774989419E+00 +0.6996524131035573E+00
+0.3987374781618667E+02 +0.8268564479323969E+00 +0.4375459513830025E+00 +0.6944854962170033E+00
+0.3991002966133333E+02 +0.8208294892645819E+00 +0.4341105545869976E+00 +0.6896830613180079E+00
+0.3994631150648000E+02 +0.8186278189859243E+00 +0.4279532222127740E+00 +0.6875702853068211E+00
+0.3998259335162667E+02 +0.8203742763947794E+00 +0.4228980930230353E+00 +0.6883520025451340E+00
+0.4001887519677333E+02 +0.8232582325914038E+00 +0.4206504303713182E+00 +0.6903048545552942E+00
+0.4005515704192000E+02 +0.8252584233779583E+00 +0.4197270566103177E+00 +0.6920700466385274E+00
+0.4009143888706667E+02 +0.8271843266692174E+00 +0.4187930745068270E+00 +0.6937712917124066E+00
+0.4012772073221333E+02 +0.8295981354289756E+00 +0.4186565325737496E+00 +0.6956507373540708E+00
+0.4016400257736000E+02 +0.8317070604201501E+00 +0.4195013210545642E+00 +0.6974008693601590E+00
+0.4020028442250667E+02 +0.8337691505529086E+00 +0.4210690797939028E+00 +0.6989092224324727E+00
+0.4023656626765333E+02 +0.8353348432422831E+00 +0.4247107780825394E+00 +0.6995035518655481E+00
+0.4027284811280000E+02 +0.8336417323452092E+00 +0.4300777536850713E+00 +0.6975584687110671E+00
+0.4030912995794667E+02 +0.8276766742124688E+00 +0.4338672357029532E+00 +0.6924753836671126E+00
+0.4034541180309333E+02 +0.8194926054501004E+00 +0.4334104708787201E+00 +0.6856718237208683E+00
+0.4038169364824000E+02 +0.8120952660300520E+00 +0.4281513086727249E+00 +0.6795325333504532E+00
+0.4041797549338667E+02 +0.8083250713564758E+00 +0.4195844127059625E+00 +0.6761602016961135E+00
+0.4045425733853333E+02 +0.8088529249437231E+00 +0.4110924177947883E+00 +0.6760169764566508E+00
+0.4049053918368000E+02 +0.8112524874647777E+00 +0.4044599869296437E+00 +0.6778025629429321E+00
+0.4052682102882667E+02 +0.8141606037446411E+00 +0.3982617163935031E+00 +0.6806458027951544E+00
+0.4056310287397334E+02 +0.8188903090194068E+00 +0.3920539109504394E+00 +0.6849712456513830E+00
+0.4059938471912000E+02 +0.8255017210584109E+00 +0.3875062245185532E+00 +0.6907287378853548E+00
+0.4063566656426666E+02 +0.8323833141975572E+00 +0.3846259232961478E+00 +0.6971632992935012E+00
+0.4067194840941333E+02 +0.8399420702503773E+00 +0.3821949080501069E+00 +0.7043997973394408E+00
+0.4070823025456000E+02 +0.8495764946865527E+00 +0.3811800772130338E+00 +0.7130553993995130E+00
+0.4074451209970667E+02 +0.8607817924822722E+00 +0.3838594525098982E+00 +0.7225959924304728E+00
+0.4078079394485334E+02 +0.8709339912986230E+00 +0.3917363006984041E+00 +0.7309182098542312E+00
+0.4081707579000000E+02 +0.8762466306930672E+00 +0.4035564284191598E+00 +0.7354226111411826E+00
+0.4085335763514666E+02 +0.8754392554762366E+00 +0.4148756209763257E+00 +0.7353154998985338E+00
+0.4088963948029333E+02 +0.8715710042826124E+00 +0.4227227260406849E+00 +0.7323363010980293E+00
+0.4092592132544000E+02 +0.8671197198692373E+00 +0.4282475034610392E+00 +0.7281977737410664E+00
+0.4096220317058666E+02 +0.8615897530189444E+00 +0.4319856654847000E+00 +0.7232984616290230E+00
+0.4099848501573334E+02 +0.8559654459891624E+00 +0.4325509003970812E+00 +0.7185530524848730E+00
+0.4103476686088000E+02 +0.8528848059190586E+00 +0.4309394011664377E+00 +0.7155119383716713E+00
+0.4107104870602667E+02 +0.8525546967481522E+00 +0.4301999879043760E+00 +0.7143237461725889E+00
+0.4110733055117333E+02 +0.8524685852023024E+00 +0.4320972885474699E+00 +0.7132663701130552E+00
+0.4114361239632000E+02 +0.8496841681715268E+00 +0.4349832377692268E+00 +0.7106043837839344E+00
+0.4117989424146666E+02 +0.8450898353206843E+00 +0.4356555924574285E+00 +0.7066843619102791E+00
+0.4121617608661333E+02 +0.8410584433299451E+00 +0.4343776175907403E+00 +0.7028550225071031E+00
+0.4125245793176001E+02 +0.8375604890682966E+00 +0.4321192125408763E+00 +0.6995388414225767E+00
+0.4128873977690667E+02 +0.8346561953873894E+00 +0.4282731691599455E+00 +0.6970777198317947E+00
+0.4132502162205333E+02 +0.8340712394694557E+00 +0.4229080497330324E+00 +0.6965018372958570E+00
+0.4136130346720000E+02 +0.8365973230369346E+00 +0.4184068639413523E+00 +0.6981674473384301E+00
+0.4139758531234666E+02 +0.8403193842890264E+00 +0.4164358538413329E+00 +0.7009365695810501E+00
+0.4143386715749333E+02 +0.8434637628216672E+00 +0.4163223778117205E+00 +0.7035019708590537E+00
+0.4147014900264000E+02 +0.8456167553987268E+00 +0.4169608751772641E+00 +0.7053712825170479E+00
+0.4150643084778667E+02 +0.8469058719481219E+00 +0.4176249396925443E+00 +0.7065798610980467E+00
+0.4154271269293334E+02 +0.8476970715197781E+00 +0.4173983734168898E+00 +0.7076499908007634E+00
+0.4157899453808000E+02 +0.8499251168387050E+00 +0.4160190392607103E+00 +0.7097653209697863E+00
+0.4161527638322666E+02 +0.8545947069623419E+00 +0.4159373345028410E+00 +0.7134205398423943E+00
+0.4165155822837333E+02 +0.8598375188179703E+00 +0.4190348592544130E+00 +0.7174063747022383E+00
+0.4168784007352000E+02 +0.8631461271117987E+00 +0.4249041091898563E+00 +0.7199666914568019E+00
+0.4172412191866667E+02 +0.8636321071051465E+00 +0.4312574755471348E+00 +0.7204397324856641E+00
+0.4176040376381334E+02 +0.8626397042116026E+00 +0.4369677467480845E+00 +0.7193893369145258E+00
+0.4179668560896000E+02 +0.8606268959602643E+00 +0.4424980555867459E+00 +0.7172440389951849E+00
+0.4183296745410667E+02 +0.8575131449865674E+00 +0.4476517034759578E+00 +0.7140967416770325E+00
+0.4186924929925333E+02 +0.8537365971208589E+00 +0.4527035887915080E+00 +0.7099751863703716E+00
+0.4190553114440000E+02 +0.8481242576062173E+00 +0.4585054085657648E+00 +0.7040479007621383E+00
+0.4194181298954667E+02 +0.8386240648848822E+00 +0.4629673734764661E+00 +0.6954510947055486E+00
+0.4197809483469334E+02 +0.8270997301858716E+00 +0.4624969259844555E+00 +0.6855216272626615E+00
+0.4201437667984001E+02 +0.8176863685164653E+00 +0.4573527706743593E+00 +0.6769582400096066E+00
+0.4205065852498667E+02 +0.8119488761554341E+00 +0.4505167466136036E+00 +0.6711200865608457E+00
+0.4208694037013333E+02 +0.8088535121188587E+00 +0.4442165543668328E+00 +0.6675287531123097E+00
+0.4212322221528000E+02 +0.8069130332518493E+00 +0.4386726812949129E+00 +0.6652371206106136E+00
+0.4215950406042666E+02 +0.8057553012947717E+00 +0.4336093815000215E+00 +0.6637228137568192E+00
+0.4219578590557334E+02 +0.8049703207138372E+00 +0.4288406780568960E+00 +0.6627548787160741E+00
+0.4223206775072001E+02 +0.8048200598784908E+00 +0.4239118648370958E+00 +0.6624315281220032E+00
+0.4226834959586667E+02 +0.8056872188490548E+00 +0.4192170248310959E+00 +0.6629433221225346E+00
+0.4230463144101333E+02 +0.8073806200090108E+00 +0.4151840392908249E+00 +0.6641803337418315E+00
+0.4234091328616000E+02 +0.8094933986669843E+00 +0.4121039382231479E+00 +0.6657832813513509E+00
+0.4237719513130666E+02 +0.8113805999782568E+00 +0.4096279743090393E+00 +0.6674402171823188E+00
+0.4241347697645333E+02 +0.8136130894446214E+00 +0.4071037099989174E+00 +0.6694021969191282E+00
+0.4244975882160001E+02 +0.8167658546809693E+00 +0.4056491231849155E+00 +0.6717690122840555E+00
+0.4248604066674667E+02 +0.8193016371066153E+00 +0.4060230285674020E+00 +0.6736645061342036E+00
+0.4252232251189334E+02 +0.8200504193421849E+00 +0.4069673036539420E+00 +0.6742761859999963E+00
+0.4255860435704000E+02 +0.8192157941053893E+00 +0.4069941361350902E+00 +0.6737558594145119E+00
+0.4259488620218666E+02 +0.8182263413458859E+00 +0.4050130748072672E+00 +0.6731909254392832E+00
+0.4263116804733333E+02 +0.8190132272517988E+00 +0.4020631620753535E+00 +0.6736882366084056E+00
+0.4266744989248000E+02 +0.8208964188804195E+00 +0.4000375901608622E+00 +0.6750620806956301E+00
+0.4270373173762667E+02 +0.8227448678185147E+00 +0.3982646965842928E+00 +0.6768109715510359E+00
+0.4274001358277334E+02 +0.8255831560112747E+00 +0.3963301940349343E+00 +0.6793227120762672E+00
+0.4277629542792000E+02 +0.8299140329773764E+00 +0.3956243260890335E+00 +0.6827917024405297E+00
+0.4281257727306667E+02 +0.8345516386288596E+00 +0.3974912064776328E+00 +0.6863183580634986E+00
+0.4284885911821333E+02 +0.8374274100779480E+00 +0.4018179194835770E+00 +0.6884200767205155E+00
+0.4288514096336000E+02 +0.8372216698434976E+00 +0.4067767789415659E+00 +0.6881837124214004E+00
+0.4292142280850667E+02 +0.8346234647148060E+00 +0.4103276235469109E+00 +0.6859701119589263E+00
+0.4295770465365334E+02 +0.8309906374806555E+00 +0.4120701752677809E+00 +0.6826858522647821E+00
+0.4299398649880000E+02 +0.8268864421547457E+00 +0.4117476523007826E+00 +0.6791364609858186E+00
+0.4303026834394667E+02 +0.8237614228189096E+00 +0.4090849851286771E+00 +0.6764170179322242E+00
+0.4306655018909333E+02 +0.8230785753538350E+00 +0.4053293399479010E+00 +0.6755515419577178E+00
+0.4310283203424000E+02 +0.8249469752754777E+00 +0.4025776009253370E+00 +0.6765579283186015E+00
+0.4313911387938667E+02 +0.8277502301138415E+00 +0.4023647176054672E+00 +0.6782847677320596E+00
+0.4317539572453334E+02 +0.8294620214101307E+00 +0.4044791741021726E+00 +0.6792063790795453E+00
+0.4321167756968000E+02 +0.8288455767685512E+00 +0.4076115376433501E+00 +0.6783234133639959E+00
+0.4324795941482667E+02 +0.8258192497206693E+00 +0.4100177877419298E+00 +0.6755508487963724E+00
+0.4328424125997334E+02 +0.8214368071615429E+00 +0.4105321159439970E+00 +0.6716123273827213E+00
+0.4332052310512000E+02 +0.8168797166735607E+00 +0.4090678578242954E+00 +0.6674079980309319E+00
+0.4335680495026666E+02 +0.8127210833865622E+00 +0.4058909776141503E+00 +0.6635689370123656E+00
+0.4339308679541334E+02 +0.8095409143536105E+00 +0.4009888192773068E+00 +0.6606926501825535E+00
+0.4342936864056000E+02 +0.8083110126622928E+00 +0.3948015358482628E+00 +0.6594867869672419E+00
+0.4346565048570667E+02 +0.8096135512076186E+00 +0.3884739133482291E+00 +0.6603894473871812E+00
+0.4350193233085334E+02 +0.8133053116907705E+00 +0.3834750502678757E+00 +0.6631926265748361E+00
+0.4353821417600000E+02 +0.8181667874730367E+00 +0.3809910370639047E+00 +0.6669533413013067E+00
+0.4357449602114666E+02 +0.8226032049065995E+00 +0.3812480519957521E+00 +0.6703073152959391E+00
+0.4361077786629333E+02 +0.8246938902852864E+00 +0.3836765092480654E+00 +0.6717789263703504E+00
+0.4364705971144000E+02 +0.8231368112238991E+00 +0.3855929582273598E+00 +0.6707297388633849E+00
+0.4368334155658667E+02 +0.8199373391961200E+00 +0.3840722325302072E+00 +0.6685386096551074E+00
+0.4371962340173334E+02 +0.8185903845589404E+00 +0.3795381002825247E+00 +0.6674854157260930E+00
+0.4375590524688000E+02 +0.8201010650394769E+00 +0.3748599309294618E+00 +0.6684176472487043E+00
+0.4379218709202667E+02 +0.8228620044268471E+00 +0.3716750218902648E+00 +0.6704627263407278E+00
+0.4382846893717333E+02 +0.8252899564743436E+00 +0.3694390284557623E+00 +0.6725832447791731E+00
+0.4386475078232000E+02 +0.8274630755445835E+00 +0.3667428078817745E+00 +0.6748020378379700E+00
+0.4390103262746667E+02 +0.8309225528337529E+00 +0.3635776871477615E+00 +0.6779040627900839E+00
+0.4393731447261334E+02 +0.8357846655330960E+00 +0.3618388243903846E+00 +0.6818398322601888E+00
+0.4397359631776000E+02 +0.8399697385411393E+00 +0.3618989090044117E+00 +0.6854724066080908E+00
+0.4400987816290667E+02 +0.8427867063371116E+00 +0.3619209555174311E+00 +0.6883110728869395E+00
+0.4404616000805333E+02 +0.8454414040673111E+00 +0.3609461654713048E+00 +0.6910171734283792E+00
+0.4408244185320000E+02 +0.8488869925853699E+00 +0.3592360818324291E+00 +0.6944132793142088E+00
+0.4411872369834667E+02 +0.8540130987988099E+00 +0.3571261833466981E+00 +0.6992628156223766E+00
+0.4415500554349334E+02 +0.8617944869029991E+00 +0.3563652277340904E+00 +0.7059141877210149E+00
+0.4419128738864000E+02 +0.8707065278892252E+00 +0.3593171410160724E+00 +0.7132629760859681E+00
+0.4422756923378667E+02 +0.8779614858296270E+00 +0.3659221663628214E+00 +0.7193425867862449E+00
+0.4426385107893334E+02 +0.8820394809851947E+00 +0.3744791667314340E+00 +0.7228435835813041E+00
+0.4430013292408000E+02 +0.8827018575101339E+00 +0.3832919084705970E+00 +0.7234013189284703E+00
+0.4433641476922667E+02 +0.8801597726349140E+00 +0.3908656577827396E+00 +0.7212556099529199E+00
+0.4437269661437334E+02 +0.8753100071613289E+00 +0.3956452399907980E+00 +0.7172657193215899E+00
+0.4440897845952000E+02 +0.8701113600607558E+00 +0.3964292920203888E+00 +0.7131507172773626E+00
+0.4444526030466667E+02 +0.8676406055452462E+00 +0.3937988843553910E+00 +0.7110853948805995E+00
+0.4448154214981334E+02 +0.8693862245660727E+00 +0.3909016891452144E+00 +0.7121331532639228E+00
+0.4451782399496000E+02 +0.8739806113200245E+00 +0.3903013405488458E+00 +0.7155638930607149E+00
+0.4455410584010666E+02 +0.8797167027833435E+00 +0.3927404833089551E+00 +0.7200080241848164E+00
+0.4459038768525334E+02 +0.8851671685647007E+00 +0.3986426460615864E+00 +0.7240580525319837E+00
+0.4462666953040000E+02 +0.8883500982681476E+00 +0.4077516262129719E+00 +0.7261610126737214E+00
+0.4466295137554667E+02 +0.8878280690738665E+00 +0.4184446064858091E+00 +0.7251904034461267E+00
+0.4469923322069334E+02 +0.8836073984629875E+00 +0.4289479987231983E+00 +0.7209299083157500E+00
+0.4473551506584000E+02 +0.8759634723753311E+00 +0.4385387709611573E+00 +0.7134137138620068E+00
+0.4477179691098667E+02 +0.8642467318523277E+00 +0.4457256672698895E+00 +0.7026796166485791E+00
+0.4480807875613333E+02 +0.8499833289293356E+00 +0.4477616648486967E+00 +0.6899838806310574E+00
+0.4484436060128000E+02 +0.8362050363044673E+00 +0.4443902560899473E+00 +0.6774973335701349E+00
+0.4488064244642667E+02 +0.8245722480833919E+00 +0.4364446538857541E+00 +0.6669695362183453E+00
+0.4491692429157333E+02 +0.8168134016424725E+00 +0.4246195308770515E+00 +0.6599503052100819E+00
+0.4495320613672000E+02 +0.8148185861034739E+00 +0.4109324424230330E+00 +0.6577710614179539E+00
+0.4498948798186667E+02 +0.8188275832795446E+00 +0.3988171229000211E+00 +0.6604497432383810E+00
+0.4502576982701333E+02 +0.8263164778950818E+00 +0.3908701194255115E+00 +0.6662740200372540E+00
+0.4506205167216000E+02 +0.8346773888905995E+00 +0.3866651626448275E+00 +0.6733463252829350E+00
+0.4509833351730667E+02 +0.8433675507982606E+00 +0.3857128663601183E+00 +0.6806124265022071E+00
+0.4513461536245333E+02 +0.8509225404971407E+00 +0.3884686314540965E+00 +0.6868096114258648E+00
+0.4517089720760000E+02 +0.8552269434785316E+00 +0.3933935775932010E+00 +0.6905899150805557E+00
+0.4520717905274667E+02 +0.8563277365893983E+00 +0.3979002084650882E+00 +0.6918262740358075E+00
+0.4524346089789333E+02 +0.8554663770283023E+00 +0.4004041832387204E+00 +0.6915483051564352E+00
+0.4527974274304000E+02 +0.8549867623014586E+00 +0.3997869691542377E+00 +0.6917000639952420E+00
+0.4531602458818667E+02 +0.8580850842046732E+00 +0.3981348594938330E+00 +0.6940983718183350E+00
+0.4535230643333333E+02 +0.8636744928975520E+00 +0.3994914179770212E+00 +0.6981721185721229E+00
+0.4538858827848000E+02 +0.8683473534800077E+00 +0.4040607420762903E+00 +0.7018240155962754E+00
+0.4542487012362667E+02 +0.8709293955194766E+00 +0.4100705594456199E+00 +0.7038879213728603E+00
+0.4546115196877333E+02 +0.8715394747409342E+00 +0.4161329373882295E+00 +0.7043731410763794E+00
+0.4549743381392000E+02 +0.8712237614694927E+00 +0.4214699427874908E+00 +0.7039485378754788E+00
+0.4553371565906667E+02 +0.8709314618159189E+00 +0.4268781580811712E+00 +0.7031056613609485E+00
+0.4556999750421333E+02 +0.8697929099155586E+00 +0.4333521672931816E+00 +0.7013603087272229E+00
+0.4560627934936000E+02 +0.8665566965178582E+00 +0.4401510129820562E+00 +0.6979440431602530E+00
+0.4564256119450667E+02 +0.8611641871571842E+00 +0.4459333746121167E+00 +0.6927554347487499E+00
+0.4567884303965333E+02 +0.8542635472211441E+00 +0.4495879768813364E+00 +0.6863916247431672E+00
+0.4571512488480000E+02 +0.8473576139534601E+00 +0.4503100375532496E+00 +0.6801087518210515E+00
+0.4575140672994667E+02 +0.8426064797729158E+00 +0.4490142881562090E+00 +0.6752800430686496E+00
+0.4578768857509333E+02 +0.8400212683757010E+00 +0.4483018168911714E+00 +0.6719295149424904E+00
+0.4582397042024000E+02 +0.8373368187986093E+00 +0.4485283516208703E+00 +0.6689611248648273E+00
+0.4586025226538667E+02 +0.8346687364548055E+00 +0.4477030716211559E+00 +0.6664346027642027E+00
+0.4589653411053333E+02 +0.8343381890591623E+00 +0.4464990945986460E+00 +0.6654288441225726E+00
+0.4593281595568000E+02 +0.8359291737840345E+00 +0.4478354823903596E+00 +0.6655985896982450E+00
+0.4596909780082667E+02 +0.8365793789753013E+00 +0.4525069939111518E+00 +0.6650339147498392E+00
+0.4600537964597333E+02 +0.8340020148493666E+00 +0.4589432333685678E+00 +0.6619987899461103E+00
+0.4604166149112000E+02 +0.8275964498895483E+00 +0.4639477633652870E+00 +0.6563250599895496E+00
+0.4607794333626667E+02 +0.8204237624077025E+00 +0.4647507909137895E+00 +0.6501474511433214E+00
+0.4611422518141333E+02 +0.8166844101083162E+00 +0.4632984593264823E+00 +0.6460496419806809E+00
+0.4615050702656000E+02 +0.8162685326140432E+00 +0.4639923308326900E+00 +0.6441477588576998E+00
+0.4618678887170667E+02 +0.8161211309870857E+00 +0.4688621930956178E+00 +0.6422717515783625E+00
+0.4622307071685334E+02 +0.8127320593664666E+00 +0.4776728103875227E+00 +0.6376044387153431E+00
+0.4625935256200000E+02 +0.8029695433535260E+00 +0.4871893809270805E+00 +0.6281687079158282E+00
+0.4629563440714667E+02 +0.7880503624449204E+00 +0.4921073403784020E+00 +0.6148983066345939E+00
+0.4633191625229333E+02 +0.7729906703558068E+00 +0.4914286417917291E+00 +0.6008261673429913E+00
+0.4636819809744000E+02 +0.7594776413067665E+00 +0.4881327035040863E+00 +0.5874871855181419E+00
+0.4640447994258667E+02 +0.7460609971633875E+00 +0.4829270216225451E+00 +0.5745917705144188E+00
+0.4644076178773333E+02 +0.7331079539631116E+00 +0.4741021164004985E+00 +0.5626220756693827E+00
+0.4647704363288000E+02 +0.7232533791426974E+00 +0.4616185107662125E+00 +0.5532831851124032E+00
+0.4651332547802667E+02 +0.7180184144272651E+00 +0.4477875641143378E+00 +0.5477356094718284E+00
+0.4654960732317333E+02 +0.7169728902835497E+00 +0.4346051853388715E+00 +0.5459640923219602E+00
+0.4658588916832000E+02 +0.7198766265056677E+00 +0.4232571184201455E+00 +0.5476273321227252E+00
+0.4662217101346667E+02 +0.7261730793392236E+00 +0.4162994313902341E+00 +0.5516685480018549E+00
+0.4665845285861333E+02 +0.7320737368568572E+00 +0.4159457008530522E+00 +0.5551689526799184E+00
+0.4669473470376001E+02 +0.7325723617696208E+00 +0.4202727168771195E+00 +0.5545841449078861E+00
+0.4673101654890667E+02 +0.7256854485236091E+00 +0.4236770026120433E+00 +0.5486452394547832E+00
+0.4676729839405333E+02 +0.7148468810639176E+00 +0.4209812297474673E+00 +0.5396957353197260E+00
+0.4680358023920000E+02 +0.7055728385007203E+00 +0.4121700754906510E+00 +0.5315231770020734E+00
+0.4683986208434667E+02 +0.7000638940057566E+00 +0.4002194544664083E+00 +0.5263251767756758E+00
+0.4687614392949333E+02 +0.6988273180936437E+00 +0.3866360106131081E+00 +0.5250269736846938E+00
+0.4691242577464000E+02 +0.7032804257491370E+00 +0.3737419670954197E+00 +0.5282344385712682E+00
+0.4694870761978667E+02 +0.7123733816420968E+00 +0.3657186554715077E+00 +0.5348449678456395E+00
+0.4698498946493334E+02 +0.7215930193336602E+00 +0.3648959266782711E+00 +0.5414648316094224E+00
+0.4702127131008000E+02 +0.7258453748648610E+00 +0.3692984165519227E+00 +0.5444209401670048E+00
+0.4705755315522666E+02 +0.7234106872374545E+00 +0.3739653419312370E+00 +0.5422764500626428E+00
+0.4709383500037333E+02 +0.7161670919491797E+00 +0.3749021383641451E+00 +0.5362558822643606E+00
+0.4713011684552000E+02 +0.7074747387900407E+00 +0.3700050516332002E+00 +0.5291699846592967E+00
+0.4716639869066667E+02 +0.7018907505239173E+00 +0.3597814085807792E+00 +0.5243390206592295E+00
+0.4720268053581334E+02 +0.7018131058399332E+00 +0.3486486260941218E+00 +0.5233741755034286E+00
+0.4723896238096000E+02 +0.7047573471850523E+00 +0.3401722615131478E+00 +0.5250013246266028E+00
+0.4727524422610666E+02 +0.7079001617106582E+00 +0.3338744617708833E+00 +0.5273137931991754E+00
+0.4731152607125333E+02 +0.7107751475228085E+00 +0.3285060132909541E+00 +0.5295755482999029E+00
+0.4734780791640000E+02 +0.7132870651499690E+00 +0.3235431874042525E+00 +0.5317029281793657E+00
+0.4738408976154666E+02 +0.7158794405981196E+00 +0.3180643539636798E+00 +0.5341252408144498E+00
+0.4742037160669334E+02 +0.7200801062520807E+00 +0.3124423259556424E+00 +0.5376751488159139E+00
+0.4745665345184000E+02 +0.7260404949821775E+00 +0.3087329791944813E+00 +0.5423122033217597E+00
+0.4749293529698667E+02 +0.7317727796784402E+00 +0.3081856243085481E+00 +0.5466566998163599E+00
+0.4752921714213333E+02 +0.7350430660554027E+00 +0.3101130386884523E+00 +0.5489801777447770E+00
+0.4756549898728000E+02 +0.7343204407445675E+00 +0.3124334866805044E+00 +0.5482116448482686E+00
+0.4760178083242666E+02 +0.7299500736845630E+00 +0.3118372967957747E+00 +0.5448594578109002E+00
+0.4763806267757334E+02 +0.7252881324518778E+00 +0.3060583942080085E+00 +0.5414186417017202E+00
+0.4767434452272001E+02 +0.7245970121977547E+00 +0.2966581009931105E+00 +0.5407835926870201E+00
+0.4771062636786667E+02 +0.7287942875040103E+00 +0.2881100676162731E+00 +0.5436632620530685E+00
+0.4774690821301333E+02 +0.7349605261328482E+00 +0.2830061088012599E+00 +0.5483040722769639E+00
+0.4778319005816000E+02 +0.7403982953352659E+00 +0.2806409979216427E+00 +0.5526939166409111E+00
+0.4781947190330666E+02 +0.7442108224640844E+00 +0.2794019553496124E+00 +0.5559615875609354E+00
+0.4785575374845333E+02 +0.7468256837153333E+00 +0.2780469610465450E+00 +0.5582324908920214E+00
+0.4789203559360001E+02 +0.7487972042674297E+00 +0.2765854334817225E+00 +0.5597625630772638E+00
+0.4792831743874667E+02 +0.7496529457340187E+00 +0.2747212206670728E+00 +0.5605076821682948E+00
+0.4796459928389334E+02 +0.7498342886799182E+00 +0.2711401962121637E+00 +0.5609392597262532E+00
+0.4800088112904000E+02 +0.7511509079963912E+00 +0.2655265519701067E+00 +0.5622975093377358E+00
+0.4803716297418666E+02 +0.7549719154952730E+00 +0.2593134503110333E+00 +0.5655365610583714E+00
+0.4807344481933333E+02 +0.7610174071581410E+00 +0.2543553439624105E+00 +0.5705163194216323E+00
+0.4810972666448000E+02 +0.7679220296640219E+00 +0.2515337225057355E+00 +0.5762817956734048E+00
+0.4814600850962667E+02 +0.7744512593850459E+00 +0.2505123731483288E+00 +0.5819048310172288E+00
+0.4818229035477334E+02 +0.7803491655235189E+00 +0.2506850796201124E+00 +0.5869482726547709E+00
+0.4821857219992000E+02 +0.7851943428422808E+00 +0.2522621089107087E+00 +0.5908938169205655E+00
+0.4825485404506666E+02 +0.7875653459697152E+00 +0.2542419810779441E+00 +0.5930822305358912E+00
+0.4829113589021333E+02 +0.7882060643271886E+00 +0.2541940564909642E+00 +0.5940720638323077E+00
+0.4832741773536000E+02 +0.7895339315479124E+00 +0.2521111671092240E+00 +0.5953140913490593E+00
+0.4836369958050667E+02 +0.7920804147483272E+00 +0.2493138725618663E+00 +0.5975307279580120E+00
+0.4839998142565334E+02 +0.7959579411162859E+00 +0.2460949448484370E+00 +0.6009859836184610E+00
+0.4843626327080000E+02 +0.8017831048012268E+00 +0.2433315251671520E+00 +0.6059308407336365E+00
+0.4847254511594667E+02 +0.8091194503156470E+00 +0.2424859347939590E+00 +0.6119865028129431E+00
+0.4850882696109333E+02 +0.8165711037899492E+00 +0.2443609609059397E+00 +0.6180439461301703E+00
+0.4854510880624000E+02 +0.8223874266622415E+00 +0.2487926703201724E+00 +0.6227012662520656E+00
+0.4858139065138666E+02 +0.8250192648494975E+00 +0.2542523572662729E+00 +0.6249050796631062E+00
+0.4861767249653334E+02 +0.8246635756272265E+00 +0.2581300457123942E+00 +0.6248946400366773E+00
+0.4865395434168001E+02 +0.8237006608482984E+00 +0.2590808882154545E+00 +0.6242714280164929E+00
+0.4869023618682667E+02 +0.8242831757536662E+00 +0.2582903351697056E+00 +0.6245568331794400E+00
+0.4872651803197333E+02 +0.8265567377421755E+00 +0.2576972911856173E+00 +0.6260205769788598E+00
+0.4876279987712000E+02 +0.8293892884298500E+00 +0.2583469227882942E+00 +0.6278982008875011E+00
+0.4879908172226666E+02 +0.8313589349682672E+00 +0.2599291986002642E+00 +0.6292473682041996E+00
+0.4883536356741334E+02 +0.8321441934008025E+00 +0.2610218899684678E+00 +0.6298613846356331E+00
+0.4887164541256001E+02 +0.8328679625692691E+00 +0.2608208613672639E+00 +0.6304326293150100E+00
+0.4890792725770667E+02 +0.8346475447773021E+00 +0.2597734446125887E+00 +0.6317950640904058E+00
+0.4894420910285334E+02 +0.8379832890350492E+00 +0.2590468640159420E+00 +0.6342330800043434E+00
+0.4898049094800000E+02 +0.8419667462651090E+00 +0.2598625592051639E+00 +0.6371609423807683E+00
+0.4901677279314666E+02 +0.8453675460242002E+00 +0.2617300270035320E+00 +0.6398401258248325E+00
+0.4905305463829333E+02 +0.8484366568652639E+00 +0.2640684596740510E+00 +0.6421409964766336E+00
+0.4908933648344001E+02 +0.8510532506109153E+00 +0.2672650408362778E+00 +0.6439115381750036E+00
+0.4912561832858667E+02 +0.8525291766843422E+00 +0.2710523700911650E+00 +0.6447446770458294E+00
+0.4916190017373334E+02 +0.8527047774737960E+00 +0.2747364911433540E+00 +0.6444761421753766E+00
+0.4919818201888000E+02 +0.8517308182217909E+00 +0.2776922823145347E+00 +0.6432724571372469E+00
+0.4923446386402667E+02 +0.8502451780008630E+00 +0.2792353770210440E+00 +0.6417008325963074E+00
+0.4927074570917333E+02 +0.8494376440038959E+00 +0.2795178284796169E+00 +0.6405663445906061E+00
+0.4930702755432000E+02 +0.8498714751935457E+00 +0.2794661462314770E+00 +0.6403582940509770E+00
+0.4934330939946667E+02 +0.8515457578632143E+00 +0.2801458322764826E+00 +0.6410067867191640E+00
+0.4937959124461334E+02 +0.8536063855176235E+00 +0.2826986545721147E+00 +0.6417437715950989E+00
+0.4941587308976000E+02 +0.8541198384118515E+00 +0.2873902352113882E+00 +0.6411251944485452E+00
+0.4945215493490667E+02 +0.8511604906571916E+00 +0.2924057093899651E+00 +0.6379760205611218E+00
+0.4948843678005333E+02 +0.8454352688364908E+00 +0.2944572627390715E+00 +0.6329361545880164E+00
+0.4952471862519999E+02 +0.8404731566943378E+00 +0.2928436443612216E+00 +0.6281574419420757E+00
+0.4956100047034667E+02 +0.8377257521127448E+00 +0.2901411935874229E+00 +0.6247846465307942E+00
+0.4959728231549334E+02 +0.8359416865857696E+00 +0.2874802662641043E+00 +0.6224368588371494E+00
+0.4963356416064000E+02 +0.8349483945786252E+00 +0.2844685704057984E+00 +0.6208541184593147E+00
+0.4966984600578667E+02 +0.8347720433635757E+00 +0.2817288242627271E+00 +0.6198810310387683E+00
+0.4970612785093333E+02 +0.8345196485678644E+00 +0.2789353491896185E+00 +0.6192126471249019E+00
+0.4974240969608000E+02 +0.8349859940414587E+00 +0.2751717622283378E+00 +0.6192560880018043E+00
+0.4977869154122667E+02 +0.8371376797475659E+00 +0.2714117459903543E+00 +0.6205306157884959E+00
+0.4981497338637334E+02 +0.8403995183809865E+00 +0.2684719288121968E+00 +0.6228740831519289E+00
+0.4985125523152000E+02 +0.8446394029180431E+00 +0.2663569815871860E+00 +0.6260895172874787E+00
+0.4988753707666667E+02 +0.8498153443508910E+00 +0.2659009455731770E+00 +0.6298824290310300E+00
+0.4992381892181334E+02 +0.8546094253471683E+00 +0.2677364534613101E+00 +0.6333232710019938E+00
+0.4996010076696000E+02 +0.8576812239299282E+00 +0.2710306927174381E+00 +0.6354477637210225E+00
+0.4999638261210666E+02 +0.8587600719119614E+00 +0.2744916543119319E+00 +0.6359524523091787E+00
+0.5003266445725334E+02 +0.8582429761160064E+00 +0.2770503424883626E+00 +0.6351513551954038E+00
+0.5006894630240000E+02 +0.8570288698060509E+00 +0.2779519091206114E+00 +0.6338179610770336E+00
+0.5010522814754667E+02 +0.8565272624010564E+00 +0.2770751820303476E+00 +0.6330543552291398E+00
+0.5014150999269334E+02 +0.8580962816994907E+00 +0.2754924818403142E+00 +0.6338198190956386E+00
+0.5017779183784000E+02 +0.8619966371525858E+00 +0.2753562388150514E+00 +0.6361182060050989E+00
+0.5021407368298667E+02 +0.8661929511410038E+00 +0.2787332520157179E+00 +0.6383645575704633E+00
+0.5025035552813333E+02 +0.8671123486500059E+00 +0.2847243950364921E+00 +0.6382876963069122E+00
+0.5028663737328000E+02 +0.8640405544056058E+00 +0.2891105027222757E+00 +0.6355767361464584E+00
+0.5032291921842667E+02 +0.8609008307368304E+00 +0.2900085824072819E+00 +0.6324278162232089E+00
+0.5035920106357334E+02 +0.8599172405279603E+00 +0.2905196738831222E+00 +0.6302308212594356E+00
+0.5039548290872000E+02 +0.8587679038847797E+00 +0.2928412575562379E+00 +0.6278196600173729E+00
+0.5043176475386667E+02 +0.8550988202795340E+00 +0.2952770999644124E+00 +0.6238089548958516E+00
+0.5046804659901333E+02 +0.8498173669563215E+00 +0.2952561480075881E+00 +0.6186611840570735E+00
+0.5050432844416000E+02 +0.8451134011896149E+00 +0.2927215395835020E+00 +0.6137530066314323E+00
+0.5054061028930667E+02 +0.8415763771748370E+00 +0.2887028731440003E+00 +0.6098034386976343E+00
+0.5057689213445334E+02 +0.8392952360806294E+00 +0.2832589973820126E+00 +0.6071950633160810E+00
+0.5061317397960000E+02 +0.8394922957898370E+00 +0.2765707938363663E+00 +0.6067132329378898E+00
+0.5064945582474667E+02 +0.8429838436723192E+00 +0.2707046585572364E+00 +0.6086780704871182E+00
+0.5068573766989334E+02 +0.8480390874363228E+00 +0.2675522689522739E+00 +0.6120047542550415E+00
+0.5072201951504000E+02 +0.8526931928165915E+00 +0.2663945716454966E+00 +0.6154026456610977E+00
+0.5075830136018667E+02 +0.8570723849261861E+00 +0.2661930111977944E+00 +0.6185761625537181E+00
+0.5079458320533334E+02 +0.8612670841241943E+00 +0.2673703001316959E+00 +0.6213743390615921E+00
+0.5083086505048000E+02 +0.8642275064158442E+00 +0.2698198361762400E+00 +0.6232115773987531E+00
+0.5086714689562667E+02 +0.8656984538892185E+00 +0.2723545216536596E+00 +0.6238863067468579E+00
+0.5090342874077334E+02 +0.8663750151847456E+00 +0.2745064498062369E+00 +0.6237386387274617E+00
+0.5093971058592000E+02 +0.8665046145772154E+00 +0.2764471533050687E+00 +0.6229871158767362E+00
+0.5097599243106667E+02 +0.8658778653930410E+00 +0.2781669717700013E+00 +0.6215527160669641E+00
+0.5101227427621334E+02 +0.8643123293645854E+00 +0.2789022821779400E+00 +0.6195460566237390E+00
+0.5104855612136000E+02 +0.8630552501519874E+00 +0.2778635686019158E+00 +0.6178016375269653E+00
+0.5108483796650667E+02 +0.8634228356898821E+00 +0.2761886518758169E+00 +0.6171181168079745E+00
+0.5112111981165334E+02 +0.8649212035631726E+00 +0.2751789166796267E+00 +0.6173621112146523E+00
+0.5115740165680000E+02 +0.8669153771969152E+00 +0.2749753480503537E+00 +0.6180737615593268E+00
+0.5119368350194667E+02 +0.8690872695164884E+00 +0.2759353890438939E+00 +0.6187889304912806E+00
+0.5122996534709334E+02 +0.8703597210353787E+00 +0.2780027973267042E+00 +0.6188552376578176E+00
+0.5126624719224000E+02 +0.8705260533222430E+00 +0.2800505834846015E+00 +0.6180817284285306E+00
+0.5130252903738667E+02 +0.8702807347637675E+00 +0.2821083837023701E+00 +0.6166353715358970E+00
+0.5133881088253334E+02 +0.8687957780215754E+00 +0.2845900755072187E+00 +0.6140996064707489E+00
+0.5137509272768000E+02 +0.8652775795069775E+00 +0.2859252753026287E+00 +0.6102061044023395E+00
+0.5141137457282667E+02 +0.8611191183608957E+00 +0.2844098578685580E+00 +0.6059534066782613E+00
+0.5144765641797333E+02 +0.8586949383124732E+00 +0.2800600692788317E+00 +0.6031056099625698E+00
+0.5148393826312000E+02 +0.8598564200229554E+00 +0.2748809665990076E+00 +0.6029067057523960E+00
+0.5152022010826667E+02 +0.8640986635145381E+00 +0.2718576138642085E+00 +0.6049657888883540E+00
+0.5155650195341333E+02 +0.8687939256264449E+00 +0.2722890390163971E+00 +0.6074773297203215E+00
+0.5159278379856000E+02 +0.8716997080119189E+00 +0.2751317605266663E+00 +0.6087194189436419E+00
+0.5162906564370667E+02 +0.8720830062698025E+00 +0.2785438798876191E+00 +0.6080240702376820E+00
+0.5166534748885334E+02 +0.8706243925328518E+00 +0.2809092158784287E+00 +0.6058073405814721E+00
+0.5170162933400000E+02 +0.8686147249225928E+00 +0.2820048134265619E+00 +0.6028764991543645E+00
+0.5173791117914667E+02 +0.8663332607094565E+00 +0.2822475866740776E+00 +0.5996288151008276E+00
+0.5177419302429333E+02 +0.8638466094052107E+00 +0.2813818359953821E+00 +0.5962838952997933E+00
+0.5181047486944000E+02 +0.8618193472165087E+00 +0.2791790594136505E+00 +0.5933623672145723E+00
+0.5184675671458667E+02 +0.8611293021726611E+00 +0.2761922899611509E+00 +0.5914105656701587E+00
+0.5188303855973333E+02 +0.8616313225631160E+00 +0.2736425887625311E+00 +0.5903293487317913E+00
+0.5191932040488000E+02 +0.8622199511518192E+00 +0.2715945384726874E+00 +0.5895643444836554E+00
+0.5195560225002667E+02 +0.8630074588646037E+00 +0.2691374402738543E+00 +0.5891424611117058E+00
+0.5199188409517333E+02 +0.8649478149515037E+00 +0.2666841332045078E+00 +0.5894652453912095E+00
+0.5202816594032000E+02 +0.8675281569394899E+00 +0.2652877517208664E+00 +0.5902797040017748E+00
+0.5206444778546667E+02 +0.8699065697474921E+00 +0.2645153944835268E+00 +0.5911451240753152E+00
+0.5210072963061333E+02 +0.8726010572576238E+00 +0.2640525590498238E+00 +0.5921366743174012E+00
+0.5213701147576000E+02 +0.8754558053330961E+00 +0.2648206957733395E+00 +0.5930232852826018E+00
+0.5217329332090667E+02 +0.8771700041889536E+00 +0.2666014217476096E+00 +0.5931003623700977E+00
+0.5220957516605333E+02 +0.8776580047491576E+00 +0.2681599229849992E+00 +0.5922205285466415E+00
+0.5224585701120000E+02 +0.8776609458963859E+00 +0.2691296513350370E+00 +0.5908002810622892E+00
+0.5228213885634667E+02 +0.8775469463798280E+00 +0.2697063634932398E+00 +0.5891663156550597E+00
+0.5231842070149333E+02 +0.8774486270769573E+00 +0.2701567031378156E+00 +0.5873956960254585E+00
+0.5235470254664000E+02 +0.8770135391530285E+00 +0.2708262569089382E+00 +0.5852329060030635E+00
+0.5239098439178667E+02 +0.8755681863008808E+00 +0.2711546545077049E+00 +0.5823846103084714E+00
+0.5242726623693333E+02 +0.8735973483853381E+00 +0.2700616466429259E+00 +0.5792056828746279E+00
+0.5246354808208000E+02 +0.8723862206635724E+00 +0.2674520885032112E+00 +0.5765807030415626E+00
+0.5249982992722667E+02 +0.8728127199969022E+00 +0.2643969805926767E+00 +0.5750870342648010E+00
+0.5253611177237333E+02 +0.8744294162280064E+00 +0.2623594051267722E+00 +0.5743563862119121E+00
+0.5257239361752000E+02 +0.8754075486473396E+00 +0.2617785323304741E+00 +0.5731572680639161E+00
+0.5260867546266667E+02 +0.8741879098463300E+00 +0.2605703136462224E+00 +0.5707615251090612E+00
+0.5264495730781334E+02 +0.8727996194617021E+00 +0.2558207597992341E+00 +0.5686177639126990E+00
+0.5268123915296000E+02 +0.8752743608217570E+00 +0.2487517562138215E+00 +0.5691475890442420E+00
+0.5271752099810667E+02 +0.8820330148788983E+00 +0.2434487364880580E+00 +0.5727702364961859E+00
+0.5275380284325333E+02 +0.8903072032650259E+00 +0.2419927616229909E+00 +0.5777023747333099E+00
+0.5279008468840000E+02 +0.8974783795138475E+00 +0.2436097282984951E+00 +0.5820218446062878E+00
+0.5282636653354667E+02 +0.9028635780245184E+00 +0.2464885717040535E+00 +0.5849932089334442E+00
+0.5286264837869334E+02 +0.9070206743969715E+00 +0.2496735875894626E+00 +0.5868201679868466E+00
+0.5289893022384000E+02 +0.9105060317178044E+00 +0.2530088724862135E+00 +0.5878765170830256E+00
+0.5293521206898667E+02 +0.9134880335935530E+00 +0.2568979772320719E+00 +0.5882072094484753E+00
+0.5297149391413333E+02 +0.9152913598910752E+00 +0.2613562457739410E+00 +0.5874931278763807E+00
+0.5300777575928000E+02 +0.9159058828004237E+00 +0.2655414282485100E+00 +0.5857087085907300E+00
+0.5304405760442667E+02 +0.9159180787472601E+00 +0.2696375237199976E+00 +0.5830081091945166E+00
+0.5308033944957333E+02 +0.9145283549982185E+00 +0.2740252656509077E+00 +0.5789554908643753E+00
+0.5311662129472001E+02 +0.9107870790791044E+00 +0.2774143146473795E+00 +0.5731059634265925E+00
+0.5315290313986667E+02 +0.9054829734631440E+00 +0.2776166990618639E+00 +0.5662459658871830E+00
+0.5318918498501333E+02 +0.9015879836142551E+00 +0.2738610936646382E+00 +0.5604295019882677E+00
+0.5322546683016000E+02 +0.9014570781260014E+00 +0.2683768334866008E+00 +0.5573237066734049E+00
+0.5326174867530667E+02 +0.9048768992957066E+00 +0.2639403367712914E+00 +0.5569266776647182E+00
+0.5329803052045333E+02 +0.9100432202933302E+00 +0.2622015081207779E+00 +0.5579132861402613E+00
+0.5333431236560000E+02 +0.9147445096964566E+00 +0.2627695128657003E+00 +0.5587927297207667E+00
+0.5337059421074667E+02 +0.9187182845433195E+00 +0.2640081809822076E+00 +0.5591736813397368E+00
+0.5340687605589333E+02 +0.9229907321352302E+00 +0.2660881953937879E+00 +0.5593066263681354E+00
+0.5344315790104000E+02 +0.9265846133744295E+00 +0.2701502236889771E+00 +0.5585458014358904E+00
+0.5347943974618667E+02 +0.9277716153125223E+00 +0.2750201980606404E+00 +0.5559223456845263E+00
+0.5351572159133333E+02 +0.9270187760206919E+00 +0.2785842712069954E+00 +0.5516984406153720E+00
+0.5355200343648000E+02 +0.9262960475522564E+00 +0.2802798303527821E+00 +0.5471420897684875E+00
+0.5358828528162667E+02 +0.9268702733133336E+00 +0.2815781075894150E+00 +0.5430436357722055E+00
+0.5362456712677334E+02 +0.9277568871851470E+00 +0.2840181939803733E+00 +0.5388530984527951E+00
+0.5366084897192000E+02 +0.9273686062733993E+00 +0.2869916556852983E+00 +0.5336341547022229E+00
+0.5369713081706666E+02 +0.9258504131244281E+00 +0.2889679545701456E+00 +0.5273937550386329E+00
+0.5373341266221333E+02 +0.9244644904419134E+00 +0.2894541573613575E+00 +0.5209517783953315E+00
+0.5376969450736000E+02 +0.9243470713440907E+00 +0.2890853286171444E+00 +0.5150972125566995E+00
+0.5380597635250667E+02 +0.9257348125412271E+00 +0.2894230928398103E+00 +0.5098257947305027E+00
+0.5384225819765334E+02 +0.9269838596857989E+00 +0.2914671345352504E+00 +0.5040791461207752E+00
+0.5387854004280000E+02 +0.9267218030203146E+00 +0.2937893636707904E+00 +0.4970181120796882E+00
+0.5391482188794667E+02 +0.9260496052519798E+00 +0.2950990277354714E+00 +0.4890379266104308E+00
+0.5395110373309333E+02 +0.9258701775946702E+00 +0.2962116239190277E+00 +0.4805869989472021E+00
+0.5398738557824000E+02 +0.9256503768088140E+00 +0.2975959956731343E+00 +0.4714126481901845E+00
+0.5402366742338666E+02 +0.9251859859987326E+00 +0.2992620204510884E+00 +0.4610381942698232E+00
+0.5405994926853334E+02 +0.9235550522954579E+00 +0.3010766763828078E+00 +0.4488051851758325E+00
+0.5409623111368001E+02 +0.9207036514065483E+00 +0.3012289089145535E+00 +0.4346666285131134E+00
+0.5413251295882667E+02 +0.9187687248266416E+00 +0.2991569923223358E+00 +0.4195212723714128E+00
+0.5416879480397333E+02 +0.9186696731654909E+00 +0.2965598175755121E+00 +0.4036220142618355E+00
+0.5420507664912000E+02 +0.9195226567757596E+00 +0.2939366270099228E+00 +0.3858616504155603E+00
+0.5424135849426666E+02 +0.9218790285401788E+00 +0.2907899139934589E+00 +0.3658734345175813E+00
+0.5427764033941333E+02 +0.9266230037935858E+00 +0.2884328324205388E+00 +0.3389770596322086E+00
+0.5431392218456001E+02 +0.9327081621636208E+00 +0.2882106401387997E+00 +0.3134930178828623E+00
+0.5435020402970667E+02 +0.9392106456913938E+00 +0.2900079930525132E+00 +0.2284635448227321E+00
+0.5438648587485334E+02 +0.9458672466289444E+00 +0.2941631442961895E+00 +0.1743894008724928E+00
