# Loss function L(Q,w) and dynamical structure factor S(Q,w)
#
# L(Q,w)= -Im(1/eps_m(Q,w) [1]
# S(Q,w)= L(Q,w)*|Q|^2*/(4 pi^2 n_val) [Energy^-1]
#
# Momentum transfer Q=G+q in lattice coordinates
# G:   0   0   0
# q:   0.0000000   0.0000000   0.0000000
# Momentum transfer Q=G+q in Cartesian coordinates
# G:   0.0000000   0.0000000   0.0000000
# q:   0.0000000   0.0000000   0.0000000
# Norm2(G+q)   0.0000000
#
#   Frequency/(eV/hbar)                  L(Q,w)             S(Q,w)*1000
+0.0000000000000000E+00 -0.9412961024664409E-21 +0.0000000000000000E+00
+0.3628184514666666E-01 +0.4844702143843816E-04 +0.0000000000000000E+00
+0.7256369029333333E-01 +0.9692198993779873E-04 +0.0000000000000000E+00
+0.1088455354400000E+00 +0.1454529197361803E-03 +0.0000000000000000E+00
+0.1451273805866667E+00 +0.1940679598063319E-03 +0.0000000000000000E+00
+0.1814092257333333E+00 +0.2427954621774055E-03 +0.0000000000000000E+00
+0.2176910708800000E+00 +0.2916640514133357E-03 +0.0000000000000000E+00
+0.2539729160266667E+00 +0.3407026956518146E-03 +0.0000000000000000E+00
+0.2902547611733333E+00 +0.3899407796245479E-03 +0.0000000000000000E+00
+0.3265366063200000E+00 +0.4394081801003567E-03 +0.0000000000000000E+00
+0.3628184514666666E+00 +0.4891353442185089E-03 +0.0000000000000000E+00
+0.3991002966133333E+00 +0.5391533712113578E-03 +0.0000000000000000E+00
+0.4353821417600000E+00 +0.5894940980526186E-03 +0.0000000000000000E+00
+0.4716639869066667E+00 +0.6401901896107552E-03 +0.0000000000000000E+00
+0.5079458320533333E+00 +0.6912752339398576E-03 +0.0000000000000000E+00
+0.5442276772000001E+00 +0.7427838433981680E-03 +0.0000000000000000E+00
+0.5805095223466666E+00 +0.7947517623548654E-03 +0.0000000000000000E+00
+0.6167913674933333E+00 +0.8472159823251265E-03 +0.0000000000000000E+00
+0.6530732126400001E+00 +0.9002148654654442E-03 +0.0000000000000000E+00
+0.6893550577866667E+00 +0.9537882774679220E-03 +0.0000000000000000E+00
+0.7256369029333333E+00 +0.1007977731014776E-02 +0.0000000000000000E+00
+0.7619187480800000E+00 +0.1062826541096785E-02 +0.0000000000000000E+00
+0.7982005932266667E+00 +0.1118379993662548E-02 +0.0000000000000000E+00
+0.8344824383733334E+00 +0.1174685529255524E-02 +0.0000000000000000E+00
+0.8707642835200000E+00 +0.1231792943516881E-02 +0.0000000000000000E+00
+0.9070461286666667E+00 +0.1289754606686359E-02 +0.0000000000000000E+00
+0.9433279738133333E+00 +0.1348625704532670E-02 +0.0000000000000000E+00
+0.9796098189600000E+00 +0.1408464503491541E-02 +0.0000000000000000E+00
+0.1015891664106667E+01 +0.1469332643195743E-02 +0.0000000000000000E+00
+0.1052173509253334E+01 +0.1531295460059760E-02 +0.0000000000000000E+00
+0.1088455354400000E+01 +0.1594422346139161E-02 +0.0000000000000000E+00
+0.1124737199546667E+01 +0.1658787148149943E-02 +0.0000000000000000E+00
+0.1161019044693333E+01 +0.1724468612311526E-02 +0.0000000000000000E+00
+0.1197300889840000E+01 +0.1791550881607466E-02 +0.0000000000000000E+00
+0.1233582734986667E+01 +0.1860124053164469E-02 +0.0000000000000000E+00
+0.1269864580133333E+01 +0.1930284804767592E-02 +0.0000000000000000E+00
+0.1306146425280000E+01 +0.2002137101119317E-02 +0.0000000000000000E+00
+0.1342428270426667E+01 +0.2075792992353791E-02 +0.0000000000000000E+00
+0.1378710115573333E+01 +0.2151373519626729E-02 +0.0000000000000000E+00
+0.1414991960720000E+01 +0.2229009745400082E-02 +0.0000000000000000E+00
+0.1451273805866667E+01 +0.2308843929454247E-02 +0.0000000000000000E+00
+0.1487555651013333E+01 +0.2391030875840281E-02 +0.0000000000000000E+00
+0.1523837496160000E+01 +0.2475739481130745E-02 +0.0000000000000000E+00
+0.1560119341306667E+01 +0.2563154520686400E-02 +0.0000000000000000E+00
+0.1596401186453333E+01 +0.2653478717568534E-02 +0.0000000000000000E+00
+0.1632683031600000E+01 +0.2746935148605379E-02 +0.0000000000000000E+00
+0.1668964876746667E+01 +0.2843770054554003E-02 +0.0000000000000000E+00
+0.1705246721893333E+01 +0.2944256137007148E-02 +0.0000000000000000E+00
+0.1741528567040000E+01 +0.3048696444693689E-02 +0.0000000000000000E+00
+0.1777810412186667E+01 +0.3157428977440165E-02 +0.0000000000000000E+00
+0.1814092257333333E+01 +0.3270832169113468E-02 +0.0000000000000000E+00
+0.1850374102480000E+01 +0.3389331453805256E-02 +0.0000000000000000E+00
+0.1886655947626667E+01 +0.3513407175787214E-02 +0.0000000000000000E+00
+0.1922937792773334E+01 +0.3643604178033280E-02 +0.0000000000000000E+00
+0.1959219637920000E+01 +0.3780543503073548E-02 +0.0000000000000000E+00
+0.1995501483066667E+01 +0.3924936772967179E-02 +0.0000000000000000E+00
+0.2031783328213333E+01 +0.4077603995801690E-02 +0.0000000000000000E+00
+0.2068065173360000E+01 +0.4239495793907705E-02 +0.0000000000000000E+00
+0.2104347018506667E+01 +0.4411721392688361E-02 +0.0000000000000000E+00
+0.2140628863653333E+01 +0.4595584191437449E-02 +0.0000000000000000E+00
+0.2176910708800000E+01 +0.4792627423359791E-02 +0.0000000000000000E+00
+0.2213192553946667E+01 +0.5004693400200010E-02 +0.0000000000000000E+00
+0.2249474399093333E+01 +0.5234001281473163E-02 +0.0000000000000000E+00
+0.2285756244240000E+01 +0.5483250452887741E-02 +0.0000000000000000E+00
+0.2322038089386667E+01 +0.5755759835576871E-02 +0.0000000000000000E+00
+0.2358319934533334E+01 +0.6055658420633691E-02 +0.0000000000000000E+00
+0.2394601779680000E+01 +0.6388150107930628E-02 +0.0000000000000000E+00
+0.2430883624826667E+01 +0.6759888357568529E-02 +0.0000000000000000E+00
+0.2467165469973333E+01 +0.7179516420383378E-02 +0.0000000000000000E+00
+0.2503447315120000E+01 +0.7658462621847264E-02 +0.0000000000000000E+00
+0.2539729160266667E+01 +0.8212137365390896E-02 +0.0000000000000000E+00
+0.2576011005413333E+01 +0.8861777066677113E-02 +0.0000000000000000E+00
+0.2612292850560000E+01 +0.9637350868758884E-02 +0.0000000000000000E+00
+0.2648574695706666E+01 +0.1058223509560415E-01 +0.0000000000000000E+00
+0.2684856540853334E+01 +0.1176080422133377E-01 +0.0000000000000000E+00
+0.2721138386000000E+01 +0.1327052539784950E-01 +0.0000000000000000E+00
+0.2757420231146667E+01 +0.1525931226432401E-01 +0.0000000000000000E+00
+0.2793702076293334E+01 +0.1794116794503697E-01 +0.0000000000000000E+00
+0.2829983921440000E+01 +0.2157496884764733E-01 +0.0000000000000000E+00
+0.2866265766586667E+01 +0.2634513224351180E-01 +0.0000000000000000E+00
+0.2902547611733333E+01 +0.3221399621388453E-01 +0.0000000000000000E+00
+0.2938829456880000E+01 +0.3879177858374750E-01 +0.0000000000000000E+00
+0.2975111302026666E+01 +0.4495683030191980E-01 +0.0000000000000000E+00
+0.3011393147173334E+01 +0.4920658959144086E-01 +0.0000000000000000E+00
+0.3047674992320000E+01 +0.5132484063383508E-01 +0.0000000000000000E+00
+0.3083956837466667E+01 +0.5241994189490043E-01 +0.0000000000000000E+00
+0.3120238682613333E+01 +0.5253601381758945E-01 +0.0000000000000000E+00
+0.3156520527760000E+01 +0.5159752129609712E-01 +0.0000000000000000E+00
+0.3192802372906667E+01 +0.5083185815888605E-01 +0.0000000000000000E+00
+0.3229084218053333E+01 +0.5123029592835384E-01 +0.0000000000000000E+00
+0.3265366063200000E+01 +0.5291649977317764E-01 +0.0000000000000000E+00
+0.3301647908346667E+01 +0.5535266202826079E-01 +0.0000000000000000E+00
+0.3337929753493333E+01 +0.5822144456477420E-01 +0.0000000000000000E+00
+0.3374211598640000E+01 +0.6148316147652699E-01 +0.0000000000000000E+00
+0.3410493443786667E+01 +0.6472369042400110E-01 +0.0000000000000000E+00
+0.3446775288933333E+01 +0.6746023399311664E-01 +0.0000000000000000E+00
+0.3483057134080000E+01 +0.6945412404421537E-01 +0.0000000000000000E+00
+0.3519338979226667E+01 +0.7046961129297769E-01 +0.0000000000000000E+00
+0.3555620824373333E+01 +0.7087505092081897E-01 +0.0000000000000000E+00
+0.3591902669520000E+01 +0.7144119469807962E-01 +0.0000000000000000E+00
+0.3628184514666667E+01 +0.7207808729094856E-01 +0.0000000000000000E+00
+0.3664466359813333E+01 +0.7262918893859283E-01 +0.0000000000000000E+00
+0.3700748204960000E+01 +0.7395246775697745E-01 +0.0000000000000000E+00
+0.3737030050106667E+01 +0.7658042797130751E-01 +0.0000000000000000E+00
+0.3773311895253333E+01 +0.8078411472861938E-01 +0.0000000000000000E+00
+0.3809593740400000E+01 +0.8688988602839590E-01 +0.0000000000000000E+00
+0.3845875585546667E+01 +0.9403635151001236E-01 +0.0000000000000000E+00
+0.3882157430693333E+01 +0.1003299605313517E+00 +0.0000000000000000E+00
+0.3918439275840000E+01 +0.1049633268176644E+00 +0.0000000000000000E+00
+0.3954721120986667E+01 +0.1091805491264584E+00 +0.0000000000000000E+00
+0.3991002966133334E+01 +0.1148204335060406E+00 +0.0000000000000000E+00
+0.4027284811280000E+01 +0.1218732087193257E+00 +0.0000000000000000E+00
+0.4063566656426667E+01 +0.1286108857765226E+00 +0.0000000000000000E+00
+0.4099848501573334E+01 +0.1342193653986125E+00 +0.0000000000000000E+00
+0.4136130346720000E+01 +0.1392719253369460E+00 +0.0000000000000000E+00
+0.4172412191866667E+01 +0.1433035831560506E+00 +0.0000000000000000E+00
+0.4208694037013334E+01 +0.1453398511187055E+00 +0.0000000000000000E+00
+0.4244975882160000E+01 +0.1466486080074937E+00 +0.0000000000000000E+00
+0.4281257727306667E+01 +0.1479987115624816E+00 +0.0000000000000000E+00
+0.4317539572453333E+01 +0.1484547982513050E+00 +0.0000000000000000E+00
+0.4353821417600001E+01 +0.1481352917802744E+00 +0.0000000000000000E+00
+0.4390103262746667E+01 +0.1463862584956416E+00 +0.0000000000000000E+00
+0.4426385107893333E+01 +0.1438831240350526E+00 +0.0000000000000000E+00
+0.4462666953040000E+01 +0.1449966150902619E+00 +0.0000000000000000E+00
+0.4498948798186666E+01 +0.1523099355776384E+00 +0.0000000000000000E+00
+0.4535230643333334E+01 +0.1631944155908780E+00 +0.0000000000000000E+00
+0.4571512488480000E+01 +0.1721579737136707E+00 +0.0000000000000000E+00
+0.4607794333626667E+01 +0.1753083394700970E+00 +0.0000000000000000E+00
+0.4644076178773333E+01 +0.1736172103657551E+00 +0.0000000000000000E+00
+0.4680358023920000E+01 +0.1717680663239422E+00 +0.0000000000000000E+00
+0.4716639869066667E+01 +0.1720332962879470E+00 +0.0000000000000000E+00
+0.4752921714213334E+01 +0.1724298917230701E+00 +0.0000000000000000E+00
+0.4789203559360000E+01 +0.1708148027790153E+00 +0.0000000000000000E+00
+0.4825485404506667E+01 +0.1685744253178374E+00 +0.0000000000000000E+00
+0.4861767249653334E+01 +0.1697968148405099E+00 +0.0000000000000000E+00
+0.4898049094800000E+01 +0.1755895189067356E+00 +0.0000000000000000E+00
+0.4934330939946666E+01 +0.1838626193657086E+00 +0.0000000000000000E+00
+0.4970612785093333E+01 +0.1932722193715382E+00 +0.0000000000000000E+00
+0.5006894630240001E+01 +0.2017240160900748E+00 +0.0000000000000000E+00
+0.5043176475386667E+01 +0.2060383941054769E+00 +0.0000000000000000E+00
+0.5079458320533333E+01 +0.2054457852548980E+00 +0.0000000000000000E+00
+0.5115740165680000E+01 +0.2041259470974780E+00 +0.0000000000000000E+00
+0.5152022010826666E+01 +0.2055138109045336E+00 +0.0000000000000000E+00
+0.5188303855973333E+01 +0.2099518334559960E+00 +0.0000000000000000E+00
+0.5224585701120001E+01 +0.2166342299937170E+00 +0.0000000000000000E+00
+0.5260867546266667E+01 +0.2235183885074278E+00 +0.0000000000000000E+00
+0.5297149391413333E+01 +0.2308415589408531E+00 +0.0000000000000000E+00
+0.5333431236560000E+01 +0.2405141046878467E+00 +0.0000000000000000E+00
+0.5369713081706667E+01 +0.2518632089366071E+00 +0.0000000000000000E+00
+0.5405994926853333E+01 +0.2622936931073638E+00 +0.0000000000000000E+00
+0.5442276772000000E+01 +0.2675466672409130E+00 +0.0000000000000000E+00
+0.5478558617146667E+01 +0.2666570887223964E+00 +0.0000000000000000E+00
+0.5514840462293334E+01 +0.2663235580822861E+00 +0.0000000000000000E+00
+0.5551122307440000E+01 +0.2712263761575057E+00 +0.0000000000000000E+00
+0.5587404152586667E+01 +0.2775912025846681E+00 +0.0000000000000000E+00
+0.5623685997733333E+01 +0.2796172996067541E+00 +0.0000000000000000E+00
+0.5659967842880000E+01 +0.2772813715390936E+00 +0.0000000000000000E+00
+0.5696249688026667E+01 +0.2715389208309485E+00 +0.0000000000000000E+00
+0.5732531533173334E+01 +0.2624062693563345E+00 +0.0000000000000000E+00
+0.5768813378320000E+01 +0.2520026825306593E+00 +0.0000000000000000E+00
+0.5805095223466666E+01 +0.2437900184650345E+00 +0.0000000000000000E+00
+0.5841377068613334E+01 +0.2408801560545550E+00 +0.0000000000000000E+00
+0.5877658913760000E+01 +0.2438067933058191E+00 +0.0000000000000000E+00
+0.5913940758906667E+01 +0.2500181796677173E+00 +0.0000000000000000E+00
+0.5950222604053333E+01 +0.2573014662152152E+00 +0.0000000000000000E+00
+0.5986504449200001E+01 +0.2654376241295620E+00 +0.0000000000000000E+00
+0.6022786294346667E+01 +0.2744608155392704E+00 +0.0000000000000000E+00
+0.6059068139493333E+01 +0.2842313915755026E+00 +0.0000000000000000E+00
+0.6095349984640000E+01 +0.2926346186254202E+00 +0.0000000000000000E+00
+0.6131631829786667E+01 +0.2965915552963733E+00 +0.0000000000000000E+00
+0.6167913674933334E+01 +0.2950567920234071E+00 +0.0000000000000000E+00
+0.6204195520080000E+01 +0.2888208671525984E+00 +0.0000000000000000E+00
+0.6240477365226667E+01 +0.2794200626279484E+00 +0.0000000000000000E+00
+0.6276759210373333E+01 +0.2715879127114293E+00 +0.0000000000000000E+00
+0.6313041055520000E+01 +0.2680731105274731E+00 +0.0000000000000000E+00
+0.6349322900666667E+01 +0.2665488077988198E+00 +0.0000000000000000E+00
+0.6385604745813334E+01 +0.2663473162836690E+00 +0.0000000000000000E+00
+0.6421886590960000E+01 +0.2695404010168479E+00 +0.0000000000000000E+00
+0.6458168436106667E+01 +0.2764972195573433E+00 +0.0000000000000000E+00
+0.6494450281253334E+01 +0.2853944724378911E+00 +0.0000000000000000E+00
+0.6530732126400000E+01 +0.2941299574534343E+00 +0.0000000000000000E+00
+0.6567013971546666E+01 +0.3029875902342904E+00 +0.0000000000000000E+00
+0.6603295816693334E+01 +0.3131095806879249E+00 +0.0000000000000000E+00
+0.6639577661840001E+01 +0.3211828571410034E+00 +0.0000000000000000E+00
+0.6675859506986667E+01 +0.3222683951277672E+00 +0.0000000000000000E+00
+0.6712141352133333E+01 +0.3160207397838379E+00 +0.0000000000000000E+00
+0.6748423197280000E+01 +0.3067122547934042E+00 +0.0000000000000000E+00
+0.6784705042426666E+01 +0.3006650796708708E+00 +0.0000000000000000E+00
+0.6820986887573333E+01 +0.3013787045261757E+00 +0.0000000000000000E+00
+0.6857268732720001E+01 +0.3082664111489518E+00 +0.0000000000000000E+00
+0.6893550577866666E+01 +0.3164200722709610E+00 +0.0000000000000000E+00
+0.6929832423013333E+01 +0.3187587923464610E+00 +0.0000000000000000E+00
+0.6966114268160000E+01 +0.3130781005648017E+00 +0.0000000000000000E+00
+0.7002396113306666E+01 +0.3028394831513354E+00 +0.0000000000000000E+00
+0.7038677958453333E+01 +0.2942944666340451E+00 +0.0000000000000000E+00
+0.7074959803600001E+01 +0.2897838553771138E+00 +0.0000000000000000E+00
+0.7111241648746667E+01 +0.2839833684446548E+00 +0.0000000000000000E+00
+0.7147523493893334E+01 +0.2730060753184794E+00 +0.0000000000000000E+00
+0.7183805339040001E+01 +0.2608012842530245E+00 +0.0000000000000000E+00
+0.7220087184186666E+01 +0.2528853129364195E+00 +0.0000000000000000E+00
+0.7256369029333333E+01 +0.2502837047216251E+00 +0.0000000000000000E+00
+0.7292650874480000E+01 +0.2507860697162179E+00 +0.0000000000000000E+00
+0.7328932719626667E+01 +0.2536967976320886E+00 +0.0000000000000000E+00
+0.7365214564773334E+01 +0.2587664024349378E+00 +0.0000000000000000E+00
+0.7401496409919999E+01 +0.2629282330812368E+00 +0.0000000000000000E+00
+0.7437778255066666E+01 +0.2626652711253415E+00 +0.0000000000000000E+00
+0.7474060100213334E+01 +0.2586116434828766E+00 +0.0000000000000000E+00
+0.7510341945360000E+01 +0.2553136445665113E+00 +0.0000000000000000E+00
+0.7546623790506667E+01 +0.2565601247859808E+00 +0.0000000000000000E+00
+0.7582905635653334E+01 +0.2620207451996562E+00 +0.0000000000000000E+00
+0.7619187480800000E+01 +0.2683149557319094E+00 +0.0000000000000000E+00
+0.7655469325946667E+01 +0.2724901427041629E+00 +0.0000000000000000E+00
+0.7691751171093334E+01 +0.2738835622844346E+00 +0.0000000000000000E+00
+0.7728033016239999E+01 +0.2735700114177017E+00 +0.0000000000000000E+00
+0.7764314861386667E+01 +0.2716376526990534E+00 +0.0000000000000000E+00
+0.7800596706533335E+01 +0.2683353917690958E+00 +0.0000000000000000E+00
+0.7836878551680000E+01 +0.2655702576757056E+00 +0.0000000000000000E+00
+0.7873160396826667E+01 +0.2634839077006937E+00 +0.0000000000000000E+00
+0.7909442241973334E+01 +0.2607435738372973E+00 +0.0000000000000000E+00
+0.7945724087120000E+01 +0.2571147768628164E+00 +0.0000000000000000E+00
+0.7982005932266667E+01 +0.2540375618901886E+00 +0.0000000000000000E+00
+0.8018287777413333E+01 +0.2518816466547071E+00 +0.0000000000000000E+00
+0.8054569622560001E+01 +0.2495343313049879E+00 +0.0000000000000000E+00
+0.8090851467706667E+01 +0.2465568576925415E+00 +0.0000000000000000E+00
+0.8127133312853333E+01 +0.2442265628666502E+00 +0.0000000000000000E+00
+0.8163415157999999E+01 +0.2451826214784463E+00 +0.0000000000000000E+00
+0.8199697003146667E+01 +0.2498138978169657E+00 +0.0000000000000000E+00
+0.8235978848293334E+01 +0.2579560680570445E+00 +0.0000000000000000E+00
+0.8272260693440000E+01 +0.2693494817440057E+00 +0.0000000000000000E+00
+0.8308542538586668E+01 +0.2800408403911833E+00 +0.0000000000000000E+00
+0.8344824383733334E+01 +0.2850586688405997E+00 +0.0000000000000000E+00
+0.8381106228880000E+01 +0.2843717311023188E+00 +0.0000000000000000E+00
+0.8417388074026668E+01 +0.2813015806310241E+00 +0.0000000000000000E+00
+0.8453669919173333E+01 +0.2787732238583039E+00 +0.0000000000000000E+00
+0.8489951764320001E+01 +0.2767451194864164E+00 +0.0000000000000000E+00
+0.8526233609466667E+01 +0.2742955160886978E+00 +0.0000000000000000E+00
+0.8562515454613333E+01 +0.2744949568218845E+00 +0.0000000000000000E+00
+0.8598797299760001E+01 +0.2803085891704949E+00 +0.0000000000000000E+00
+0.8635079144906666E+01 +0.2887282048047340E+00 +0.0000000000000000E+00
+0.8671360990053333E+01 +0.2945686404825046E+00 +0.0000000000000000E+00
+0.8707642835200001E+01 +0.2975972031307894E+00 +0.0000000000000000E+00
+0.8743924680346666E+01 +0.2988761364760893E+00 +0.0000000000000000E+00
+0.8780206525493334E+01 +0.2969531023697833E+00 +0.0000000000000000E+00
+0.8816488370640000E+01 +0.2917305882204766E+00 +0.0000000000000000E+00
+0.8852770215786666E+01 +0.2847994410289565E+00 +0.0000000000000000E+00
+0.8889052060933334E+01 +0.2772196292231361E+00 +0.0000000000000000E+00
+0.8925333906080001E+01 +0.2694079625672707E+00 +0.0000000000000000E+00
+0.8961615751226667E+01 +0.2632906286480147E+00 +0.0000000000000000E+00
+0.8997897596373333E+01 +0.2607600569655693E+00 +0.0000000000000000E+00
+0.9034179441519999E+01 +0.2632256679355505E+00 +0.0000000000000000E+00
+0.9070461286666667E+01 +0.2698526775360655E+00 +0.0000000000000000E+00
+0.9106743131813333E+01 +0.2774391682695918E+00 +0.0000000000000000E+00
+0.9143024976960000E+01 +0.2840087613936577E+00 +0.0000000000000000E+00
+0.9179306822106668E+01 +0.2884188008103274E+00 +0.0000000000000000E+00
+0.9215588667253334E+01 +0.2894981209647183E+00 +0.0000000000000000E+00
+0.9251870512400000E+01 +0.2885455308864469E+00 +0.0000000000000000E+00
+0.9288152357546666E+01 +0.2864855730823215E+00 +0.0000000000000000E+00
+0.9324434202693334E+01 +0.2819575808206519E+00 +0.0000000000000000E+00
+0.9360716047840000E+01 +0.2758186641532863E+00 +0.0000000000000000E+00
+0.9396997892986667E+01 +0.2712070499526933E+00 +0.0000000000000000E+00
+0.9433279738133335E+01 +0.2697032300766773E+00 +0.0000000000000000E+00
+0.9469561583279999E+01 +0.2705821538994906E+00 +0.0000000000000000E+00
+0.9505843428426667E+01 +0.2716026074677046E+00 +0.0000000000000000E+00
+0.9542125273573335E+01 +0.2712184968736358E+00 +0.0000000000000000E+00
+0.9578407118720000E+01 +0.2725126913388213E+00 +0.0000000000000000E+00
+0.9614688963866667E+01 +0.2781189985667184E+00 +0.0000000000000000E+00
+0.9650970809013334E+01 +0.2856419789459049E+00 +0.0000000000000000E+00
+0.9687252654160000E+01 +0.2900019875822567E+00 +0.0000000000000000E+00
+0.9723534499306668E+01 +0.2878720454078227E+00 +0.0000000000000000E+00
+0.9759816344453332E+01 +0.2810562942022046E+00 +0.0000000000000000E+00
+0.9796098189600000E+01 +0.2747315217033876E+00 +0.0000000000000000E+00
+0.9832380034746667E+01 +0.2716341620766096E+00 +0.0000000000000000E+00
+0.9868661879893333E+01 +0.2714321836785922E+00 +0.0000000000000000E+00
+0.9904943725040001E+01 +0.2731591094148242E+00 +0.0000000000000000E+00
+0.9941225570186667E+01 +0.2756912239713248E+00 +0.0000000000000000E+00
+0.9977507415333333E+01 +0.2775833207760527E+00 +0.0000000000000000E+00
+0.1001378926048000E+02 +0.2771567018103340E+00 +0.0000000000000000E+00
+0.1005007110562667E+02 +0.2743059803347270E+00 +0.0000000000000000E+00
+0.1008635295077333E+02 +0.2722653129318057E+00 +0.0000000000000000E+00
+0.1012263479592000E+02 +0.2751249810629465E+00 +0.0000000000000000E+00
+0.1015891664106667E+02 +0.2829679797731683E+00 +0.0000000000000000E+00
+0.1019519848621333E+02 +0.2921093397393600E+00 +0.0000000000000000E+00
+0.1023148033136000E+02 +0.2995859470658235E+00 +0.0000000000000000E+00
+0.1026776217650667E+02 +0.3065087361363556E+00 +0.0000000000000000E+00
+0.1030404402165333E+02 +0.3145655058989789E+00 +0.0000000000000000E+00
+0.1034032586680000E+02 +0.3227770869478873E+00 +0.0000000000000000E+00
+0.1037660771194667E+02 +0.3285721445099405E+00 +0.0000000000000000E+00
+0.1041288955709333E+02 +0.3296137739447676E+00 +0.0000000000000000E+00
+0.1044917140224000E+02 +0.3257025952886272E+00 +0.0000000000000000E+00
+0.1048545324738667E+02 +0.3207338948377822E+00 +0.0000000000000000E+00
+0.1052173509253333E+02 +0.3172515245819564E+00 +0.0000000000000000E+00
+0.1055801693768000E+02 +0.3152490366469550E+00 +0.0000000000000000E+00
+0.1059429878282667E+02 +0.3169539901258689E+00 +0.0000000000000000E+00
+0.1063058062797333E+02 +0.3237472456117915E+00 +0.0000000000000000E+00
+0.1066686247312000E+02 +0.3330308147449388E+00 +0.0000000000000000E+00
+0.1070314431826667E+02 +0.3410243758730568E+00 +0.0000000000000000E+00
+0.1073942616341333E+02 +0.3458476004710411E+00 +0.0000000000000000E+00
+0.1077570800856000E+02 +0.3473626975191047E+00 +0.0000000000000000E+00
+0.1081198985370667E+02 +0.3467004665423268E+00 +0.0000000000000000E+00
+0.1084827169885333E+02 +0.3450156889158678E+00 +0.0000000000000000E+00
+0.1088455354400000E+02 +0.3419006844312459E+00 +0.0000000000000000E+00
+0.1092083538914667E+02 +0.3366375793932769E+00 +0.0000000000000000E+00
+0.1095711723429333E+02 +0.3287627914329874E+00 +0.0000000000000000E+00
+0.1099339907944000E+02 +0.3197697844565564E+00 +0.0000000000000000E+00
+0.1102968092458667E+02 +0.3116397956568726E+00 +0.0000000000000000E+00
+0.1106596276973333E+02 +0.3035094702814919E+00 +0.0000000000000000E+00
+0.1110224461488000E+02 +0.2956117746159291E+00 +0.0000000000000000E+00
+0.1113852646002667E+02 +0.2915470619697703E+00 +0.0000000000000000E+00
+0.1117480830517333E+02 +0.2939998439331441E+00 +0.0000000000000000E+00
+0.1121109015032000E+02 +0.3019814074856613E+00 +0.0000000000000000E+00
+0.1124737199546667E+02 +0.3111505014952708E+00 +0.0000000000000000E+00
+0.1128365384061333E+02 +0.3160375118934048E+00 +0.0000000000000000E+00
+0.1131993568576000E+02 +0.3151107884112625E+00 +0.0000000000000000E+00
+0.1135621753090667E+02 +0.3110726421582755E+00 +0.0000000000000000E+00
+0.1139249937605333E+02 +0.3059137437126748E+00 +0.0000000000000000E+00
+0.1142878122120000E+02 +0.2999386478260356E+00 +0.0000000000000000E+00
+0.1146506306634667E+02 +0.2943168490481832E+00 +0.0000000000000000E+00
+0.1150134491149333E+02 +0.2907313235575867E+00 +0.0000000000000000E+00
+0.1153762675664000E+02 +0.2893101275333447E+00 +0.0000000000000000E+00
+0.1157390860178667E+02 +0.2894448622352320E+00 +0.0000000000000000E+00
+0.1161019044693333E+02 +0.2900015372318147E+00 +0.0000000000000000E+00
+0.1164647229208000E+02 +0.2899319781810550E+00 +0.0000000000000000E+00
+0.1168275413722667E+02 +0.2899620164603209E+00 +0.0000000000000000E+00
+0.1171903598237333E+02 +0.2913563784495085E+00 +0.0000000000000000E+00
+0.1175531782752000E+02 +0.2942814185287205E+00 +0.0000000000000000E+00
+0.1179159967266667E+02 +0.2990439146436926E+00 +0.0000000000000000E+00
+0.1182788151781333E+02 +0.3052081522058847E+00 +0.0000000000000000E+00
+0.1186416336296000E+02 +0.3123357583432044E+00 +0.0000000000000000E+00
+0.1190044520810667E+02 +0.3205791848941619E+00 +0.0000000000000000E+00
+0.1193672705325333E+02 +0.3266344181866948E+00 +0.0000000000000000E+00
+0.1197300889840000E+02 +0.3253330075712198E+00 +0.0000000000000000E+00
+0.1200929074354667E+02 +0.3163811321952084E+00 +0.0000000000000000E+00
+0.1204557258869333E+02 +0.3057595475532571E+00 +0.0000000000000000E+00
+0.1208185443384000E+02 +0.2979960720014788E+00 +0.0000000000000000E+00
+0.1211813627898667E+02 +0.2934752306600768E+00 +0.0000000000000000E+00
+0.1215441812413333E+02 +0.2901331206426569E+00 +0.0000000000000000E+00
+0.1219069996928000E+02 +0.2846062985183609E+00 +0.0000000000000000E+00
+0.1222698181442667E+02 +0.2767896893188585E+00 +0.0000000000000000E+00
+0.1226326365957333E+02 +0.2710019536151017E+00 +0.0000000000000000E+00
+0.1229954550472000E+02 +0.2703185406400737E+00 +0.0000000000000000E+00
+0.1233582734986667E+02 +0.2742562805153373E+00 +0.0000000000000000E+00
+0.1237210919501333E+02 +0.2810115523827523E+00 +0.0000000000000000E+00
+0.1240839104016000E+02 +0.2884930626342452E+00 +0.0000000000000000E+00
+0.1244467288530667E+02 +0.2950846987529055E+00 +0.0000000000000000E+00
+0.1248095473045333E+02 +0.2999086126166009E+00 +0.0000000000000000E+00
+0.1251723657560000E+02 +0.3026150148024212E+00 +0.0000000000000000E+00
+0.1255351842074667E+02 +0.3020067826185284E+00 +0.0000000000000000E+00
+0.1258980026589333E+02 +0.2989860795004214E+00 +0.0000000000000000E+00
+0.1262608211104000E+02 +0.2983189017049589E+00 +0.0000000000000000E+00
+0.1266236395618667E+02 +0.3026940589993118E+00 +0.0000000000000000E+00
+0.1269864580133333E+02 +0.3093531039191618E+00 +0.0000000000000000E+00
+0.1273492764648000E+02 +0.3140196426985650E+00 +0.0000000000000000E+00
+0.1277120949162667E+02 +0.3153457331612595E+00 +0.0000000000000000E+00
+0.1280749133677334E+02 +0.3137128226876472E+00 +0.0000000000000000E+00
+0.1284377318192000E+02 +0.3105720499494866E+00 +0.0000000000000000E+00
+0.1288005502706667E+02 +0.3084542409153394E+00 +0.0000000000000000E+00
+0.1291633687221333E+02 +0.3084174409041418E+00 +0.0000000000000000E+00
+0.1295261871736000E+02 +0.3107101348873128E+00 +0.0000000000000000E+00
+0.1298890056250667E+02 +0.3152417058275312E+00 +0.0000000000000000E+00
+0.1302518240765333E+02 +0.3202149213131192E+00 +0.0000000000000000E+00
+0.1306146425280000E+02 +0.3233602780928395E+00 +0.0000000000000000E+00
+0.1309774609794667E+02 +0.3242756730296870E+00 +0.0000000000000000E+00
+0.1313402794309333E+02 +0.3246024344773087E+00 +0.0000000000000000E+00
+0.1317030978824000E+02 +0.3251241164636263E+00 +0.0000000000000000E+00
+0.1320659163338667E+02 +0.3258595749642894E+00 +0.0000000000000000E+00
+0.1324287347853333E+02 +0.3269270569827366E+00 +0.0000000000000000E+00
+0.1327915532368000E+02 +0.3284554282384927E+00 +0.0000000000000000E+00
+0.1331543716882667E+02 +0.3322034547853261E+00 +0.0000000000000000E+00
+0.1335171901397333E+02 +0.3390301214255325E+00 +0.0000000000000000E+00
+0.1338800085912000E+02 +0.3466424075187005E+00 +0.0000000000000000E+00
+0.1342428270426667E+02 +0.3544971725258852E+00 +0.0000000000000000E+00
+0.1346056454941333E+02 +0.3641996278702653E+00 +0.0000000000000000E+00
+0.1349684639456000E+02 +0.3734414344385062E+00 +0.0000000000000000E+00
+0.1353312823970667E+02 +0.3771236721429947E+00 +0.0000000000000000E+00
+0.1356941008485333E+02 +0.3745031481614197E+00 +0.0000000000000000E+00
+0.1360569193000000E+02 +0.3703304489752561E+00 +0.0000000000000000E+00
+0.1364197377514667E+02 +0.3689004921232079E+00 +0.0000000000000000E+00
+0.1367825562029333E+02 +0.3694953354451304E+00 +0.0000000000000000E+00
+0.1371453746544000E+02 +0.3686329428739863E+00 +0.0000000000000000E+00
+0.1375081931058667E+02 +0.3660176418416959E+00 +0.0000000000000000E+00
+0.1378710115573333E+02 +0.3644005564939776E+00 +0.0000000000000000E+00
+0.1382338300088000E+02 +0.3651243091649482E+00 +0.0000000000000000E+00
+0.1385966484602667E+02 +0.3676244165089619E+00 +0.0000000000000000E+00
+0.1389594669117333E+02 +0.3714814233668094E+00 +0.0000000000000000E+00
+0.1393222853632000E+02 +0.3762757222699633E+00 +0.0000000000000000E+00
+0.1396851038146667E+02 +0.3802639848668298E+00 +0.0000000000000000E+00
+0.1400479222661333E+02 +0.3827281846232333E+00 +0.0000000000000000E+00
+0.1404107407176000E+02 +0.3856534833004303E+00 +0.0000000000000000E+00
+0.1407735591690667E+02 +0.3918286559384653E+00 +0.0000000000000000E+00
+0.1411363776205333E+02 +0.4009502623290987E+00 +0.0000000000000000E+00
+0.1414991960720000E+02 +0.4096787679079170E+00 +0.0000000000000000E+00
+0.1418620145234667E+02 +0.4167163586336199E+00 +0.0000000000000000E+00
+0.1422248329749333E+02 +0.4209262808293283E+00 +0.0000000000000000E+00
+0.1425876514264000E+02 +0.4205586373260059E+00 +0.0000000000000000E+00
+0.1429504698778667E+02 +0.4186107568748900E+00 +0.0000000000000000E+00
+0.1433132883293333E+02 +0.4199814859292967E+00 +0.0000000000000000E+00
+0.1436761067808000E+02 +0.4259583781664497E+00 +0.0000000000000000E+00
+0.1440389252322667E+02 +0.4341518068037880E+00 +0.0000000000000000E+00
+0.1444017436837333E+02 +0.4419721450555521E+00 +0.0000000000000000E+00
+0.1447645621352000E+02 +0.4490752449650963E+00 +0.0000000000000000E+00
+0.1451273805866667E+02 +0.4564557145793841E+00 +0.0000000000000000E+00
+0.1454901990381333E+02 +0.4627453275185198E+00 +0.0000000000000000E+00
+0.1458530174896000E+02 +0.4656977714369289E+00 +0.0000000000000000E+00
+0.1462158359410667E+02 +0.4664387319575574E+00 +0.0000000000000000E+00
+0.1465786543925333E+02 +0.4676895705664765E+00 +0.0000000000000000E+00
+0.1469414728440000E+02 +0.4697073129791598E+00 +0.0000000000000000E+00
+0.1473042912954667E+02 +0.4703400311195223E+00 +0.0000000000000000E+00
+0.1476671097469333E+02 +0.4696327710302025E+00 +0.0000000000000000E+00
+0.1480299281984000E+02 +0.4692542952663079E+00 +0.0000000000000000E+00
+0.1483927466498667E+02 +0.4706868044714220E+00 +0.0000000000000000E+00
+0.1487555651013333E+02 +0.4732872742253336E+00 +0.0000000000000000E+00
+0.1491183835528000E+02 +0.4730363535586123E+00 +0.0000000000000000E+00
+0.1494812020042667E+02 +0.4670737922628452E+00 +0.0000000000000000E+00
+0.1498440204557333E+02 +0.4585991879936879E+00 +0.0000000000000000E+00
+0.1502068389072000E+02 +0.4527068148315282E+00 +0.0000000000000000E+00
+0.1505696573586667E+02 +0.4518291650807226E+00 +0.0000000000000000E+00
+0.1509324758101333E+02 +0.4544930969543405E+00 +0.0000000000000000E+00
+0.1512952942616000E+02 +0.4561657631815521E+00 +0.0000000000000000E+00
+0.1516581127130667E+02 +0.4548570438374347E+00 +0.0000000000000000E+00
+0.1520209311645333E+02 +0.4541011311228124E+00 +0.0000000000000000E+00
+0.1523837496160000E+02 +0.4558507080582561E+00 +0.0000000000000000E+00
+0.1527465680674667E+02 +0.4585647205070709E+00 +0.0000000000000000E+00
+0.1531093865189333E+02 +0.4623074552489532E+00 +0.0000000000000000E+00
+0.1534722049704000E+02 +0.4675335225610427E+00 +0.0000000000000000E+00
+0.1538350234218667E+02 +0.4736427076893275E+00 +0.0000000000000000E+00
+0.1541978418733333E+02 +0.4791926022534331E+00 +0.0000000000000000E+00
+0.1545606603248000E+02 +0.4837452076215159E+00 +0.0000000000000000E+00
+0.1549234787762667E+02 +0.4879118214809613E+00 +0.0000000000000000E+00
+0.1552862972277333E+02 +0.4908030439703108E+00 +0.0000000000000000E+00
+0.1556491156792000E+02 +0.4913779336000213E+00 +0.0000000000000000E+00
+0.1560119341306667E+02 +0.4909290253756819E+00 +0.0000000000000000E+00
+0.1563747525821333E+02 +0.4900187374145425E+00 +0.0000000000000000E+00
+0.1567375710336000E+02 +0.4879643325624944E+00 +0.0000000000000000E+00
+0.1571003894850667E+02 +0.4867910826954913E+00 +0.0000000000000000E+00
+0.1574632079365333E+02 +0.4898326826835387E+00 +0.0000000000000000E+00
+0.1578260263880000E+02 +0.4967511378676068E+00 +0.0000000000000000E+00
+0.1581888448394667E+02 +0.5022404969725136E+00 +0.0000000000000000E+00
+0.1585516632909333E+02 +0.5034452824884121E+00 +0.0000000000000000E+00
+0.1589144817424000E+02 +0.5040460392273440E+00 +0.0000000000000000E+00
+0.1592773001938667E+02 +0.5065638146968733E+00 +0.0000000000000000E+00
+0.1596401186453333E+02 +0.5100940178697428E+00 +0.0000000000000000E+00
+0.1600029370968000E+02 +0.5149848180020324E+00 +0.0000000000000000E+00
+0.1603657555482667E+02 +0.5212550513399410E+00 +0.0000000000000000E+00
+0.1607285739997333E+02 +0.5256956817809213E+00 +0.0000000000000000E+00
+0.1610913924512000E+02 +0.5263848013728610E+00 +0.0000000000000000E+00
+0.1614542109026667E+02 +0.5232629587385386E+00 +0.0000000000000000E+00
+0.1618170293541333E+02 +0.5168964831743801E+00 +0.0000000000000000E+00
+0.1621798478056000E+02 +0.5099528752362726E+00 +0.0000000000000000E+00
+0.1625426662570667E+02 +0.5059394404825446E+00 +0.0000000000000000E+00
+0.1629054847085333E+02 +0.5065440293405128E+00 +0.0000000000000000E+00
+0.1632683031600000E+02 +0.5110010136454379E+00 +0.0000000000000000E+00
+0.1636311216114667E+02 +0.5168986036050762E+00 +0.0000000000000000E+00
+0.1639939400629333E+02 +0.5192923702223012E+00 +0.0000000000000000E+00
+0.1643567585144000E+02 +0.5140441752061288E+00 +0.0000000000000000E+00
+0.1647195769658667E+02 +0.5035512079646046E+00 +0.0000000000000000E+00
+0.1650823954173334E+02 +0.4944280775125441E+00 +0.0000000000000000E+00
+0.1654452138688000E+02 +0.4886996009579128E+00 +0.0000000000000000E+00
+0.1658080323202667E+02 +0.4815152718266799E+00 +0.0000000000000000E+00
+0.1661708507717334E+02 +0.4706340939039731E+00 +0.0000000000000000E+00
+0.1665336692232000E+02 +0.4611253798905816E+00 +0.0000000000000000E+00
+0.1668964876746667E+02 +0.4575184734378910E+00 +0.0000000000000000E+00
+0.1672593061261334E+02 +0.4594353708993576E+00 +0.0000000000000000E+00
+0.1676221245776000E+02 +0.4652045993505143E+00 +0.0000000000000000E+00
+0.1679849430290666E+02 +0.4733475369255088E+00 +0.0000000000000000E+00
+0.1683477614805334E+02 +0.4826912170392604E+00 +0.0000000000000000E+00
+0.1687105799320000E+02 +0.4930443207184514E+00 +0.0000000000000000E+00
+0.1690733983834667E+02 +0.5041789561218054E+00 +0.0000000000000000E+00
+0.1694362168349333E+02 +0.5141824961260922E+00 +0.0000000000000000E+00
+0.1697990352864000E+02 +0.5191966913570344E+00 +0.0000000000000000E+00
+0.1701618537378667E+02 +0.5166272666353483E+00 +0.0000000000000000E+00
+0.1705246721893333E+02 +0.5110724202969781E+00 +0.0000000000000000E+00
+0.1708874906408000E+02 +0.5082828817175821E+00 +0.0000000000000000E+00
+0.1712503090922667E+02 +0.5071771912862610E+00 +0.0000000000000000E+00
+0.1716131275437333E+02 +0.5046387535676349E+00 +0.0000000000000000E+00
+0.1719759459952000E+02 +0.5018764800203630E+00 +0.0000000000000000E+00
+0.1723387644466667E+02 +0.5013038153590845E+00 +0.0000000000000000E+00
+0.1727015828981333E+02 +0.5017758956576758E+00 +0.0000000000000000E+00
+0.1730644013496000E+02 +0.4997792911972764E+00 +0.0000000000000000E+00
+0.1734272198010667E+02 +0.4949747569591115E+00 +0.0000000000000000E+00
+0.1737900382525333E+02 +0.4928625509200242E+00 +0.0000000000000000E+00
+0.1741528567040000E+02 +0.4982919312422115E+00 +0.0000000000000000E+00
+0.1745156751554667E+02 +0.5085547639431891E+00 +0.0000000000000000E+00
+0.1748784936069333E+02 +0.5160863936952128E+00 +0.0000000000000000E+00
+0.1752413120584000E+02 +0.5158905218709735E+00 +0.0000000000000000E+00
+0.1756041305098667E+02 +0.5109401553349826E+00 +0.0000000000000000E+00
+0.1759669489613333E+02 +0.5068025857501515E+00 +0.0000000000000000E+00
+0.1763297674128000E+02 +0.5036578443498058E+00 +0.0000000000000000E+00
+0.1766925858642667E+02 +0.5000354173969204E+00 +0.0000000000000000E+00
+0.1770554043157333E+02 +0.4963290184516238E+00 +0.0000000000000000E+00
+0.1774182227672000E+02 +0.4952834254967620E+00 +0.0000000000000000E+00
+0.1777810412186667E+02 +0.4975991695683937E+00 +0.0000000000000000E+00
+0.1781438596701333E+02 +0.5008014459320970E+00 +0.0000000000000000E+00
+0.1785066781216000E+02 +0.5033277345352962E+00 +0.0000000000000000E+00
+0.1788694965730667E+02 +0.5041417686806071E+00 +0.0000000000000000E+00
+0.1792323150245333E+02 +0.5021515858434688E+00 +0.0000000000000000E+00
+0.1795951334760000E+02 +0.4974528520463714E+00 +0.0000000000000000E+00
+0.1799579519274667E+02 +0.4916512703012772E+00 +0.0000000000000000E+00
+0.1803207703789333E+02 +0.4850644595641867E+00 +0.0000000000000000E+00
+0.1806835888304000E+02 +0.4794414102428667E+00 +0.0000000000000000E+00
+0.1810464072818667E+02 +0.4780082846729220E+00 +0.0000000000000000E+00
+0.1814092257333333E+02 +0.4839806982766398E+00 +0.0000000000000000E+00
+0.1817720441848000E+02 +0.4962999513442728E+00 +0.0000000000000000E+00
+0.1821348626362667E+02 +0.5078512193419455E+00 +0.0000000000000000E+00
+0.1824976810877333E+02 +0.5114043622633080E+00 +0.0000000000000000E+00
+0.1828604995392000E+02 +0.5094898993659702E+00 +0.0000000000000000E+00
+0.1832233179906667E+02 +0.5091773487010249E+00 +0.0000000000000000E+00
+0.1835861364421334E+02 +0.5082592647762578E+00 +0.0000000000000000E+00
+0.1839489548936000E+02 +0.5013282974499251E+00 +0.0000000000000000E+00
+0.1843117733450667E+02 +0.4900799284583482E+00 +0.0000000000000000E+00
+0.1846745917965333E+02 +0.4796074232111695E+00 +0.0000000000000000E+00
+0.1850374102480000E+02 +0.4717916340078395E+00 +0.0000000000000000E+00
+0.1854002286994667E+02 +0.4626466611085048E+00 +0.0000000000000000E+00
+0.1857630471509333E+02 +0.4483985504623313E+00 +0.0000000000000000E+00
+0.1861258656024000E+02 +0.4327101006748871E+00 +0.0000000000000000E+00
+0.1864886840538667E+02 +0.4212298078879988E+00 +0.0000000000000000E+00
+0.1868515025053333E+02 +0.4162488220172216E+00 +0.0000000000000000E+00
+0.1872143209568000E+02 +0.4171276160619397E+00 +0.0000000000000000E+00
+0.1875771394082667E+02 +0.4219752598026223E+00 +0.0000000000000000E+00
+0.1879399578597333E+02 +0.4289355264510372E+00 +0.0000000000000000E+00
+0.1883027763112000E+02 +0.4357827183990461E+00 +0.0000000000000000E+00
+0.1886655947626667E+02 +0.4390660209987579E+00 +0.0000000000000000E+00
+0.1890284132141333E+02 +0.4358141852720361E+00 +0.0000000000000000E+00
+0.1893912316656000E+02 +0.4286674546850393E+00 +0.0000000000000000E+00
+0.1897540501170667E+02 +0.4214494481528262E+00 +0.0000000000000000E+00
+0.1901168685685333E+02 +0.4139204500070774E+00 +0.0000000000000000E+00
+0.1904796870200000E+02 +0.4052877844378103E+00 +0.0000000000000000E+00
+0.1908425054714667E+02 +0.3952110399083454E+00 +0.0000000000000000E+00
+0.1912053239229333E+02 +0.3832304153468979E+00 +0.0000000000000000E+00
+0.1915681423744000E+02 +0.3705073293863167E+00 +0.0000000000000000E+00
+0.1919309608258667E+02 +0.3592985882857185E+00 +0.0000000000000000E+00
+0.1922937792773333E+02 +0.3521470604458595E+00 +0.0000000000000000E+00
+0.1926565977288000E+02 +0.3516828018877017E+00 +0.0000000000000000E+00
+0.1930194161802667E+02 +0.3570302292439548E+00 +0.0000000000000000E+00
+0.1933822346317334E+02 +0.3629905654545754E+00 +0.0000000000000000E+00
+0.1937450530832000E+02 +0.3653836821935895E+00 +0.0000000000000000E+00
+0.1941078715346666E+02 +0.3630125727318848E+00 +0.0000000000000000E+00
+0.1944706899861334E+02 +0.3566075298645313E+00 +0.0000000000000000E+00
+0.1948335084376000E+02 +0.3492814305368024E+00 +0.0000000000000000E+00
+0.1951963268890666E+02 +0.3446466087226446E+00 +0.0000000000000000E+00
+0.1955591453405334E+02 +0.3428174105440581E+00 +0.0000000000000000E+00
+0.1959219637920000E+02 +0.3429892461395648E+00 +0.0000000000000000E+00
+0.1962847822434667E+02 +0.3443464079500243E+00 +0.0000000000000000E+00
+0.1966476006949333E+02 +0.3447715333322852E+00 +0.0000000000000000E+00
+0.1970104191464000E+02 +0.3429816250898596E+00 +0.0000000000000000E+00
+0.1973732375978667E+02 +0.3407276066872461E+00 +0.0000000000000000E+00
+0.1977360560493333E+02 +0.3405496213538309E+00 +0.0000000000000000E+00
+0.1980988745008000E+02 +0.3419745475016598E+00 +0.0000000000000000E+00
+0.1984616929522667E+02 +0.3440940419613200E+00 +0.0000000000000000E+00
+0.1988245114037333E+02 +0.3476314745633987E+00 +0.0000000000000000E+00
+0.1991873298552000E+02 +0.3544548827642315E+00 +0.0000000000000000E+00
+0.1995501483066667E+02 +0.3663651028081882E+00 +0.0000000000000000E+00
+0.1999129667581333E+02 +0.3816723241773782E+00 +0.0000000000000000E+00
+0.2002757852096000E+02 +0.3947521097712915E+00 +0.0000000000000000E+00
+0.2006386036610667E+02 +0.4009368877630805E+00 +0.0000000000000000E+00
+0.2010014221125333E+02 +0.3993772659143258E+00 +0.0000000000000000E+00
+0.2013642405640000E+02 +0.3928962954358416E+00 +0.0000000000000000E+00
+0.2017270590154667E+02 +0.3855287366142984E+00 +0.0000000000000000E+00
+0.2020898774669334E+02 +0.3791593066676527E+00 +0.0000000000000000E+00
+0.2024526959184000E+02 +0.3743397978766457E+00 +0.0000000000000000E+00
+0.2028155143698667E+02 +0.3708698824617099E+00 +0.0000000000000000E+00
+0.2031783328213333E+02 +0.3690526654671609E+00 +0.0000000000000000E+00
+0.2035411512728000E+02 +0.3690611017216588E+00 +0.0000000000000000E+00
+0.2039039697242667E+02 +0.3709759595447233E+00 +0.0000000000000000E+00
+0.2042667881757333E+02 +0.3749000687773806E+00 +0.0000000000000000E+00
+0.2046296066272000E+02 +0.3803171067801688E+00 +0.0000000000000000E+00
+0.2049924250786667E+02 +0.3858850753946891E+00 +0.0000000000000000E+00
+0.2053552435301333E+02 +0.3911355503784478E+00 +0.0000000000000000E+00
+0.2057180619816000E+02 +0.3976731392643265E+00 +0.0000000000000000E+00
+0.2060808804330667E+02 +0.4061088530754729E+00 +0.0000000000000000E+00
+0.2064436988845333E+02 +0.4158180532054322E+00 +0.0000000000000000E+00
+0.2068065173360000E+02 +0.4266328498212153E+00 +0.0000000000000000E+00
+0.2071693357874667E+02 +0.4377367620670661E+00 +0.0000000000000000E+00
+0.2075321542389333E+02 +0.4486736889363055E+00 +0.0000000000000000E+00
+0.2078949726904000E+02 +0.4587884212221455E+00 +0.0000000000000000E+00
+0.2082577911418667E+02 +0.4681559370651425E+00 +0.0000000000000000E+00
+0.2086206095933333E+02 +0.4807888525293180E+00 +0.0000000000000000E+00
+0.2089834280448000E+02 +0.4980461862592921E+00 +0.0000000000000000E+00
+0.2093462464962667E+02 +0.5139681697864935E+00 +0.0000000000000000E+00
+0.2097090649477333E+02 +0.5241002384175318E+00 +0.0000000000000000E+00
+0.2100718833992000E+02 +0.5303726131394199E+00 +0.0000000000000000E+00
+0.2104347018506667E+02 +0.5350320335824374E+00 +0.0000000000000000E+00
+0.2107975203021333E+02 +0.5392135603877302E+00 +0.0000000000000000E+00
+0.2111603387536000E+02 +0.5432558620990663E+00 +0.0000000000000000E+00
+0.2115231572050667E+02 +0.5467136267026491E+00 +0.0000000000000000E+00
+0.2118859756565333E+02 +0.5505986423702836E+00 +0.0000000000000000E+00
+0.2122487941080000E+02 +0.5552993452054354E+00 +0.0000000000000000E+00
+0.2126116125594667E+02 +0.5615000361746695E+00 +0.0000000000000000E+00
+0.2129744310109333E+02 +0.5701916586921781E+00 +0.0000000000000000E+00
+0.2133372494624000E+02 +0.5805373204898810E+00 +0.0000000000000000E+00
+0.2137000679138667E+02 +0.5893855800002999E+00 +0.0000000000000000E+00
+0.2140628863653333E+02 +0.5951935897376345E+00 +0.0000000000000000E+00
+0.2144257048168000E+02 +0.6019826480263873E+00 +0.0000000000000000E+00
+0.2147885232682667E+02 +0.6140841219877273E+00 +0.0000000000000000E+00
+0.2151513417197333E+02 +0.6310217129609215E+00 +0.0000000000000000E+00
+0.2155141601712000E+02 +0.6462669575169782E+00 +0.0000000000000000E+00
+0.2158769786226667E+02 +0.6524804173616819E+00 +0.0000000000000000E+00
+0.2162397970741333E+02 +0.6509101156184931E+00 +0.0000000000000000E+00
+0.2166026155256000E+02 +0.6507133943375316E+00 +0.0000000000000000E+00
+0.2169654339770667E+02 +0.6555909210760820E+00 +0.0000000000000000E+00
+0.2173282524285333E+02 +0.6615547268136077E+00 +0.0000000000000000E+00
+0.2176910708800000E+02 +0.6650702678785808E+00 +0.0000000000000000E+00
+0.2180538893314667E+02 +0.6669495122682100E+00 +0.0000000000000000E+00
+0.2184167077829333E+02 +0.6686519808438910E+00 +0.0000000000000000E+00
+0.2187795262344000E+02 +0.6726982888313308E+00 +0.0000000000000000E+00
+0.2191423446858667E+02 +0.6814484295692016E+00 +0.0000000000000000E+00
+0.2195051631373333E+02 +0.6937965474558099E+00 +0.0000000000000000E+00
+0.2198679815888000E+02 +0.7053840180898239E+00 +0.0000000000000000E+00
+0.2202308000402667E+02 +0.7093473267365789E+00 +0.0000000000000000E+00
+0.2205936184917334E+02 +0.7035628301632075E+00 +0.0000000000000000E+00
+0.2209564369432000E+02 +0.6935008988661364E+00 +0.0000000000000000E+00
+0.2213192553946667E+02 +0.6874146068052011E+00 +0.0000000000000000E+00
+0.2216820738461334E+02 +0.6883918396209294E+00 +0.0000000000000000E+00
+0.2220448922976000E+02 +0.6892193082768145E+00 +0.0000000000000000E+00
+0.2224077107490667E+02 +0.6870781557527745E+00 +0.0000000000000000E+00
+0.2227705292005333E+02 +0.6894947174731527E+00 +0.0000000000000000E+00
+0.2231333476520000E+02 +0.6982323201633763E+00 +0.0000000000000000E+00
+0.2234961661034667E+02 +0.7089164189732780E+00 +0.0000000000000000E+00
+0.2238589845549333E+02 +0.7161991662417073E+00 +0.0000000000000000E+00
+0.2242218030064000E+02 +0.7131574755730575E+00 +0.0000000000000000E+00
+0.2245846214578667E+02 +0.7028831697406801E+00 +0.0000000000000000E+00
+0.2249474399093333E+02 +0.6973455875894148E+00 +0.0000000000000000E+00
+0.2253102583608000E+02 +0.6985051520396296E+00 +0.0000000000000000E+00
+0.2256730768122667E+02 +0.7007655590443045E+00 +0.0000000000000000E+00
+0.2260358952637333E+02 +0.7036629941036987E+00 +0.0000000000000000E+00
+0.2263987137152000E+02 +0.7085548754841581E+00 +0.0000000000000000E+00
+0.2267615321666667E+02 +0.7143538028468132E+00 +0.0000000000000000E+00
+0.2271243506181333E+02 +0.7195358707342403E+00 +0.0000000000000000E+00
+0.2274871690696000E+02 +0.7216301428088492E+00 +0.0000000000000000E+00
+0.2278499875210667E+02 +0.7191201717245854E+00 +0.0000000000000000E+00
+0.2282128059725333E+02 +0.7141244912271616E+00 +0.0000000000000000E+00
+0.2285756244240000E+02 +0.7095817411518346E+00 +0.0000000000000000E+00
+0.2289384428754667E+02 +0.7076799596533340E+00 +0.0000000000000000E+00
+0.2293012613269333E+02 +0.7112849633091629E+00 +0.0000000000000000E+00
+0.2296640797784000E+02 +0.7242178477226877E+00 +0.0000000000000000E+00
+0.2300268982298667E+02 +0.7422166085599363E+00 +0.0000000000000000E+00
+0.2303897166813334E+02 +0.7567080376192965E+00 +0.0000000000000000E+00
+0.2307525351328000E+02 +0.7665773062013858E+00 +0.0000000000000000E+00
+0.2311153535842667E+02 +0.7757075032059940E+00 +0.0000000000000000E+00
+0.2314781720357334E+02 +0.7863292125772224E+00 +0.0000000000000000E+00
+0.2318409904872000E+02 +0.7980475518991896E+00 +0.0000000000000000E+00
+0.2322038089386666E+02 +0.8110833717343275E+00 +0.0000000000000000E+00
+0.2325666273901334E+02 +0.8243414193069685E+00 +0.0000000000000000E+00
+0.2329294458416000E+02 +0.8353131114570056E+00 +0.0000000000000000E+00
+0.2332922642930667E+02 +0.8422399434280965E+00 +0.0000000000000000E+00
+0.2336550827445334E+02 +0.8475691046863991E+00 +0.0000000000000000E+00
+0.2340179011960000E+02 +0.8559032530234638E+00 +0.0000000000000000E+00
+0.2343807196474667E+02 +0.8668053917386511E+00 +0.0000000000000000E+00
+0.2347435380989334E+02 +0.8778570533418721E+00 +0.0000000000000000E+00
+0.2351063565504000E+02 +0.8890204208088054E+00 +0.0000000000000000E+00
+0.2354691750018667E+02 +0.9017354236680827E+00 +0.0000000000000000E+00
+0.2358319934533333E+02 +0.9183147308778784E+00 +0.0000000000000000E+00
+0.2361948119048000E+02 +0.9349851060821366E+00 +0.0000000000000000E+00
+0.2365576303562667E+02 +0.9449684469965730E+00 +0.0000000000000000E+00
+0.2369204488077333E+02 +0.9506854680656843E+00 +0.0000000000000000E+00
+0.2372832672592000E+02 +0.9583689094890233E+00 +0.0000000000000000E+00
+0.2376460857106667E+02 +0.9703275151238537E+00 +0.0000000000000000E+00
+0.2380089041621333E+02 +0.9843691814787348E+00 +0.0000000000000000E+00
+0.2383717226136000E+02 +0.9940139814726898E+00 +0.0000000000000000E+00
+0.2387345410650667E+02 +0.9977154710355240E+00 +0.0000000000000000E+00
+0.2390973595165333E+02 +0.9948536370025998E+00 +0.0000000000000000E+00
+0.2394601779680000E+02 +0.9811982646301292E+00 +0.0000000000000000E+00
+0.2398229964194667E+02 +0.9592115002747343E+00 +0.0000000000000000E+00
+0.2401858148709333E+02 +0.9409841791699938E+00 +0.0000000000000000E+00
+0.2405486333224000E+02 +0.9424153451461983E+00 +0.0000000000000000E+00
+0.2409114517738667E+02 +0.9700090002140804E+00 +0.0000000000000000E+00
+0.2412742702253333E+02 +0.1011839158798067E+01 +0.0000000000000000E+00
+0.2416370886768000E+02 +0.1047467759178068E+01 +0.0000000000000000E+00
+0.2419999071282667E+02 +0.1070659956715839E+01 +0.0000000000000000E+00
+0.2423627255797333E+02 +0.1085881186445963E+01 +0.0000000000000000E+00
+0.2427255440312000E+02 +0.1090246985675142E+01 +0.0000000000000000E+00
+0.2430883624826667E+02 +0.1080562087356175E+01 +0.0000000000000000E+00
+0.2434511809341333E+02 +0.1065380990382376E+01 +0.0000000000000000E+00
+0.2438139993856000E+02 +0.1052550029747324E+01 +0.0000000000000000E+00
+0.2441768178370667E+02 +0.1039329245320173E+01 +0.0000000000000000E+00
+0.2445396362885333E+02 +0.1025217437153168E+01 +0.0000000000000000E+00
+0.2449024547400000E+02 +0.1014184568889734E+01 +0.0000000000000000E+00
+0.2452652731914667E+02 +0.1010395644790197E+01 +0.0000000000000000E+00
+0.2456280916429333E+02 +0.1014251500996303E+01 +0.0000000000000000E+00
+0.2459909100944000E+02 +0.1018480880183643E+01 +0.0000000000000000E+00
+0.2463537285458667E+02 +0.1014314148998982E+01 +0.0000000000000000E+00
+0.2467165469973333E+02 +0.1003594759369895E+01 +0.0000000000000000E+00
+0.2470793654488000E+02 +0.9934559568113578E+00 +0.0000000000000000E+00
+0.2474421839002667E+02 +0.9801141938784907E+00 +0.0000000000000000E+00
+0.2478050023517333E+02 +0.9597624373093950E+00 +0.0000000000000000E+00
+0.2481678208032000E+02 +0.9352817484262209E+00 +0.0000000000000000E+00
+0.2485306392546667E+02 +0.9091055847497660E+00 +0.0000000000000000E+00
+0.2488934577061334E+02 +0.8794420725517057E+00 +0.0000000000000000E+00
+0.2492562761576000E+02 +0.8480359723932936E+00 +0.0000000000000000E+00
+0.2496190946090667E+02 +0.8208113310148116E+00 +0.0000000000000000E+00
+0.2499819130605333E+02 +0.7993218254726435E+00 +0.0000000000000000E+00
+0.2503447315120000E+02 +0.7788344363883660E+00 +0.0000000000000000E+00
+0.2507075499634667E+02 +0.7546648570321766E+00 +0.0000000000000000E+00
+0.2510703684149333E+02 +0.7273807745864724E+00 +0.0000000000000000E+00
+0.2514331868664000E+02 +0.7004340855436930E+00 +0.0000000000000000E+00
+0.2517960053178667E+02 +0.6795758102726253E+00 +0.0000000000000000E+00
+0.2521588237693333E+02 +0.6692711027640554E+00 +0.0000000000000000E+00
+0.2525216422208000E+02 +0.6688823051629180E+00 +0.0000000000000000E+00
+0.2528844606722667E+02 +0.6732020722770469E+00 +0.0000000000000000E+00
+0.2532472791237333E+02 +0.6754829060425065E+00 +0.0000000000000000E+00
+0.2536100975752000E+02 +0.6681287773665862E+00 +0.0000000000000000E+00
+0.2539729160266667E+02 +0.6499027558241159E+00 +0.0000000000000000E+00
+0.2543357344781333E+02 +0.6300825539716205E+00 +0.0000000000000000E+00
+0.2546985529296000E+02 +0.6176213236375001E+00 +0.0000000000000000E+00
+0.2550613713810667E+02 +0.6139943411797215E+00 +0.0000000000000000E+00
+0.2554241898325333E+02 +0.6172827582778523E+00 +0.0000000000000000E+00
+0.2557870082840000E+02 +0.6247103713223244E+00 +0.0000000000000000E+00
+0.2561498267354667E+02 +0.6331297064426936E+00 +0.0000000000000000E+00
+0.2565126451869333E+02 +0.6397016721256304E+00 +0.0000000000000000E+00
+0.2568754636384000E+02 +0.6411850969115628E+00 +0.0000000000000000E+00
+0.2572382820898667E+02 +0.6340206104014863E+00 +0.0000000000000000E+00
+0.2576011005413334E+02 +0.6184317799687669E+00 +0.0000000000000000E+00
+0.2579639189928000E+02 +0.5988145067450423E+00 +0.0000000000000000E+00
+0.2583267374442667E+02 +0.5801046636904996E+00 +0.0000000000000000E+00
+0.2586895558957334E+02 +0.5630381910254610E+00 +0.0000000000000000E+00
+0.2590523743472000E+02 +0.5480751331171060E+00 +0.0000000000000000E+00
+0.2594151927986666E+02 +0.5366496306088921E+00 +0.0000000000000000E+00
+0.2597780112501334E+02 +0.5264850443724172E+00 +0.0000000000000000E+00
+0.2601408297016000E+02 +0.5149968590427507E+00 +0.0000000000000000E+00
+0.2605036481530666E+02 +0.5011921385078754E+00 +0.0000000000000000E+00
+0.2608664666045334E+02 +0.4870465963615391E+00 +0.0000000000000000E+00
+0.2612292850560000E+02 +0.4781888280818012E+00 +0.0000000000000000E+00
+0.2615921035074667E+02 +0.4754095070360321E+00 +0.0000000000000000E+00
+0.2619549219589333E+02 +0.4732662105879916E+00 +0.0000000000000000E+00
+0.2623177404104000E+02 +0.4716260092695000E+00 +0.0000000000000000E+00
+0.2626805588618667E+02 +0.4755604501950900E+00 +0.0000000000000000E+00
+0.2630433773133333E+02 +0.4856906699855745E+00 +0.0000000000000000E+00
+0.2634061957648000E+02 +0.4979369072208621E+00 +0.0000000000000000E+00
+0.2637690142162667E+02 +0.5074184609198498E+00 +0.0000000000000000E+00
+0.2641318326677333E+02 +0.5120541881547829E+00 +0.0000000000000000E+00
+0.2644946511192000E+02 +0.5141265890549118E+00 +0.0000000000000000E+00
+0.2648574695706667E+02 +0.5176759276445204E+00 +0.0000000000000000E+00
+0.2652202880221333E+02 +0.5242625621944049E+00 +0.0000000000000000E+00
+0.2655831064736000E+02 +0.5303289417125108E+00 +0.0000000000000000E+00
+0.2659459249250667E+02 +0.5302153162383266E+00 +0.0000000000000000E+00
+0.2663087433765334E+02 +0.5226860949452889E+00 +0.0000000000000000E+00
+0.2666715618280000E+02 +0.5126750988989400E+00 +0.0000000000000000E+00
+0.2670343802794667E+02 +0.5074270662758243E+00 +0.0000000000000000E+00
+0.2673971987309334E+02 +0.5089681848353500E+00 +0.0000000000000000E+00
+0.2677600171824000E+02 +0.5138267974202052E+00 +0.0000000000000000E+00
+0.2681228356338667E+02 +0.5192042496142187E+00 +0.0000000000000000E+00
+0.2684856540853333E+02 +0.5248094922461493E+00 +0.0000000000000000E+00
+0.2688484725368000E+02 +0.5303346619896030E+00 +0.0000000000000000E+00
+0.2692112909882667E+02 +0.5349608171432949E+00 +0.0000000000000000E+00
+0.2695741094397333E+02 +0.5383508624279131E+00 +0.0000000000000000E+00
+0.2699369278912000E+02 +0.5408855454627766E+00 +0.0000000000000000E+00
+0.2702997463426667E+02 +0.5423506953781672E+00 +0.0000000000000000E+00
+0.2706625647941333E+02 +0.5421871184899543E+00 +0.0000000000000000E+00
+0.2710253832456000E+02 +0.5397385154508038E+00 +0.0000000000000000E+00
+0.2713882016970667E+02 +0.5341526152179064E+00 +0.0000000000000000E+00
+0.2717510201485333E+02 +0.5254520383872847E+00 +0.0000000000000000E+00
+0.2721138386000000E+02 +0.5166762817267184E+00 +0.0000000000000000E+00
+0.2724766570514667E+02 +0.5102186153002084E+00 +0.0000000000000000E+00
+0.2728394755029333E+02 +0.5053257934207741E+00 +0.0000000000000000E+00
+0.2732022939544000E+02 +0.5020368599211514E+00 +0.0000000000000000E+00
+0.2735651124058666E+02 +0.5025417458724333E+00 +0.0000000000000000E+00
+0.2739279308573333E+02 +0.5064129820646562E+00 +0.0000000000000000E+00
+0.2742907493088000E+02 +0.5099564478131228E+00 +0.0000000000000000E+00
+0.2746535677602666E+02 +0.5091077043166419E+00 +0.0000000000000000E+00
+0.2750163862117333E+02 +0.5037340447719476E+00 +0.0000000000000000E+00
+0.2753792046632000E+02 +0.4991259681995139E+00 +0.0000000000000000E+00
+0.2757420231146666E+02 +0.5007092326963755E+00 +0.0000000000000000E+00
+0.2761048415661333E+02 +0.5083410329968917E+00 +0.0000000000000000E+00
+0.2764676600176000E+02 +0.5155945756077067E+00 +0.0000000000000000E+00
+0.2768304784690666E+02 +0.5172337266602249E+00 +0.0000000000000000E+00
+0.2771932969205333E+02 +0.5135284512531455E+00 +0.0000000000000000E+00
+0.2775561153720000E+02 +0.5068604625228402E+00 +0.0000000000000000E+00
+0.2779189338234666E+02 +0.4985867174218560E+00 +0.0000000000000000E+00
+0.2782817522749333E+02 +0.4893574049115109E+00 +0.0000000000000000E+00
+0.2786445707264000E+02 +0.4832299107437755E+00 +0.0000000000000000E+00
+0.2790073891778666E+02 +0.4841753335921539E+00 +0.0000000000000000E+00
+0.2793702076293333E+02 +0.4890471759254176E+00 +0.0000000000000000E+00
+0.2797330260808000E+02 +0.4936227245193475E+00 +0.0000000000000000E+00
+0.2800958445322667E+02 +0.4967559061244758E+00 +0.0000000000000000E+00
+0.2804586629837333E+02 +0.5002874737644355E+00 +0.0000000000000000E+00
+0.2808214814352000E+02 +0.5075629870689794E+00 +0.0000000000000000E+00
+0.2811842998866667E+02 +0.5172875156380150E+00 +0.0000000000000000E+00
+0.2815471183381333E+02 +0.5257467183226432E+00 +0.0000000000000000E+00
+0.2819099367896000E+02 +0.5312142424449303E+00 +0.0000000000000000E+00
+0.2822727552410667E+02 +0.5332903801388478E+00 +0.0000000000000000E+00
+0.2826355736925333E+02 +0.5334103300925611E+00 +0.0000000000000000E+00
+0.2829983921440000E+02 +0.5325320945020824E+00 +0.0000000000000000E+00
+0.2833612105954667E+02 +0.5313254003342667E+00 +0.0000000000000000E+00
+0.2837240290469333E+02 +0.5300417429760481E+00 +0.0000000000000000E+00
+0.2840868474984000E+02 +0.5266412245772445E+00 +0.0000000000000000E+00
+0.2844496659498667E+02 +0.5180873704532307E+00 +0.0000000000000000E+00
+0.2848124844013334E+02 +0.5049903819008744E+00 +0.0000000000000000E+00
+0.2851753028528000E+02 +0.4900711375498711E+00 +0.0000000000000000E+00
+0.2855381213042666E+02 +0.4761332138467152E+00 +0.0000000000000000E+00
+0.2859009397557334E+02 +0.4654532291475512E+00 +0.0000000000000000E+00
+0.2862637582072000E+02 +0.4589768241892078E+00 +0.0000000000000000E+00
+0.2866265766586666E+02 +0.4567355577848172E+00 +0.0000000000000000E+00
+0.2869893951101334E+02 +0.4579124990835252E+00 +0.0000000000000000E+00
+0.2873522135616000E+02 +0.4620377621877221E+00 +0.0000000000000000E+00
+0.2877150320130666E+02 +0.4678475147662576E+00 +0.0000000000000000E+00
+0.2880778504645333E+02 +0.4727951504078177E+00 +0.0000000000000000E+00
+0.2884406689160000E+02 +0.4752494342784530E+00 +0.0000000000000000E+00
+0.2888034873674667E+02 +0.4770458595790606E+00 +0.0000000000000000E+00
+0.2891663058189333E+02 +0.4811585941023595E+00 +0.0000000000000000E+00
+0.2895291242704000E+02 +0.4897582195695572E+00 +0.0000000000000000E+00
+0.2898919427218667E+02 +0.5029057820482686E+00 +0.0000000000000000E+00
+0.2902547611733333E+02 +0.5156981068533738E+00 +0.0000000000000000E+00
+0.2906175796248000E+02 +0.5231220180942462E+00 +0.0000000000000000E+00
+0.2909803980762667E+02 +0.5250504239879022E+00 +0.0000000000000000E+00
+0.2913432165277333E+02 +0.5252880214074954E+00 +0.0000000000000000E+00
+0.2917060349792000E+02 +0.5272918203835446E+00 +0.0000000000000000E+00
+0.2920688534306667E+02 +0.5329154558234469E+00 +0.0000000000000000E+00
+0.2924316718821333E+02 +0.5413339874770396E+00 +0.0000000000000000E+00
+0.2927944903336000E+02 +0.5487975970110763E+00 +0.0000000000000000E+00
+0.2931573087850667E+02 +0.5514203229294020E+00 +0.0000000000000000E+00
+0.2935201272365333E+02 +0.5453087163807411E+00 +0.0000000000000000E+00
+0.2938829456880000E+02 +0.5306845349931044E+00 +0.0000000000000000E+00
+0.2942457641394667E+02 +0.5134104343764772E+00 +0.0000000000000000E+00
+0.2946085825909334E+02 +0.4999519390315622E+00 +0.0000000000000000E+00
+0.2949714010424000E+02 +0.4919432924596487E+00 +0.0000000000000000E+00
+0.2953342194938667E+02 +0.4872949193061323E+00 +0.0000000000000000E+00
+0.2956970379453334E+02 +0.4836361276700197E+00 +0.0000000000000000E+00
+0.2960598563968000E+02 +0.4812845099994359E+00 +0.0000000000000000E+00
+0.2964226748482667E+02 +0.4828072589895064E+00 +0.0000000000000000E+00
+0.2967854932997334E+02 +0.4883576255403167E+00 +0.0000000000000000E+00
+0.2971483117512000E+02 +0.4946553741810884E+00 +0.0000000000000000E+00
+0.2975111302026666E+02 +0.4991559975241614E+00 +0.0000000000000000E+00
+0.2978739486541334E+02 +0.5045360186660671E+00 +0.0000000000000000E+00
+0.2982367671056000E+02 +0.5149744849160051E+00 +0.0000000000000000E+00
+0.2985995855570667E+02 +0.5278867081453789E+00 +0.0000000000000000E+00
+0.2989624040085334E+02 +0.5350608421144403E+00 +0.0000000000000000E+00
+0.2993252224600000E+02 +0.5324143966435684E+00 +0.0000000000000000E+00
+0.2996880409114667E+02 +0.5236473321213385E+00 +0.0000000000000000E+00
+0.3000508593629333E+02 +0.5135185225295442E+00 +0.0000000000000000E+00
+0.3004136778144000E+02 +0.5072792827404786E+00 +0.0000000000000000E+00
+0.3007764962658667E+02 +0.5098854444859746E+00 +0.0000000000000000E+00
+0.3011393147173333E+02 +0.5218878361739120E+00 +0.0000000000000000E+00
+0.3015021331688000E+02 +0.5409746768007384E+00 +0.0000000000000000E+00
+0.3018649516202667E+02 +0.5658665128680351E+00 +0.0000000000000000E+00
+0.3022277700717333E+02 +0.5963291644977061E+00 +0.0000000000000000E+00
+0.3025905885232000E+02 +0.6310573736339536E+00 +0.0000000000000000E+00
+0.3029534069746667E+02 +0.6665999469976629E+00 +0.0000000000000000E+00
+0.3033162254261334E+02 +0.6961029201889787E+00 +0.0000000000000000E+00
+0.3036790438776000E+02 +0.7117918820387404E+00 +0.0000000000000000E+00
+0.3040418623290667E+02 +0.7120629948381573E+00 +0.0000000000000000E+00
+0.3044046807805334E+02 +0.6995295006484068E+00 +0.0000000000000000E+00
+0.3047674992320000E+02 +0.6784513621840074E+00 +0.0000000000000000E+00
+0.3051303176834667E+02 +0.6561273249810674E+00 +0.0000000000000000E+00
+0.3054931361349334E+02 +0.6367649723605309E+00 +0.0000000000000000E+00
+0.3058559545864000E+02 +0.6190215238502105E+00 +0.0000000000000000E+00
+0.3062187730378667E+02 +0.6026836619156997E+00 +0.0000000000000000E+00
+0.3065815914893334E+02 +0.5918869514875426E+00 +0.0000000000000000E+00
+0.3069444099408000E+02 +0.5900617277017887E+00 +0.0000000000000000E+00
+0.3073072283922667E+02 +0.5975495249346721E+00 +0.0000000000000000E+00
+0.3076700468437334E+02 +0.6108745496328594E+00 +0.0000000000000000E+00
+0.3080328652952000E+02 +0.6253098262317864E+00 +0.0000000000000000E+00
+0.3083956837466667E+02 +0.6360004297801735E+00 +0.0000000000000000E+00
+0.3087585021981334E+02 +0.6413164790703277E+00 +0.0000000000000000E+00
+0.3091213206496000E+02 +0.6420601731171662E+00 +0.0000000000000000E+00
+0.3094841391010667E+02 +0.6408365273389689E+00 +0.0000000000000000E+00
+0.3098469575525334E+02 +0.6428883490903291E+00 +0.0000000000000000E+00
+0.3102097760040000E+02 +0.6495285945104891E+00 +0.0000000000000000E+00
+0.3105725944554667E+02 +0.6607228146696784E+00 +0.0000000000000000E+00
+0.3109354129069334E+02 +0.6806635070107845E+00 +0.0000000000000000E+00
+0.3112982313584000E+02 +0.7085495659474481E+00 +0.0000000000000000E+00
+0.3116610498098667E+02 +0.7334971836384414E+00 +0.0000000000000000E+00
+0.3120238682613334E+02 +0.7437241269675793E+00 +0.0000000000000000E+00
+0.3123866867128000E+02 +0.7387961099284486E+00 +0.0000000000000000E+00
+0.3127495051642667E+02 +0.7305938624425991E+00 +0.0000000000000000E+00
+0.3131123236157334E+02 +0.7280114264257252E+00 +0.0000000000000000E+00
+0.3134751420672000E+02 +0.7300101464152037E+00 +0.0000000000000000E+00
+0.3138379605186667E+02 +0.7359713235393347E+00 +0.0000000000000000E+00
+0.3142007789701334E+02 +0.7464599848679899E+00 +0.0000000000000000E+00
+0.3145635974216000E+02 +0.7565326270315997E+00 +0.0000000000000000E+00
+0.3149264158730667E+02 +0.7634323877757375E+00 +0.0000000000000000E+00
+0.3152892343245334E+02 +0.7685704926016295E+00 +0.0000000000000000E+00
+0.3156520527760000E+02 +0.7726539802488130E+00 +0.0000000000000000E+00
+0.3160148712274667E+02 +0.7771662929699928E+00 +0.0000000000000000E+00
+0.3163776896789334E+02 +0.7881308774259909E+00 +0.0000000000000000E+00
+0.3167405081304000E+02 +0.8095081656542475E+00 +0.0000000000000000E+00
+0.3171033265818667E+02 +0.8330193262906336E+00 +0.0000000000000000E+00
+0.3174661450333333E+02 +0.8464185897848632E+00 +0.0000000000000000E+00
+0.3178289634848000E+02 +0.8515358541461400E+00 +0.0000000000000000E+00
+0.3181917819362667E+02 +0.8585036305783987E+00 +0.0000000000000000E+00
+0.3185546003877333E+02 +0.8684827682014730E+00 +0.0000000000000000E+00
+0.3189174188392000E+02 +0.8723127043031295E+00 +0.0000000000000000E+00
+0.3192802372906667E+02 +0.8628330814328731E+00 +0.0000000000000000E+00
+0.3196430557421333E+02 +0.8450491276295263E+00 +0.0000000000000000E+00
+0.3200058741936000E+02 +0.8305428841118105E+00 +0.0000000000000000E+00
+0.3203686926450667E+02 +0.8231232880376219E+00 +0.0000000000000000E+00
+0.3207315110965333E+02 +0.8196482955979598E+00 +0.0000000000000000E+00
+0.3210943295480000E+02 +0.8233574486415799E+00 +0.0000000000000000E+00
+0.3214571479994667E+02 +0.8382586010868329E+00 +0.0000000000000000E+00
+0.3218199664509334E+02 +0.8549318255039314E+00 +0.0000000000000000E+00
+0.3221827849024000E+02 +0.8619618464925174E+00 +0.0000000000000000E+00
+0.3225456033538667E+02 +0.8616514899225554E+00 +0.0000000000000000E+00
+0.3229084218053333E+02 +0.8569297492491867E+00 +0.0000000000000000E+00
+0.3232712402568000E+02 +0.8412991881072622E+00 +0.0000000000000000E+00
+0.3236340587082667E+02 +0.8178736237966693E+00 +0.0000000000000000E+00
+0.3239968771597333E+02 +0.7965478034009914E+00 +0.0000000000000000E+00
+0.3243596956112000E+02 +0.7791983180825058E+00 +0.0000000000000000E+00
+0.3247225140626667E+02 +0.7630084258074346E+00 +0.0000000000000000E+00
+0.3250853325141333E+02 +0.7465736931221291E+00 +0.0000000000000000E+00
+0.3254481509656000E+02 +0.7323497934838029E+00 +0.0000000000000000E+00
+0.3258109694170667E+02 +0.7240094366223011E+00 +0.0000000000000000E+00
+0.3261737878685333E+02 +0.7246777961699343E+00 +0.0000000000000000E+00
+0.3265366063200000E+02 +0.7363817910176336E+00 +0.0000000000000000E+00
+0.3268994247714667E+02 +0.7535827971586075E+00 +0.0000000000000000E+00
+0.3272622432229333E+02 +0.7680964570730486E+00 +0.0000000000000000E+00
+0.3276250616744000E+02 +0.7763120533733974E+00 +0.0000000000000000E+00
+0.3279878801258667E+02 +0.7746129280973024E+00 +0.0000000000000000E+00
+0.3283506985773333E+02 +0.7614408758505333E+00 +0.0000000000000000E+00
+0.3287135170288000E+02 +0.7401475662013421E+00 +0.0000000000000000E+00
+0.3290763354802667E+02 +0.7165482845768302E+00 +0.0000000000000000E+00
+0.3294391539317333E+02 +0.6947939741291340E+00 +0.0000000000000000E+00
+0.3298019723832000E+02 +0.6757511667251961E+00 +0.0000000000000000E+00
+0.3301647908346667E+02 +0.6604512818987166E+00 +0.0000000000000000E+00
+0.3305276092861333E+02 +0.6490424665279479E+00 +0.0000000000000000E+00
+0.3308904277376000E+02 +0.6418194157947039E+00 +0.0000000000000000E+00
+0.3312532461890667E+02 +0.6375420050845120E+00 +0.0000000000000000E+00
+0.3316160646405334E+02 +0.6333494523564004E+00 +0.0000000000000000E+00
+0.3319788830920000E+02 +0.6244455164057205E+00 +0.0000000000000000E+00
+0.3323417015434667E+02 +0.6095350076535021E+00 +0.0000000000000000E+00
+0.3327045199949333E+02 +0.5926934588851723E+00 +0.0000000000000000E+00
+0.3330673384464000E+02 +0.5769083021013320E+00 +0.0000000000000000E+00
+0.3334301568978667E+02 +0.5638073474620516E+00 +0.0000000000000000E+00
+0.3337929753493334E+02 +0.5547905304114399E+00 +0.0000000000000000E+00
+0.3341557938008000E+02 +0.5505377202460352E+00 +0.0000000000000000E+00
+0.3345186122522667E+02 +0.5516588934497452E+00 +0.0000000000000000E+00
+0.3348814307037333E+02 +0.5577180497223251E+00 +0.0000000000000000E+00
+0.3352442491552000E+02 +0.5659966724962872E+00 +0.0000000000000000E+00
+0.3356070676066667E+02 +0.5708404850363833E+00 +0.0000000000000000E+00
+0.3359698860581333E+02 +0.5681919403701113E+00 +0.0000000000000000E+00
+0.3363327045096000E+02 +0.5592451596355816E+00 +0.0000000000000000E+00
+0.3366955229610667E+02 +0.5469567831945271E+00 +0.0000000000000000E+00
+0.3370583414125333E+02 +0.5337096446511632E+00 +0.0000000000000000E+00
+0.3374211598640000E+02 +0.5226387415766491E+00 +0.0000000000000000E+00
+0.3377839783154667E+02 +0.5150480491340895E+00 +0.0000000000000000E+00
+0.3381467967669333E+02 +0.5099149561543768E+00 +0.0000000000000000E+00
+0.3385096152184000E+02 +0.5060859943334947E+00 +0.0000000000000000E+00
+0.3388724336698667E+02 +0.5025347533552222E+00 +0.0000000000000000E+00
+0.3392352521213333E+02 +0.4982452172017948E+00 +0.0000000000000000E+00
+0.3395980705728000E+02 +0.4942787731521089E+00 +0.0000000000000000E+00
+0.3399608890242666E+02 +0.4936958858868360E+00 +0.0000000000000000E+00
+0.3403237074757333E+02 +0.4968502798412081E+00 +0.0000000000000000E+00
+0.3406865259272000E+02 +0.5028950420396179E+00 +0.0000000000000000E+00
+0.3410493443786667E+02 +0.5120240863865535E+00 +0.0000000000000000E+00
+0.3414121628301334E+02 +0.5237994522642293E+00 +0.0000000000000000E+00
+0.3417749812816000E+02 +0.5349696696986919E+00 +0.0000000000000000E+00
+0.3421377997330666E+02 +0.5386074556891652E+00 +0.0000000000000000E+00
+0.3425006181845333E+02 +0.5307263598572500E+00 +0.0000000000000000E+00
+0.3428634366360000E+02 +0.5181426102595055E+00 +0.0000000000000000E+00
+0.3432262550874667E+02 +0.5102732634859752E+00 +0.0000000000000000E+00
+0.3435890735389334E+02 +0.5075746183859930E+00 +0.0000000000000000E+00
+0.3439518919904000E+02 +0.5067820703252559E+00 +0.0000000000000000E+00
+0.3443147104418667E+02 +0.5053532983025056E+00 +0.0000000000000000E+00
+0.3446775288933333E+02 +0.5000533794300207E+00 +0.0000000000000000E+00
+0.3450403473448000E+02 +0.4904273078046408E+00 +0.0000000000000000E+00
+0.3454031657962666E+02 +0.4806568230338200E+00 +0.0000000000000000E+00
+0.3457659842477334E+02 +0.4750616339673754E+00 +0.0000000000000000E+00
+0.3461288026992001E+02 +0.4752882699288667E+00 +0.0000000000000000E+00
+0.3464916211506667E+02 +0.4812900893150746E+00 +0.0000000000000000E+00
+0.3468544396021333E+02 +0.4909176224910861E+00 +0.0000000000000000E+00
+0.3472172580536000E+02 +0.4995290085419717E+00 +0.0000000000000000E+00
+0.3475800765050666E+02 +0.5043930782318680E+00 +0.0000000000000000E+00
+0.3479428949565333E+02 +0.5079664434486837E+00 +0.0000000000000000E+00
+0.3483057134080001E+02 +0.5136573121454818E+00 +0.0000000000000000E+00
+0.3486685318594667E+02 +0.5225354179699122E+00 +0.0000000000000000E+00
+0.3490313503109333E+02 +0.5333087933388838E+00 +0.0000000000000000E+00
+0.3493941687624000E+02 +0.5420194842187572E+00 +0.0000000000000000E+00
+0.3497569872138666E+02 +0.5476383695158420E+00 +0.0000000000000000E+00
+0.3501198056653333E+02 +0.5523938550500869E+00 +0.0000000000000000E+00
+0.3504826241168000E+02 +0.5559317703049232E+00 +0.0000000000000000E+00
+0.3508454425682667E+02 +0.5568904353368214E+00 +0.0000000000000000E+00
+0.3512082610197334E+02 +0.5554255452511603E+00 +0.0000000000000000E+00
+0.3515710794712000E+02 +0.5522268209348995E+00 +0.0000000000000000E+00
+0.3519338979226666E+02 +0.5476784585610978E+00 +0.0000000000000000E+00
+0.3522967163741333E+02 +0.5412831645063216E+00 +0.0000000000000000E+00
+0.3526595348256000E+02 +0.5325998999987008E+00 +0.0000000000000000E+00
+0.3530223532770667E+02 +0.5214571741582916E+00 +0.0000000000000000E+00
+0.3533851717285334E+02 +0.5072561953367219E+00 +0.0000000000000000E+00
+0.3537479901800000E+02 +0.4933294196440589E+00 +0.0000000000000000E+00
+0.3541108086314667E+02 +0.4857484640870253E+00 +0.0000000000000000E+00
+0.3544736270829333E+02 +0.4847201862062894E+00 +0.0000000000000000E+00
+0.3548364455344000E+02 +0.4866945286682834E+00 +0.0000000000000000E+00
+0.3551992639858667E+02 +0.4891124334658396E+00 +0.0000000000000000E+00
+0.3555620824373334E+02 +0.4919592855667505E+00 +0.0000000000000000E+00
+0.3559249008888001E+02 +0.4965069261479468E+00 +0.0000000000000000E+00
+0.3562877193402667E+02 +0.5030553870883291E+00 +0.0000000000000000E+00
+0.3566505377917333E+02 +0.5082143669499015E+00 +0.0000000000000000E+00
+0.3570133562432000E+02 +0.5050206343650273E+00 +0.0000000000000000E+00
+0.3573761746946666E+02 +0.4929055563549704E+00 +0.0000000000000000E+00
+0.3577389931461334E+02 +0.4799155810657189E+00 +0.0000000000000000E+00
+0.3581018115976001E+02 +0.4748762049239481E+00 +0.0000000000000000E+00
+0.3584646300490667E+02 +0.4782993063350973E+00 +0.0000000000000000E+00
+0.3588274485005334E+02 +0.4850190787571405E+00 +0.0000000000000000E+00
+0.3591902669520000E+02 +0.4921716772467487E+00 +0.0000000000000000E+00
+0.3595530854034666E+02 +0.4996280558875727E+00 +0.0000000000000000E+00
+0.3599159038549333E+02 +0.5077334983382926E+00 +0.0000000000000000E+00
+0.3602787223064001E+02 +0.5149775375639278E+00 +0.0000000000000000E+00
+0.3606415407578667E+02 +0.5194794754569175E+00 +0.0000000000000000E+00
+0.3610043592093334E+02 +0.5191662565496584E+00 +0.0000000000000000E+00
+0.3613671776608000E+02 +0.5159732380232120E+00 +0.0000000000000000E+00
+0.3617299961122666E+02 +0.5135646610799531E+00 +0.0000000000000000E+00
+0.3620928145637333E+02 +0.5118821103759902E+00 +0.0000000000000000E+00
+0.3624556330152000E+02 +0.5115083741656039E+00 +0.0000000000000000E+00
+0.3628184514666667E+02 +0.5155564334670121E+00 +0.0000000000000000E+00
+0.3631812699181334E+02 +0.5228617226427634E+00 +0.0000000000000000E+00
+0.3635440883696000E+02 +0.5269709861024817E+00 +0.0000000000000000E+00
+0.3639069068210667E+02 +0.5220604315318839E+00 +0.0000000000000000E+00
+0.3642697252725333E+02 +0.5107092115824204E+00 +0.0000000000000000E+00
+0.3646325437240000E+02 +0.5009241741598408E+00 +0.0000000000000000E+00
+0.3649953621754667E+02 +0.4944717988502784E+00 +0.0000000000000000E+00
+0.3653581806269334E+02 +0.4880507277115081E+00 +0.0000000000000000E+00
+0.3657209990784000E+02 +0.4826022302007544E+00 +0.0000000000000000E+00
+0.3660838175298667E+02 +0.4836827580079567E+00 +0.0000000000000000E+00
+0.3664466359813333E+02 +0.4927725399468276E+00 +0.0000000000000000E+00
+0.3668094544328000E+02 +0.5053754421054736E+00 +0.0000000000000000E+00
+0.3671722728842667E+02 +0.5158194731194976E+00 +0.0000000000000000E+00
+0.3675350913357334E+02 +0.5214938544425413E+00 +0.0000000000000000E+00
+0.3678979097872000E+02 +0.5250131287020179E+00 +0.0000000000000000E+00
+0.3682607282386667E+02 +0.5298738829447447E+00 +0.0000000000000000E+00
+0.3686235466901334E+02 +0.5367378818863379E+00 +0.0000000000000000E+00
+0.3689863651416000E+02 +0.5446885274770774E+00 +0.0000000000000000E+00
+0.3693491835930666E+02 +0.5509402054789088E+00 +0.0000000000000000E+00
+0.3697120020445334E+02 +0.5546701974346147E+00 +0.0000000000000000E+00
+0.3700748204960000E+02 +0.5577655358843565E+00 +0.0000000000000000E+00
+0.3704376389474667E+02 +0.5592658323948489E+00 +0.0000000000000000E+00
+0.3708004573989334E+02 +0.5602704114826007E+00 +0.0000000000000000E+00
+0.3711632758504000E+02 +0.5639014695662865E+00 +0.0000000000000000E+00
+0.3715260943018666E+02 +0.5671491318059894E+00 +0.0000000000000000E+00
+0.3718889127533333E+02 +0.5658952556061254E+00 +0.0000000000000000E+00
+0.3722517312048000E+02 +0.5637576582882832E+00 +0.0000000000000000E+00
+0.3726145496562667E+02 +0.5662473780219359E+00 +0.0000000000000000E+00
+0.3729773681077334E+02 +0.5726521100846350E+00 +0.0000000000000000E+00
+0.3733401865592000E+02 +0.5767393583817673E+00 +0.0000000000000000E+00
+0.3737030050106667E+02 +0.5738993466587431E+00 +0.0000000000000000E+00
+0.3740658234621333E+02 +0.5663911410191727E+00 +0.0000000000000000E+00
+0.3744286419136000E+02 +0.5586539216778448E+00 +0.0000000000000000E+00
+0.3747914603650667E+02 +0.5536980092545460E+00 +0.0000000000000000E+00
+0.3751542788165334E+02 +0.5518163782016210E+00 +0.0000000000000000E+00
+0.3755170972680000E+02 +0.5505164412200552E+00 +0.0000000000000000E+00
+0.3758799157194667E+02 +0.5474540676831621E+00 +0.0000000000000000E+00
+0.3762427341709333E+02 +0.5441722097018514E+00 +0.0000000000000000E+00
+0.3766055526224000E+02 +0.5426914651225888E+00 +0.0000000000000000E+00
+0.3769683710738667E+02 +0.5434320977597824E+00 +0.0000000000000000E+00
+0.3773311895253334E+02 +0.5457234914224364E+00 +0.0000000000000000E+00
+0.3776940079768000E+02 +0.5495344128016240E+00 +0.0000000000000000E+00
+0.3780568264282667E+02 +0.5544687882694621E+00 +0.0000000000000000E+00
+0.3784196448797334E+02 +0.5575753497033642E+00 +0.0000000000000000E+00
+0.3787824633312000E+02 +0.5537917725848774E+00 +0.0000000000000000E+00
+0.3791452817826667E+02 +0.5417544543188088E+00 +0.0000000000000000E+00
+0.3795081002341334E+02 +0.5266406316982861E+00 +0.0000000000000000E+00
+0.3798709186856000E+02 +0.5172055468615384E+00 +0.0000000000000000E+00
+0.3802337371370667E+02 +0.5189522038471280E+00 +0.0000000000000000E+00
+0.3805965555885334E+02 +0.5292803593858663E+00 +0.0000000000000000E+00
+0.3809593740400000E+02 +0.5393341407097536E+00 +0.0000000000000000E+00
+0.3813221924914667E+02 +0.5426818846789458E+00 +0.0000000000000000E+00
+0.3816850109429334E+02 +0.5418179930906249E+00 +0.0000000000000000E+00
+0.3820478293944000E+02 +0.5430511286786325E+00 +0.0000000000000000E+00
+0.3824106478458667E+02 +0.5486195926912909E+00 +0.0000000000000000E+00
+0.3827734662973333E+02 +0.5559571233792826E+00 +0.0000000000000000E+00
+0.3831362847488000E+02 +0.5592618335408001E+00 +0.0000000000000000E+00
+0.3834991032002667E+02 +0.5551520322021547E+00 +0.0000000000000000E+00
+0.3838619216517333E+02 +0.5453096710687168E+00 +0.0000000000000000E+00
+0.3842247401032000E+02 +0.5371652592979385E+00 +0.0000000000000000E+00
+0.3845875585546667E+02 +0.5373258828376901E+00 +0.0000000000000000E+00
+0.3849503770061333E+02 +0.5434599889539625E+00 +0.0000000000000000E+00
+0.3853131954576000E+02 +0.5478712215236545E+00 +0.0000000000000000E+00
+0.3856760139090667E+02 +0.5467426620724651E+00 +0.0000000000000000E+00
+0.3860388323605333E+02 +0.5423232368983717E+00 +0.0000000000000000E+00
+0.3864016508120000E+02 +0.5382318707122770E+00 +0.0000000000000000E+00
+0.3867644692634667E+02 +0.5374603758408903E+00 +0.0000000000000000E+00
+0.3871272877149333E+02 +0.5399967495402831E+00 +0.0000000000000000E+00
+0.3874901061664000E+02 +0.5423976037615641E+00 +0.0000000000000000E+00
+0.3878529246178667E+02 +0.5433379012024164E+00 +0.0000000000000000E+00
+0.3882157430693333E+02 +0.5424808332604176E+00 +0.0000000000000000E+00
+0.3885785615208000E+02 +0.5391682065924350E+00 +0.0000000000000000E+00
+0.3889413799722667E+02 +0.5351350361169124E+00 +0.0000000000000000E+00
+0.3893041984237333E+02 +0.5318101752677243E+00 +0.0000000000000000E+00
+0.3896670168752000E+02 +0.5308437414158790E+00 +0.0000000000000000E+00
+0.3900298353266667E+02 +0.5321765058513486E+00 +0.0000000000000000E+00
+0.3903926537781333E+02 +0.5328477840607189E+00 +0.0000000000000000E+00
+0.3907554722296000E+02 +0.5304544062090224E+00 +0.0000000000000000E+00
+0.3911182906810667E+02 +0.5250495812577417E+00 +0.0000000000000000E+00
+0.3914811091325333E+02 +0.5188095446922842E+00 +0.0000000000000000E+00
+0.3918439275840000E+02 +0.5131895852205892E+00 +0.0000000000000000E+00
+0.3922067460354667E+02 +0.5071040948164801E+00 +0.0000000000000000E+00
+0.3925695644869333E+02 +0.4989713102980260E+00 +0.0000000000000000E+00
+0.3929323829384000E+02 +0.4895302201518037E+00 +0.0000000000000000E+00
+0.3932952013898667E+02 +0.4842702960670716E+00 +0.0000000000000000E+00
+0.3936580198413333E+02 +0.4866460760815137E+00 +0.0000000000000000E+00
+0.3940208382928000E+02 +0.4924301071590864E+00 +0.0000000000000000E+00
+0.3943836567442667E+02 +0.4953263813892868E+00 +0.0000000000000000E+00
+0.3947464751957333E+02 +0.4918781844543193E+00 +0.0000000000000000E+00
+0.3951092936472000E+02 +0.4835225536753883E+00 +0.0000000000000000E+00
+0.3954721120986667E+02 +0.4767058771933044E+00 +0.0000000000000000E+00
+0.3958349305501334E+02 +0.4756343407396569E+00 +0.0000000000000000E+00
+0.3961977490016000E+02 +0.4798488270748844E+00 +0.0000000000000000E+00
+0.3965605674530667E+02 +0.4874307192166625E+00 +0.0000000000000000E+00
+0.3969233859045333E+02 +0.4950473157866032E+00 +0.0000000000000000E+00
+0.3972862043560000E+02 +0.4997088974138332E+00 +0.0000000000000000E+00
+0.3976490228074667E+02 +0.5013053775568426E+00 +0.0000000000000000E+00
+0.3980118412589334E+02 +0.5030678752028955E+00 +0.0000000000000000E+00
+0.3983746597104000E+02 +0.5058238291183375E+00 +0.0000000000000000E+00
+0.3987374781618667E+02 +0.5079320013688385E+00 +0.0000000000000000E+00
+0.3991002966133333E+02 +0.5073329250935910E+00 +0.0000000000000000E+00
+0.3994631150648000E+02 +0.5013440865597898E+00 +0.0000000000000000E+00
+0.3998259335162667E+02 +0.4921617755966980E+00 +0.0000000000000000E+00
+0.4001887519677333E+02 +0.4860794858805071E+00 +0.0000000000000000E+00
+0.4005515704192000E+02 +0.4847904017083927E+00 +0.0000000000000000E+00
+0.4009143888706667E+02 +0.4843441348109420E+00 +0.0000000000000000E+00
+0.4012772073221333E+02 +0.4818294058104514E+00 +0.0000000000000000E+00
+0.4016400257736000E+02 +0.4752383554405534E+00 +0.0000000000000000E+00
+0.4020028442250667E+02 +0.4642219195798743E+00 +0.0000000000000000E+00
+0.4023656626765333E+02 +0.4555605642179530E+00 +0.0000000000000000E+00
+0.4027284811280000E+02 +0.4566213393226334E+00 +0.0000000000000000E+00
+0.4030912995794667E+02 +0.4666040034415377E+00 +0.0000000000000000E+00
+0.4034541180309333E+02 +0.4801618100459033E+00 +0.0000000000000000E+00
+0.4038169364824000E+02 +0.4930719730473883E+00 +0.0000000000000000E+00
+0.4041797549338667E+02 +0.5024336954935589E+00 +0.0000000000000000E+00
+0.4045425733853333E+02 +0.5064286159855236E+00 +0.0000000000000000E+00
+0.4049053918368000E+02 +0.5058137065453008E+00 +0.0000000000000000E+00
+0.4052682102882667E+02 +0.5007858235157113E+00 +0.0000000000000000E+00
+0.4056310287397334E+02 +0.4921874308687867E+00 +0.0000000000000000E+00
+0.4059938471912000E+02 +0.4816063608872779E+00 +0.0000000000000000E+00
+0.4063566656426666E+02 +0.4693781201508840E+00 +0.0000000000000000E+00
+0.4067194840941333E+02 +0.4559473257503289E+00 +0.0000000000000000E+00
+0.4070823025456000E+02 +0.4439029827359062E+00 +0.0000000000000000E+00
+0.4074451209970667E+02 +0.4365123553365804E+00 +0.0000000000000000E+00
+0.4078079394485334E+02 +0.4350211839782635E+00 +0.0000000000000000E+00
+0.4081707579000000E+02 +0.4376950308441119E+00 +0.0000000000000000E+00
+0.4085335763514666E+02 +0.4400609629408839E+00 +0.0000000000000000E+00
+0.4088963948029333E+02 +0.4391860046079044E+00 +0.0000000000000000E+00
+0.4092592132544000E+02 +0.4355624364963991E+00 +0.0000000000000000E+00
+0.4096220317058666E+02 +0.4297993433249380E+00 +0.0000000000000000E+00
+0.4099848501573334E+02 +0.4243713627525811E+00 +0.0000000000000000E+00
+0.4103476686088000E+02 +0.4220283555687486E+00 +0.0000000000000000E+00
+0.4107104870602667E+02 +0.4245193941021156E+00 +0.0000000000000000E+00
+0.4110733055117333E+02 +0.4319281624038298E+00 +0.0000000000000000E+00
+0.4114361239632000E+02 +0.4423093482138661E+00 +0.0000000000000000E+00
+0.4117989424146666E+02 +0.4511859868202859E+00 +0.0000000000000000E+00
+0.4121617608661333E+02 +0.4577375464139979E+00 +0.0000000000000000E+00
+0.4125245793176001E+02 +0.4644674865924660E+00 +0.0000000000000000E+00
+0.4128873977690667E+02 +0.4706938878143294E+00 +0.0000000000000000E+00
+0.4132502162205333E+02 +0.4742282073253962E+00 +0.0000000000000000E+00
+0.4136130346720000E+02 +0.4747762099852979E+00 +0.0000000000000000E+00
+0.4139758531234666E+02 +0.4744066338487096E+00 +0.0000000000000000E+00
+0.4143386715749333E+02 +0.4745719816698961E+00 +0.0000000000000000E+00
+0.4147014900264000E+02 +0.4762227695612481E+00 +0.0000000000000000E+00
+0.4150643084778667E+02 +0.4799587964151341E+00 +0.0000000000000000E+00
+0.4154271269293334E+02 +0.4839920040437256E+00 +0.0000000000000000E+00
+0.4157899453808000E+02 +0.4837326982481042E+00 +0.0000000000000000E+00
+0.4161527638322666E+02 +0.4777142967898812E+00 +0.0000000000000000E+00
+0.4165155822837333E+02 +0.4699797185050901E+00 +0.0000000000000000E+00
+0.4168784007352000E+02 +0.4671800344329007E+00 +0.0000000000000000E+00
+0.4172412191866667E+02 +0.4736441307321693E+00 +0.0000000000000000E+00
+0.4176040376381334E+02 +0.4873989002942609E+00 +0.0000000000000000E+00
+0.4179668560896000E+02 +0.5033091777708573E+00 +0.0000000000000000E+00
+0.4183296745410667E+02 +0.5153796665101883E+00 +0.0000000000000000E+00
+0.4186924929925333E+02 +0.5219421483780733E+00 +0.0000000000000000E+00
+0.4190553114440000E+02 +0.5295173134814375E+00 +0.0000000000000000E+00
+0.4194181298954667E+02 +0.5412498973771401E+00 +0.0000000000000000E+00
+0.4197809483469334E+02 +0.5484326176357082E+00 +0.0000000000000000E+00
+0.4201437667984001E+02 +0.5453127001204902E+00 +0.0000000000000000E+00
+0.4205065852498667E+02 +0.5388822510175123E+00 +0.0000000000000000E+00
+0.4208694037013333E+02 +0.5365185548501216E+00 +0.0000000000000000E+00
+0.4212322221528000E+02 +0.5363312103361507E+00 +0.0000000000000000E+00
+0.4215950406042666E+02 +0.5328095124785275E+00 +0.0000000000000000E+00
+0.4219578590557334E+02 +0.5223575811461586E+00 +0.0000000000000000E+00
+0.4223206775072001E+02 +0.5060362322081353E+00 +0.0000000000000000E+00
+0.4226834959586667E+02 +0.4919033319989402E+00 +0.0000000000000000E+00
+0.4230463144101333E+02 +0.4853505674985761E+00 +0.0000000000000000E+00
+0.4234091328616000E+02 +0.4857157898123292E+00 +0.0000000000000000E+00
+0.4237719513130666E+02 +0.4876760083101744E+00 +0.0000000000000000E+00
+0.4241347697645333E+02 +0.4858442011611648E+00 +0.0000000000000000E+00
+0.4244975882160001E+02 +0.4811127130689535E+00 +0.0000000000000000E+00
+0.4248604066674667E+02 +0.4757098907081816E+00 +0.0000000000000000E+00
+0.4252232251189334E+02 +0.4705685242723421E+00 +0.0000000000000000E+00
+0.4255860435704000E+02 +0.4699752508002659E+00 +0.0000000000000000E+00
+0.4259488620218666E+02 +0.4761999893496498E+00 +0.0000000000000000E+00
+0.4263116804733333E+02 +0.4856479251806957E+00 +0.0000000000000000E+00
+0.4266744989248000E+02 +0.4952991119394436E+00 +0.0000000000000000E+00
+0.4270373173762667E+02 +0.5027673119770094E+00 +0.0000000000000000E+00
+0.4274001358277334E+02 +0.5039741140889588E+00 +0.0000000000000000E+00
+0.4277629542792000E+02 +0.4981061687774956E+00 +0.0000000000000000E+00
+0.4281257727306667E+02 +0.4884778097887027E+00 +0.0000000000000000E+00
+0.4284885911821333E+02 +0.4788637573597794E+00 +0.0000000000000000E+00
+0.4288514096336000E+02 +0.4721689163627726E+00 +0.0000000000000000E+00
+0.4292142280850667E+02 +0.4706685389158671E+00 +0.0000000000000000E+00
+0.4295770465365334E+02 +0.4725018789369971E+00 +0.0000000000000000E+00
+0.4299398649880000E+02 +0.4743533779880537E+00 +0.0000000000000000E+00
+0.4303026834394667E+02 +0.4744434400515367E+00 +0.0000000000000000E+00
+0.4306655018909333E+02 +0.4739028228313334E+00 +0.0000000000000000E+00
+0.4310283203424000E+02 +0.4743568086363370E+00 +0.0000000000000000E+00
+0.4313911387938667E+02 +0.4761092659088429E+00 +0.0000000000000000E+00
+0.4317539572453334E+02 +0.4806479417165107E+00 +0.0000000000000000E+00
+0.4321167756968000E+02 +0.4913766773991892E+00 +0.0000000000000000E+00
+0.4324795941482667E+02 +0.5068404140278113E+00 +0.0000000000000000E+00
+0.4328424125997334E+02 +0.5193698324870296E+00 +0.0000000000000000E+00
+0.4332052310512000E+02 +0.5233049506551049E+00 +0.0000000000000000E+00
+0.4335680495026666E+02 +0.5190962780042294E+00 +0.0000000000000000E+00
+0.4339308679541334E+02 +0.5097170662166399E+00 +0.0000000000000000E+00
+0.4342936864056000E+02 +0.4963200406744812E+00 +0.0000000000000000E+00
+0.4346565048570667E+02 +0.4781759365835626E+00 +0.0000000000000000E+00
+0.4350193233085334E+02 +0.4565278143828922E+00 +0.0000000000000000E+00
+0.4353821417600000E+02 +0.4382470191058589E+00 +0.0000000000000000E+00
+0.4357449602114666E+02 +0.4301901997494652E+00 +0.0000000000000000E+00
+0.4361077786629333E+02 +0.4358002197818578E+00 +0.0000000000000000E+00
+0.4364705971144000E+02 +0.4505226049621677E+00 +0.0000000000000000E+00
+0.4368334155658667E+02 +0.4623309086576174E+00 +0.0000000000000000E+00
+0.4371962340173334E+02 +0.4653469106399622E+00 +0.0000000000000000E+00
+0.4375590524688000E+02 +0.4636783916078824E+00 +0.0000000000000000E+00
+0.4379218709202667E+02 +0.4618138336840543E+00 +0.0000000000000000E+00
+0.4382846893717333E+02 +0.4610250777660326E+00 +0.0000000000000000E+00
+0.4386475078232000E+02 +0.4604220447180377E+00 +0.0000000000000000E+00
+0.4390103262746667E+02 +0.4572444629684624E+00 +0.0000000000000000E+00
+0.4393731447261334E+02 +0.4505750994275919E+00 +0.0000000000000000E+00
+0.4397359631776000E+02 +0.4433458019571759E+00 +0.0000000000000000E+00
+0.4400987816290667E+02 +0.4358499370374829E+00 +0.0000000000000000E+00
+0.4404616000805333E+02 +0.4254851804320547E+00 +0.0000000000000000E+00
+0.4408244185320000E+02 +0.4114826026479805E+00 +0.0000000000000000E+00
+0.4411872369834667E+02 +0.3948557120071936E+00 +0.0000000000000000E+00
+0.4415500554349334E+02 +0.3799086706118295E+00 +0.0000000000000000E+00
+0.4419128738864000E+02 +0.3722603472488465E+00 +0.0000000000000000E+00
+0.4422756923378667E+02 +0.3728684416199746E+00 +0.0000000000000000E+00
+0.4426385107893334E+02 +0.3796813571000540E+00 +0.0000000000000000E+00
+0.4430013292408000E+02 +0.3902121454904028E+00 +0.0000000000000000E+00
+0.4433641476922667E+02 +0.4014832158683940E+00 +0.0000000000000000E+00
+0.4437269661437334E+02 +0.4128221766869676E+00 +0.0000000000000000E+00
+0.4440897845952000E+02 +0.4259354634749176E+00 +0.0000000000000000E+00
+0.4444526030466667E+02 +0.4395281279764569E+00 +0.0000000000000000E+00
+0.4448154214981334E+02 +0.4503636333025969E+00 +0.0000000000000000E+00
+0.4451782399496000E+02 +0.4575120217544053E+00 +0.0000000000000000E+00
+0.4455410584010666E+02 +0.4620946790381157E+00 +0.0000000000000000E+00
+0.4459038768525334E+02 +0.4652304756312579E+00 +0.0000000000000000E+00
+0.4462666953040000E+02 +0.4677860311517338E+00 +0.0000000000000000E+00
+0.4466295137554667E+02 +0.4694647890479765E+00 +0.0000000000000000E+00
+0.4469923322069334E+02 +0.4690128880948257E+00 +0.0000000000000000E+00
+0.4473551506584000E+02 +0.4689357580884778E+00 +0.0000000000000000E+00
+0.4477179691098667E+02 +0.4717089522073872E+00 +0.0000000000000000E+00
+0.4480807875613333E+02 +0.4752295034005005E+00 +0.0000000000000000E+00
+0.4484436060128000E+02 +0.4782647352142666E+00 +0.0000000000000000E+00
+0.4488064244642667E+02 +0.4807410022874068E+00 +0.0000000000000000E+00
+0.4491692429157333E+02 +0.4772918579380495E+00 +0.0000000000000000E+00
+0.4495320613672000E+02 +0.4625744273412229E+00 +0.0000000000000000E+00
+0.4498948798186667E+02 +0.4393858718275848E+00 +0.0000000000000000E+00
+0.4502576982701333E+02 +0.4162857253761177E+00 +0.0000000000000000E+00
+0.4506205167216000E+02 +0.3973462455756178E+00 +0.0000000000000000E+00
+0.4509833351730667E+02 +0.3839366839663341E+00 +0.0000000000000000E+00
+0.4513461536245333E+02 +0.3796026087538454E+00 +0.0000000000000000E+00
+0.4517089720760000E+02 +0.3831754380817197E+00 +0.0000000000000000E+00
+0.4520717905274667E+02 +0.3877103947272732E+00 +0.0000000000000000E+00
+0.4524346089789333E+02 +0.3903757815225406E+00 +0.0000000000000000E+00
+0.4527974274304000E+02 +0.3921208226467912E+00 +0.0000000000000000E+00
+0.4531602458818667E+02 +0.3939126938828220E+00 +0.0000000000000000E+00
+0.4535230643333333E+02 +0.3993229361260938E+00 +0.0000000000000000E+00
+0.4538858827848000E+02 +0.4090777694823901E+00 +0.0000000000000000E+00
+0.4542487012362667E+02 +0.4219029776064891E+00 +0.0000000000000000E+00
+0.4546115196877333E+02 +0.4376198423961186E+00 +0.0000000000000000E+00
+0.4549743381392000E+02 +0.4538561730793346E+00 +0.0000000000000000E+00
+0.4553371565906667E+02 +0.4673418870106892E+00 +0.0000000000000000E+00
+0.4556999750421333E+02 +0.4781395636740028E+00 +0.0000000000000000E+00
+0.4560627934936000E+02 +0.4869401844636610E+00 +0.0000000000000000E+00
+0.4564256119450667E+02 +0.4945889172156334E+00 +0.0000000000000000E+00
+0.4567884303965333E+02 +0.5019828030529141E+00 +0.0000000000000000E+00
+0.4571512488480000E+02 +0.5092808887146806E+00 +0.0000000000000000E+00
+0.4575140672994667E+02 +0.5175627556276374E+00 +0.0000000000000000E+00
+0.4578768857509333E+02 +0.5278874918912115E+00 +0.0000000000000000E+00
+0.4582397042024000E+02 +0.5391095275532214E+00 +0.0000000000000000E+00
+0.4586025226538667E+02 +0.5455993732702985E+00 +0.0000000000000000E+00
+0.4589653411053333E+02 +0.5445552056479068E+00 +0.0000000000000000E+00
+0.4593281595568000E+02 +0.5413452458428836E+00 +0.0000000000000000E+00
+0.4596909780082667E+02 +0.5423794936090521E+00 +0.0000000000000000E+00
+0.4600537964597333E+02 +0.5496913824704505E+00 +0.0000000000000000E+00
+0.4604166149112000E+02 +0.5605317600839327E+00 +0.0000000000000000E+00
+0.4607794333626667E+02 +0.5675508620293637E+00 +0.0000000000000000E+00
+0.4611422518141333E+02 +0.5677924373085418E+00 +0.0000000000000000E+00
+0.4615050702656000E+02 +0.5669402580101953E+00 +0.0000000000000000E+00
+0.4618678887170667E+02 +0.5724443763157293E+00 +0.0000000000000000E+00
+0.4622307071685334E+02 +0.5871889451272492E+00 +0.0000000000000000E+00
+0.4625935256200000E+02 +0.6110318263360557E+00 +0.0000000000000000E+00
+0.4629563440714667E+02 +0.6376252939975583E+00 +0.0000000000000000E+00
+0.4633191625229333E+02 +0.6573121210502303E+00 +0.0000000000000000E+00
+0.4636819809744000E+02 +0.6687620619156083E+00 +0.0000000000000000E+00
+0.4640447994258667E+02 +0.6738763487457807E+00 +0.0000000000000000E+00
+0.4644076178773333E+02 +0.6714302023044123E+00 +0.0000000000000000E+00
+0.4647704363288000E+02 +0.6603684708125601E+00 +0.0000000000000000E+00
+0.4651332547802667E+02 +0.6444530351106283E+00 +0.0000000000000000E+00
+0.4654960732317333E+02 +0.6285079321864561E+00 +0.0000000000000000E+00
+0.4658588916832000E+02 +0.6129112602840306E+00 +0.0000000000000000E+00
+0.4662217101346667E+02 +0.5952244674752664E+00 +0.0000000000000000E+00
+0.4665845285861333E+02 +0.5790834730843948E+00 +0.0000000000000000E+00
+0.4669473470376001E+02 +0.5719673921508872E+00 +0.0000000000000000E+00
+0.4673101654890667E+02 +0.5759526345966582E+00 +0.0000000000000000E+00
+0.4676729839405333E+02 +0.5841764748313839E+00 +0.0000000000000000E+00
+0.4680358023920000E+02 +0.5868902403883706E+00 +0.0000000000000000E+00
+0.4683986208434667E+02 +0.5798936281739684E+00 +0.0000000000000000E+00
+0.4687614392949333E+02 +0.5642551440691064E+00 +0.0000000000000000E+00
+0.4691242577464000E+02 +0.5426248655411610E+00 +0.0000000000000000E+00
+0.4694870761978667E+02 +0.5214545824882871E+00 +0.0000000000000000E+00
+0.4698498946493334E+02 +0.5071491578998314E+00 +0.0000000000000000E+00
+0.4702127131008000E+02 +0.5043764073335788E+00 +0.0000000000000000E+00
+0.4705755315522666E+02 +0.5137623894074836E+00 +0.0000000000000000E+00
+0.4709383500037333E+02 +0.5305588929598866E+00 +0.0000000000000000E+00
+0.4713011684552000E+02 +0.5466192699835886E+00 +0.0000000000000000E+00
+0.4716639869066667E+02 +0.5520173427704932E+00 +0.0000000000000000E+00
+0.4720268053581334E+02 +0.5440746977316195E+00 +0.0000000000000000E+00
+0.4723896238096000E+02 +0.5304479352478041E+00 +0.0000000000000000E+00
+0.4727524422610666E+02 +0.5184028410844964E+00 +0.0000000000000000E+00
+0.4731152607125333E+02 +0.5114067051980100E+00 +0.0000000000000000E+00
+0.4734780791640000E+02 +0.5099422984204816E+00 +0.0000000000000000E+00
+0.4738408976154666E+02 +0.5082823879448091E+00 +0.0000000000000000E+00
+0.4742037160669334E+02 +0.5001970396951497E+00 +0.0000000000000000E+00
+0.4745665345184000E+02 +0.4868138327906726E+00 +0.0000000000000000E+00
+0.4749293529698667E+02 +0.4736703739746507E+00 +0.0000000000000000E+00
+0.4752921714213333E+02 +0.4643726364455900E+00 +0.0000000000000000E+00
+0.4756549898728000E+02 +0.4608533673165612E+00 +0.0000000000000000E+00
+0.4760178083242666E+02 +0.4628014850705231E+00 +0.0000000000000000E+00
+0.4763806267757334E+02 +0.4640152705264206E+00 +0.0000000000000000E+00
+0.4767434452272001E+02 +0.4568603059941851E+00 +0.0000000000000000E+00
+0.4771062636786667E+02 +0.4430348393339208E+00 +0.0000000000000000E+00
+0.4774690821301333E+02 +0.4313685876579592E+00 +0.0000000000000000E+00
+0.4778319005816000E+02 +0.4270336143832076E+00 +0.0000000000000000E+00
+0.4781947190330666E+02 +0.4282274165381519E+00 +0.0000000000000000E+00
+0.4785575374845333E+02 +0.4295739164218845E+00 +0.0000000000000000E+00
+0.4789203559360001E+02 +0.4296475530519309E+00 +0.0000000000000000E+00
+0.4792831743874667E+02 +0.4299848037692860E+00 +0.0000000000000000E+00
+0.4796459928389334E+02 +0.4289934545609106E+00 +0.0000000000000000E+00
+0.4800088112904000E+02 +0.4242223339941962E+00 +0.0000000000000000E+00
+0.4803716297418666E+02 +0.4161890429973549E+00 +0.0000000000000000E+00
+0.4807344481933333E+02 +0.4078337666262020E+00 +0.0000000000000000E+00
+0.4810972666448000E+02 +0.4006499197060143E+00 +0.0000000000000000E+00
+0.4814600850962667E+02 +0.3942534560510016E+00 +0.0000000000000000E+00
+0.4818229035477334E+02 +0.3886128817054735E+00 +0.0000000000000000E+00
+0.4821857219992000E+02 +0.3856067053536870E+00 +0.0000000000000000E+00
+0.4825485404506666E+02 +0.3861167434517981E+00 +0.0000000000000000E+00
+0.4829113589021333E+02 +0.3863049042471701E+00 +0.0000000000000000E+00
+0.4832741773536000E+02 +0.3839611498546640E+00 +0.0000000000000000E+00
+0.4836369958050667E+02 +0.3796352967163119E+00 +0.0000000000000000E+00
+0.4839998142565334E+02 +0.3726788629683426E+00 +0.0000000000000000E+00
+0.4843626327080000E+02 +0.3640743488762557E+00 +0.0000000000000000E+00
+0.4847254511594667E+02 +0.3563723945574236E+00 +0.0000000000000000E+00
+0.4850882696109333E+02 +0.3522786852887614E+00 +0.0000000000000000E+00
+0.4854510880624000E+02 +0.3543273517389772E+00 +0.0000000000000000E+00
+0.4858139065138666E+02 +0.3605260846738029E+00 +0.0000000000000000E+00
+0.4861767249653334E+02 +0.3651374380678757E+00 +0.0000000000000000E+00
+0.4865395434168001E+02 +0.3652808123744448E+00 +0.0000000000000000E+00
+0.4869023618682667E+02 +0.3620398048922593E+00 +0.0000000000000000E+00
+0.4872651803197333E+02 +0.3585873491662006E+00 +0.0000000000000000E+00
+0.4876279987712000E+02 +0.3577169422884581E+00 +0.0000000000000000E+00
+0.4879908172226666E+02 +0.3594317564647031E+00 +0.0000000000000000E+00
+0.4883536356741334E+02 +0.3596830332101484E+00 +0.0000000000000000E+00
+0.4887164541256001E+02 +0.3558550041656178E+00 +0.0000000000000000E+00
+0.4890792725770667E+02 +0.3494190678114497E+00 +0.0000000000000000E+00
+0.4894420910285334E+02 +0.3433695053891328E+00 +0.0000000000000000E+00
+0.4898049094800000E+02 +0.3404193551415314E+00 +0.0000000000000000E+00
+0.4901677279314666E+02 +0.3397586159012749E+00 +0.0000000000000000E+00
+0.4905305463829333E+02 +0.3401866952427992E+00 +0.0000000000000000E+00
+0.4908933648344001E+02 +0.3420836450167853E+00 +0.0000000000000000E+00
+0.4912561832858667E+02 +0.3455855412879857E+00 +0.0000000000000000E+00
+0.4916190017373334E+02 +0.3511638421676834E+00 +0.0000000000000000E+00
+0.4919818201888000E+02 +0.3577310348876597E+00 +0.0000000000000000E+00
+0.4923446386402667E+02 +0.3616013957773483E+00 +0.0000000000000000E+00
+0.4927074570917333E+02 +0.3613610449911718E+00 +0.0000000000000000E+00
+0.4930702755432000E+02 +0.3596520902753622E+00 +0.0000000000000000E+00
+0.4934330939946667E+02 +0.3600890538313429E+00 +0.0000000000000000E+00
+0.4937959124461334E+02 +0.3637993172416290E+00 +0.0000000000000000E+00
+0.4941587308976000E+02 +0.3687769835352888E+00 +0.0000000000000000E+00
+0.4945215493490667E+02 +0.3717490845528181E+00 +0.0000000000000000E+00
+0.4948843678005333E+02 +0.3707081607913741E+00 +0.0000000000000000E+00
+0.4952471862519999E+02 +0.3677167666446559E+00 +0.0000000000000000E+00
+0.4956100047034667E+02 +0.3666583276501565E+00 +0.0000000000000000E+00
+0.4959728231549334E+02 +0.3664208187586681E+00 +0.0000000000000000E+00
+0.4963356416064000E+02 +0.3636162476382921E+00 +0.0000000000000000E+00
+0.4966984600578667E+02 +0.3592903864860060E+00 +0.0000000000000000E+00
+0.4970612785093333E+02 +0.3549911726500310E+00 +0.0000000000000000E+00
+0.4974240969608000E+02 +0.3484231422559445E+00 +0.0000000000000000E+00
+0.4977869154122667E+02 +0.3397973839352675E+00 +0.0000000000000000E+00
+0.4981497338637334E+02 +0.3316457012604684E+00 +0.0000000000000000E+00
+0.4985125523152000E+02 +0.3249482699333004E+00 +0.0000000000000000E+00
+0.4988753707666667E+02 +0.3203062520711448E+00 +0.0000000000000000E+00
+0.4992381892181334E+02 +0.3185146093018293E+00 +0.0000000000000000E+00
+0.4996010076696000E+02 +0.3203148438830998E+00 +0.0000000000000000E+00
+0.4999638261210666E+02 +0.3253185374107003E+00 +0.0000000000000000E+00
+0.5003266445725334E+02 +0.3317371644295757E+00 +0.0000000000000000E+00
+0.5006894630240000E+02 +0.3368216505514068E+00 +0.0000000000000000E+00
+0.5010522814754667E+02 +0.3384184359288774E+00 +0.0000000000000000E+00
+0.5014150999269334E+02 +0.3376921603216994E+00 +0.0000000000000000E+00
+0.5017779183784000E+02 +0.3387437490006698E+00 +0.0000000000000000E+00
+0.5021407368298667E+02 +0.3447320039414575E+00 +0.0000000000000000E+00
+0.5025035552813333E+02 +0.3540212137328249E+00 +0.0000000000000000E+00
+0.5028663737328000E+02 +0.3620674488786506E+00 +0.0000000000000000E+00
+0.5032291921842667E+02 +0.3665990774892548E+00 +0.0000000000000000E+00
+0.5035920106357334E+02 +0.3704082946648191E+00 +0.0000000000000000E+00
+0.5039548290872000E+02 +0.3763827120342855E+00 +0.0000000000000000E+00
+0.5043176475386667E+02 +0.3824397105118825E+00 +0.0000000000000000E+00
+0.5046804659901333E+02 +0.3843262396306252E+00 +0.0000000000000000E+00
+0.5050432844416000E+02 +0.3805274574066988E+00 +0.0000000000000000E+00
+0.5054061028930667E+02 +0.3720273942556246E+00 +0.0000000000000000E+00
+0.5057689213445334E+02 +0.3603924169878492E+00 +0.0000000000000000E+00
+0.5061317397960000E+02 +0.3479057611995375E+00 +0.0000000000000000E+00
+0.5064945582474667E+02 +0.3372645524362376E+00 +0.0000000000000000E+00
+0.5068573766989334E+02 +0.3300791765276075E+00 +0.0000000000000000E+00
+0.5072201951504000E+02 +0.3246280292494846E+00 +0.0000000000000000E+00
+0.5075830136018667E+02 +0.3180152492557836E+00 +0.0000000000000000E+00
+0.5079458320533334E+02 +0.3101930269523741E+00 +0.0000000000000000E+00
+0.5083086505048000E+02 +0.3031823517350360E+00 +0.0000000000000000E+00
+0.5086714689562667E+02 +0.2994359150266362E+00 +0.0000000000000000E+00
+0.5090342874077334E+02 +0.3009619021628792E+00 +0.0000000000000000E+00
+0.5093971058592000E+02 +0.3068408692954839E+00 +0.0000000000000000E+00
+0.5097599243106667E+02 +0.3131009061693218E+00 +0.0000000000000000E+00
+0.5101227427621334E+02 +0.3170403823989013E+00 +0.0000000000000000E+00
+0.5104855612136000E+02 +0.3194418050980011E+00 +0.0000000000000000E+00
+0.5108483796650667E+02 +0.3225255902146340E+00 +0.0000000000000000E+00
+0.5112111981165334E+02 +0.3270307440681696E+00 +0.0000000000000000E+00
+0.5115740165680000E+02 +0.3318974615820730E+00 +0.0000000000000000E+00
+0.5119368350194667E+02 +0.3370769100724519E+00 +0.0000000000000000E+00
+0.5122996534709334E+02 +0.3433471803511409E+00 +0.0000000000000000E+00
+0.5126624719224000E+02 +0.3484597850529235E+00 +0.0000000000000000E+00
+0.5130252903738667E+02 +0.3498113986563037E+00 +0.0000000000000000E+00
+0.5133881088253334E+02 +0.3489105970158336E+00 +0.0000000000000000E+00
+0.5137509272768000E+02 +0.3483546119480835E+00 +0.0000000000000000E+00
+0.5141137457282667E+02 +0.3469686619662800E+00 +0.0000000000000000E+00
+0.5144765641797333E+02 +0.3408343222675395E+00 +0.0000000000000000E+00
+0.5148393826312000E+02 +0.3304420547368235E+00 +0.0000000000000000E+00
+0.5152022010826667E+02 +0.3211339007804929E+00 +0.0000000000000000E+00
+0.5155650195341333E+02 +0.3166996011928892E+00 +0.0000000000000000E+00
+0.5159278379856000E+02 +0.3166493521016155E+00 +0.0000000000000000E+00
+0.5162906564370667E+02 +0.3204051893083212E+00 +0.0000000000000000E+00
+0.5166534748885334E+02 +0.3267060106924151E+00 +0.0000000000000000E+00
+0.5170162933400000E+02 +0.3338134559093405E+00 +0.0000000000000000E+00
+0.5173791117914667E+02 +0.3410575028880006E+00 +0.0000000000000000E+00
+0.5177419302429333E+02 +0.3456902820222888E+00 +0.0000000000000000E+00
+0.5181047486944000E+02 +0.3446352918695609E+00 +0.0000000000000000E+00
+0.5184675671458667E+02 +0.3397032305181601E+00 +0.0000000000000000E+00
+0.5188303855973333E+02 +0.3349018623461106E+00 +0.0000000000000000E+00
+0.5191932040488000E+02 +0.3307160495524901E+00 +0.0000000000000000E+00
+0.5195560225002667E+02 +0.3248661744906504E+00 +0.0000000000000000E+00
+0.5199188409517333E+02 +0.3186783081880926E+00 +0.0000000000000000E+00
+0.5202816594032000E+02 +0.3154516603128975E+00 +0.0000000000000000E+00
+0.5206444778546667E+02 +0.3141032273809903E+00 +0.0000000000000000E+00
+0.5210072963061333E+02 +0.3125127280304009E+00 +0.0000000000000000E+00
+0.5213701147576000E+02 +0.3112983011602588E+00 +0.0000000000000000E+00
+0.5217329332090667E+02 +0.3118670874073359E+00 +0.0000000000000000E+00
+0.5220957516605333E+02 +0.3153726051212512E+00 +0.0000000000000000E+00
+0.5224585701120000E+02 +0.3221907400949247E+00 +0.0000000000000000E+00
+0.5228213885634667E+02 +0.3294563544284465E+00 +0.0000000000000000E+00
+0.5231842070149333E+02 +0.3331644437631619E+00 +0.0000000000000000E+00
+0.5235470254664000E+02 +0.3310612173609289E+00 +0.0000000000000000E+00
+0.5239098439178667E+02 +0.3240521015439686E+00 +0.0000000000000000E+00
+0.5242726623693333E+02 +0.3168544292191857E+00 +0.0000000000000000E+00
+0.5246354808208000E+02 +0.3142136347266844E+00 +0.0000000000000000E+00
+0.5249982992722667E+02 +0.3147974116080530E+00 +0.0000000000000000E+00
+0.5253611177237333E+02 +0.3152427774870915E+00 +0.0000000000000000E+00
+0.5257239361752000E+02 +0.3156611728357802E+00 +0.0000000000000000E+00
+0.5260867546266667E+02 +0.3163297116320412E+00 +0.0000000000000000E+00
+0.5264495730781334E+02 +0.3142217859885595E+00 +0.0000000000000000E+00
+0.5268123915296000E+02 +0.3076678479617153E+00 +0.0000000000000000E+00
+0.5271752099810667E+02 +0.2995167219677796E+00 +0.0000000000000000E+00
+0.5275380284325333E+02 +0.2939726993684143E+00 +0.0000000000000000E+00
+0.5279008468840000E+02 +0.2945154202677293E+00 +0.0000000000000000E+00
+0.5282636653354667E+02 +0.3009138619738717E+00 +0.0000000000000000E+00
+0.5286264837869334E+02 +0.3083613782421586E+00 +0.0000000000000000E+00
+0.5289893022384000E+02 +0.3122989050030358E+00 +0.0000000000000000E+00
+0.5293521206898667E+02 +0.3136425570402588E+00 +0.0000000000000000E+00
+0.5297149391413333E+02 +0.3154607549721173E+00 +0.0000000000000000E+00
+0.5300777575928000E+02 +0.3167045505069650E+00 +0.0000000000000000E+00
+0.5304405760442667E+02 +0.3142100647654389E+00 +0.0000000000000000E+00
+0.5308033944957333E+02 +0.3085344025962307E+00 +0.0000000000000000E+00
+0.5311662129472001E+02 +0.3039616827887956E+00 +0.0000000000000000E+00
+0.5315290313986667E+02 +0.3022230011725431E+00 +0.0000000000000000E+00
+0.5318918498501333E+02 +0.3001817675559869E+00 +0.0000000000000000E+00
+0.5322546683016000E+02 +0.2968434739325952E+00 +0.0000000000000000E+00
+0.5326174867530667E+02 +0.2935397944288091E+00 +0.0000000000000000E+00
+0.5329803052045333E+02 +0.2901405120657622E+00 +0.0000000000000000E+00
+0.5333431236560000E+02 +0.2855354217655939E+00 +0.0000000000000000E+00
+0.5337059421074667E+02 +0.2808604993558843E+00 +0.0000000000000000E+00
+0.5340687605589333E+02 +0.2776096763654967E+00 +0.0000000000000000E+00
+0.5344315790104000E+02 +0.2747495048438582E+00 +0.0000000000000000E+00
+0.5347943974618667E+02 +0.2707969078802060E+00 +0.0000000000000000E+00
+0.5351572159133333E+02 +0.2662208577128369E+00 +0.0000000000000000E+00
+0.5355200343648000E+02 +0.2636946852758535E+00 +0.0000000000000000E+00
+0.5358828528162667E+02 +0.2660572631108526E+00 +0.0000000000000000E+00
+0.5362456712677334E+02 +0.2741756478914680E+00 +0.0000000000000000E+00
+0.5366084897192000E+02 +0.2863692454786589E+00 +0.0000000000000000E+00
+0.5369713081706666E+02 +0.2986718283751635E+00 +0.0000000000000000E+00
+0.5373341266221333E+02 +0.3077408591972090E+00 +0.0000000000000000E+00
+0.5376969450736000E+02 +0.3120170126531361E+00 +0.0000000000000000E+00
+0.5380597635250667E+02 +0.3119738938492260E+00 +0.0000000000000000E+00
+0.5384225819765334E+02 +0.3101663285301939E+00 +0.0000000000000000E+00
+0.5387854004280000E+02 +0.3073807872010925E+00 +0.0000000000000000E+00
+0.5391482188794667E+02 +0.3041962416145876E+00 +0.0000000000000000E+00
+0.5395110373309333E+02 +0.3042398330888811E+00 +0.0000000000000000E+00
+0.5398738557824000E+02 +0.3091321381920096E+00 +0.0000000000000000E+00
+0.5402366742338666E+02 +0.3148816045819681E+00 +0.0000000000000000E+00
+0.5405994926853334E+02 +0.3171794539887896E+00 +0.0000000000000000E+00
+0.5409623111368001E+02 +0.3149147614996410E+00 +0.0000000000000000E+00
+0.5413251295882667E+02 +0.3109848179101794E+00 +0.0000000000000000E+00
+0.5416879480397333E+02 +0.3097204876924742E+00 +0.0000000000000000E+00
+0.5420507664912000E+02 +0.3109757918948559E+00 +0.0000000000000000E+00
+0.5424135849426666E+02 +0.3106006932478710E+00 +0.0000000000000000E+00
+0.5427764033941333E+02 +0.3087942539053213E+00 +0.0000000000000000E+00
+0.5431392218456001E+02 +0.3086593574794659E+00 +0.0000000000000000E+00
+0.5435020402970667E+02 +0.3098971391029547E+00 +0.0000000000000000E+00
+0.5438648587485334E+02 +0.3110942094412019E+00 +0.0000000000000000E+00
