# Macroscopic dielectric function epsm
#
# Momentum transfer Q=G+q in lattice cooridnates
# G:   0   0   0
# q:   0.0000000   0.0000000   0.0000000
# Momentum transfer Q=G+q in Cartesian cooridnates
# G:   0.0000000   0.0000000   0.0000000
# q:   0.0000000   0.0000000   0.0000000
# Norm2(G+q)   0.0000000
#
# Energy scale=   27.211384
# Used broadening in scaled energy units:    0.190480
#
# Number of k-points=      64
# Unit cell volume [au]=  110.090925
# Coulomb potential v(Q) [au]=          0.000000
#
#             Frequency                Re(epsm)                Im(epsm)       Re(epsm) form KKT
+0.0000000000000000E+00 +0.1418515247087018E+01 +0.4934323610259547E-02 +0.1838507073152108E+01
+0.2267615321666667E-01 +0.1419103348515687E+01 +0.4949004192571094E-02 +0.1835546502560299E+01
+0.4535230643333334E-01 +0.1419693200475315E+01 +0.4963753268548907E-02 +0.1833530161859086E+01
+0.6802845965000001E-01 +0.1420284811135971E+01 +0.4978571279137598E-02 +0.1832536544934785E+01
+0.9070461286666667E-01 +0.1420878188720330E+01 +0.4993458668923638E-02 +0.1831679934393939E+01
+0.1133807660833333E+00 +0.1421473341504105E+01 +0.5008415886172079E-02 +0.1831039252886495E+01
+0.1360569193000000E+00 +0.1422070277816496E+01 +0.5023443382863990E-02 +0.1830510524361835E+01
+0.1587330725166667E+00 +0.1422669006040622E+01 +0.5038541614733816E-02 +0.1830068863466451E+01
+0.1814092257333333E+00 +0.1423269534613978E+01 +0.5053711041307851E-02 +0.1829690403221337E+01
+0.2040853789500000E+00 +0.1423871872028880E+01 +0.5068952125942621E-02 +0.1829362083887413E+01
+0.2267615321666667E+00 +0.1424476026832922E+01 +0.5084265335864029E-02 +0.1829074163554854E+01
+0.2494376853833334E+00 +0.1425082007629453E+01 +0.5099651142206990E-02 +0.1828819827080141E+01
+0.2721138386000000E+00 +0.1425689823078016E+01 +0.5115110020055288E-02 +0.1828593946676805E+01
+0.2947899918166667E+00 +0.1426299481894847E+01 +0.5130642448482117E-02 +0.1828392617755666E+01
+0.3174661450333334E+00 +0.1426910992853335E+01 +0.5146248910591233E-02 +0.1828212784125781E+01
+0.3401422982500000E+00 +0.1427524364784499E+01 +0.5161929893558122E-02 +0.1828052012741992E+01
+0.3628184514666667E+00 +0.1428139606577490E+01 +0.5177685888672397E-02 +0.1827908333955489E+01
+0.3854946046833334E+00 +0.1428756727180071E+01 +0.5193517391379993E-02 +0.1827780131194079E+01
+0.4081707579000001E+00 +0.1429375735599116E+01 +0.5209424901326355E-02 +0.1827666061285675E+01
+0.4308469111166667E+00 +0.1429996640901101E+01 +0.5225408922399926E-02 +0.1827564996170250E+01
+0.4535230643333333E+00 +0.1430619452212631E+01 +0.5241469962776345E-02 +0.1827475979341942E+01
+0.4761992175500001E+00 +0.1431244178720932E+01 +0.5257608534962961E-02 +0.1827398192800857E+01
+0.4988753707666667E+00 +0.1431870829674380E+01 +0.5273825155844101E-02 +0.1827330931602086E+01
+0.5215515239833334E+00 +0.1432499414383017E+01 +0.5290120346726727E-02 +0.1827273584000392E+01
+0.5442276772000001E+00 +0.1433129942219076E+01 +0.5306494633386899E-02 +0.1827225615775486E+01
+0.5669038304166668E+00 +0.1433762422617530E+01 +0.5322948546116512E-02 +0.1827186557724362E+01
+0.5895799836333334E+00 +0.1434396865076606E+01 +0.5339482619770795E-02 +0.1827155995582402E+01
+0.6122561368500001E+00 +0.1435033279158346E+01 +0.5356097393816482E-02 +0.1827133561828464E+01
+0.6349322900666667E+00 +0.1435671674489164E+01 +0.5372793412380291E-02 +0.1827118928966472E+01
+0.6576084432833335E+00 +0.1436312060760381E+01 +0.5389571224298333E-02 +0.1827111803975359E+01
+0.6802845965000001E+00 +0.1436954447728804E+01 +0.5406431383165947E-02 +0.1827111923691730E+01
+0.7029607497166668E+00 +0.1437598845217277E+01 +0.5423374447388111E-02 +0.1827119050943191E+01
+0.7256369029333334E+00 +0.1438245263115280E+01 +0.5440400980230860E-02 +0.1827132971290540E+01
+0.7483130561500001E+00 +0.1438893711379484E+01 +0.5457511549872628E-02 +0.1827153490267235E+01
+0.7709892093666668E+00 +0.1439544200034351E+01 +0.5474706729457152E-02 +0.1827180431027760E+01
+0.7936653625833334E+00 +0.1440196739172727E+01 +0.5491987097146328E-02 +0.1827213632334292E+01
+0.8163415158000001E+00 +0.1440851338956429E+01 +0.5509353236173943E-02 +0.1827252946824883E+01
+0.8390176690166667E+00 +0.1441508009616860E+01 +0.5526805734900256E-02 +0.1827298239517234E+01
+0.8616938222333335E+00 +0.1442166761455618E+01 +0.5544345186867066E-02 +0.1827349386510572E+01
+0.8843699754500001E+00 +0.1442827604845120E+01 +0.5561972190853692E-02 +0.1827406273855018E+01
+0.9070461286666667E+00 +0.1443490550229217E+01 +0.5579687350933348E-02 +0.1827468796563150E+01
+0.9297222818833335E+00 +0.1444155608123826E+01 +0.5597491276530550E-02 +0.1827536857742780E+01
+0.9523984351000001E+00 +0.1444822789117574E+01 +0.5615384582479038E-02 +0.1827610367833637E+01
+0.9750745883166668E+00 +0.1445492103872450E+01 +0.5633367889080745E-02 +0.1827689243933275E+01
+0.9977507415333334E+00 +0.1446163563124440E+01 +0.5651441822165067E-02 +0.1827773409200029E+01
+0.1020426894750000E+01 +0.1446837177684198E+01 +0.5669607013149291E-02 +0.1827862792322677E+01
+0.1043103047966667E+01 +0.1447512958437707E+01 +0.5687864099099678E-02 +0.1827957327048072E+01
+0.1065779201183333E+01 +0.1448190916346964E+01 +0.5706213722793197E-02 +0.1828056951759299E+01
+0.1088455354400000E+01 +0.1448871062450646E+01 +0.5724656532780311E-02 +0.1828161609098018E+01
+0.1111131507616667E+01 +0.1449553407864811E+01 +0.5743193183448408E-02 +0.1828271245625553E+01
+0.1133807660833334E+01 +0.1450237963783583E+01 +0.5761824335086000E-02 +0.1828385811518060E+01
+0.1156483814050000E+01 +0.1450924741479872E+01 +0.5780550653948077E-02 +0.1828505260291752E+01
+0.1179159967266667E+01 +0.1451613752306069E+01 +0.5799372812321805E-02 +0.1828629548554695E+01
+0.1201836120483333E+01 +0.1452305007694777E+01 +0.5818291488593754E-02 +0.1828758635782154E+01
+0.1224512273700000E+01 +0.1452998519159529E+01 +0.5837307367317167E-02 +0.1828892484112869E+01
+0.1247188426916667E+01 +0.1453694298295535E+01 +0.5856421139280978E-02 +0.1829031058163950E+01
+0.1269864580133333E+01 +0.1454392356780419E+01 +0.5875633501579062E-02 +0.1829174324862440E+01
+0.1292540733350000E+01 +0.1455092706374972E+01 +0.5894945157680852E-02 +0.1829322253291705E+01
+0.1315216886566667E+01 +0.1455795358923916E+01 +0.5914356817502712E-02 +0.1829474814551193E+01
+0.1337893039783334E+01 +0.1456500326356659E+01 +0.5933869197480012E-02 +0.1829631981628159E+01
+0.1360569193000000E+01 +0.1457207620688098E+01 +0.5953483020640679E-02 +0.1829793729280148E+01
+0.1383245346216667E+01 +0.1457917254019385E+01 +0.5973199016679439E-02 +0.1829960033927202E+01
+0.1405921499433334E+01 +0.1458629238538727E+01 +0.5993017922032719E-02 +0.1830130873552834E+01
+0.1428597652650000E+01 +0.1459343586522193E+01 +0.6012940479955422E-02 +0.1830306227612927E+01
+0.1451273805866667E+01 +0.1460060310334532E+01 +0.6032967440597744E-02 +0.1830486076951833E+01
+0.1473949959083333E+01 +0.1460779422429983E+01 +0.6053099561083707E-02 +0.1830670403724979E+01
+0.1496626112300000E+01 +0.1461500935353113E+01 +0.6073337605590491E-02 +0.1830859191327423E+01
+0.1519302265516667E+01 +0.1462224861739668E+01 +0.6093682345428753E-02 +0.1831052424327776E+01
+0.1541978418733334E+01 +0.1462951214317408E+01 +0.6114134559124307E-02 +0.1831250088407089E+01
+0.1564654571950000E+01 +0.1463680005906978E+01 +0.6134695032500584E-02 +0.1831452170302203E+01
+0.1587330725166667E+01 +0.1464411249422770E+01 +0.6155364558762430E-02 +0.1831658657753202E+01
+0.1610006878383334E+01 +0.1465144957873820E+01 +0.6176143938581092E-02 +0.1831869539454662E+01
+0.1632683031600000E+01 +0.1465881144364680E+01 +0.6197033980179990E-02 +0.1832084805010310E+01
+0.1655359184816667E+01 +0.1466619822096326E+01 +0.6218035499422143E-02 +0.1832304444890874E+01
+0.1678035338033333E+01 +0.1467361004367075E+01 +0.6239149319898460E-02 +0.1832528450394841E+01
+0.1700711491250000E+01 +0.1468104704573503E+01 +0.6260376273017360E-02 +0.1832756813611871E+01
+0.1723387644466667E+01 +0.1468850936211372E+01 +0.6281717198095589E-02 +0.1832989527388702E+01
+0.1746063797683334E+01 +0.1469599712876576E+01 +0.6303172942450362E-02 +0.1833226585297326E+01
+0.1768739950900000E+01 +0.1470351048266108E+01 +0.6324744361492670E-02 +0.1833467981605242E+01
+0.1791416104116667E+01 +0.1471104956179002E+01 +0.6346432318821864E-02 +0.1833713711247690E+01
+0.1814092257333333E+01 +0.1471861450517335E+01 +0.6368237686321779E-02 +0.1833963769801655E+01
+0.1836768410550000E+01 +0.1472620545287194E+01 +0.6390161344257773E-02 +0.1834218153461536E+01
+0.1859444563766667E+01 +0.1473382254599689E+01 +0.6412204181375567E-02 +0.1834476859016375E+01
+0.1882120716983333E+01 +0.1474146592671961E+01 +0.6434367095001134E-02 +0.1834739883828509E+01
+0.1904796870200000E+01 +0.1474913573828200E+01 +0.6456650991142182E-02 +0.1835007225813555E+01
+0.1927473023416667E+01 +0.1475683212500696E+01 +0.6479056784590903E-02 +0.1835278883421639E+01
+0.1950149176633334E+01 +0.1476455523230863E+01 +0.6501585399028357E-02 +0.1835554855619769E+01
+0.1972825329850000E+01 +0.1477230520670322E+01 +0.6524237767129955E-02 +0.1835835141875285E+01
+0.1995501483066667E+01 +0.1478008219581967E+01 +0.6547014830673002E-02 +0.1836119742140336E+01
+0.2018177636283334E+01 +0.1478788634841043E+01 +0.6569917540645153E-02 +0.1836408656837250E+01
+0.2040853789500000E+01 +0.1479571781436249E+01 +0.6592946857354896E-02 +0.1836701886844811E+01
+0.2063529942716667E+01 +0.1480357674470856E+01 +0.6616103750543109E-02 +0.1836999433485345E+01
+0.2086206095933334E+01 +0.1481146329163824E+01 +0.6639389199496851E-02 +0.1837301298512574E+01
+0.2108882249150000E+01 +0.1481937760850945E+01 +0.6662804193164005E-02 +0.1837607484100183E+01
+0.2131558402366667E+01 +0.1482731984985997E+01 +0.6686349730270224E-02 +0.1837917992831063E+01
+0.2154234555583334E+01 +0.1483529017141901E+01 +0.6710026819437231E-02 +0.1838232827687193E+01
+0.2176910708800000E+01 +0.1484328873011916E+01 +0.6733836479302670E-02 +0.1838551992040085E+01
+0.2199586862016667E+01 +0.1485131568410823E+01 +0.6757779738642177E-02 +0.1838875489641842E+01
+0.2222263015233334E+01 +0.1485937119276130E+01 +0.6781857636492531E-02 +0.1839203324616685E+01
+0.2244939168450000E+01 +0.1486745541669316E+01 +0.6806071222277350E-02 +0.1839535501453003E+01
+0.2267615321666667E+01 +0.1487556851777045E+01 +0.6830421555933781E-02 +0.1839872024995866E+01
+0.2290291474883333E+01 +0.1488371065912445E+01 +0.6854909708041831E-02 +0.1840212900439969E+01
+0.2312967628100000E+01 +0.1489188200516349E+01 +0.6879536759954792E-02 +0.1840558133323003E+01
+0.2335643781316667E+01 +0.1490008272158612E+01 +0.6904303803932333E-02 +0.1840907729519404E+01
+0.2358319934533334E+01 +0.1490831297539379E+01 +0.6929211943274949E-02 +0.1841261695234475E+01
+0.2380996087750000E+01 +0.1491657293490435E+01 +0.6954262292460588E-02 +0.1841620036998868E+01
+0.2403672240966667E+01 +0.1492486276976506E+01 +0.6979455977283349E-02 +0.1841982761663393E+01
+0.2426348394183333E+01 +0.1493318265096639E+01 +0.7004794134994110E-02 +0.1842349876394128E+01
+0.2449024547400001E+01 +0.1494153275085541E+01 +0.7030277914443179E-02 +0.1842721388667846E+01
+0.2471700700616667E+01 +0.1494991324314986E+01 +0.7055908476225347E-02 +0.1843097306267716E+01
+0.2494376853833334E+01 +0.1495832430295198E+01 +0.7081686992826595E-02 +0.1843477637279276E+01
+0.2517053007050000E+01 +0.1496676610676286E+01 +0.7107614648773404E-02 +0.1843862390086646E+01
+0.2539729160266667E+01 +0.1497523883249656E+01 +0.7133692640784104E-02 +0.1844251573369019E+01
+0.2562405313483334E+01 +0.1498374265949491E+01 +0.7159922177922383E-02 +0.1844645196097335E+01
+0.2585081466700000E+01 +0.1499227776854214E+01 +0.7186304481753392E-02 +0.1845043267531223E+01
+0.2607757619916667E+01 +0.1500084434187969E+01 +0.7212840786501781E-02 +0.1845445797216120E+01
+0.2630433773133334E+01 +0.1500944256322145E+01 +0.7239532339212507E-02 +0.1845852794980607E+01
+0.2653109926350000E+01 +0.1501807261776896E+01 +0.7266380399913645E-02 +0.1846264270933931E+01
+0.2675786079566667E+01 +0.1502673469222696E+01 +0.7293386241781947E-02 +0.1846680235463705E+01
+0.2698462232783334E+01 +0.1503542897481909E+01 +0.7320551151311043E-02 +0.1847100699233806E+01
+0.2721138386000000E+01 +0.1504415565530357E+01 +0.7347876428481394E-02 +0.1847525673182400E+01
+0.2743814539216667E+01 +0.1505291492498961E+01 +0.7375363386934061E-02 +0.1847955168520181E+01
+0.2766490692433333E+01 +0.1506170697675345E+01 +0.7403013354145836E-02 +0.1848389196728709E+01
+0.2789166845650001E+01 +0.1507053200505491E+01 +0.7430827671608084E-02 +0.1848827769558943E+01
+0.2811842998866667E+01 +0.1507939020595426E+01 +0.7458807695007629E-02 +0.1849270899029885E+01
+0.2834519152083334E+01 +0.1508828177712891E+01 +0.7486954794410656E-02 +0.1849718597427378E+01
+0.2857195305300000E+01 +0.1509720691789073E+01 +0.7515270354449523E-02 +0.1850170877303027E+01
+0.2879871458516667E+01 +0.1510616582920333E+01 +0.7543755774512166E-02 +0.1850627751473252E+01
+0.2902547611733334E+01 +0.1511515871369976E+01 +0.7572412468934902E-02 +0.1851089233018464E+01
+0.2925223764950001E+01 +0.1512418577570027E+01 +0.7601241867197479E-02 +0.1851555335282354E+01
+0.2947899918166667E+01 +0.1513324722123032E+01 +0.7630245414122067E-02 +0.1852026071871301E+01
+0.2970576071383334E+01 +0.1514234325803896E+01 +0.7659424570074298E-02 +0.1852501456653890E+01
+0.2993252224600000E+01 +0.1515147409561737E+01 +0.7688780811168560E-02 +0.1852981503760537E+01
+0.3015928377816667E+01 +0.1516063994521757E+01 +0.7718315629475295E-02 +0.1853466227583215E+01
+0.3038604531033334E+01 +0.1516984101987151E+01 +0.7748030533232629E-02 +0.1853955642775283E+01
+0.3061280684250000E+01 +0.1517907753441035E+01 +0.7777927047060595E-02 +0.1854449764251414E+01
+0.3083956837466667E+01 +0.1518834970548395E+01 +0.7808006712178945E-02 +0.1854948607187611E+01
+0.3106632990683334E+01 +0.1519765775158064E+01 +0.7838271086628571E-02 +0.1855452187021327E+01
+0.3129309143900000E+01 +0.1520700189304754E+01 +0.7868721745496087E-02 +0.1855960519451664E+01
+0.3151985297116667E+01 +0.1521638235211039E+01 +0.7899360281142047E-02 +0.1856473620439667E+01
+0.3174661450333334E+01 +0.1522579935289464E+01 +0.7930188303433207E-02 +0.1856991506208693E+01
+0.3197337603550000E+01 +0.1523525312144609E+01 +0.7961207439977715E-02 +0.1857514193244878E+01
+0.3220013756766667E+01 +0.1524474388575208E+01 +0.7992419336364780E-02 +0.1858041698297680E+01
+0.3242689909983334E+01 +0.1525427187576288E+01 +0.8023825656407531E-02 +0.1858574038380487E+01
+0.3265366063200001E+01 +0.1526383732341357E+01 +0.8055428082390370E-02 +0.1859111230771331E+01
+0.3288042216416667E+01 +0.1527344046264589E+01 +0.8087228315319873E-02 +0.1859653293013656E+01
+0.3310718369633334E+01 +0.1528308152943070E+01 +0.8119228075179792E-02 +0.1860200242917167E+01
+0.3333394522850000E+01 +0.1529276076179053E+01 +0.8151429101190382E-02 +0.1860752098558761E+01
+0.3356070676066667E+01 +0.1530247839982257E+01 +0.8183833152071532E-02 +0.1861308878283517E+01
+0.3378746829283334E+01 +0.1531223468572189E+01 +0.8216442006310699E-02 +0.1861870600705769E+01
+0.3401422982500000E+01 +0.1532202986380505E+01 +0.8249257462434599E-02 +0.1862437284710250E+01
+0.3424099135716667E+01 +0.1533186418053385E+01 +0.8282281339285755E-02 +0.1863008949453287E+01
+0.3446775288933334E+01 +0.1534173788453988E+01 +0.8315515476303569E-02 +0.1863585614364090E+01
+0.3469451442150000E+01 +0.1535165122664862E+01 +0.8348961733809343E-02 +0.1864167299146090E+01
+0.3492127595366668E+01 +0.1536160445990477E+01 +0.8382621993297040E-02 +0.1864754023778355E+01
+0.3514803748583334E+01 +0.1537159783959727E+01 +0.8416498157727884E-02 +0.1865345808517065E+01
+0.3537479901800000E+01 +0.1538163162328487E+01 +0.8450592151830392E-02 +0.1865942673897056E+01
+0.3560156055016667E+01 +0.1539170607082229E+01 +0.8484905922404971E-02 +0.1866544640733426E+01
+0.3582832208233334E+01 +0.1540182144438626E+01 +0.8519441438634007E-02 +0.1867151730123214E+01
+0.3605508361450001E+01 +0.1541197800850239E+01 +0.8554200692396485E-02 +0.1867763963447131E+01
+0.3628184514666667E+01 +0.1542217603007225E+01 +0.8589185698588617E-02 +0.1868381362371365E+01
+0.3650860667883334E+01 +0.1543241577840074E+01 +0.8624398495449104E-02 +0.1869003948849444E+01
+0.3673536821100000E+01 +0.1544269752522381E+01 +0.8659841144890486E-02 +0.1869631745124158E+01
+0.3696212974316667E+01 +0.1545302154473699E+01 +0.8695515732835186E-02 +0.1870264773729562E+01
+0.3718889127533334E+01 +0.1546338811362371E+01 +0.8731424369558417E-02 +0.1870903057493014E+01
+0.3741565280750001E+01 +0.1547379751108445E+01 +0.8767569190035591E-02 +0.1871546619537303E+01
+0.3764241433966667E+01 +0.1548425001886634E+01 +0.8803952354296667E-02 +0.1872195483282822E+01
+0.3786917587183334E+01 +0.1549474592129270E+01 +0.8840576047785690E-02 +0.1872849672449805E+01
+0.3809593740400000E+01 +0.1550528550529366E+01 +0.8877442481727130E-02 +0.1873509211060637E+01
+0.3832269893616667E+01 +0.1551586906043670E+01 +0.8914553893497962E-02 +0.1874174123442217E+01
+0.3854946046833334E+01 +0.1552649687895795E+01 +0.8951912547006041E-02 +0.1874844434228384E+01
+0.3877622200050001E+01 +0.1553716925579366E+01 +0.8989520733075816E-02 +0.1875520168362413E+01
+0.3900298353266667E+01 +0.1554788648861249E+01 +0.9027380769839298E-02 +0.1876201351099565E+01
+0.3922974506483333E+01 +0.1555864887784790E+01 +0.9065495003135089E-02 +0.1876888008009703E+01
+0.3945650659700001E+01 +0.1556945672673126E+01 +0.9103865806913528E-02 +0.1877580164979984E+01
+0.3968326812916667E+01 +0.1558031034132538E+01 +0.9142495583648835E-02 +0.1878277848217587E+01
+0.3991002966133334E+01 +0.1559121003055836E+01 +0.9181386764758891E-02 +0.1878981084252534E+01
+0.4013679119350001E+01 +0.1560215610625840E+01 +0.9220541811031883E-02 +0.1879689899940556E+01
+0.4036355272566667E+01 +0.1561314888318848E+01 +0.9259963213060813E-02 +0.1880404322466031E+01
+0.4059031425783334E+01 +0.1562418867908205E+01 +0.9299653491684694E-02 +0.1881124379345003E+01
+0.4081707579000001E+01 +0.1563527581467909E+01 +0.9339615198438986E-02 +0.1881850098428214E+01
+0.4104383732216667E+01 +0.1564641061376269E+01 +0.9379850916012573E-02 +0.1882581507904284E+01
+0.4127059885433334E+01 +0.1565759340319616E+01 +0.9420363258713359E-02 +0.1883318636302876E+01
+0.4149736038650000E+01 +0.1566882451296071E+01 +0.9461154872942303E-02 +0.1884061512497986E+01
+0.4172412191866667E+01 +0.1568010427619371E+01 +0.9502228437675338E-02 +0.1884810165711270E+01
+0.4195088345083334E+01 +0.1569143302922762E+01 +0.9543586664954296E-02 +0.1885564625515455E+01
+0.4217764498300000E+01 +0.1570281111162922E+01 +0.9585232300386493E-02 +0.1886324921837815E+01
+0.4240440651516668E+01 +0.1571423886623978E+01 +0.9627168123653003E-02 +0.1887091084963703E+01
+0.4263116804733333E+01 +0.1572571663921559E+01 +0.9669396949026323E-02 +0.1887863145540183E+01
+0.4285792957950000E+01 +0.1573724478006913E+01 +0.9711921625897211E-02 +0.1888641134579710E+01
+0.4308469111166668E+01 +0.1574882364171113E+01 +0.9754745039310989E-02 +0.1889425083463882E+01
+0.4331145264383334E+01 +0.1576045358049283E+01 +0.9797870110513670E-02 +0.1890215023947283E+01
+0.4353821417600001E+01 +0.1577213495624932E+01 +0.9841299797507782E-02 +0.1891010988161385E+01
+0.4376497570816667E+01 +0.1578386813234320E+01 +0.9885037095618481E-02 +0.1891813008618527E+01
+0.4399173724033334E+01 +0.1579565347570913E+01 +0.9929085038069944E-02 +0.1892621118215978E+01
+0.4421849877250001E+01 +0.1580749135689902E+01 +0.9973446696572009E-02 +0.1893435350240064E+01
+0.4444526030466667E+01 +0.1581938215012780E+01 +0.1001812518191810E-01 +0.1894255738370379E+01
+0.4467202183683334E+01 +0.1583132623332017E+01 +0.1006312364459368E-01 +0.1895082316684086E+01
+0.4489878336900000E+01 +0.1584332398815764E+01 +0.1010844527539591E-01 +0.1895915119660272E+01
+0.4512554490116667E+01 +0.1585537580012693E+01 +0.1015409330606539E-01 +0.1896754182184415E+01
+0.4535230643333334E+01 +0.1586748205856839E+01 +0.1020007100992842E-01 +0.1897599539552907E+01
+0.4557906796550000E+01 +0.1587964315672573E+01 +0.1024638170255244E-01 +0.1898451227477677E+01
+0.4580582949766667E+01 +0.1589185949179647E+01 +0.1029302874241309E-01 +0.1899309282090883E+01
+0.4603259102983334E+01 +0.1590413146498285E+01 +0.1034001553157337E-01 +0.1900173739949718E+01
+0.4625935256200001E+01 +0.1591645948154388E+01 +0.1038734551637645E-01 +0.1901044638041264E+01
+0.4648611409416667E+01 +0.1592884395084818E+01 +0.1043502218815056E-01 +0.1901922013787472E+01
+0.4671287562633334E+01 +0.1594128528642733E+01 +0.1048304908392778E-01 +0.1902805905050206E+01
+0.4693963715850001E+01 +0.1595378390603073E+01 +0.1053142978717615E-01 +0.1903696350136388E+01
+0.4716639869066667E+01 +0.1596634023168045E+01 +0.1058016792854575E-01 +0.1904593387803237E+01
+0.4739316022283334E+01 +0.1597895468972792E+01 +0.1062926718662888E-01 +0.1905497057263609E+01
+0.4761992175500001E+01 +0.1599162771091061E+01 +0.1067873128873464E-01 +0.1906407398191409E+01
+0.4784668328716667E+01 +0.1600435973041043E+01 +0.1072856401167873E-01 +0.1907324450727125E+01
+0.4807344481933334E+01 +0.1601715118791262E+01 +0.1077876918258784E-01 +0.1908248255483449E+01
+0.4830020635150000E+01 +0.1603000252766552E+01 +0.1082935067971980E-01 +0.1909178853551004E+01
+0.4852696788366667E+01 +0.1604291419854162E+01 +0.1088031243329970E-01 +0.1910116286504173E+01
+0.4875372941583334E+01 +0.1605588665409956E+01 +0.1093165842637166E-01 +0.1911060596407020E+01
+0.4898049094800001E+01 +0.1606892035264695E+01 +0.1098339269566767E-01 +0.1912011825819332E+01
+0.4920725248016668E+01 +0.1608201575730426E+01 +0.1103551933249316E-01 +0.1912970017802773E+01
+0.4943401401233333E+01 +0.1609517333606999E+01 +0.1108804248362948E-01 +0.1913935215927122E+01
+0.4966077554450001E+01 +0.1610839356188667E+01 +0.1114096635225464E-01 +0.1914907464276653E+01
+0.4988753707666667E+01 +0.1612167691270805E+01 +0.1119429519888176E-01 +0.1915886807456597E+01
+0.5011429860883334E+01 +0.1613502387156743E+01 +0.1124803334231591E-01 +0.1916873290599759E+01
+0.5034106014100001E+01 +0.1614843492664701E+01 +0.1130218516063006E-01 +0.1917866959373213E+01
+0.5056782167316667E+01 +0.1616191057134861E+01 +0.1135675509216033E-01 +0.1918867859985143E+01
+0.5079458320533334E+01 +0.1617545130436541E+01 +0.1141174763652101E-01 +0.1919876039191794E+01
+0.5102134473750001E+01 +0.1618905762975488E+01 +0.1146716735563946E-01 +0.1920891544304552E+01
+0.5124810626966667E+01 +0.1620273005701307E+01 +0.1152301887481222E-01 +0.1921914423197149E+01
+0.5147486780183334E+01 +0.1621646910115004E+01 +0.1157930688378194E-01 +0.1922944724312993E+01
+0.5170162933400000E+01 +0.1623027528276671E+01 +0.1163603613783612E-01 +0.1923982496672643E+01
+0.5192839086616668E+01 +0.1624414912813282E+01 +0.1169321145892773E-01 +0.1925027789881402E+01
+0.5215515239833334E+01 +0.1625809116926629E+01 +0.1175083773681882E-01 +0.1926080654137050E+01
+0.5238191393050000E+01 +0.1627210194401423E+01 +0.1180891993024734E-01 +0.1927141140237728E+01
+0.5260867546266668E+01 +0.1628618199613477E+01 +0.1186746306811724E-01 +0.1928209299589945E+01
+0.5283543699483334E+01 +0.1630033187538077E+01 +0.1192647225071344E-01 +0.1929285184216742E+01
+0.5306219852700001E+01 +0.1631455213758490E+01 +0.1198595265094126E-01 +0.1930368846766002E+01
+0.5328896005916667E+01 +0.1632884334474599E+01 +0.1204590951559151E-01 +0.1931460340518913E+01
+0.5351572159133334E+01 +0.1634320606511706E+01 +0.1210634816663156E-01 +0.1932559719398562E+01
+0.5374248312350001E+01 +0.1635764087329483E+01 +0.1216727400252325E-01 +0.1933667037978724E+01
+0.5396924465566667E+01 +0.1637214835031087E+01 +0.1222869249956778E-01 +0.1934782351492770E+01
+0.5419600618783334E+01 +0.1638672908372419E+01 +0.1229060921327881E-01 +0.1935905715842766E+01
+0.5442276772000000E+01 +0.1640138366771561E+01 +0.1235302977978426E-01 +0.1937037187608734E+01
+0.5464952925216667E+01 +0.1641611270318378E+01 +0.1241595991725725E-01 +0.1938176824058052E+01
+0.5487629078433335E+01 +0.1643091679784276E+01 +0.1247940542737744E-01 +0.1939324683155075E+01
+0.5510305231650000E+01 +0.1644579656632155E+01 +0.1254337219682234E-01 +0.1940480823570889E+01
+0.5532981384866667E+01 +0.1646075263026525E+01 +0.1260786619879100E-01 +0.1941645304693276E+01
+0.5555657538083334E+01 +0.1647578561843802E+01 +0.1267289349455991E-01 +0.1942818186636839E+01
+0.5578333691300001E+01 +0.1649089616682797E+01 +0.1273846023507094E-01 +0.1943999530253314E+01
+0.5601009844516668E+01 +0.1650608491875398E+01 +0.1280457266255491E-01 +0.1945189397142106E+01
+0.5623685997733334E+01 +0.1652135252497418E+01 +0.1287123711218792E-01 +0.1946387849660975E+01
+0.5646362150950001E+01 +0.1653669964379687E+01 +0.1293846001378512E-01 +0.1947594950936951E+01
+0.5669038304166667E+01 +0.1655212694119290E+01 +0.1300624789352956E-01 +0.1948810764877439E+01
+0.5691714457383334E+01 +0.1656763509091056E+01 +0.1307460737573881E-01 +0.1950035356181529E+01
+0.5714390610600001E+01 +0.1658322477459220E+01 +0.1314354518467054E-01 +0.1951268790351538E+01
+0.5737066763816667E+01 +0.1659889668189352E+01 +0.1321306814636611E-01 +0.1952511133704732E+01
+0.5759742917033334E+01 +0.1661465151060435E+01 +0.1328318319053554E-01 +0.1953762453385311E+01
+0.5782419070250001E+01 +0.1663048996677223E+01 +0.1335389735248311E-01 +0.1955022817376584E+01
+0.5805095223466667E+01 +0.1664641276482802E+01 +0.1342521777507548E-01 +0.1956292294513388E+01
+0.5827771376683334E+01 +0.1666242062771393E+01 +0.1349715171075291E-01 +0.1957570954494756E+01
+0.5850447529900001E+01 +0.1667851428701395E+01 +0.1356970652358566E-01 +0.1958858867896796E+01
+0.5873123683116668E+01 +0.1669469448308663E+01 +0.1364288969137471E-01 +0.1960156106185840E+01
+0.5895799836333333E+01 +0.1671096196520050E+01 +0.1371670880780099E-01 +0.1961462741731835E+01
+0.5918475989550001E+01 +0.1672731749167174E+01 +0.1379117158462091E-01 +0.1962778847821986E+01
+0.5941152142766668E+01 +0.1674376183000509E+01 +0.1386628585391203E-01 +0.1964104498674672E+01
+0.5963828295983334E+01 +0.1676029575703654E+01 +0.1394205957036915E-01 +0.1965439769453616E+01
+0.5986504449200001E+01 +0.1677692005907956E+01 +0.1401850081365212E-01 +0.1966784736282339E+01
+0.6009180602416667E+01 +0.1679363553207371E+01 +0.1409561779078630E-01 +0.1968139476258898E+01
+0.6031856755633334E+01 +0.1681044298173601E+01 +0.1417341883861869E-01 +0.1969504067470892E+01
+0.6054532908850001E+01 +0.1682734322371555E+01 +0.1425191242632866E-01 +0.1970878589010781E+01
+0.6077209062066667E+01 +0.1684433708375081E+01 +0.1433110715799724E-01 +0.1972263120991484E+01
+0.6099885215283334E+01 +0.1686142539783037E+01 +0.1441101177523467E-01 +0.1973657744562303E+01
+0.6122561368500000E+01 +0.1687860901235613E+01 +0.1449163515986889E-01 +0.1975062541925148E+01
+0.6145237521716668E+01 +0.1689588878431046E+01 +0.1457298633669584E-01 +0.1976477596351082E+01
+0.6167913674933335E+01 +0.1691326558142593E+01 +0.1465507447629365E-01 +0.1977902992197192E+01
+0.6190589828150000E+01 +0.1693074028235901E+01 +0.1473790889790250E-01 +0.1979338814923810E+01
+0.6213265981366668E+01 +0.1694831377686667E+01 +0.1482149907237129E-01 +0.1980785151112048E+01
+0.6235942134583334E+01 +0.1696598696598671E+01 +0.1490585462517397E-01 +0.1982242088481712E+01
+0.6258618287800001E+01 +0.1698376076222180E+01 +0.1499098533949610E-01 +0.1983709715909561E+01
+0.6281294441016667E+01 +0.1700163608972677E+01 +0.1507690115939512E-01 +0.1985188123447928E+01
+0.6303970594233334E+01 +0.1701961388450023E+01 +0.1516361219303437E-01 +0.1986677402343729E+01
+0.6326646747450001E+01 +0.1703769509457941E+01 +0.1525112871599526E-01 +0.1988177645057839E+01
+0.6349322900666667E+01 +0.1705588068023939E+01 +0.1533946117466685E-01 +0.1989688945284888E+01
+0.6371999053883334E+01 +0.1707417161419621E+01 +0.1542862018971855E-01 +0.1991211397973428E+01
+0.6394675207100001E+01 +0.1709256888181389E+01 +0.1551861655965438E-01 +0.1992745099346543E+01
+0.6417351360316667E+01 +0.1711107348131608E+01 +0.1560946126445415E-01 +0.1994290146922838E+01
+0.6440027513533335E+01 +0.1712968642400177E+01 +0.1570116546930231E-01 +0.1995846639537930E+01
+0.6462703666750000E+01 +0.1714840873446516E+01 +0.1579374052840716E-01 +0.1997414677366296E+01
+0.6485379819966667E+01 +0.1716724145082084E+01 +0.1588719798891383E-01 +0.1998994361943647E+01
+0.6508055973183335E+01 +0.1718618562493267E+01 +0.1598154959491209E-01 +0.2000585796189717E+01
+0.6530732126400001E+01 +0.1720524232264819E+01 +0.1607680729154349E-01 +0.2002189084431557E+01
+0.6553408279616668E+01 +0.1722441262403738E+01 +0.1617298322920929E-01 +0.2003804332427297E+01
+0.6576084432833333E+01 +0.1724369762363669E+01 +0.1627008976788202E-01 +0.2005431647390429E+01
+0.6598760586050001E+01 +0.1726309843069811E+01 +0.1636813948152523E-01 +0.2007071138014567E+01
+0.6621436739266668E+01 +0.1728261616944334E+01 +0.1646714516262216E-01 +0.2008722914498760E+01
+0.6644112892483334E+01 +0.1730225197932366E+01 +0.1656711982681877E-01 +0.2010387088573345E+01
+0.6666789045700001E+01 +0.1732200701528493E+01 +0.1666807671768293E-01 +0.2012063773526309E+01
+0.6689465198916667E+01 +0.1734188244803842E+01 +0.1677002931158274E-01 +0.2013753084230264E+01
+0.6712141352133334E+01 +0.1736187946433750E+01 +0.1687299132268990E-01 +0.2015455137169980E+01
+0.6734817505350001E+01 +0.1738199926726000E+01 +0.1697697670810954E-01 +0.2017170050470490E+01
+0.6757493658566667E+01 +0.1740224307649686E+01 +0.1708199967313909E-01 +0.2018897943925834E+01
+0.6780169811783334E+01 +0.1742261212864709E+01 +0.1718807467666510E-01 +0.2020638939028411E+01
+0.6802845965000000E+01 +0.1744310767751873E+01 +0.1729521643669600E-01 +0.2022393158998971E+01
+0.6825522118216668E+01 +0.1746373099443694E+01 +0.1740343993603820E-01 +0.2024160728817260E+01
+0.6848198271433334E+01 +0.1748448336855803E+01 +0.1751276042811983E-01 +0.2025941775253337E+01
+0.6870874424650000E+01 +0.1750536610719148E+01 +0.1762319344296527E-01 +0.2027736426899583E+01
+0.6893550577866668E+01 +0.1752638053612771E+01 +0.1773475479332550E-01 +0.2029544814203415E+01
+0.6916226731083335E+01 +0.1754752799997443E+01 +0.1784746058096946E-01 +0.2031367069500726E+01
+0.6938902884300001E+01 +0.1756880986249937E+01 +0.1796132720314061E-01 +0.2033203327050053E+01
+0.6961579037516668E+01 +0.1759022750698123E+01 +0.1807637135918352E-01 +0.2035053723067548E+01
+0.6984255190733335E+01 +0.1761178233656851E+01 +0.1819261005734701E-01 +0.2036918395762686E+01
+0.7006931343950001E+01 +0.1763347577464586E+01 +0.1831006062176794E-01 +0.2038797485374800E+01
+0.7029607497166667E+01 +0.1765530926520948E+01 +0.1842874069964114E-01 +0.2040691134210456E+01
+0.7052283650383333E+01 +0.1767728427325020E+01 +0.1854866826858208E-01 +0.2042599486681624E+01
+0.7074959803600001E+01 +0.1769940228514590E+01 +0.1866986164418823E-01 +0.2044522689344795E+01
+0.7097635956816668E+01 +0.1772166480906257E+01 +0.1879233948780398E-01 +0.2046460890940916E+01
+0.7120312110033334E+01 +0.1774407337536455E+01 +0.1891612081449720E-01 +0.2048414242436278E+01
+0.7142988263250000E+01 +0.1776662953703428E+01 +0.1904122500125268E-01 +0.2050382897064365E+01
+0.7165664416466668E+01 +0.1778933487010184E+01 +0.1916767179539090E-01 +0.2052367010368620E+01
+0.7188340569683334E+01 +0.1781219097408419E+01 +0.1929548132321594E-01 +0.2054366740246245E+01
+0.7211016722900001E+01 +0.1783519947243486E+01 +0.1942467409890520E-01 +0.2056382246993014E+01
+0.7233692876116668E+01 +0.1785836201300417E+01 +0.1955527103364279E-01 +0.2058413693349110E+01
+0.7256369029333333E+01 +0.1788168026850986E+01 +0.1968729344500820E-01 +0.2060461244546083E+01
+0.7279045182550001E+01 +0.1790515593701944E+01 +0.1982076306662847E-01 +0.2062525068354872E+01
+0.7301721335766668E+01 +0.1792879074244339E+01 +0.1995570205809788E-01 +0.2064605335134996E+01
+0.7324397488983334E+01 +0.1795258643504044E+01 +0.2009213301518152E-01 +0.2066702217884898E+01
+0.7347073642200001E+01 +0.1797654479193469E+01 +0.2023007898030440E-01 +0.2068815892293497E+01
+0.7369749795416668E+01 +0.1800066761764524E+01 +0.2036956345333917E-01 +0.2070946536792984E+01
+0.7392425948633334E+01 +0.1802495674462852E+01 +0.2051061040270359E-01 +0.2073094332612869E+01
+0.7415102101850001E+01 +0.1804941403383384E+01 +0.2065324427677365E-01 +0.2075259463835363E+01
+0.7437778255066668E+01 +0.1807404137527217E+01 +0.2079749001562692E-01 +0.2077442117452078E+01
+0.7460454408283334E+01 +0.1809884068859904E+01 +0.2094337306312417E-01 +0.2079642483422129E+01
+0.7483130561500001E+01 +0.1812381392371155E+01 +0.2109091937934328E-01 +0.2081860754731659E+01
+0.7505806714716668E+01 +0.1814896306136014E+01 +0.2124015545337412E-01 +0.2084097127454809E+01
+0.7528482867933334E+01 +0.1817429011377544E+01 +0.2139110831648912E-01 +0.2086351800816206E+01
+0.7551159021150001E+01 +0.1819979712531065E+01 +0.2154380555570116E-01 +0.2088624977255027E+01
+0.7573835174366669E+01 +0.1822548617309989E+01 +0.2169827532772162E-01 +0.2090916862490605E+01
+0.7596511327583334E+01 +0.1825135936773322E+01 +0.2185454637333384E-01 +0.2093227665589720E+01
+0.7619187480800001E+01 +0.1827741885394810E+01 +0.2201264803219270E-01 +0.2095557599035577E+01
+0.7641863634016667E+01 +0.1830366681133924E+01 +0.2217261025807089E-01 +0.2097906878798486E+01
+0.7664539787233334E+01 +0.1833010545508521E+01 +0.2233446363455938E-01 +0.2100275724408402E+01
+0.7687215940450002E+01 +0.1835673703669463E+01 +0.2249823939124652E-01 +0.2102664359029253E+01
+0.7709892093666667E+01 +0.1838356384477095E+01 +0.2266396942038440E-01 +0.2105073009535186E+01
+0.7732568246883334E+01 +0.1841058820579672E+01 +0.2283168629406652E-01 +0.2107501906588795E+01
+0.7755244400100001E+01 +0.1843781248493864E+01 +0.2300142328192869E-01 +0.2109951284721338E+01
+0.7777920553316667E+01 +0.1846523908687301E+01 +0.2317321436939682E-01 +0.2112421382415040E+01
+0.7800596706533335E+01 +0.1849287045663269E+01 +0.2334709427649753E-01 +0.2114912442187563E+01
+0.7823272859750001E+01 +0.1852070908047654E+01 +0.2352309847725200E-01 +0.2117424710678652E+01
+0.7845949012966667E+01 +0.1854875748678158E+01 +0.2370126321967727E-01 +0.2119958438739071E+01
+0.7868625166183334E+01 +0.1857701824695837E+01 +0.2388162554641124E-01 +0.2122513881521913E+01
+0.7891301319400001E+01 +0.1860549397639117E+01 +0.2406422331599014E-01 +0.2125091298576278E+01
+0.7913977472616667E+01 +0.1863418733540297E+01 +0.2424909522479649E-01 +0.2127690953943487E+01
+0.7936653625833334E+01 +0.1866310103024607E+01 +0.2443628082970600E-01 +0.2130313116255881E+01
+0.7959329779050002E+01 +0.1869223781411968E+01 +0.2462582057145771E-01 +0.2132958058838227E+01
+0.7982005932266667E+01 +0.1872160048821499E+01 +0.2481775579877348E-01 +0.2135626059811906E+01
+0.8004682085483335E+01 +0.1875119190278842E+01 +0.2501212879325507E-01 +0.2138317402201924E+01
+0.8027358238700002E+01 +0.1878101495826414E+01 +0.2520898279508803E-01 +0.2141032374046830E+01
+0.8050034391916666E+01 +0.1881107260636709E+01 +0.2540836202958258E-01 +0.2143771268511641E+01
+0.8072710545133335E+01 +0.1884136785128696E+01 +0.2561031173458229E-01 +0.2146534384003902E+01
+0.8095386698350001E+01 +0.1887190375087445E+01 +0.2581487818877277E-01 +0.2149322024292924E+01
+0.8118062851566668E+01 +0.1890268341787072E+01 +0.2602210874092755E-01 +0.2152134498632368E+01
+0.8140739004783335E+01 +0.1893371002117150E+01 +0.2623205184012293E-01 +0.2154972121886237E+01
+0.8163415158000001E+01 +0.1896498678712640E+01 +0.2644475706696132E-01 +0.2157835214658386E+01
+0.8186091311216668E+01 +0.1899651700087466E+01 +0.2666027516584103E-01 +0.2160724103425732E+01
+0.8208767464433334E+01 +0.1902830400771969E+01 +0.2687865807831442E-01 +0.2163639120675199E+01
+0.8231443617650001E+01 +0.1906035121454161E+01 +0.2709995897757352E-01 +0.2166580605044579E+01
+0.8254119770866668E+01 +0.1909266209125110E+01 +0.2732423230411161E-01 +0.2169548901467427E+01
+0.8276795924083334E+01 +0.1912524017228498E+01 +0.2755153380260270E-01 +0.2172544361322116E+01
+0.8299472077300001E+01 +0.1915808905814439E+01 +0.2778192056004956E-01 +0.2175567342585207E+01
+0.8322148230516667E+01 +0.1919121241697880E+01 +0.2801545104525063E-01 +0.2178618209989291E+01
+0.8344824383733334E+01 +0.1922461398621521E+01 +0.2825218514963601E-01 +0.2181697335185396E+01
+0.8367500536950001E+01 +0.1925829757423619E+01 +0.2849218422953129E-01 +0.2184805096910222E+01
+0.8390176690166667E+01 +0.1929226706210641E+01 +0.2873551114990300E-01 +0.2187941881158253E+01
+0.8412852843383336E+01 +0.1932652640535162E+01 +0.2898223032964766E-01 +0.2191108081359012E+01
+0.8435528996600000E+01 +0.1936107963578939E+01 +0.2923240778848686E-01 +0.2194304098559582E+01
+0.8458205149816667E+01 +0.1939593086341607E+01 +0.2948611119553509E-01 +0.2197530341612600E+01
+0.8480881303033335E+01 +0.1943108427834944E+01 +0.2974340991960669E-01 +0.2200787227369905E+01
+0.8503557456250000E+01 +0.1946654415283075E+01 +0.3000437508133563E-01 +0.2204075180882062E+01
+0.8526233609466667E+01 +0.1950231484328841E+01 +0.3026907960718622E-01 +0.2207394635603953E+01
+0.8548909762683335E+01 +0.1953840079246313E+01 +0.3053759828542449E-01 +0.2210746033606651E+01
+0.8571585915900000E+01 +0.1957480653160061E+01 +0.3081000782414616E-01 +0.2214129825795811E+01
+0.8594262069116668E+01 +0.1961153668271006E+01 +0.3108638691143548E-01 +0.2217546472136840E+01
+0.8616938222333335E+01 +0.1964859596089476E+01 +0.3136681627775475E-01 +0.2220996441887020E+01
+0.8639614375550000E+01 +0.1968598917675411E+01 +0.3165137876065289E-01 +0.2224480213834925E+01
+0.8662290528766668E+01 +0.1972372123886226E+01 +0.3194015937189777E-01 +0.2227998276547344E+01
+0.8684966681983335E+01 +0.1976179715632457E+01 +0.3223324536713637E-01 +0.2231551128624013E+01
+0.8707642835200001E+01 +0.1980022204141543E+01 +0.3253072631818592E-01 +0.2235139278960425E+01
+0.8730318988416668E+01 +0.1983900111230064E+01 +0.3283269418808335E-01 +0.2238763247019062E+01
+0.8752995141633335E+01 +0.1987813969584702E+01 +0.3313924340900203E-01 +0.2242423563109301E+01
+0.8775671294850001E+01 +0.1991764323052323E+01 +0.3345047096316890E-01 +0.2246120768676395E+01
+0.8798347448066668E+01 +0.1995751726939473E+01 +0.3376647646691624E-01 +0.2249855416599826E+01
+0.8821023601283335E+01 +0.1999776748321622E+01 +0.3408736225800074E-01 +0.2253628071501390E+01
+0.8843699754500001E+01 +0.2003839966362662E+01 +0.3441323348634862E-01 +0.2257439310063419E+01
+0.8866375907716668E+01 +0.2007941972644903E+01 +0.3474419820836865E-01 +0.2261289721357515E+01
+0.8889052060933334E+01 +0.2012083371510088E+01 +0.3508036748500572E-01 +0.2265179907184175E+01
+0.8911728214150001E+01 +0.2016264780411778E+01 +0.3542185548369951E-01 +0.2269110482423819E+01
+0.8934404367366668E+01 +0.2020486830279611E+01 +0.3576877958443087E-01 +0.2273082075399551E+01
+0.8957080520583334E+01 +0.2024750165895888E+01 +0.3612126049004435E-01 +0.2277095328252217E+01
+0.8979756673800001E+01 +0.2029055446284981E+01 +0.3647942234104602E-01 +0.2281150897328214E+01
+0.9002432827016667E+01 +0.2033403345116054E+01 +0.3684339283508555E-01 +0.2285249453580541E+01
+0.9025108980233334E+01 +0.2037794551119690E+01 +0.3721330335134372E-01 +0.2289391682983651E+01
+0.9047785133450001E+01 +0.2042229768518910E+01 +0.3758928908005866E-01 +0.2293578286962688E+01
+0.9070461286666669E+01 +0.2046709717475230E+01 +0.3797148915743248E-01 +0.2297809982837602E+01
+0.9093137439883334E+01 +0.2051235134550392E+01 +0.3836004680618252E-01 +0.2302087504282864E+01
+0.9115813593100000E+01 +0.2055806773184318E+01 +0.3875510948200256E-01 +0.2306411601803366E+01
+0.9138489746316669E+01 +0.2060425404190080E+01 +0.3915682902622484E-01 +0.2310783043227175E+01
+0.9161165899533334E+01 +0.2065091816266530E+01 +0.3956536182498886E-01 +0.2315202614215852E+01
+0.9183842052750002E+01 +0.2069806816529328E+01 +0.3998086897522935E-01 +0.2319671118793113E+01
+0.9206518205966669E+01 +0.2074571231061165E+01 +0.4040351645782544E-01 +0.2324189379892507E+01
+0.9229194359183333E+01 +0.2079385905482081E+01 +0.4083347531827187E-01 +0.2328758239925075E+01
+0.9251870512400002E+01 +0.2084251705540491E+01 +0.4127092185523826E-01 +0.2333378561367654E+01
+0.9274546665616668E+01 +0.2089169517726147E+01 +0.4171603781742418E-01 +0.2338051227372901E+01
+0.9297222818833333E+01 +0.2094140249905734E+01 +0.4216901060912852E-01 +0.2342777142401838E+01
+0.9319898972050002E+01 +0.2099164831982212E+01 +0.4263003350497473E-01 +0.2347557232879969E+01
+0.9342575125266668E+01 +0.2104244216578824E+01 +0.4309930587426700E-01 +0.2352392447878002E+01
+0.9365251278483335E+01 +0.2109379379749102E+01 +0.4357703341547683E-01 +0.2357283759818221E+01
+0.9387927431700001E+01 +0.2114571321713693E+01 +0.4406342840137950E-01 +0.2362232165207701E+01
+0.9410603584916668E+01 +0.2119821067625560E+01 +0.4455870993541397E-01 +0.2367238685399501E+01
+0.9433279738133335E+01 +0.2125129668364492E+01 +0.4506310421984230E-01 +0.2372304367383182E+01
+0.9455955891350001E+01 +0.2130498201362581E+01 +0.4557684483634863E-01 +0.2377430284605881E+01
+0.9478632044566668E+01 +0.2135927771461834E+01 +0.4610017303974061E-01 +0.2382617537825392E+01
+0.9501308197783334E+01 +0.2141419511805477E+01 +0.4663333806545123E-01 +0.2387867255996743E+01
+0.9523984351000001E+01 +0.2146974584764608E+01 +0.4717659745160316E-01 +0.2393180597193735E+01
+0.9546660504216668E+01 +0.2152594182901657E+01 +0.4773021737642371E-01 +0.2398558749567117E+01
+0.9569336657433334E+01 +0.2158279529972527E+01 +0.4829447301185332E-01 +0.2404002932341184E+01
+0.9592012810650001E+01 +0.2164031881969240E+01 +0.4886964889425302E-01 +0.2409514396850432E+01
+0.9614688963866667E+01 +0.2169852528204872E+01 +0.4945603931315620E-01 +0.2415094427618334E+01
+0.9637365117083334E+01 +0.2175742792442986E+01 +0.5005394871908541E-01 +0.2420744343480195E+01
+0.9660041270300001E+01 +0.2181704034073587E+01 +0.5066369215150986E-01 +0.2426465498752139E+01
+0.9682717423516667E+01 +0.2187737649337886E+01 +0.5128559568809547E-01 +0.2432259284448576E+01
+0.9705393576733334E+01 +0.2193845072604278E+01 +0.5191999691646577E-01 +0.2438127129550438E+01
+0.9728069729950002E+01 +0.2200027777698017E+01 +0.5256724542978158E-01 +0.2444070502326665E+01
+0.9750745883166667E+01 +0.2206287279287303E+01 +0.5322770334752126E-01 +0.2450090911711646E+01
+0.9773422036383334E+01 +0.2212625134328527E+01 +0.5390174586294938E-01 +0.2456189908741330E+01
+0.9796098189600002E+01 +0.2219042943573736E+01 +0.5458976181884604E-01 +0.2462369088050955E+01
+0.9818774342816667E+01 +0.2225542353143343E+01 +0.5529215431318096E-01 +0.2468630089437560E+01
+0.9841450496033335E+01 +0.2232125056167578E+01 +0.5600934133654186E-01 +0.2474974599490499E+01
+0.9864126649250002E+01 +0.2238792794500005E+01 +0.5674175644321923E-01 +0.2481404353293535E+01
+0.9886802802466667E+01 +0.2245547360507048E+01 +0.5748984945802151E-01 +0.2487921136202051E+01
+0.9909478955683335E+01 +0.2252390598937300E+01 +0.5825408722100003E-01 +0.2494526785699499E+01
+0.9932155108900002E+01 +0.2259324408874931E+01 +0.5903495437243934E-01 +0.2501223193336995E+01
+0.9954831262116668E+01 +0.2266350745781615E+01 +0.5983295418063066E-01 +0.2508012306760660E+01
+0.9977507415333335E+01 +0.2273471623631606E+01 +0.6064860941510815E-01 +0.2514896131831229E+01
+0.1000018356855000E+02 +0.2280689117145120E+01 +0.6148246326824502E-01 +0.2521876734840885E+01
+0.1002285972176667E+02 +0.2288005364125173E+01 +0.6233508032829162E-01 +0.2528956244832615E+01
+0.1004553587498333E+02 +0.2295422567903683E+01 +0.6320704760717916E-01 +0.2536136856027670E+01
+0.1006821202820000E+02 +0.2302942999902700E+01 +0.6409897562664378E-01 +0.2543420830366887E+01
+0.1009088818141667E+02 +0.2310569002317186E+01 +0.6501149956649044E-01 +0.2550810500172375E+01
+0.1011356433463333E+02 +0.2318302990926161E+01 +0.6594528047911052E-01 +0.2558308270936142E+01
+0.1013624048785000E+02 +0.2326147458039364E+01 +0.6690100657465628E-01 +0.2565916624242711E+01
+0.1015891664106667E+02 +0.2334104975587266E+01 +0.6787939458163317E-01 +0.2573638120833471E+01
+0.1018159279428333E+02 +0.2342178198362280E+01 +0.6888119118800221E-01 +0.2581475403820633E+01
+0.1020426894750000E+02 +0.2350369867420322E+01 +0.6990717456831595E-01 +0.2589431202059514E+01
+0.1022694510071667E+02 +0.2358682813651699E+01 +0.7095815600279963E-01 +0.2597508333688240E+01
+0.1024962125393333E+02 +0.2367119961531386E+01 +0.7203498159478734E-01 +0.2605709709844612E+01
+0.1027229740715000E+02 +0.2375684333059120E+01 +0.7313853409339656E-01 +0.2614038338570611E+01
+0.1029497356036667E+02 +0.2384379051900894E+01 +0.7426973482890951E-01 +0.2622497328915584E+01
+0.1031764971358334E+02 +0.2393207347743618E+01 +0.7542954576888775E-01 +0.2631089895249970E+01
+0.1034032586680000E+02 +0.2402172560875936E+01 +0.7661897170373701E-01 +0.2639819361802351E+01
+0.1036300202001667E+02 +0.2411278147009116E+01 +0.7783906257112420E-01 +0.2648689167433219E+01
+0.1038567817323334E+02 +0.2420527682352622E+01 +0.7909091592944009E-01 +0.2657702870660097E+01
+0.1040835432645000E+02 +0.2429924868960201E+01 +0.8037567959134415E-01 +0.2666864154949385E+01
+0.1043103047966667E+02 +0.2439473540363385E+01 +0.8169455442935922E-01 +0.2676176834291724E+01
+0.1045370663288334E+02 +0.2449177667510687E+01 +0.8304879736650025E-01 +0.2685644859078429E+01
+0.1047638278610000E+02 +0.2459041365031620E+01 +0.8443972456602675E-01 +0.2695272322298186E+01
+0.1049905893931667E+02 +0.2469068897846709E+01 +0.8586871483563213E-01 +0.2705063466074600E+01
+0.1052173509253334E+02 +0.2479264688145788E+01 +0.8733721326274529E-01 +0.2715022688566123E+01
+0.1054441124575000E+02 +0.2489633322758411E+01 +0.8884673509902020E-01 +0.2725154551252367E+01
+0.1056708739896667E+02 +0.2500179560942678E+01 +0.9039886991380258E-01 +0.2735463786631815E+01
+0.1058976355218334E+02 +0.2510908342619706E+01 +0.9199528603803214E-01 +0.2745955306358218E+01
+0.1061243970540000E+02 +0.2521824797084180E+01 +0.9363773532208658E-01 +0.2756634209844877E+01
+0.1063511585861667E+02 +0.2532934252222806E+01 +0.9532805823315679E-01 +0.2767505793368382E+01
+0.1065779201183333E+02 +0.2544242244275527E+01 +0.9706818932015915E-01 +0.2778575559705508E+01
+0.1068046816505000E+02 +0.2555754528176824E+01 +0.9886016307678608E-01 +0.2789849228340007E+01
+0.1070314431826667E+02 +0.2567477088517562E+01 +0.1007061202362231E+00 +0.2801332746278448E+01
+0.1072582047148333E+02 +0.2579416151170665E+01 +0.1026083145342177E+00 +0.2813032299517615E+01
+0.1074849662470000E+02 +0.2591578195627957E+01 +0.1045691199807929E+00 +0.2824954325209404E+01
+0.1077117277791667E+02 +0.2603969968098753E+01 +0.1065910386847664E+00 +0.2837105524572504E+01
+0.1079384893113333E+02 +0.2616598495425203E+01 +0.1086767092796499E+00 +0.2849492876604490E+01
+0.1081652508435000E+02 +0.2629471099874022E+01 +0.1108289160043202E+00 +0.2862123652652158E+01
+0.1083920123756667E+02 +0.2642595414868775E+01 +0.1130505984972394E+00 +0.2875005431902551E+01
+0.1086187739078333E+02 +0.2655979401732723E+01 +0.1153448623690227E+00 +0.2888146117862650E+01
+0.1088455354400000E+02 +0.2669631367517799E+01 +0.1177149906247952E+00 +0.2901553955900964E+01
+0.1090722969721667E+02 +0.2683559984001911E+01 +0.1201644560152711E+00 +0.2915237551930738E+01
+0.1092990585043333E+02 +0.2697774307943706E+01 +0.1226969344037878E+00 +0.2929205892321049E+01
+0.1095258200365000E+02 +0.2712283802691753E+01 +0.1253163192458609E+00 +0.2943468365129669E+01
+0.1097525815686667E+02 +0.2727098361253513E+01 +0.1280267372882278E+00 +0.2958034782759347E+01
+0.1099793431008333E+02 +0.2742228330938718E+01 +0.1308325656060506E+00 +0.2972915406148370E+01
+0.1102061046330000E+02 +0.2757684539702173E+01 +0.1337384501100971E+00 +0.2988120970615742E+01
+0.1104328661651667E+02 +0.2773478324321785E+01 +0.1367493256703754E+00 +0.3003662713491919E+01
+0.1106596276973333E+02 +0.2789621560560517E+01 +0.1398704380194315E+00 +0.3019552403678031E+01
+0.1108863892295000E+02 +0.2806126695473678E+01 +0.1431073676170755E+00 +0.3035802373288878E+01
+0.1111131507616667E+02 +0.2823006782038934E+01 +0.1464660556795582E+00 +0.3052425551549322E+01
+0.1113399122938333E+02 +0.2840275516301545E+01 +0.1499528325999466E+00 +0.3069435501129144E+01
+0.1115666738260000E+02 +0.2857947277246455E+01 +0.1535744490135530E+00 +0.3086846457118316E+01
+0.1117934353581667E+02 +0.2876037169628082E+01 +0.1573381097928298E+00 +0.3104673368863036E+01
+0.1120201968903334E+02 +0.2894561070010668E+01 +0.1612515112908886E+00 +0.3122931944903912E+01
+0.1122469584225000E+02 +0.2913535676296469E+01 +0.1653228821923482E+00 +0.3141638701279705E+01
+0.1124737199546667E+02 +0.2932978561045322E+01 +0.1695610283751708E+00 +0.3160811013484755E+01
+0.1127004814868334E+02 +0.2952908228918663E+01 +0.1739753822384666E+00 +0.3180467172395893E+01
+0.1129272430190000E+02 +0.2973344178613631E+01 +0.1785760570099256E+00 +0.3200626444513999E+01
+0.1131540045511667E+02 +0.2994306969688043E+01 +0.1833739066135512E+00 +0.3221309136898376E+01
+0.1133807660833333E+02 +0.3015818294717604E+01 +0.1883805917554179E+00 +0.3242536667208262E+01
+0.1136075276155000E+02 +0.3037901057268297E+01 +0.1936086529733616E+00 +0.3264331639305079E+01
+0.1138342891476667E+02 +0.3060579456217245E+01 +0.1990715914983892E+00 +0.3286717924912602E+01
+0.1140610506798333E+02 +0.3083879077005728E+01 +0.2047839588925128E+00 +0.3309720751879251E+01
+0.1142878122120000E+02 +0.3107826990467641E+01 +0.2107614565632373E+00 +0.3333366799638847E+01
+0.1145145737441667E+02 +0.3132451859939744E+01 +0.2170210464114047E+00 +0.3357684302522320E+01
+0.1147413352763333E+02 +0.3157784057430203E+01 +0.2235810740506652E+00 +0.3382703161634191E+01
+0.1149680968085000E+02 +0.3183855789698545E+01 +0.2304614062477761E+00 +0.3408455066073848E+01
+0.1151948583406667E+02 +0.3210701235182803E+01 +0.2376835844783738E+00 +0.3434973624353487E+01
+0.1154216198728333E+02 +0.3238356692802036E+01 +0.2452709967794751E+00 +0.3462294506940399E+01
+0.1156483814050000E+02 +0.3266860743758558E+01 +0.2532490704146718E+00 +0.3490455600933115E+01
+0.1158751429371667E+02 +0.3296254427570774E+01 +0.2616454882604891E+00 +0.3519497177966079E+01
+0.1161019044693333E+02 +0.3326581433680357E+01 +0.2704904322833471E+00 +0.3549462076525991E+01
+0.1163286660015000E+02 +0.3357888310094347E+01 +0.2798168580187445E+00 +0.3580395899953033E+01
+0.1165554275336667E+02 +0.3390224690647971E+01 +0.2896608046046739E+00 +0.3612347231489409E+01
+0.1167821890658333E+02 +0.3423643542597655E+01 +0.3000617456779170E+00 +0.3645367867821831E+01
+0.1170089505980000E+02 +0.3458201436378998E+01 +0.3110629873395646E+00 +0.3679513072639406E+01
+0.1172357121301667E+02 +0.3493958839480472E+01 +0.3227121204625137E+00 +0.3714841851786297E+01
+0.1174624736623334E+02 +0.3530980436486256E+01 +0.3350615358845537E+00 +0.3751417251618357E+01
+0.1176892351945000E+02 +0.3569335477417550E+01 +0.3481690125487516E+00 +0.3789306682162371E+01
+0.1179159967266667E+02 +0.3609098156534498E+01 +0.3620983904705254E+00 +0.3828582266604079E+01
+0.1181427582588334E+02 +0.3650348023729871E+01 +0.3769203425936545E+00 +0.3869321218470824E+01
+0.1183695197910000E+02 +0.3693170430516831E+01 +0.3927132622246797E+00 +0.3911606247589873E+01
+0.1185962813231667E+02 +0.3737657012344993E+01 +0.4095642859062465E+00 +0.3955525995442306E+01
+0.1188230428553334E+02 +0.3783906208507995E+01 +0.4275704754264690E+00 +0.4001175499827109E+01
+0.1190498043875000E+02 +0.3832023820149386E+01 +0.4468401873152270E+00 +0.4048656687703669E+01
+0.1192765659196667E+02 +0.3882123605715465E+01 +0.4674946638375825E+00 +0.4098078893566688E+01
+0.1195033274518333E+02 +0.3934327911476507E+01 +0.4896698863911913E+00 +0.4149559398542969E+01
+0.1197300889840000E+02 +0.3988768332224758E+01 +0.5135187406400067E+00 +0.4203223982342069E+01
+0.1199568505161667E+02 +0.4045586393637426E+01 +0.5392135530275016E+00 +0.4259207475906564E+01
+0.1201836120483333E+02 +0.4104934242635606E+01 +0.5669490709544058E+00 +0.4317654296621607E+01
+0.1204103735805000E+02 +0.4166975324766729E+01 +0.5969459744252177E+00 +0.4378718939622232E+01
+0.1206371351126667E+02 +0.4231885017340187E+01 +0.6294550260355587E+00 +0.4442566387180213E+01
+0.1208638966448333E+02 +0.4299851172558622E+01 +0.6647619896018064E+00 +0.4509372382126117E+01
+0.1210906581770000E+02 +0.4371074504543701E+01 +0.7031934765020409E+00 +0.4579323489037451E+01
+0.1213174197091667E+02 +0.4445768725587064E+01 +0.7451239140433233E+00 +0.4652616836084399E+01
+0.1215441812413333E+02 +0.4524160296828050E+01 +0.7909838731854493E+00 +0.4729459387594805E+01
+0.1217709427735000E+02 +0.4606487602142808E+01 +0.8412700451116596E+00 +0.4810066537839640E+01
+0.1219977043056667E+02 +0.4692999274598034E+01 +0.8965572187370515E+00 +0.4894659733592850E+01
+0.1222244658378334E+02 +0.4783951292826004E+01 +0.9575126851771516E+00 +0.4983462717339936E+01
+0.1224512273700000E+02 +0.4879602306519370E+01 +0.1024913580302106E+01 +0.5076695821494147E+01
+0.1226779889021667E+02 +0.4980206426613472E+01 +0.1099667770379966E+01 +0.5174567518295100E+01
+0.1229047504343334E+02 +0.5086002399276949E+01 +0.1182838981675450E+01 +0.5277262114774231E+01
+0.1231315119665000E+02 +0.5197197635124426E+01 +0.1275676957712222E+01 +0.5384922042320201E+01
+0.1233582734986667E+02 +0.5313944932731578E+01 +0.1379653467809953E+01 +0.5497622578857625E+01
+0.1235850350308334E+02 +0.5436308845964565E+01 +0.1496504931048588E+01 +0.5615335996917992E+01
+0.1238117965630000E+02 +0.5564217402611735E+01 +0.1628282158341210E+01 +0.5737880976832034E+01
+0.1240385580951667E+02 +0.5697393170213138E+01 +0.1777407069857291E+01 +0.5864851576320625E+01
+0.1242653196273334E+02 +0.5835255357890737E+01 +0.1946734900434004E+01 +0.5995518034050095E+01
+0.1244920811595000E+02 +0.5976781648499106E+01 +0.2139617828801750E+01 +0.6128689200340183E+01
+0.1247188426916667E+02 +0.6120314825005414E+01 +0.2359961282813440E+01 +0.6262523617532431E+01
+0.1249456042238334E+02 +0.6263295430324025E+01 +0.2612256008474793E+01 +0.6394273842347271E+01
+0.1251723657560000E+02 +0.6401899024703606E+01 +0.2901555335101005E+01 +0.6519948067992137E+01
+0.1253991272881667E+02 +0.6530558300246080E+01 +0.3233345351201556E+01 +0.6633877797584783E+01
+0.1256258888203333E+02 +0.6641363130553191E+01 +0.3613223598449475E+01 +0.6728196634527428E+01
+0.1258526503525000E+02 +0.6723368130647382E+01 +0.4046260004277800E+01 +0.6792274029406541E+01
+0.1260794118846667E+02 +0.6761917442429390E+01 +0.4535872325174660E+01 +0.6812224266280300E+01
+0.1263061734168333E+02 +0.6738243845656665E+01 +0.5082040189314579E+01 +0.6770738712452130E+01
+0.1265329349490000E+02 +0.6629820732922688E+01 +0.5678779894094690E+01 +0.6647660126967218E+01
+0.1267596964811667E+02 +0.6412177431956875E+01 +0.6311123016614518E+01 +0.6421858751583197E+01
+0.1269864580133333E+02 +0.6062912621420940E+01 +0.6952481234293629E+01 +0.6074893401221520E+01
+0.1272132195455000E+02 +0.5568059123084346E+01 +0.7564107515516065E+01 +0.5596368383122249E+01
+0.1274399810776667E+02 +0.4929452422182132E+01 +0.8098740488153680E+01 +0.4989702428279216E+01
+0.1276667426098333E+02 +0.4169796554235680E+01 +0.8509382659898106E+01 +0.4275693922918391E+01
+0.1278935041420000E+02 +0.3331432048897369E+01 +0.8761102553268463E+01 +0.3491052663545980E+01
+0.1281202656741667E+02 +0.2467267246133678E+01 +0.8840488286470752E+01 +0.2681073755512086E+01
+0.1283470272063333E+02 +0.1627306919380469E+01 +0.8757249950607131E+01 +0.1889165500596591E+01
+0.1285737887385000E+02 +0.8477573276350614E+00 +0.8536886253230186E+01 +0.1148303467704493E+01
+0.1288005502706667E+02 +0.1481569133123010E+00 +0.8209182446183426E+01 +0.4783407603156240E+00
+0.1290273118028333E+02 -0.4636783150292056E+00 +0.7799573800388520E+01 -0.1108633040916831E+00
+0.1292540733350000E+02 -0.9841133480251028E+00 +0.7327339965249587E+01 -0.6141136864273244E+00
+0.1294808348671667E+02 -0.1409274693070057E+01 +0.6809132891951625E+01 -0.1027454715341236E+01
+0.1297075963993333E+02 -0.1735704053180753E+01 +0.6263025123863726E+01 -0.1348230961046331E+01
+0.1299343579315000E+02 -0.1963677036324338E+01 +0.5709339870576809E+01 -0.1577169505390091E+01
+0.1301611194636667E+02 -0.2099488978214291E+01 +0.5168187103905630E+01 -0.1719947466426115E+01
+0.1303878809958333E+02 -0.2154998662291559E+01 +0.4656144192854860E+01 -0.1786883779777044E+01
+0.1306146425280000E+02 -0.2145213661605859E+01 +0.4184258395747135E+01 -0.1791118153316890E+01
+0.1308414040601667E+02 -0.2085563924432369E+01 +0.3757907750232629E+01 -0.1746409559184548E+01
+0.1310681655923334E+02 -0.1989938911519125E+01 +0.3377887259562009E+01 -0.1665421150841730E+01
+0.1312949271245000E+02 -0.1869713573465352E+01 +0.3041882273076106E+01 -0.1558764774774195E+01
+0.1315216886566667E+02 -0.1733512184782185E+01 +0.2745800005388297E+01 -0.1434676099921378E+01
+0.1317484501888334E+02 -0.1587368432763719E+01 +0.2484779075380661E+01 -0.1299069888327512E+01
+0.1319752117210000E+02 -0.1435029650894383E+01 +0.2253904347373973E+01 -0.1155765907154412E+01
+0.1322019732531667E+02 -0.1278265683750925E+01 +0.2048740122775651E+01 -0.1006763467431837E+01
+0.1324287347853334E+02 -0.1117142379368421E+01 +0.1865853750830771E+01 -0.8525489338443351E+00
+0.1326554963175000E+02 -0.9504464879080203E+00 +0.1703578418660446E+01 -0.6926304883891226E+00
+0.1328822578496667E+02 -0.7770435470337876E+00 +0.1562934417833295E+01 -0.5267816613547158E+00
+0.1331090193818333E+02 -0.5987073214445482E+00 +0.1446743784872725E+01 -0.3567451595647646E+00
+0.1333357809140000E+02 -0.4202616113430745E+00 +0.1355024281910346E+01 -0.1858012313557578E+00
+0.1335625424461667E+02 -0.2437292203036850E+00 +0.1284155186026013E+01 -0.1571586475029352E-01
+0.1337893039783333E+02 -0.6723170498069883E-01 +0.1232976321594488E+01 +0.1539336917370344E+00
+0.1340160655105000E+02 +0.1099710015579720E+00 +0.1204382662662518E+01 +0.3230095151465245E+00
+0.1342428270426667E+02 +0.2851533802362684E+00 +0.1202435066549394E+01 +0.4888524158145978E+00
+0.1344695885748333E+02 +0.4524560646341519E+00 +0.1230030588786718E+01 +0.6462323951296074E+00
+0.1346963501070000E+02 +0.6038378169121354E+00 +0.1287383978222212E+01 +0.7881743574350170E+00
+0.1349231116391667E+02 +0.7307500016285161E+00 +0.1370882173192259E+01 +0.9074253807741887E+00
+0.1351498731713333E+02 +0.8267570952913746E+00 +0.1473516228857050E+01 +0.9982097101610400E+00
+0.1353766347035000E+02 +0.8878124494465393E+00 +0.1588236137239815E+01 +0.1056068326812684E+01
+0.1356033962356667E+02 +0.9068591851418182E+00 +0.1705891806429042E+01 +0.1076584133479439E+01
+0.1358301577678334E+02 +0.8822588025179693E+00 +0.1805063785136973E+01 +0.1061360255889690E+01
+0.1360569193000000E+02 +0.8328264461246551E+00 +0.1867037010046597E+01 +0.1024257401527491E+01
+0.1362836808321667E+02 +0.7835047905391568E+00 +0.1892652963730637E+01 +0.9842121136943022E+00
+0.1365104423643334E+02 +0.7503576165645939E+00 +0.1897221801317380E+01 +0.9540294073749142E+00
+0.1367372038965000E+02 +0.7343551561194230E+00 +0.1902261182724619E+01 +0.9341896924864556E+00
+0.1369639654286667E+02 +0.7172214099709286E+00 +0.1922879085655460E+01 +0.9115776923370088E+00
+0.1371907269608333E+02 +0.6723436187826481E+00 +0.1948066511708354E+01 +0.8698989227559287E+00
+0.1374174884930000E+02 +0.5981920571841888E+00 +0.1942886987538509E+01 +0.8098640231859862E+00
+0.1376442500251667E+02 +0.5274786076108674E+00 +0.1888238619456840E+01 +0.7533897719156591E+00
+0.1378710115573334E+02 +0.4918269512327067E+00 +0.1799032704293157E+01 +0.7238361176570762E+00
+0.1380977730895000E+02 +0.5002027647483629E+00 +0.1702016395036916E+01 +0.7303444082818233E+00
+0.1383245346216667E+02 +0.5463334148692550E+00 +0.1617369318572335E+01 +0.7696443290300393E+00
+0.1385512961538333E+02 +0.6196109437435873E+00 +0.1556677819921942E+01 +0.8333010560307549E+00
+0.1387780576860000E+02 +0.7093799992109677E+00 +0.1526745370970012E+01 +0.9115662340941441E+00
+0.1390048192181667E+02 +0.8041813847023727E+00 +0.1532468306333906E+01 +0.9934600146125712E+00
+0.1392315807503334E+02 +0.8890165849003697E+00 +0.1575709549458476E+01 +0.1065697657049429E+01
+0.1394583422825000E+02 +0.9467604118095869E+00 +0.1649730496199961E+01 +0.1114558389526290E+01
+0.1396851038146667E+02 +0.9667340442667820E+00 +0.1738946086406622E+01 +0.1130874699182937E+01
+0.1399118653468333E+02 +0.9466378889146170E+00 +0.1826667614549094E+01 +0.1112045721197396E+01
+0.1401386268790000E+02 +0.8897750881494532E+00 +0.1895881618321993E+01 +0.1061571344088475E+01
+0.1403653884111667E+02 +0.8083931910576627E+00 +0.1931246640257842E+01 +0.9897442497748508E+00
+0.1405921499433333E+02 +0.7211742672046374E+00 +0.1926214972698864E+01 +0.9116605195771931E+00
+0.1408189114755000E+02 +0.6465061220883970E+00 +0.1883595910320643E+01 +0.8426273346193367E+00
+0.1410456730076667E+02 +0.5994770060562893E+00 +0.1813586795604288E+01 +0.7945510078515505E+00
+0.1412724345398333E+02 +0.5886299509063198E+00 +0.1731509500699224E+01 +0.7729592273998940E+00
+0.1414991960720000E+02 +0.6162188817954087E+00 +0.1651612550414112E+01 +0.7754033994669851E+00
+0.1417259576041667E+02 +0.6882158591372904E+00 +0.1579689493686836E+01 +0.7909123637992002E+00
+0.1419527191363334E+02 +0.8079681607965596E+00 +0.1430300523487973E+01 +0.8675903161709839E+00
+0.1421794806685000E+02 +0.7185538686284325E+00 +0.1439851469991718E+01 +0.9880914275874139E+00
+0.1424062422006667E+02 +0.8131586984384208E+00 +0.1506047101408173E+01 +0.1070623181631315E+01
+0.1426330037328333E+02 +0.8881100953411578E+00 +0.1569441077628947E+01 +0.1120203466307624E+01
+0.1428597652650000E+02 +0.9291470004310769E+00 +0.1648450036420376E+01 +0.1146148714473522E+01
+0.1430865267971667E+02 +0.9314319683634168E+00 +0.1730294254986178E+01 +0.1143171848104627E+01
+0.1433132883293334E+02 +0.9008481433291768E+00 +0.1797335318127289E+01 +0.1114620696039405E+01
+0.1435400498615000E+02 +0.8533253569515225E+00 +0.1839320872455932E+01 +0.1071573987131926E+01
+0.1437668113936667E+02 +0.8041911772113524E+00 +0.1859799866131166E+01 +0.1025049692249138E+01
+0.1439935729258333E+02 +0.7571037362551982E+00 +0.1865805380970678E+01 +0.9802708613771680E+00
+0.1442203344580000E+02 +0.7151121280920132E+00 +0.1856852123733372E+01 +0.9411961549909370E+00
+0.1444470959901667E+02 +0.6872286080382652E+00 +0.1837231439164009E+01 +0.9135253205995078E+00
+0.1446738575223334E+02 +0.6765885815927184E+00 +0.1818714399401755E+01 +0.8994213945131999E+00
+0.1449006190545000E+02 +0.6780103405044539E+00 +0.1811772907791278E+01 +0.8949421197786751E+00
+0.1451273805866667E+02 +0.6819035414343516E+00 +0.1821983443048956E+01 +0.8921594487163200E+00
+0.1453541421188334E+02 +0.6769895866765244E+00 +0.1849230873762976E+01 +0.8817050617758468E+00
+0.1455809036510000E+02 +0.6531045807455018E+00 +0.1887067042411433E+01 +0.8554004443695407E+00
+0.1458076651831667E+02 +0.6050803455037029E+00 +0.1923731130024570E+01 +0.8092489624978620E+00
+0.1460344267153334E+02 +0.5355378226176628E+00 +0.1946331270213651E+01 +0.7453186699993641E+00
+0.1462611882475000E+02 +0.4536081184667971E+00 +0.1946150267307385E+01 +0.6707973676561116E+00
+0.1464879497796667E+02 +0.3704253178723835E+00 +0.1920963146818193E+01 +0.5948298095504755E+00
+0.1467147113118333E+02 +0.2954212980002567E+00 +0.1873660796804392E+01 +0.5255911153176189E+00
+0.1469414728440000E+02 +0.2350600867587014E+00 +0.1810063724680290E+01 +0.4688626785208949E+00
+0.1471682343761667E+02 +0.1924588690134625E+00 +0.1737457533811210E+01 +0.4275079098864415E+00
+0.1473949959083334E+02 +0.1671111871599206E+00 +0.1663009379304393E+01 +0.4013601971449772E+00
+0.1476217574405000E+02 +0.1555663893565233E+00 +0.1591900081283697E+01 +0.3878379334475126E+00
+0.1478485189726667E+02 +0.1531886053453334E+00 +0.1526234323049133E+01 +0.3833214596243578E+00
+0.1480752805048333E+02 +0.1561124746038749E+00 +0.1465186212208834E+01 +0.3847455338474861E+00
+0.1483020420370000E+02 +0.1628226199135857E+00 +0.1406166662492101E+01 +0.3908672553491231E+00
+0.1485288035691667E+02 +0.1748558609164093E+00 +0.1346983625055262E+01 +0.4026738974101655E+00
+0.1487555651013334E+02 +0.1955238298872973E+00 +0.1288347253114866E+01 +0.4222895380994917E+00
+0.1489823266335000E+02 +0.2265653922824738E+00 +0.1234411445218521E+01 +0.4506663787594879E+00
+0.1492090881656667E+02 +0.2657611878962671E+00 +0.1189817965574636E+01 +0.4860947806911021E+00
+0.1494358496978333E+02 +0.3086189330596111E+00 +0.1156316869723855E+01 +0.5251632497145208E+00
+0.1496626112300000E+02 +0.3514599674009517E+00 +0.1133062220433035E+01 +0.5646763947171197E+00
+0.1498893727621667E+02 +0.3918965650961369E+00 +0.1118445688972777E+01 +0.6023512543372115E+00
+0.1501161342943334E+02 +0.4282699475054086E+00 +0.1110464734102923E+01 +0.6366850927240704E+00
+0.1503428958265000E+02 +0.4598795748587607E+00 +0.1106617963607237E+01 +0.6670850341384116E+00
+0.1505696573586667E+02 +0.4875106814126074E+00 +0.1104457593118328E+01 +0.6941406726817547E+00
+0.1507964188908334E+02 +0.5133179765459166E+00 +0.1102731298193287E+01 +0.7194349638654196E+00
+0.1510231804230000E+02 +0.5396968614104301E+00 +0.1102231486643211E+01 +0.7446638153747729E+00
+0.1512499419551667E+02 +0.5677084481546442E+00 +0.1105567086354270E+01 +0.7704592836164189E+00
+0.1514767034873334E+02 +0.5960449948718126E+00 +0.1115782920806317E+01 +0.7956452219216045E+00
+0.1517034650195000E+02 +0.6213007804465214E+00 +0.1134645721714827E+01 +0.8174229331217812E+00
+0.1519302265516667E+02 +0.6391937103338468E+00 +0.1161692781460668E+01 +0.8323033011533079E+00
+0.1521569880838334E+02 +0.6459376925642338E+00 +0.1194210652596257E+01 +0.8372378104752931E+00
+0.1523837496160000E+02 +0.6392902164148858E+00 +0.1228076644102218E+01 +0.8304326897940657E+00
+0.1526105111481667E+02 +0.6187034982171237E+00 +0.1258810578883006E+01 +0.8115424382104202E+00
+0.1528372726803333E+02 +0.5851723649406473E+00 +0.1281890535588881E+01 +0.7815956427867395E+00
+0.1530640342125000E+02 +0.5415112710680565E+00 +0.1292922672426887E+01 +0.7431280781275522E+00
+0.1532907957446667E+02 +0.4925494947344312E+00 +0.1288489530940271E+01 +0.7002828961867299E+00
+0.1535175572768333E+02 +0.4445659606738698E+00 +0.1267410982229780E+01 +0.6583411057018154E+00
+0.1537443188090000E+02 +0.4038296714543578E+00 +0.1231548690880135E+01 +0.6225603568771464E+00
+0.1539710803411667E+02 +0.3748182779617204E+00 +0.1185395691557947E+01 +0.5968015064867320E+00
+0.1541978418733333E+02 +0.3592024317273298E+00 +0.1134518442849783E+01 +0.5827175448828095E+00
+0.1544246034055000E+02 +0.3561452471476302E+00 +0.1083961174947956E+01 +0.5798502336452025E+00
+0.1546513649376667E+02 +0.3631283108853354E+00 +0.1037454673016167E+01 +0.5862342167168064E+00
+0.1548781264698334E+02 +0.3767395243679438E+00 +0.9969468601541824E+00 +0.5991565178821183E+00
+0.1551048880020000E+02 +0.3938427597889539E+00 +0.9625239348382884E+00 +0.6160667427792121E+00
+0.1553316495341667E+02 +0.4125736761235478E+00 +0.9333344664877128E+00 +0.6352537803468812E+00
+0.1555584110663333E+02 +0.4323750973444425E+00 +0.9089662087296165E+00 +0.6557168407890286E+00
+0.1557851725985000E+02 +0.4537247520919649E+00 +0.8904147266014766E+00 +0.6759982649675450E+00
+0.1560119341306667E+02 +0.4805521722643892E+00 +0.8795072447109153E+00 +0.6917680466003979E+00
+0.1562386956628334E+02 +0.5217698882530905E+00 +0.8642287617875077E+00 +0.7013295290468149E+00
+0.1564654571950000E+02 +0.5506528211118747E+00 +0.8314096778475142E+00 +0.7154083856487421E+00
+0.1566922187271667E+02 +0.5660002363035911E+00 +0.8081508466019867E+00 +0.7377816308476557E+00
+0.1569189802593333E+02 +0.5816809157564393E+00 +0.7913907796441573E+00 +0.7611520785173973E+00
+0.1571457417915000E+02 +0.5990868414803299E+00 +0.7764123512169695E+00 +0.7838963572158705E+00
+0.1573725033236667E+02 +0.6185595693408529E+00 +0.7618037629061003E+00 +0.8069291987879247E+00
+0.1575992648558334E+02 +0.6408134701867685E+00 +0.7477224289040416E+00 +0.8313563730656857E+00
+0.1578260263880000E+02 +0.6663117438488809E+00 +0.7354029035942670E+00 +0.8578069305778634E+00
+0.1580527879201667E+02 +0.6945708094608700E+00 +0.7265815900324495E+00 +0.8860091941108832E+00
+0.1582795494523333E+02 +0.7238893286243469E+00 +0.7226027216526529E+00 +0.9146966964808785E+00
+0.1585063109845000E+02 +0.7518160430467525E+00 +0.7233943872110149E+00 +0.9420900517924995E+00
+0.1587330725166667E+02 +0.7765798300569784E+00 +0.7270280779541118E+00 +0.9669788487156643E+00
+0.1589598340488334E+02 +0.7986224202023701E+00 +0.7308899883211719E+00 +0.9897045860063979E+00
+0.1591865955810000E+02 +0.8203959017130699E+00 +0.7339311946059107E+00 +0.1011958807981692E+01
+0.1594133571131667E+02 +0.8442962472799826E+00 +0.7377717360462867E+00 +0.1035351786514091E+01
+0.1596401186453333E+02 +0.8706127613162427E+00 +0.7459551565466780E+00 +0.1059795826952818E+01
+0.1598668801775000E+02 +0.8959891322074018E+00 +0.7621822564278012E+00 +0.1082359742593678E+01
+0.1600936417096667E+02 +0.9129079082095712E+00 +0.7860207491073018E+00 +0.1097908976871662E+01
+0.1603204032418333E+02 +0.9167625951679705E+00 +0.8081321316028660E+00 +0.1104176901677048E+01
+0.1605471647740000E+02 +0.9150777726067029E+00 +0.8197610503618447E+00 +0.1105772088293713E+01
+0.1607739263061667E+02 +0.9173198855389857E+00 +0.8238462481723856E+00 +0.1109035907961057E+01
+0.1610006878383333E+02 +0.9249927824861857E+00 +0.8272717030179182E+00 +0.1115870148304090E+01
+0.1612274493705000E+02 +0.9350703986643969E+00 +0.8334874160068195E+00 +0.1124607973130784E+01
+0.1614542109026667E+02 +0.9447651579773330E+00 +0.8424987344278841E+00 +0.1133174440208657E+01
+0.1616809724348333E+02 +0.9529639763127913E+00 +0.8533476966320397E+00 +0.1140437295581200E+01
+0.1619077339670000E+02 +0.9593171656291748E+00 +0.8655477979374231E+00 +0.1145865619155048E+01
+0.1621344954991667E+02 +0.9632223463805198E+00 +0.8789149929642839E+00 +0.1148887033005817E+01
+0.1623612570313334E+02 +0.9637156101151481E+00 +0.8928033088160203E+00 +0.1148790671155512E+01
+0.1625880185635000E+02 +0.9601307721759418E+00 +0.9057441765352249E+00 +0.1145153034073272E+01
+0.1628147800956667E+02 +0.9527611908519485E+00 +0.9158426268169506E+00 +0.1138299252890842E+01
+0.1630415416278334E+02 +0.9429859869616219E+00 +0.9215169223939172E+00 +0.1129407681461674E+01
+0.1632683031600000E+02 +0.9328853337853532E+00 +0.9221141684947619E+00 +0.1120213967207051E+01
+0.1634950646921667E+02 +0.9245707143266007E+00 +0.9181149809081375E+00 +0.1112502470514313E+01
+0.1637218262243334E+02 +0.9196568611406638E+00 +0.9109074624768506E+00 +0.1107655901298235E+01
+0.1639485877565000E+02 +0.9189601705860957E+00 +0.9025359728359257E+00 +0.1106326303979829E+01
+0.1641753492886667E+02 +0.9220703574995974E+00 +0.8953380258523447E+00 +0.1108131807774321E+01
+0.1644021108208334E+02 +0.9271388591860994E+00 +0.8910418360057762E+00 +0.1111604422834936E+01
+0.1646288723530000E+02 +0.9315562057066042E+00 +0.8897591416892729E+00 +0.1114742691479589E+01
+0.1648556338851667E+02 +0.9332934925718959E+00 +0.8898146808411629E+00 +0.1115993544665731E+01
+0.1650823954173334E+02 +0.9319160202165985E+00 +0.8885890357412332E+00 +0.1115037885834482E+01
+0.1653091569495000E+02 +0.9287900899926127E+00 +0.8836717479334938E+00 +0.1113002840209450E+01
+0.1655359184816667E+02 +0.9267014609706691E+00 +0.8739088243001363E+00 +0.1112120548443213E+01
+0.1657626800138334E+02 +0.9288496546052707E+00 +0.8602097174403023E+00 +0.1114873198015257E+01
+0.1659894415460000E+02 +0.9373099770235107E+00 +0.8455204371199538E+00 +0.1122819645623440E+01
+0.1662162030781667E+02 +0.9518124541519466E+00 +0.8336350574847322E+00 +0.1135691154729133E+01
+0.1664429646103333E+02 +0.9696005007676387E+00 +0.8274342812786248E+00 +0.1151294853521766E+01
+0.1666697261425000E+02 +0.9863919974526052E+00 +0.8272155443896779E+00 +0.1166406053586200E+01
+0.1668964876746667E+02 +0.9988272901915464E+00 +0.8296802954514402E+00 +0.1178722657816371E+01
+0.1671232492068334E+02 +0.1007698080170355E+01 +0.8299038041895601E+00 +0.1188825555030243E+01
+0.1673500107390000E+02 +0.1017474798775544E+01 +0.8258588638534510E+00 +0.1199769518343290E+01
+0.1675767722711667E+02 +0.1032068938056773E+01 +0.8196465577100926E+00 +0.1214491166293591E+01
+0.1678035338033333E+02 +0.1052586184932784E+01 +0.8148309330684275E+00 +0.1234080671606866E+01
+0.1680302953355000E+02 +0.1078149752243260E+01 +0.8142841929032122E+00 +0.1258004447639877E+01
+0.1682570568676667E+02 +0.1107181260473794E+01 +0.8198685842249617E+00 +0.1284947080867088E+01
+0.1684838183998334E+02 +0.1137907382032826E+01 +0.8328369890888018E+00 +0.1313272413064638E+01
+0.1687105799320000E+02 +0.1168310929698483E+01 +0.8540590807347754E+00 +0.1341089489206887E+01
+0.1689373414641667E+02 +0.1196047895984720E+01 +0.8839082960323241E+00 +0.1366247210036438E+01
+0.1691641029963333E+02 +0.1218582596367511E+01 +0.9220637302506078E+00 +0.1386448242320253E+01
+0.1693908645285000E+02 +0.1233433315316862E+01 +0.9674495372077923E+00 +0.1399444952063818E+01
+0.1696176260606667E+02 +0.1238361962781272E+01 +0.1018256739544004E+01 +0.1403230616275904E+01
+0.1698443875928334E+02 +0.1231593254591724E+01 +0.1071905637066660E+01 +0.1396273980809573E+01
+0.1700711491250000E+02 +0.1212306712864848E+01 +0.1125129507933668E+01 +0.1377885156468531E+01
+0.1702979106571667E+02 +0.1181173150916986E+01 +0.1174828592874536E+01 +0.1348389964208006E+01
+0.1705246721893333E+02 +0.1139188009448052E+01 +0.1219896067935178E+01 +0.1307918700355274E+01
+0.1707514337215000E+02 +0.1082296886215730E+01 +0.1259072582712620E+01 +0.1254335547668300E+01
+0.1709781952536667E+02 +0.1008443057368763E+01 +0.1276606266359980E+01 +0.1190469615381291E+01
+0.1712049567858334E+02 +0.9417563419648671E+00 +0.1264877440351472E+01 +0.1129628742268459E+01
+0.1714317183180000E+02 +0.8921033305753890E+00 +0.1242766271447011E+01 +0.1080176577476425E+01
+0.1716584798501667E+02 +0.8528244922935255E+00 +0.1218549339718684E+01 +0.1039755272615816E+01
+0.1718852413823334E+02 +0.8200676169246042E+00 +0.1192729504303722E+01 +0.1005327603587209E+01
+0.1721120029145000E+02 +0.7925235514656738E+00 +0.1165249787981829E+01 +0.9755808216748802E+00
+0.1723387644466667E+02 +0.7692000564832672E+00 +0.1136489272702151E+01 +0.9497832799713591E+00
+0.1725655259788333E+02 +0.7488453694519059E+00 +0.1106621374541927E+01 +0.9272171918815555E+00
+0.1727922875110000E+02 +0.7304030765754803E+00 +0.1075098260870904E+01 +0.9073596415929627E+00
+0.1730190490431667E+02 +0.7138746949811829E+00 +0.1040637738693369E+01 +0.8904412182720948E+00
+0.1732458105753334E+02 +0.7010123179801484E+00 +0.1002271414015007E+01 +0.8777859930887968E+00
+0.1734725721075000E+02 +0.6943953184323715E+00 +0.9608836504653283E+00 +0.8711740083078394E+00
+0.1736993336396667E+02 +0.6954874910359579E+00 +0.9190054135444012E+00 +0.8716628813190243E+00
+0.1739260951718333E+02 +0.7041553258714005E+00 +0.8793447405354402E+00 +0.8791238078827091E+00
+0.1741528567040000E+02 +0.7192462302612861E+00 +0.8441348065521975E+00 +0.8924971526554288E+00
+0.1743796182361667E+02 +0.7388719612764496E+00 +0.8150240356884750E+00 +0.9100606952876120E+00
+0.1746063797683334E+02 +0.7605782298884771E+00 +0.7928245769892682E+00 +0.9296409124615455E+00
+0.1748331413005000E+02 +0.7817370009607536E+00 +0.7772617209557829E+00 +0.9489504029676942E+00
+0.1750599028326667E+02 +0.8000735015875520E+00 +0.7669887469189310E+00 +0.9660060520522405E+00
+0.1752866643648333E+02 +0.8140228188544021E+00 +0.7598224777773473E+00 +0.9794814891302207E+00
+0.1755134258970000E+02 +0.8231522249179598E+00 +0.7527962418722234E+00 +0.9891570960237164E+00
+0.1757401874291667E+02 +0.8292327984390631E+00 +0.7430917847989389E+00 +0.9963516493365335E+00
+0.1759669489613334E+02 +0.8351573076593274E+00 +0.7304273718220947E+00 +0.1003037822767150E+01
+0.1761937104935000E+02 +0.8419903778350630E+00 +0.7160354066497510E+00 +0.1010331164682801E+01
+0.1764204720256667E+02 +0.8498480810425982E+00 +0.7002086060423411E+00 +0.1018655300531073E+01
+0.1766472335578333E+02 +0.8594042492186271E+00 +0.6830393087641269E+00 +0.1028527392700490E+01
+0.1768739950900000E+02 +0.8712083065846863E+00 +0.6651998247454247E+00 +0.1040382690938213E+01
+0.1771007566221667E+02 +0.8852461587870888E+00 +0.6472857865547244E+00 +0.1054341335682976E+01
+0.1773275181543334E+02 +0.9015266359869453E+00 +0.6294848343152230E+00 +0.1070486157661115E+01
+0.1775542796865000E+02 +0.9203943838772768E+00 +0.6120632136395404E+00 +0.1089051461518953E+01
+0.1777810412186667E+02 +0.9421504116773954E+00 +0.5957051848168751E+00 +0.1110219370672464E+01
+0.1780078027508333E+02 +0.9666693261744859E+00 +0.5812808635146209E+00 +0.1133871548171247E+01
+0.1782345642830000E+02 +0.9934304927419062E+00 +0.5694769096469960E+00 +0.1159583186240469E+01
+0.1784613258151667E+02 +0.1021758674768171E+01 +0.5606469013057084E+00 +0.1186785539259422E+01
+0.1786880873473334E+02 +0.1051030991227139E+01 +0.5548475470271573E+00 +0.1214934892561463E+01
+0.1789148488795000E+02 +0.1080808310330414E+01 +0.5519551320208749E+00 +0.1243624251965393E+01
+0.1791416104116667E+02 +0.1110881552059954E+01 +0.5518447040299099E+00 +0.1272612054309701E+01
+0.1793683719438333E+02 +0.1141160394308576E+01 +0.5545691622057770E+00 +0.1301736861479838E+01
+0.1795951334760000E+02 +0.1171450220990975E+01 +0.5603672845302727E+00 +0.1330767816991111E+01
+0.1798218950081667E+02 +0.1201346595921223E+01 +0.5694847910824287E+00 +0.1359328141826430E+01
+0.1800486565403333E+02 +0.1230332528948753E+01 +0.5820387903263100E+00 +0.1386942203285211E+01
+0.1802754180725000E+02 +0.1257892622024386E+01 +0.5980669876259364E+00 +0.1413097640345949E+01
+0.1805021796046667E+02 +0.1283459066083625E+01 +0.6176506349571995E+00 +0.1437201536746066E+01
+0.1807289411368334E+02 +0.1306192081912852E+01 +0.6408967664687408E+00 +0.1458436570536709E+01
+0.1809557026690000E+02 +0.1324791113959546E+01 +0.6676328610184377E+00 +0.1475667719715671E+01
+0.1811824642011667E+02 +0.1337641405629375E+01 +0.6968866157034201E+00 +0.1487612595814944E+01
+0.1814092257333334E+02 +0.1343474880774111E+01 +0.7265243063533016E+00 +0.1493370199132412E+01
+0.1816359872655000E+02 +0.1342304134097976E+01 +0.7535230553756633E+00 +0.1493104334436776E+01
+0.1818627487976667E+02 +0.1336000626535555E+01 +0.7749854059465746E+00 +0.1488433341918345E+01
+0.1820895103298334E+02 +0.1327995706897965E+01 +0.7894366411579681E+00 +0.1482151999476754E+01
+0.1823162718620000E+02 +0.1322048754277020E+01 +0.7976594374433055E+00 +0.1477277638140181E+01
+0.1825430333941667E+02 +0.1320725170296134E+01 +0.8023150088371840E+00 +0.1475970168091997E+01
+0.1827697949263334E+02 +0.1325087494214311E+01 +0.8067204083571684E+00 +0.1479153077664048E+01
+0.1829965564585000E+02 +0.1335265510727145E+01 +0.8157616521213874E+00 +0.1485829433918020E+01
+0.1832233179906667E+02 +0.1342995981981630E+01 +0.8366350852747637E+00 +0.1489407799091392E+01
+0.1834500795228334E+02 +0.1336057319547937E+01 +0.8556202127375971E+00 +0.1485580078759629E+01
+0.1836768410550000E+02 +0.1330439322742562E+01 +0.8642876454421641E+00 +0.1480291187650794E+01
+0.1839036025871667E+02 +0.1329818052623242E+01 +0.8727960294915189E+00 +0.1477678979586145E+01
+0.1841303641193334E+02 +0.1330264112362116E+01 +0.8841039778800934E+00 +0.1475749848603383E+01
+0.1843571256515000E+02 +0.1329319328161464E+01 +0.8979425533242169E+00 +0.1472346323578396E+01
+0.1845838871836667E+02 +0.1325480149316738E+01 +0.9135876364964329E+00 +0.1465908637992125E+01
+0.1848106487158334E+02 +0.1317229632681924E+01 +0.9299827365367724E+00 +0.1455011895109008E+01
+0.1850374102480000E+02 +0.1303048194245648E+01 +0.9448290756041541E+00 +0.1438501696109846E+01
+0.1852641717801667E+02 +0.1282744660813203E+01 +0.9541561842385036E+00 +0.1416460150563886E+01
+0.1854909333123334E+02 +0.1258526447112654E+01 +0.9535971181571654E+00 +0.1391159491109729E+01
+0.1857176948445000E+02 +0.1233371149256960E+01 +0.9402949155869745E+00 +0.1367220558572120E+01
+0.1859444563766667E+02 +0.1206959153465458E+01 +0.9151361910894458E+00 +0.1350833961194817E+01
+0.1861712179088333E+02 +0.1179006425311985E+01 +0.8883498036362041E+00 +0.1344800147362530E+01
+0.1863979794410000E+02 +0.1161695769809229E+01 +0.8677633313657676E+00 +0.1345120846570016E+01
+0.1866247409731667E+02 +0.1160097146611744E+01 +0.8478587508858437E+00 +0.1348583516426242E+01
+0.1868515025053334E+02 +0.1169126436088066E+01 +0.8279816125192648E+00 +0.1356057021572535E+01
+0.1870782640375000E+02 +0.1184365948183862E+01 +0.8105287939046085E+00 +0.1367775403554369E+01
+0.1873050255696667E+02 +0.1203039436621804E+01 +0.7967038319009306E+00 +0.1382771828322116E+01
+0.1875317871018333E+02 +0.1223756187246926E+01 +0.7867213194219314E+00 +0.1400059838039074E+01
+0.1877585486340000E+02 +0.1245875956652180E+01 +0.7809646765047689E+00 +0.1418848389834291E+01
+0.1879853101661667E+02 +0.1268404202133523E+01 +0.7802509351674665E+00 +0.1438046141222664E+01
+0.1882120716983334E+02 +0.1289421720958433E+01 +0.7850700393602634E+00 +0.1455942539286205E+01
+0.1884388332305000E+02 +0.1306467451546624E+01 +0.7947147516040045E+00 +0.1470502150420062E+01
+0.1886655947626667E+02 +0.1317498555289438E+01 +0.8069538933089964E+00 +0.1480107059773475E+01
+0.1888923562948333E+02 +0.1321949693515070E+01 +0.8184677382988170E+00 +0.1484353901810164E+01
+0.1891191178270000E+02 +0.1321308631947189E+01 +0.8260672469493893E+00 +0.1484421087599035E+01
+0.1893458793591667E+02 +0.1318529421345244E+01 +0.8281367870949151E+00 +0.1482591839794142E+01
+0.1895726408913334E+02 +0.1316416771166137E+01 +0.8250448546519251E+00 +0.1481147143259660E+01
+0.1897994024235000E+02 +0.1316545972639930E+01 +0.8179989057828195E+00 +0.1481627721048396E+01
+0.1900261639556667E+02 +0.1319857174179974E+01 +0.8079360122744854E+00 +0.1485057831370013E+01
+0.1902529254878334E+02 +0.1327454962103248E+01 +0.7959574873075916E+00 +0.1492325650348528E+01
+0.1904796870200000E+02 +0.1340014920874934E+01 +0.7839881665211461E+00 +0.1503872747463893E+01
+0.1907064485521667E+02 +0.1356938923408312E+01 +0.7741541917459557E+00 +0.1519218364261346E+01
+0.1909332100843334E+02 +0.1376597210871620E+01 +0.7677293461523338E+00 +0.1537105594913627E+01
+0.1911599716165000E+02 +0.1397251373503527E+01 +0.7647708242771238E+00 +0.1556146941696581E+01
+0.1913867331486667E+02 +0.1417843524385293E+01 +0.7645515777817838E+00 +0.1575403480537831E+01
+0.1916134946808334E+02 +0.1438109529529242E+01 +0.7663913065608552E+00 +0.1594480641991273E+01
+0.1918402562130000E+02 +0.1457953576585353E+01 +0.7700806153305123E+00 +0.1613164072610510E+01
+0.1920670177451667E+02 +0.1476975377409137E+01 +0.7754869590280858E+00 +0.1631116191500921E+01
+0.1922937792773333E+02 +0.1494656081211254E+01 +0.7821369548119950E+00 +0.1647949802095940E+01
+0.1925205408095000E+02 +0.1510706243902178E+01 +0.7891431587284742E+00 +0.1663496069998089E+01
+0.1927473023416667E+02 +0.1525436275635629E+01 +0.7953888729143807E+00 +0.1678067804250846E+01
+0.1929740638738334E+02 +0.1539891925613736E+01 +0.8000687623795013E+00 +0.1692513757760485E+01
+0.1932008254060000E+02 +0.1555423738640573E+01 +0.8031734757450533E+00 +0.1707912891720045E+01
+0.1934275869381667E+02 +0.1573045639078113E+01 +0.8053922073546506E+00 +0.1725135995998274E+01
+0.1936543484703333E+02 +0.1593207962745228E+01 +0.8075714300718899E+00 +0.1744673104639771E+01
+0.1938811100025000E+02 +0.1616139721151408E+01 +0.8103232998667721E+00 +0.1766835411340713E+01
+0.1941078715346667E+02 +0.1642325085352620E+01 +0.8142318692969280E+00 +0.1792026433128185E+01
+0.1943346330668334E+02 +0.1672421570829439E+01 +0.8204781047724492E+00 +0.1820643099223052E+01
+0.1945613945990000E+02 +0.1706485104637043E+01 +0.8310370580353998E+00 +0.1852568846397135E+01
+0.1947881561311667E+02 +0.1743360373631690E+01 +0.8479966335425760E+00 +0.1886780969725180E+01
+0.1950149176633333E+02 +0.1780927462192552E+01 +0.8726856441858217E+00 +0.1921500833333626E+01
+0.1952416791955000E+02 +0.1816848880205423E+01 +0.9053892452403188E+00 +0.1954711343719172E+01
+0.1954684407276667E+02 +0.1849147656246950E+01 +0.9456932565045092E+00 +0.1984583256190102E+01
+0.1956952022598334E+02 +0.1876235687773227E+01 +0.9930816384631587E+00 +0.2009501550912847E+01
+0.1959219637920000E+02 +0.1896340981800001E+01 +0.1047228455626735E+01 +0.2027688200568853E+01
+0.1961487253241667E+02 +0.1906831110093472E+01 +0.1107457116822782E+01 +0.2036815603933987E+01
+0.1963754868563333E+02 +0.1904334503793483E+01 +0.1171516336965193E+01 +0.2034216680830663E+01
+0.1966022483885000E+02 +0.1886093032085425E+01 +0.1234608908669001E+01 +0.2017980824591511E+01
+0.1968290099206667E+02 +0.1852168497242983E+01 +0.1289682428300415E+01 +0.1988607609181481E+01
+0.1970557714528334E+02 +0.1807335078216762E+01 +0.1329837697834756E+01 +0.1950154297881387E+01
+0.1972825329850000E+02 +0.1760166156116961E+01 +0.1352271414179781E+01 +0.1909325242701140E+01
+0.1975092945171667E+02 +0.1718678295419748E+01 +0.1359820991136111E+01 +0.1872539884777891E+01
+0.1977360560493333E+02 +0.1687056399817279E+01 +0.1358191488393417E+01 +0.1843586674873567E+01
+0.1979628175815000E+02 +0.1666119147940914E+01 +0.1352817085577685E+01 +0.1823536759474053E+01
+0.1981895791136667E+02 +0.1654943720821909E+01 +0.1348019464837738E+01 +0.1811721992539136E+01
+0.1984163406458334E+02 +0.1651499107342481E+01 +0.1347224875268189E+01 +0.1806353510386069E+01
+0.1986431021780000E+02 +0.1652768145829192E+01 +0.1352793742409777E+01 +0.1804796861281119E+01
+0.1988698637101667E+02 +0.1655171022778780E+01 +0.1365714962666541E+01 +0.1803939373894794E+01
+0.1990966252423334E+02 +0.1655093996502582E+01 +0.1385568381212351E+01 +0.1800651777511114E+01
+0.1993233867745000E+02 +0.1649351771633875E+01 +0.1410686720058877E+01 +0.1792207325027747E+01
+0.1995501483066667E+02 +0.1635451572053787E+01 +0.1438521764475971E+01 +0.1776542576529498E+01
+0.1997769098388334E+02 +0.1611549745702615E+01 +0.1465833163206679E+01 +0.1752380427899497E+01
+0.2000036713710000E+02 +0.1576848036678665E+01 +0.1488529321462788E+01 +0.1719553470693462E+01
+0.2002304329031667E+02 +0.1532606632859229E+01 +0.1502188665417366E+01 +0.1679482651985202E+01
+0.2004571944353334E+02 +0.1482392170763277E+01 +0.1503313485029006E+01 +0.1635187895869499E+01
+0.2006839559675000E+02 +0.1431322681359109E+01 +0.1490039708064654E+01 +0.1590782322811384E+01
+0.2009107174996667E+02 +0.1385198165054090E+01 +0.1462502741041607E+01 +0.1550828692684885E+01
+0.2011374790318334E+02 +0.1349186774473006E+01 +0.1423323524551763E+01 +0.1519384249988396E+01
+0.2013642405640000E+02 +0.1326070160166243E+01 +0.1376934431255274E+01 +0.1498870243816341E+01
+0.2015910020961667E+02 +0.1315966465385804E+01 +0.1327397689041643E+01 +0.1489883897906158E+01
+0.2018177636283334E+02 +0.1318244122752498E+01 +0.1277271225507985E+01 +0.1492245597426648E+01
+0.2020445251605000E+02 +0.1332812108397659E+01 +0.1228901661109658E+01 +0.1505747130415846E+01
+0.2022712866926667E+02 +0.1359063839596546E+01 +0.1185529562095966E+01 +0.1529630321571698E+01
+0.2024980482248334E+02 +0.1394637908778152E+01 +0.1150303410846627E+01 +0.1561908934550247E+01
+0.2027248097570000E+02 +0.1436022210633739E+01 +0.1124683939474279E+01 +0.1599772968069516E+01
+0.2029515712891667E+02 +0.1480283673888198E+01 +0.1108352311043367E+01 +0.1640692964165878E+01
+0.2031783328213334E+02 +0.1525819822825495E+01 +0.1100694692028527E+01 +0.1682917020736610E+01
+0.2034050943535000E+02 +0.1571266435668827E+01 +0.1101992378839358E+01 +0.1724808182578149E+01
+0.2036318558856667E+02 +0.1613903135275452E+01 +0.1112712466329395E+01 +0.1763910668375774E+01
+0.2038586174178334E+02 +0.1649740799508526E+01 +0.1131414656032115E+01 +0.1797142130150047E+01
+0.2040853789500000E+02 +0.1675825702885485E+01 +0.1153704336600959E+01 +0.1822375427340459E+01
+0.2043121404821667E+02 +0.1692609176497678E+01 +0.1173851288263122E+01 +0.1840014459792639E+01
+0.2045389020143334E+02 +0.1703955142841672E+01 +0.1187800297119495E+01 +0.1852987816271932E+01
+0.2047656635465000E+02 +0.1714767630291579E+01 +0.1194927746022123E+01 +0.1865106344828933E+01
+0.2049924250786667E+02 +0.1728388268730725E+01 +0.1197243551693877E+01 +0.1879215382305500E+01
+0.2052191866108334E+02 +0.1745889104416070E+01 +0.1197165993008527E+01 +0.1896571246384388E+01
+0.2054459481430000E+02 +0.1767257447358764E+01 +0.1196134991378029E+01 +0.1917502383928699E+01
+0.2056727096751667E+02 +0.1792663861827471E+01 +0.1194859686137147E+01 +0.1942278197840220E+01
+0.2058994712073333E+02 +0.1822758493808194E+01 +0.1194150094753708E+01 +0.1971404780836716E+01
+0.2061262327395000E+02 +0.1858310454107991E+01 +0.1195514650702223E+01 +0.2005370522057984E+01
+0.2063529942716667E+02 +0.1899480319972123E+01 +0.1201372784622966E+01 +0.2044073987041425E+01
+0.2065797558038334E+02 +0.1944931921933956E+01 +0.1214592730568028E+01 +0.2086206345511912E+01
+0.2068065173360000E+02 +0.1991491680625915E+01 +0.1237191752255735E+01 +0.2129116842326760E+01
+0.2070332788681667E+02 +0.2035172542536549E+01 +0.1269001141715224E+01 +0.2169602045978735E+01
+0.2072600404003333E+02 +0.2073057472115911E+01 +0.1307785814402755E+01 +0.2205181529294164E+01
+0.2074868019325000E+02 +0.2104155103409168E+01 +0.1350925397671032E+01 +0.2234690311667825E+01
+0.2077135634646667E+02 +0.2128389147967086E+01 +0.1396846036809321E+01 +0.2257660822040060E+01
+0.2079403249968334E+02 +0.2144940419523007E+01 +0.1444739945628193E+01 +0.2273263738169242E+01
+0.2081670865290000E+02 +0.2151722518978270E+01 +0.1492774008044325E+01 +0.2280073915758098E+01
+0.2083938480611667E+02 +0.2147066961178884E+01 +0.1536420690549089E+01 +0.2277331662837585E+01
+0.2086206095933333E+02 +0.2132667742275748E+01 +0.1569273209026042E+01 +0.2266850163837811E+01
+0.2088473711255000E+02 +0.2114509785763377E+01 +0.1586487665393759E+01 +0.2253551016976283E+01
+0.2090741326576667E+02 +0.2100487243674151E+01 +0.1587463924833881E+01 +0.2243859681854108E+01
+0.2093008941898334E+02 +0.2097250926532539E+01 +0.1575703013593476E+01 +0.2243372918003192E+01
+0.2095276557220000E+02 +0.2108394433228289E+01 +0.1556943472393436E+01 +0.2255327841495014E+01
+0.2097544172541667E+02 +0.2134169773169231E+01 +0.1536955561574902E+01 +0.2280299089268524E+01
+0.2099811787863334E+02 +0.2172531978673850E+01 +0.1519748518752328E+01 +0.2316984217620770E+01
+0.2102079403185000E+02 +0.2221014800295919E+01 +0.1507027087423311E+01 +0.2363581240326928E+01
+0.2104347018506667E+02 +0.2278191018370188E+01 +0.1499128020600770E+01 +0.2418881491798866E+01
+0.2106614633828334E+02 +0.2343767971551726E+01 +0.1496489543760974E+01 +0.2482420828681652E+01
+0.2108882249150000E+02 +0.2417562114781653E+01 +0.1500305860649176E+01 +0.2553876252430014E+01
+0.2111149864471667E+02 +0.2498724830316533E+01 +0.1511936274113862E+01 +0.2632568333745472E+01
+0.2113417479793334E+02 +0.2586022892489132E+01 +0.1532181130633161E+01 +0.2717586996976786E+01
+0.2115685095115000E+02 +0.2678487899945214E+01 +0.1561293254583221E+01 +0.2808212579372964E+01
+0.2117952710436667E+02 +0.2775669143752893E+01 +0.1599516667241636E+01 +0.2904101720417333E+01
+0.2120220325758334E+02 +0.2877272226156832E+01 +0.1647534405544592E+01 +0.3005084270181903E+01
+0.2122487941080000E+02 +0.2982671893756573E+01 +0.1706305405801048E+01 +0.3110888008942170E+01
+0.2124755556401667E+02 +0.3090967040152346E+01 +0.1776675825753455E+01 +0.3221154775150520E+01
+0.2127023171723334E+02 +0.3201282610088874E+01 +0.1859439034277036E+01 +0.3335612984701331E+01
+0.2129290787045000E+02 +0.3312729267830745E+01 +0.1955596279966327E+01 +0.3454102697577597E+01
+0.2131558402366667E+02 +0.3424302626164546E+01 +0.2066333166024401E+01 +0.3576552934713372E+01
+0.2133826017688333E+02 +0.3535108619779394E+01 +0.2193069152010689E+01 +0.3703074072395838E+01
+0.2136093633010000E+02 +0.3644468586646921E+01 +0.2337911698064882E+01 +0.3833963854684685E+01
+0.2138361248331667E+02 +0.3751525016785699E+01 +0.2504125185734928E+01 +0.3969451315186380E+01
+0.2140628863653334E+02 +0.3854673178795532E+01 +0.2696395356724890E+01 +0.4109301351323374E+01
+0.2142896478975000E+02 +0.3951401648473151E+01 +0.2921378519275756E+01 +0.4252202048236347E+01
+0.2145164094296667E+02 +0.4039257683779306E+01 +0.3188721889667728E+01 +0.4394242675061447E+01
+0.2147431709618333E+02 +0.4118513697360420E+01 +0.3510457932709793E+01 +0.4526202860902690E+01
+0.2149699324940000E+02 +0.4192965195694324E+01 +0.3894748186188659E+01 +0.4632428995119394E+01
+0.2151966940261667E+02 +0.4260786777184489E+01 +0.4338201730494834E+01 +0.4695199205713816E+01
+0.2154234555583334E+02 +0.4303419618853210E+01 +0.4830229557390698E+01 +0.4700349347928441E+01
+0.2156502170905000E+02 +0.4291269033151345E+01 +0.5361454523054160E+01 +0.4636844144214720E+01
+0.2158769786226667E+02 +0.4197472664218996E+01 +0.5921460869728797E+01 +0.4494133547560891E+01
+0.2161037401548333E+02 +0.4005222807134157E+01 +0.6495172814038866E+01 +0.4263183665094438E+01
+0.2163305016870000E+02 +0.3707395265154882E+01 +0.7065608079935172E+01 +0.3938144487765976E+01
+0.2165572632191667E+02 +0.3301073872648949E+01 +0.7617017373005815E+01 +0.3515169777261455E+01
+0.2167840247513334E+02 +0.2782554621307555E+01 +0.8133477295748710E+01 +0.2990185625051952E+01
+0.2170107862835000E+02 +0.2145554281304517E+01 +0.8594704954398365E+01 +0.2358258098746225E+01
+0.2172375478156667E+02 +0.1383111576649477E+01 +0.8969386444244394E+01 +0.1616493642958325E+01
+0.2174643093478333E+02 +0.4983032099505006E+00 +0.9207978113659097E+01 +0.7735603716204631E+00
+0.2176910708800000E+02 -0.4737049530488519E+00 +0.9247564317654820E+01 -0.1350978157026648E+00
+0.2179178324121667E+02 -0.1450204470885124E+01 +0.9043792708481003E+01 -0.1040489850163190E+01
+0.2181445939443334E+02 -0.2326045831568680E+01 +0.8613047286652266E+01 -0.1860426354693928E+01
+0.2183713554765000E+02 -0.3032078611284143E+01 +0.8031096863786999E+01 -0.2537738531122960E+01
+0.2185981170086667E+02 -0.3560027433179667E+01 +0.7380191268993428E+01 -0.3057875812144149E+01
+0.2188248785408334E+02 -0.3931972495392657E+01 +0.6712516131398939E+01 -0.3433184609835446E+01
+0.2190516400730000E+02 -0.4171071834643449E+01 +0.6057992558605582E+01 -0.3682670155238500E+01
+0.2192784016051667E+02 -0.4298973213168255E+01 +0.5437721336972922E+01 -0.3825869575449025E+01
+0.2195051631373334E+02 -0.4338040709248959E+01 +0.4865330985821165E+01 -0.3882655894024439E+01
+0.2197319246695000E+02 -0.4308860930405861E+01 +0.4347066927426617E+01 -0.3871700360710513E+01
+0.2199586862016667E+02 -0.4228464885151042E+01 +0.3884585844577872E+01 -0.3809084707294025E+01
+0.2201854477338334E+02 -0.4110873992521043E+01 +0.3477345876078702E+01 -0.3708382346147749E+01
+0.2204122092660000E+02 -0.3968245569742395E+01 +0.3123385145192540E+01 -0.3581335805933002E+01
+0.2206389707981667E+02 -0.3811324445608293E+01 +0.2819018542190081E+01 -0.3438134079178406E+01
+0.2208657323303334E+02 -0.3648794725430149E+01 +0.2558641734862015E+01 -0.3287012628946664E+01
+0.2210924938625000E+02 -0.3486398382808695E+01 +0.2335609494140940E+01 -0.3133731780160049E+01
+0.2213192553946667E+02 -0.3327030778587226E+01 +0.2143766071801620E+01 -0.2981695289122150E+01
+0.2215460169268334E+02 -0.3171933619406394E+01 +0.1978429813847254E+01 -0.2832812237327109E+01
+0.2217727784590000E+02 -0.3022060257096325E+01 +0.1836126984646262E+01 -0.2688457843895735E+01
+0.2219995399911667E+02 -0.2878408578644673E+01 +0.1713497157590744E+01 -0.2549743515517715E+01
+0.2222263015233334E+02 -0.2741140845620765E+01 +0.1606900478114837E+01 -0.2417079828204794E+01
+0.2224530630555000E+02 -0.2609189768910977E+01 +0.1513421574905520E+01 -0.2290012855574301E+01
+0.2226798245876667E+02 -0.2481313509241581E+01 +0.1431490438767760E+01 -0.2167805032846741E+01
+0.2229065861198334E+02 -0.2356841922009184E+01 +0.1360159415224971E+01 -0.2049923382562512E+01
+0.2231333476520000E+02 -0.2235333240183161E+01 +0.1298592166870067E+01 -0.1935960895645988E+01
+0.2233601091841667E+02 -0.2116368355055557E+01 +0.1246307142084366E+01 -0.1825537578384986E+01
+0.2235868707163334E+02 -0.1999821236768356E+01 +0.1203270771439300E+01 -0.1718444785594799E+01
+0.2238136322485000E+02 -0.1885953707739116E+01 +0.1169686856201908E+01 -0.1614764430471186E+01
+0.2240403937806667E+02 -0.1775389180933359E+01 +0.1145994834549606E+01 -0.1514959106792648E+01
+0.2242671553128334E+02 -0.1669472687340408E+01 +0.1132803465341569E+01 -0.1420107770762406E+01
+0.2244939168450000E+02 -0.1570525843637548E+01 +0.1130106956419619E+01 -0.1331962753438551E+01
+0.2247206783771667E+02 -0.1481049699867110E+01 +0.1136410212784970E+01 -0.1252368431589337E+01
+0.2249474399093334E+02 -0.1402431253848699E+01 +0.1149009627401614E+01 -0.1182395101726335E+01
+0.2251742014415000E+02 -0.1334509725751645E+01 +0.1165161285361454E+01 -0.1121983070516293E+01
+0.2254009629736667E+02 -0.1276086723842126E+01 +0.1182967841949849E+01 -0.1070251030684191E+01
+0.2256277245058333E+02 -0.1225681477592481E+01 +0.1201741560048839E+01 -0.1026126436442607E+01
+0.2258544860380000E+02 -0.1182496688738752E+01 +0.1221965862989321E+01 -0.9891133819883835E+00
+0.2260812475701667E+02 -0.1147348877614067E+01 +0.1244409318628461E+01 -0.9599103205789594E+00
+0.2263080091023333E+02 -0.1122696526890564E+01 +0.1268530138637336E+01 -0.9403270617796782E+00
+0.2265347706345000E+02 -0.1111365656452176E+01 +0.1290976322355303E+01 -0.9321630978375464E+00
+0.2267615321666667E+02 -0.1113894665832089E+01 +0.1305042559281600E+01 -0.9350569293365072E+00
+0.2269882936988333E+02 -0.1124914035611393E+01 +0.1302945248711075E+01 -0.9442076704587281E+00
+0.2272150552310000E+02 -0.1132883626781098E+01 +0.1282502322722623E+01 -0.9510203006978675E+00
+0.2274418167631667E+02 -0.1128043549355999E+01 +0.1251218479898578E+01 -0.9482940018952526E+00
+0.2276685782953334E+02 -0.1109581953366970E+01 +0.1219858616900076E+01 -0.9346970893284958E+00
+0.2278953398275000E+02 -0.1082727769500006E+01 +0.1194645899758112E+01 -0.9135645702254078E+00
+0.2281221013596667E+02 -0.1052989163642689E+01 +0.1176789777655863E+01 -0.8891741617968969E+00
+0.2283488628918334E+02 -0.1024128052465368E+01 +0.1164806088694539E+01 -0.8646006330646416E+00
+0.2285756244240000E+02 -0.9973663910034100E+00 +0.1156141621570455E+01 -0.8409646632032948E+00
+0.2288023859561667E+02 -0.9716233145061313E+00 +0.1149738895609752E+01 -0.8178793321501863E+00
+0.2290291474883334E+02 -0.9464654445735630E+00 +0.1147105412825953E+01 -0.7952800857579043E+00
+0.2292559090205000E+02 -0.9238863140595852E+00 +0.1149808912549531E+01 -0.7745996024293778E+00
+0.2294826705526667E+02 -0.9066555794190456E+00 +0.1157361836346742E+01 -0.7580043158103471E+00
+0.2297094320848334E+02 -0.8963230311425784E+00 +0.1167535253538716E+01 -0.7470843947040500E+00
+0.2299361936170000E+02 -0.8924890218334511E+00 +0.1177419563660307E+01 -0.7421673265612494E+00
+0.2301629551491667E+02 -0.8929523972651394E+00 +0.1184578531410747E+01 -0.7422986378881442E+00
+0.2303897166813334E+02 -0.8950030770021449E+00 +0.1188132336728409E+01 -0.7459249127572054E+00
+0.2306164782135000E+02 -0.8974947016226831E+00 +0.1188597034441879E+01 -0.7519119831544765E+00
+0.2308432397456667E+02 -0.9022385433452538E+00 +0.1186428349707903E+01 -0.7598951285171693E+00
+0.2310700012778334E+02 -0.9145682137958069E+00 +0.1181072339887381E+01 -0.7696075482376661E+00
+0.2312967628100001E+02 -0.9424334805745596E+00 +0.1172067777599866E+01 -0.7803519499812335E+00
+0.2315235243421667E+02 -0.9873175616630341E+00 +0.1160638643610378E+01 -0.7920804984235759E+00
+0.2317502858743334E+02 -0.1033372811134410E+01 +0.1145436776509157E+01 -0.8052151840139172E+00
+0.2319770474065000E+02 -0.1063903494459663E+01 +0.1122902175547404E+01 -0.8180701086371251E+00
+0.2322038089386667E+02 -0.1078346131894553E+01 +0.1094490533459074E+01 -0.8280751234056161E+00
+0.2324305704708334E+02 -0.1083087292248135E+01 +0.1061888474608224E+01 -0.8340846997796130E+00
+0.2326573320030001E+02 -0.1080590886791564E+01 +0.1024623423517564E+01 -0.8346759241777768E+00
+0.2328840935351667E+02 -0.1068680599827198E+01 +0.9844180124973657E+00 -0.8274975684918411E+00
+0.2331108550673333E+02 -0.1046601847702062E+01 +0.9470086846543082E+00 -0.8119322214259928E+00
+0.2333376165995000E+02 -0.1018294984177998E+01 +0.9172094082144584E+00 -0.7906203390503488E+00
+0.2335643781316667E+02 -0.9891034279905724E+00 +0.8954574466343330E+00 -0.7674968767331791E+00
+0.2337911396638334E+02 -0.9621415263394109E+00 +0.8788862839212873E+00 -0.7451037441583273E+00
+0.2340179011960000E+02 -0.9370975250423816E+00 +0.8644797152136245E+00 -0.7236638972425564E+00
+0.2342446627281667E+02 -0.9122488137461033E+00 +0.8515792437634956E+00 -0.7022836263904848E+00
+0.2344714242603333E+02 -0.8869802572061138E+00 +0.8408608056519189E+00 -0.6804279347622546E+00
+0.2346981857925000E+02 -0.8611360449364781E+00 +0.8327929628861179E+00 -0.6579908201018954E+00
+0.2349249473246667E+02 -0.8346869560232556E+00 +0.8283152010596023E+00 -0.6351628536345173E+00
+0.2351517088568334E+02 -0.8085112445141036E+00 +0.8284891477309972E+00 -0.6127243133338729E+00
+0.2353784703890000E+02 -0.7840333417836090E+00 +0.8337133648473278E+00 -0.5918918753636597E+00
+0.2356052319211667E+02 -0.7626155189873829E+00 +0.8438359496632395E+00 -0.5739443561312865E+00
+0.2358319934533333E+02 -0.7455519398534538E+00 +0.8585187253309610E+00 -0.5601600939772375E+00
+0.2360587549855000E+02 -0.7343677196201923E+00 +0.8772286952459767E+00 -0.5519728102535288E+00
+0.2362855165176667E+02 -0.7309885142148260E+00 +0.8988199135410434E+00 -0.5510252685653882E+00
+0.2365122780498334E+02 -0.7374343148289851E+00 +0.9207846164192169E+00 -0.5587849988804703E+00
+0.2367390395820000E+02 -0.7543885477876457E+00 +0.9387499375046753E+00 -0.5754473119359951E+00
+0.2369658011141667E+02 -0.7792682848175064E+00 +0.9480608117624177E+00 -0.5988801656871188E+00
+0.2371925626463334E+02 -0.8070889904256633E+00 +0.9470029949822402E+00 -0.6253475430750626E+00
+0.2374193241785000E+02 -0.8340402415280557E+00 +0.9371865219400001E+00 -0.6516997199189412E+00
+0.2376460857106667E+02 -0.8589280455715257E+00 +0.9206741192647819E+00 -0.6764284178665818E+00
+0.2378728472428334E+02 -0.8814497542079692E+00 +0.8981042097357399E+00 -0.6987584295972284E+00
+0.2380996087750000E+02 -0.9003517310218191E+00 +0.8694686567152811E+00 -0.7174805272171600E+00
+0.2383263703071667E+02 -0.9135563097943500E+00 +0.8358234042513222E+00 -0.7309775482233345E+00
+0.2385531318393334E+02 -0.9197164901931567E+00 +0.7997622026273196E+00 -0.7382068013196916E+00
+0.2387798933715000E+02 -0.9193028169081296E+00 +0.7642543779220436E+00 -0.7394364136303169E+00
+0.2390066549036667E+02 -0.9141841583069954E+00 +0.7311952816429914E+00 -0.7360124891504001E+00
+0.2392334164358334E+02 -0.9063781334523007E+00 +0.7009840379498922E+00 -0.7295174337368080E+00
+0.2394601779680000E+02 -0.8971825962303135E+00 +0.6730864518451392E+00 -0.7210953510593112E+00
+0.2396869395001667E+02 -0.8870582744811930E+00 +0.6467615270851407E+00 -0.7112729403111124E+00
+0.2399137010323334E+02 -0.8758878115364990E+00 +0.6214756461405301E+00 -0.7000991775594920E+00
+0.2401404625645000E+02 -0.8632569511072017E+00 +0.5970699259369129E+00 -0.6873667104917716E+00
+0.2403672240966667E+02 -0.8487344924279747E+00 +0.5738342080450979E+00 -0.6728513016085595E+00
+0.2405939856288334E+02 -0.8321917390813429E+00 +0.5524291086395414E+00 -0.6565556580853888E+00
+0.2408207471610000E+02 -0.8140054182709898E+00 +0.5335912641688296E+00 -0.6388573544508782E+00
+0.2410475086931667E+02 -0.7950006392068035E+00 +0.5177857016444557E+00 -0.6204719407820087E+00
+0.2412742702253334E+02 -0.7762002245166593E+00 +0.5049757195799649E+00 -0.6022539613945495E+00
+0.2415010317575000E+02 -0.7584625432447911E+00 +0.4945831362436990E+00 -0.5849153382247472E+00
+0.2417277932896667E+02 -0.7421608321293250E+00 +0.4857291597466974E+00 -0.5687954215284905E+00
+0.2419545548218334E+02 -0.7271552420886103E+00 +0.4776319379244147E+00 -0.5538332389158822E+00
+0.2421813163540000E+02 -0.7130406554451065E+00 +0.4698395050180525E+00 -0.5397292704974852E+00
+0.2424080778861667E+02 -0.6993857860613513E+00 +0.4622085972273217E+00 -0.5261290655825588E+00
+0.2426348394183334E+02 -0.6858339573838781E+00 +0.4548189618671378E+00 -0.5127326491756912E+00
+0.2428616009505000E+02 -0.6721747980702768E+00 +0.4479168659073132E+00 -0.4993645619100038E+00
+0.2430883624826667E+02 -0.6584094598448152E+00 +0.4418027611409149E+00 -0.4860147378699864E+00
+0.2433151240148334E+02 -0.6447047937299342E+00 +0.4366975543033710E+00 -0.4728105413819581E+00
+0.2435418855470000E+02 -0.6312906665194065E+00 +0.4327127490985831E+00 -0.4599499406488112E+00
+0.2437686470791667E+02 -0.6184188214146825E+00 +0.4298794739984894E+00 -0.4476600293427915E+00
+0.2439954086113334E+02 -0.6063518485116006E+00 +0.4281476497693952E+00 -0.4361759004134871E+00
+0.2442221701435000E+02 -0.5953235281948890E+00 +0.4273871769465286E+00 -0.4257132173468314E+00
+0.2444489316756667E+02 -0.5855148240353660E+00 +0.4274372760276131E+00 -0.4164562326305885E+00
+0.2446756932078333E+02 -0.5771023845953316E+00 +0.4281555553421458E+00 -0.4085924309071991E+00
+0.2449024547400000E+02 -0.5703633170921388E+00 +0.4293804085828521E+00 -0.4023742523682921E+00
+0.2451292162721667E+02 -0.5657153934278422E+00 +0.4307277243228029E+00 -0.3981049109387884E+00
+0.2453559778043333E+02 -0.5634455874745135E+00 +0.4313590000947944E+00 -0.3959240590281552E+00
+0.2455827393365000E+02 -0.5632330662362377E+00 +0.4301679029154404E+00 -0.3955065710537380E+00
+0.2458095008686667E+02 -0.5640479471506332E+00 +0.4263738872469909E+00 -0.3960077551092274E+00
+0.2460362624008334E+02 -0.5645646260738790E+00 +0.4199589068414444E+00 -0.3963609004093585E+00
+0.2462630239330000E+02 -0.5637175373005330E+00 +0.4116668788379176E+00 -0.3957095330244031E+00
+0.2464897854651667E+02 -0.5611000128730869E+00 +0.4026602888394641E+00 -0.3937340290427587E+00
+0.2467165469973334E+02 -0.5570666823337246E+00 +0.3939939224454532E+00 -0.3907354726297032E+00
+0.2469433085295000E+02 -0.5524456196098245E+00 +0.3861237238214183E+00 -0.3874328968473191E+00
+0.2471700700616667E+02 -0.5479631819195199E+00 +0.3787366050618096E+00 -0.3845941604102956E+00
+0.2473968315938334E+02 -0.5437073303202546E+00 +0.3708753024283352E+00 -0.3827521517408996E+00
+0.2476235931260000E+02 -0.5389311244188529E+00 +0.3600867464686742E+00 -0.3814243168714775E+00
+0.2478503546581667E+02 -0.5445947700219183E+00 +0.3401982146110620E+00 -0.3742249225449019E+00
+0.2480771161903334E+02 -0.5487191445638390E+00 +0.3404877684329753E+00 -0.3669287127485918E+00
+0.2483038777225000E+02 -0.5434972357469794E+00 +0.3305817500135937E+00 -0.3648084149677384E+00
+0.2485306392546667E+02 -0.5373789415339860E+00 +0.3172610585479839E+00 -0.3608390210603727E+00
+0.2487574007868334E+02 -0.5291764215877788E+00 +0.3033191691329272E+00 -0.3542732016839401E+00
+0.2489841623190000E+02 -0.5189606152798957E+00 +0.2901847350256566E+00 -0.3454925386792644E+00
+0.2492109238511667E+02 -0.5073447230452783E+00 +0.2784738461099927E+00 -0.3351386380687533E+00
+0.2494376853833334E+02 -0.4948871824458178E+00 +0.2683375095882929E+00 -0.3237956803750659E+00
+0.2496644469155000E+02 -0.4820024487749713E+00 +0.2597541413996687E+00 -0.3119072661797400E+00
+0.2498912084476667E+02 -0.4689831738267430E+00 +0.2526787797614568E+00 -0.2998179955691354E+00
+0.2501179699798334E+02 -0.4561736250823771E+00 +0.2471179261141928E+00 -0.2878831412647318E+00
+0.2503447315120000E+02 -0.4440437644958996E+00 +0.2428605378670966E+00 -0.2764745610705490E+00
+0.2505714930441667E+02 -0.4328264216216676E+00 +0.2394140809606688E+00 -0.2657992082789984E+00
+0.2507982545763334E+02 -0.4224153181344091E+00 +0.2363490027904283E+00 -0.2558226403627260E+00
+0.2510250161085001E+02 -0.4125746251535161E+00 +0.2334584963308988E+00 -0.2463883133369900E+00
+0.2512517776406667E+02 -0.4031029359003298E+00 +0.2307126321453760E+00 -0.2373471960897584E+00
+0.2514785391728334E+02 -0.3938936965529725E+00 +0.2281571522050494E+00 -0.2286154688447031E+00
+0.2517053007050000E+02 -0.3849126331761258E+00 +0.2258260987225321E+00 -0.2201668159180368E+00
+0.2519320622371667E+02 -0.3761277317568716E+00 +0.2237075811248604E+00 -0.2119869608573286E+00
+0.2521588237693334E+02 -0.3674300196563380E+00 +0.2217814600299246E+00 -0.2040289044221892E+00
+0.2523855853015001E+02 -0.3586151881038103E+00 +0.2201465169972070E+00 -0.1962336446069115E+00
+0.2526123468336667E+02 -0.3495540695069930E+00 +0.2191204719129716E+00 -0.1886723563580770E+00
+0.2528391083658333E+02 -0.3403854619287052E+00 +0.2190205799012085E+00 -0.1816858441084066E+00
+0.2530658698980000E+02 -0.3312988875274613E+00 +0.2198078081574569E+00 -0.1758300778391562E+00
+0.2532926314301667E+02 -0.3221326838407051E+00 +0.2209562408322371E+00 -0.1716998699361958E+00
+0.2535193929623334E+02 -0.3123617538499682E+00 +0.2211285827446980E+00 -0.1695947103869508E+00
+0.2537461544945000E+02 -0.3025713153437747E+00 +0.2176327737694327E+00 -0.1684117852986338E+00
+0.2539729160266667E+02 -0.2970445086759065E+00 +0.2097762052158189E+00 -0.1652877069572856E+00
+0.2541996775588333E+02 -0.2970602489890556E+00 +0.2031242717145045E+00 -0.1592446709391486E+00
+0.2544264390910000E+02 -0.2978149943302144E+00 +0.1996590495782997E+00 -0.1523860900074119E+00
+0.2546532006231667E+02 -0.2971909942621891E+00 +0.1973891621105018E+00 -0.1462570456500292E+00
+0.2548799621553334E+02 -0.2953639033580280E+00 +0.1951950804049391E+00 -0.1409408891010877E+00
+0.2551067236875000E+02 -0.2928755479508309E+00 +0.1927439024690611E+00 -0.1362102853951992E+00
+0.2553334852196667E+02 -0.2900491924819174E+00 +0.1897711775917073E+00 -0.1318279231642236E+00
+0.2555602467518334E+02 -0.2867853976836745E+00 +0.1861178481083088E+00 -0.1274696275740139E+00
+0.2557870082840000E+02 -0.2828491826806305E+00 +0.1819411043114964E+00 -0.1228164699404961E+00
+0.2560137698161667E+02 -0.2781575324715837E+00 +0.1775576187717126E+00 -0.1176965978718350E+00
+0.2562405313483334E+02 -0.2727704559345514E+00 +0.1732549657328185E+00 -0.1120871690987737E+00
+0.2564672928805000E+02 -0.2668104285741871E+00 +0.1692545132916877E+00 -0.1060539468654726E+00
+0.2566940544126667E+02 -0.2604369290293154E+00 +0.1657313316710425E+00 -0.9971816522667853E-01
+0.2569208159448334E+02 -0.2538554152503303E+00 +0.1628141774495728E+00 -0.9325017370980837E-01
+0.2571475774770000E+02 -0.2473183416596855E+00 +0.1605585255748957E+00 -0.8686154568941906E-01
+0.2573743390091667E+02 -0.2410994868902571E+00 +0.1589112468779604E+00 -0.8077819575619904E-01
+0.2576011005413334E+02 -0.2354371356090465E+00 +0.1576887023225308E+00 -0.7519066531309826E-01
+0.2578278620735000E+02 -0.2304552479781547E+00 +0.1565940190571549E+00 -0.7019114348688138E-01
+0.2580546236056667E+02 -0.2260946776815385E+00 +0.1552947279820079E+00 -0.6572450355784598E-01
+0.2582813851378334E+02 -0.2221095338376892E+00 +0.1535505674102782E+00 -0.6159252459055264E-01
+0.2585081466700000E+02 -0.2181653202038526E+00 +0.1513237045496747E+00 -0.5753125361292910E-01
+0.2587349082021667E+02 -0.2139967508573953E+00 +0.1487873208868351E+00 -0.5332874279993649E-01
+0.2589616697343334E+02 -0.2095244724998139E+00 +0.1462178254306562E+00 -0.4891249536060038E-01
+0.2591884312665000E+02 -0.2048574693180522E+00 +0.1438423982235743E+00 -0.4435416920858049E-01
+0.2594151927986667E+02 -0.2001914292088547E+00 +0.1417432309089026E+00 -0.3979875600305460E-01
+0.2596419543308334E+02 -0.1956898256667935E+00 +0.1398690842561092E+00 -0.3537730539928852E-01
+0.2598687158630000E+02 -0.1914288843184606E+00 +0.1381109317525284E+00 -0.3115931001237682E-01
+0.2600954773951667E+02 -0.1874076455889744E+00 +0.1363689338222116E+00 -0.2715315395055029E-01
+0.2603222389273334E+02 -0.1835834077285837E+00 +0.1345869511155544E+00 -0.2333213308606119E-01
+0.2605490004595000E+02 -0.1799133145335180E+00 +0.1327611638411316E+00 -0.1966819792348584E-01
+0.2607757619916667E+02 -0.1763940931166131E+00 +0.1309220039382449E+00 -0.1616259216052551E-01
+0.2610025235238334E+02 -0.1730825637118942E+00 +0.1290897818825145E+00 -0.1285964299110676E-01
+0.2612292850560000E+02 -0.1700788910693944E+00 +0.1272200648457511E+00 -0.9830842143643270E-02
+0.2614560465881667E+02 -0.1674679816162199E+00 +0.1251669936936178E+00 -0.7126904345475804E-02
+0.2616828081203334E+02 -0.1652335144964401E+00 +0.1226948927400504E+00 -0.4711553175049676E-02
+0.2619095696525000E+02 -0.1631811974826947E+00 +0.1195625752780347E+00 -0.2410353407333199E-02
+0.2621363311846667E+02 -0.1609430194883593E+00 +0.1156793364576906E+00 +0.7036781937508341E-04
+0.2623630927168334E+02 -0.1581435127040121E+00 +0.1112302325629691E+00 +0.3018994208081605E-02
+0.2625898542490000E+02 -0.1546264240144718E+00 +0.1065846078002545E+00 +0.6571698815561966E-02
+0.2628166157811667E+02 -0.1504750769420805E+00 +0.1020626052986635E+00 +0.1068762693453529E-01
+0.2630433773133333E+02 -0.1458625097780719E+00 +0.9783978955337386E-01 +0.1523613396236378E-01
+0.2632701388455000E+02 -0.1409556855446229E+00 +0.9399226877966979E-01 +0.2007293428247126E-01
+0.2634969003776667E+02 -0.1359028568920507E+00 +0.9054380346426047E-01 +0.2506361344336161E-01
+0.2637236619098334E+02 -0.1308388730828538E+00 +0.8747843315372852E-01 +0.3008657642037182E-01
+0.2639504234420000E+02 -0.1258791768672372E+00 +0.8474048880644526E-01 +0.3503927542895913E-01
+0.2641771849741667E+02 -0.1211057666929585E+00 +0.8224069481996682E-01 +0.3984907828315021E-01
+0.2644039465063333E+02 -0.1165561646787915E+00 +0.7987136552691071E-01 +0.4448217471909754E-01
+0.2646307080385000E+02 -0.1122202857711890E+00 +0.7752490701432105E-01 +0.4894661095018493E-01
+0.2648574695706667E+02 -0.1080431163423821E+00 +0.7511152527888648E-01 +0.5328984380896606E-01
+0.2650842311028333E+02 -0.1039315872172400E+00 +0.7257823067198789E-01 +0.5759074686567123E-01
+0.2653109926350000E+02 -0.9977316821736767E-01 +0.6993097853402788E-01 +0.6194117689101397E-01
+0.2655377541671667E+02 -0.9547604550789723E-01 +0.6724469604980110E-01 +0.6641426671129247E-01
+0.2657645156993334E+02 -0.9101261983847465E-01 +0.6463588067313139E-01 +0.7103400216797151E-01
+0.2659912772315000E+02 -0.8642584161636403E-01 +0.6220952892825120E-01 +0.7576989224485264E-01
+0.2662180387636667E+02 -0.8179606042249449E-01 +0.6002612750342652E-01 +0.8055844081178665E-01
+0.2664448002958334E+02 -0.7720559577331372E-01 +0.5810537283310847E-01 +0.8532907128160094E-01
+0.2666715618280000E+02 -0.7272501059628902E-01 +0.5644725993557743E-01 +0.9001625850120276E-01
+0.2668983233601667E+02 -0.6842025377202600E-01 +0.5504908185641749E-01 +0.9455605726675120E-01
+0.2671250848923334E+02 -0.6436924804536823E-01 +0.5390719583531824E-01 +0.9887506818493974E-01
+0.2673518464245000E+02 -0.6067438046562675E-01 +0.5300283857494426E-01 +0.1028821595394320E+00
+0.2675786079566667E+02 -0.5746180588335086E-01 +0.5227991240641935E-01 +0.1064700478144632E+00
+0.2678053694888334E+02 -0.5486732868453496E-01 +0.5162521413283228E-01 +0.1095274205884647E+00
+0.2680321310210000E+02 -0.5301646368777414E-01 +0.5085622891280830E-01 +0.1119569264652361E+00
+0.2682588925531667E+02 -0.5200700356836405E-01 +0.4970909644038925E-01 +0.1136955751148697E+00
+0.2684856540853334E+02 -0.5188638856708333E-01 +0.4780410356549606E-01 +0.1147492616792456E+00
+0.2687124156175000E+02 -0.5256825868090351E-01 +0.4456681891579480E-01 +0.1152894350298466E+00
+0.2689391771496667E+02 -0.5354559583243285E-01 +0.3916904030989571E-01 +0.1158968603518765E+00
+0.2691659386818334E+02 -0.5329543652464973E-01 +0.3090480357894763E-01 +0.1178899584743310E+00
+0.2693927002140001E+02 -0.4925534357765193E-01 +0.2075234282652975E-01 +0.1229759250156425E+00
+0.2696194617461667E+02 -0.4058201570704645E-01 +0.1243791360861504E-01 +0.1314699605246360E+00
+0.2698462232783334E+02 -0.3044236435123035E-01 +0.8692863556935399E-02 +0.1413626417764691E+00
+0.2700729848105000E+02 -0.2214150389661542E-01 +0.8324500393571063E-02 +0.1503193685951825E+00
+0.2702997463426667E+02 -0.1639167965176165E-01 +0.9077520196015832E-02 +0.1575038888721281E+00
+0.2705265078748334E+02 -0.1264827636205191E-01 +0.9667244684126197E-02 +0.1631768103304059E+00
+0.2707532694070001E+02 -0.1030004761415919E-01 +0.9584718192134046E-02 +0.1678488207204302E+00
+0.2709800309391667E+02 -0.8913786919396658E-02 +0.8626353326532500E-02 +0.1720167885341682E+00
+0.2712067924713334E+02 -0.8176606673749361E-02 +0.6674973077089020E-02 +0.1760789529082054E+00
+0.2714335540035000E+02 -0.7816234003562534E-02 +0.3636941973605718E-02 +0.1807428224692892E+00
+0.2716603155356667E+02 -0.7548444421132710E-02 -0.5509874357589246E-03 +0.1870940457096861E+00
+0.2718870770678334E+02 -0.7067454668382444E-02 -0.5879334991899609E-02 +0.1947552151847356E+00
