# Macroscopic dielectric function epsm
#
# Momentum transfer Q=G+q in lattice cooridnates
# G:   0   0   0
# q:   0.0000000   0.0000000   0.0000000
# Momentum transfer Q=G+q in Cartesian cooridnates
# G:   0.0000000   0.0000000   0.0000000
# q:   0.0000000   0.0000000   0.0000000
# Norm2(G+q)   0.0000000
#
# Energy scale=   27.211384
# Used broadening in scaled energy units:    0.136057
#
# Number of k-points=      64
# Unit cell volume [au]=   76.761035
# Coulomb potential v(Q) [au]=          0.000000
#
#             Frequency                Re(epsm)                Im(epsm)       Re(epsm) form KKT
+0.0000000000000000E+00 +0.8119940409975531E+01 +0.0000000000000000E+00 +0.8088875382871059E+01
+0.2721138386000000E-01 +0.8120022621564630E+01 +0.8234178469568928E-03 +0.8088721135138812E+01
+0.5442276772000000E-01 +0.8120269271710725E+01 +0.1646990246766652E-02 +0.8088980854206817E+01
+0.8163415158000001E-01 +0.8120680406559131E+01 +0.2470871843005151E-02 +0.8089426583736589E+01
+0.1088455354400000E+00 +0.8121256103048660E+01 +0.3295217460808569E-02 +0.8089989922913507E+01
+0.1360569193000000E+00 +0.8121996468956533E+01 +0.4120182197939453E-02 +0.8090732760346370E+01
+0.1632683031600000E+00 +0.8122901642961370E+01 +0.4945921516196666E-02 +0.8091636081956533E+01
+0.1904796870200000E+00 +0.8123971794724344E+01 +0.5772591333284876E-02 +0.8092706072262857E+01
+0.2176910708800000E+00 +0.8125207124988458E+01 +0.6600348115260463E-02 +0.8093940666352967E+01
+0.2449024547400001E+00 +0.8126607865696343E+01 +0.7429348969671864E-02 +0.8095340786517827E+01
+0.2721138386000000E+00 +0.8128174280126402E+01 +0.8259751739513824E-02 +0.8096906459019632E+01
+0.2993252224600000E+00 +0.8129906663047752E+01 +0.9091715098117070E-02 +0.8098638044253931E+01
+0.3265366063200000E+00 +0.8131805340893983E+01 +0.9925398645096721E-02 +0.8100535844947746E+01
+0.3537479901800000E+00 +0.8133870671955997E+01 +0.1076096300348519E-01 +0.8102600224362428E+01
+0.3809593740400000E+00 +0.8136103046594226E+01 +0.1159856991817796E-01 +0.8104831569982597E+01
+0.4081707579000000E+00 +0.8138502887470434E+01 +0.1243838235582366E-01 +0.8107230304252990E+01
+0.4353821417600000E+00 +0.8141070649799444E+01 +0.1328056460629285E-01 +0.8109796881548688E+01
+0.4625935256200001E+00 +0.8143806821621066E+01 +0.1412528238586357E-01 +0.8112531789316799E+01
+0.4898049094800001E+00 +0.8146711924092628E+01 +0.1497270294226595E-01 +0.8115435548068255E+01
+0.5170162933400000E+00 +0.8149786511802436E+01 +0.1582299516173157E-01 +0.8118508711751137E+01
+0.5442276772000001E+00 +0.8153031173104690E+01 +0.1667632967819883E-01 +0.8121751868052728E+01
+0.5714390610600001E+00 +0.8156446530476019E+01 +0.1753287898482972E-01 +0.8125165638755547E+01
+0.5986504449200000E+00 +0.8160033240894538E+01 +0.1839281754799927E-01 +0.8128750680109979E+01
+0.6258618287800001E+00 +0.8163791996241438E+01 +0.1925632192392439E-01 +0.8132507683233328E+01
+0.6530732126400001E+00 +0.8167723523726067E+01 +0.2012357087810520E-01 +0.8136437374532175E+01
+0.6802845965000001E+00 +0.8171828586334804E+01 +0.2099474550775835E-01 +0.8140540516149160E+01
+0.7074959803600001E+00 +0.8176107983304384E+01 +0.2187002936742936E-01 +0.8144817906434792E+01
+0.7347073642200000E+00 +0.8180562550620467E+01 +0.2274960859797824E-01 +0.8149270380444008E+01
+0.7619187480800000E+00 +0.8185193161541868E+01 +0.2363367205914058E-01 +0.8153898810459172E+01
+0.7891301319400000E+00 +0.8190000727151423E+01 +0.2452241146587628E-01 +0.8158704106539219E+01
+0.8163415158000000E+00 +0.8194986196934098E+01 +0.2541602152872519E-01 +0.8163687217096227E+01
+0.8435528996600000E+00 +0.8200150559383184E+01 +0.2631470009840161E-01 +0.8168849129500067E+01
+0.8707642835200000E+00 +0.8205494842635462E+01 +0.2721864831486739E-01 +0.8174190870711918E+01
+0.8979756673800001E+00 +0.8211020115136233E+01 +0.2812807076113705E-01 +0.8179713507947483E+01
+0.9251870512400001E+00 +0.8216727486335111E+01 +0.2904317562207898E-01 +0.8185418149371147E+01
+0.9523984351000001E+00 +0.8222618107413652E+01 +0.2996417484848997E-01 +0.8191305944821590E+01
+0.9796098189600002E+00 +0.8228693172045833E+01 +0.3089128432673458E-01 +0.8197378086570383E+01
+0.1006821202820000E+01 +0.8234953917192541E+01 +0.3182472405425470E-01 +0.8203635810114442E+01
+0.1034032586680000E+01 +0.8241401623931171E+01 +0.3276471832127079E-01 +0.8210080395003398E+01
+0.1061243970540000E+01 +0.8248037618321739E+01 +0.3371149589901276E-01 +0.8216713165703371E+01
+0.1088455354400000E+01 +0.8254863272310548E+01 +0.3466529023483608E-01 +0.8223535492498385E+01
+0.1115666738260000E+01 +0.8261880004673118E+01 +0.3562633965459794E-01 +0.8230548792430593E+01
+0.1142878122120000E+01 +0.8269089281997559E+01 +0.3659488757268806E-01 +0.8237754530281155E+01
+0.1170089505980000E+01 +0.8276492619710108E+01 +0.3757118271013062E-01 +0.8245154219592841E+01
+0.1197300889840000E+01 +0.8284091583144280E+01 +0.3855547932119657E-01 +0.8252749423736265E+01
+0.1224512273700000E+01 +0.8291887788655533E+01 +0.3954803742898990E-01 +0.8260541757021432E+01
+0.1251723657560000E+01 +0.8299882904783114E+01 +0.4054912307049821E-01 +0.8268532885856278E+01
+0.1278935041420000E+01 +0.8308078653460930E+01 +0.4155900855162529E-01 +0.8276724529954144E+01
+0.1306146425280000E+01 +0.8316476811279669E+01 +0.4257797271275317E-01 +0.8285118463592086E+01
+0.1333357809140000E+01 +0.8325079210801992E+01 +0.4360630120541409E-01 +0.8293716516922414E+01
+0.1360569193000000E+01 +0.8333887741933271E+01 +0.4464428678068474E-01 +0.8302520577339180E+01
+0.1387780576860000E+01 +0.8342904353350047E+01 +0.4569222958995467E-01 +0.8311532590902498E+01
+0.1414991960720000E+01 +0.8352131053988764E+01 +0.4675043749875613E-01 +0.8320754563822605E+01
+0.1442203344580000E+01 +0.8361569914597364E+01 +0.4781922641438784E-01 +0.8330188564006894E+01
+0.1469414728440000E+01 +0.8371223069352535E+01 +0.4889892062810661E-01 +0.8339836722671794E+01
+0.1496626112300000E+01 +0.8381092717545457E+01 +0.4998985317271138E-01 +0.8349701236023485E+01
+0.1523837496160000E+01 +0.8391181125339216E+01 +0.5109236619639338E-01 +0.8359784367009512E+01
+0.1551048880020000E+01 +0.8401490627601053E+01 +0.5220681135378188E-01 +0.8370088447145118E+01
+0.1578260263880000E+01 +0.8412023629812865E+01 +0.5333355021517398E-01 +0.8380615878417480E+01
+0.1605471647740000E+01 +0.8422782610063765E+01 +0.5447295469499949E-01 +0.8391369135271617E+01
+0.1632683031600000E+01 +0.8433770121128255E+01 +0.5562540750064062E-01 +0.8402350766681497E+01
+0.1659894415460000E+01 +0.8444988792634387E+01 +0.5679130260279745E-01 +0.8413563398310597E+01
+0.1687105799320000E+01 +0.8456441333325893E+01 +0.5797104572867064E-01 +0.8425009734766554E+01
+0.1714317183180000E+01 +0.8468130533423135E+01 +0.5916505487931417E-01 +0.8436692561953301E+01
+0.1741528567040000E+01 +0.8480059267087505E+01 +0.6037376087260384E-01 +0.8448614749526888E+01
+0.1768739950900000E+01 +0.8492230494994374E+01 +0.6159760791336313E-01 +0.8460779253458949E+01
+0.1795951334760000E+01 +0.8504647267020172E+01 +0.6283705419229271E-01 +0.8473189118713824E+01
+0.1823162718620000E+01 +0.8517312725049109E+01 +0.6409257251546359E-01 +0.8485847482044829E+01
+0.1850374102480000E+01 +0.8530230105905817E+01 +0.6536465096625524E-01 +0.8498757574915476E+01
+0.1877585486340000E+01 +0.8543402744420256E+01 +0.6665379360175040E-01 +0.8511922726552758E+01
+0.1904796870200000E+01 +0.8556834076631757E+01 +0.6796052118574136E-01 +0.8525346367138331E+01
+0.1932008254060000E+01 +0.8570527643139586E+01 +0.6928537196065429E-01 +0.8539032031145737E+01
+0.1959219637920000E+01 +0.8584487092607565E+01 +0.7062890246086372E-01 +0.8552983360830677E+01
+0.1986431021780000E+01 +0.8598716185431186E+01 +0.7199168837004793E-01 +0.8567204109883077E+01
+0.2013642405640000E+01 +0.8613218797575833E+01 +0.7337432542542935E-01 +0.8581698147248890E+01
+0.2040853789500000E+01 +0.8627998924595509E+01 +0.7477743037195353E-01 +0.8596469461131885E+01
+0.2068065173360000E+01 +0.8643060685841904E+01 +0.7620164196968586E-01 +0.8611522163184105E+01
+0.2095276557220000E+01 +0.8658408328874401E+01 +0.7764762205795234E-01 +0.8626860492896499E+01
+0.2122487941080000E+01 +0.8674046234082338E+01 +0.7911605668001596E-01 +0.8642488822200090E+01
+0.2149699324940000E+01 +0.8689978919531354E+01 +0.8060765727237069E-01 +0.8658411660290302E+01
+0.2176910708800000E+01 +0.8706211046046844E+01 +0.8212316192304837E-01 +0.8674633658686417E+01
+0.2204122092660000E+01 +0.8722747422548037E+01 +0.8366333670367547E-01 +0.8691159616540386E+01
+0.2231333476520000E+01 +0.8739593011647317E+01 +0.8522897708039015E-01 +0.8707994486208797E+01
+0.2258544860380000E+01 +0.8756752935530452E+01 +0.8682090940913219E-01 +0.8725143379104212E+01
+0.2285756244240000E+01 +0.8774232482134373E+01 +0.8843999252126024E-01 +0.8742611571841760E+01
+0.2312967628100000E+01 +0.8792037111640346E+01 +0.9008711940593310E-01 +0.8760404512698866E+01
+0.2340179011960000E+01 +0.8810172463301676E+01 +0.9176321899621379E-01 +0.8778527828407451E+01
+0.2367390395820000E+01 +0.8828644362626399E+01 +0.9346925806643017E-01 +0.8796987331297967E+01
+0.2394601779680000E+01 +0.8847458828936931E+01 +0.9520624324895109E-01 +0.8815789026818306E+01
+0.2421813163540000E+01 +0.8866622083330153E+01 +0.9697522317922290E-01 +0.8834939121449398E+01
+0.2449024547400000E+01 +0.8886140557063353E+01 +0.9877729077866088E-01 +0.8854444031043929E+01
+0.2476235931260000E+01 +0.8906020900392926E+01 +0.1006135856858114E+00 +0.8874310389613669E+01
+0.2503447315120000E+01 +0.8926269991895289E+01 +0.1024852968471063E+00 +0.8894545058595833E+01
+0.2530658698980000E+01 +0.8946894948301122E+01 +0.1043936652795134E+00 +0.8915155136627785E+01
+0.2557870082840000E+01 +0.8967903134876840E+01 +0.1063399870184847E+00 +0.8936147969864958E+01
+0.2585081466700000E+01 +0.8989302176389709E+01 +0.1083256162657889E+00 +0.8957531162877029E+01
+0.2612292850560000E+01 +0.9011099968695643E+01 +0.1103519687531450E+00 +0.8979312590161410E+01
+0.2639504234420000E+01 +0.9033304690992125E+01 +0.1124205253390130E+00 +0.9001500408316025E+01
+0.2666715618280000E+01 +0.9055924818781815E+01 +0.1145328358575070E+00 +0.9024103068916020E+01
+0.2693927002140000E+01 +0.9078969137596181E+01 +0.1166905232401644E+00 +0.9047129332143479E+01
+0.2721138386000000E+01 +0.9102446757532398E+01 +0.1188952879332522E+00 +0.9070588281222657E+01
+0.2748349769860000E+01 +0.9126367128661396E+01 +0.1211489126354663E+00 +0.9094489337717604E+01
+0.2775561153720000E+01 +0.9150740057369227E+01 +0.1234532673832648E+00 +0.9118842277753991E+01
+0.2802772537580001E+01 +0.9175575723699739E+01 +0.1258103150137430E+00 +0.9143657249231744E+01
+0.2829983921440000E+01 +0.9200884699771866E+01 +0.1282221170379039E+00 +0.9168944790101078E+01
+0.2857195305300000E+01 +0.9226677969351265E+01 +0.1306908399604611E+00 +0.9194715847780261E+01
+0.2884406689160000E+01 +0.9252966948663003E+01 +0.1332187620859611E+00 +0.9220981799801121E+01
+0.2911618073020000E+01 +0.9279763508539586E+01 +0.1358082808550815E+00 +0.9247754475774224E+01
+0.2938829456880000E+01 +0.9307079998006820E+01 +0.1384619207595017E+00 +0.9275046180775682E+01
+0.2966040840740000E+01 +0.9334929269419462E+01 +0.1411823418888121E+00 +0.9302869720264974E+01
+0.2993252224600000E+01 +0.9363324705268539E+01 +0.1439723491686029E+00 +0.9331238426654448E+01
+0.3020463608460000E+01 +0.9392280246793554E+01 +0.1468349023552272E+00 +0.9360166187660500E+01
+0.3047674992320000E+01 +0.9421810424545125E+01 +0.1497731268598600E+00 +0.9389667476580874E+01
+0.3074886376180000E+01 +0.9451930391057392E+01 +0.1527903254824811E+00 +0.9419757384653186E+01
+0.3102097760040000E+01 +0.9482655955804436E+01 +0.1558899911454151E+00 +0.9450451655667109E+01
+0.3129309143900000E+01 +0.9514003622632192E+01 +0.1590758207262073E+00 +0.9481766723017198E+01
+0.3156520527760000E+01 +0.9545990629875629E+01 +0.1623517301010581E+00 +0.9513719749402835E+01
+0.3183731911620000E+01 +0.9578634993391997E+01 +0.1657218705229748E+00 +0.9546328669400921E+01
+0.3210943295480000E+01 +0.9611955552763844E+01 +0.1691906464734372E+00 +0.9579612235161086E+01
+0.3238154679340000E+01 +0.9645972020951463E+01 +0.1727627351429684E+00 +0.9613590065495790E+01
+0.3265366063200000E+01 +0.9680705037703058E+01 +0.1764431077148497E+00 +0.9648282698668478E+01
+0.3292577447060000E+01 +0.9716176227062972E+01 +0.1802370526476538E+00 +0.9683711649211595E+01
+0.3319788830920000E+01 +0.9752408259354509E+01 +0.1841502011767041E+00 +0.9719899469143380E+01
+0.3347000214780000E+01 +0.9789424918053790E+01 +0.1881885552824557E+00 +0.9756869813989649E+01
+0.3374211598640000E+01 +0.9827251172016702E+01 +0.1923585184057051E+00 +0.9794647514061449E+01
+0.3401422982500000E+01 +0.9865913253571364E+01 +0.1966669292260863E+00 +0.9833258651488975E+01
+0.3428634366360000E+01 +0.9905438743046183E+01 +0.2011210988623135E+00 +0.9872730643566115E+01
+0.3455845750220000E+01 +0.9945856660367474E+01 +0.2057288519009344E+00 +0.9913092333023936E+01
+0.3483057134080000E+01 +0.9987197564434048E+01 +0.2104985717160792E+00 +0.9954374085919897E+01
+0.3510268517940000E+01 +0.1002949366105780E+02 +0.2154392506070821E+00 +0.9996607897910648E+01
+0.3537479901800000E+01 +0.1007277892035314E+02 +0.2205605453554247E+00 +0.1003982750976372E+02
+0.3564691285660000E+01 +0.1011708920456355E+02 +0.2258728388890530E+00 +0.1008406853306764E+02
+0.3591902669520000E+01 +0.1016246240743388E+02 +0.2313873088428773E+00 +0.1012936858721222E+02
+0.3619114053380001E+01 +0.1020893860637403E+02 +0.2371160039218338E+00 +0.1017576744884522E+02
+0.3646325437240000E+01 +0.1025656022881557E+02 +0.2430719291104033E+00 +0.1022330721515697E+02
+0.3673536821100000E+01 +0.1030537223434154E+02 +0.2492691409337444E+00 +0.1027203248251793E+02
+0.3700748204960000E+01 +0.1035542231437378E+02 +0.2557228541652479E+00 +0.1032199054218637E+02
+0.3727959588820001E+01 +0.1040676111143648E+02 +0.2624495615989854E+00 +0.1037323159502584E+02
+0.3755170972680001E+01 +0.1045944246028376E+02 +0.2694671687700528E+00 +0.1042580898742777E+02
+0.3782382356540001E+01 +0.1051352365348899E+02 +0.2767951458196665E+00 +0.1047977947092591E+02
+0.3809593740400000E+01 +0.1056906573445115E+02 +0.2844546990753842E+00 +0.1053520348832576E+02
+0.3836805124260001E+01 +0.1062613382118615E+02 +0.2924689653628176E+00 +0.1059214548955989E+02
+0.3864016508120001E+01 +0.1068479746474981E+02 +0.3008632325995407E+00 +0.1065067428092606E+02
+0.3891227891980001E+01 +0.1074513104669350E+02 +0.3096651908643401E+00 +0.1071086341188188E+02
+0.3918439275840001E+01 +0.1080721422059822E+02 +0.3189052189101699E+00 +0.1077279160416639E+02
+0.3945650659700000E+01 +0.1087113240348362E+02 +0.3286167120282236E+00 +0.1083654322871098E+02
+0.3972862043560000E+01 +0.1093697732376363E+02 +0.3388364583124770E+00 +0.1090220883660493E+02
+0.4000073427420000E+01 +0.1100484763344262E+02 +0.3496050717684488E+00 +0.1096988575131178E+02
+0.4027284811280000E+01 +0.1107484959344256E+02 +0.3609674924199429E+00 +0.1103967873041598E+02
+0.4054496195140000E+01 +0.1114709784235189E+02 +0.3729735656738034E+00 +0.1111170070643603E+02
+0.4081707579000000E+01 +0.1122171626052944E+02 +0.3856787158092737E+00 +0.1118607361770245E+02
+0.4108918962860000E+01 +0.1129883894342266E+02 +0.3991447316996524E+00 +0.1126292934199446E+02
+0.4136130346720000E+01 +0.1137861130021944E+02 +0.4134406869244804E+00 +0.1134241074759506E+02
+0.4163341730580000E+01 +0.1146119129660101E+02 +0.4286440215190701E+00 +0.1142467287869417E+02
+0.4190553114440000E+01 +0.1154675086346355E+02 +0.4448418190358603E+00 +0.1150988429468107E+02
+0.4217764498300000E+01 +0.1163547749709307E+02 +0.4621323207574168E+00 +0.1159822858584670E+02
+0.4244975882160000E+01 +0.1172757608047787E+02 +0.4806267293352604E+00 +0.1168990609138367E+02
+0.4272187266020000E+01 +0.1182327096028237E+02 +0.5004513675449022E+00 +0.1178513584931399E+02
+0.4299398649880001E+01 +0.1192280831951789E+02 +0.5217502752084764E+00 +0.1188415781202561E+02
+0.4326610033740001E+01 +0.1202645889210818E+02 +0.5446883499518544E+00 +0.1198723536531875E+02
+0.4353821417600001E+01 +0.1213452107223944E+02 +0.5694551671270267E+00 +0.1209465819293158E+02
+0.4381032801460000E+01 +0.1224732447829737E+02 +0.5962696534174567E+00 +0.1220674553187686E+02
+0.4408244185320000E+01 +0.1236523403768824E+02 +0.6253858407915309E+00 +0.1232384986556980E+02
+0.4435455569180000E+01 +0.1248865466370442E+02 +0.6570999973852554E+00 +0.1244636109991739E+02
+0.4462666953040000E+01 +0.1261803659661034E+02 +0.6917595263494181E+00 +0.1257471125932134E+02
+0.4489878336900000E+01 +0.1275388147435252E+02 +0.7297741522754196E+00 +0.1270937971988549E+02
+0.4517089720760000E+01 +0.1289674917681117E+02 +0.7716300911625044E+00 +0.1285089895754526E+02
+0.4544301104620001E+01 +0.1304726543920543E+02 +0.8179081434900495E+00 +0.1299986071501682E+02
+0.4571512488480001E+01 +0.1320613013400628E+02 +0.8693069886482383E+00 +0.1315692235907600E+02
+0.4598723872340001E+01 +0.1337412593950443E+02 +0.9266734323824458E+00 +0.1332281296730705E+02
+0.4625935256200001E+01 +0.1355212678195593E+02 +0.9910420227994989E+00 +0.1349833828006896E+02
+0.4653146640060001E+01 +0.1374110484181353E+02 +0.1063687381489589E+01 +0.1368438295652211E+02
+0.4680358023920000E+01 +0.1394213384766167E+02 +0.1146193894429711E+01 +0.1388190737061194E+02
+0.4707569407780000E+01 +0.1415638447576833E+02 +0.1240549188722370E+01 +0.1409193410380974E+02
+0.4734780791640000E+01 +0.1438510426453821E+02 +0.1349270180507210E+01 +0.1431551569150609E+02
+0.4761992175500001E+01 +0.1462956834338347E+02 +0.1475573366892698E+01 +0.1455366894432268E+02
+0.4789203559360000E+01 +0.1489097631919668E+02 +0.1623603910144173E+01 +0.1480725040626120E+02
+0.4816414943220000E+01 +0.1517025111148010E+02 +0.1798738980509832E+01 +0.1507672918714866E+02
+0.4843626327080000E+01 +0.1546766121178308E+02 +0.2007974127727202E+01 +0.1536178317445876E+02
+0.4870837710940000E+01 +0.1578213009356327E+02 +0.2260372214034259E+01 +0.1566059826578966E+02
+0.4898049094800000E+01 +0.1611000877583274E+02 +0.2567466078355216E+01 +0.1596869123251190E+02
+0.4925260478660000E+01 +0.1644298897908753E+02 +0.2943277139482828E+01 +0.1627704328421597E+02
+0.4952471862520000E+01 +0.1676485347074323E+02 +0.3403093077171698E+01 +0.1656947255367431E+02
+0.4979683246380000E+01 +0.1704736144169906E+02 +0.3959199239809303E+01 +0.1681990305316575E+02
+0.5006894630240001E+01 +0.1724789211809658E+02 +0.4610847145780459E+01 +0.1699223646014248E+02
+0.5034106014100000E+01 +0.1731667727782445E+02 +0.5327847485801130E+01 +0.1704882770875769E+02
+0.5061317397960000E+01 +0.1722495881012649E+02 +0.6039083893342602E+01 +0.1697304463941832E+02
+0.5088528781820000E+01 +0.1700743972735991E+02 +0.6655941669704871E+01 +0.1679572283998701E+02
+0.5115740165680000E+01 +0.1676712429168247E+02 +0.7142040130001713E+01 +0.1659160271241229E+02
+0.5142951549540000E+01 +0.1660124669724451E+02 +0.7561343584982713E+01 +0.1642819935643747E+02
+0.5170162933400000E+01 +0.1651634975175129E+02 +0.8031957282282914E+01 +0.1630982194945259E+02
+0.5197374317260000E+01 +0.1642303646705452E+02 +0.8632640558471932E+01 +0.1617183764456813E+02
+0.5224585701120001E+01 +0.1620088248667790E+02 +0.9345142715148828E+01 +0.1592731679216242E+02
+0.5251797084980001E+01 +0.1578618525664515E+02 +0.1006207111990945E+02 +0.1553157643175607E+02
+0.5279008468840001E+01 +0.1522947965624548E+02 +0.1067113725789167E+02 +0.1501726775300595E+02
+0.5306219852700001E+01 +0.1464498014241699E+02 +0.1116593817630914E+02 +0.1445563379725544E+02
+0.5333431236560000E+01 +0.1407233643420856E+02 +0.1164859385528601E+02 +0.1386850151598136E+02
+0.5360642620420000E+01 +0.1341185251812466E+02 +0.1219754430494552E+02 +0.1318815421433290E+02
+0.5387854004280000E+01 +0.1251232110967716E+02 +0.1274370930505193E+02 +0.1231780198300646E+02
+0.5415065388140000E+01 +0.1133106940637351E+02 +0.1307713918400204E+02 +0.1124197029037710E+02
+0.5442276772000000E+01 +0.1002729943008877E+02 +0.1299603495498163E+02 +0.1008596919229693E+02
+0.5469488155860001E+01 +0.8882396677061983E+01 +0.1248092097346264E+02 +0.9058004365832669E+01
+0.5496699539720001E+01 +0.8105518978640042E+01 +0.1172168734188908E+02 +0.8316943948740082E+01
+0.5523910923580001E+01 +0.7712582925859995E+01 +0.1097885253040913E+02 +0.7883991332805516E+01
+0.5551122307440001E+01 +0.7561371169821772E+01 +0.1043087974946139E+02 +0.7657758383608829E+01
+0.5578333691300001E+01 +0.7459765667421214E+01 +0.1011446998483487E+02 +0.7491265037258225E+01
+0.5605545075160001E+01 +0.7263612614705686E+01 +0.9943685517454107E+01 +0.7270701407653058E+01
+0.5632756459020001E+01 +0.6938900145085664E+01 +0.9781008205140356E+01 +0.6962759402523750E+01
+0.5659967842880000E+01 +0.6551991719472435E+01 +0.9535812298048310E+01 +0.6606507691646443E+01
+0.5687179226740000E+01 +0.6183105488761941E+01 +0.9208745383587171E+01 +0.6257301530179519E+01
+0.5714390610600000E+01 +0.5859312826743827E+01 +0.8843560633304232E+01 +0.5939801499990323E+01
+0.5741601994460000E+01 +0.5563120065263130E+01 +0.8468391728640217E+01 +0.5646152764734244E+01
+0.5768813378320000E+01 +0.5266011056279097E+01 +0.8077802940996373E+01 +0.5358571230951976E+01
+0.5796024762180000E+01 +0.4956133668740742E+01 +0.7637545228133434E+01 +0.5071939211807292E+01
+0.5823236146040000E+01 +0.4657576249699829E+01 +0.7105553772525742E+01 +0.4807994567740784E+01
+0.5850447529900000E+01 +0.4429795086989319E+01 +0.6464232770129479E+01 +0.4613245363493604E+01
+0.5877658913760000E+01 +0.4338257518244524E+01 +0.5745837183560376E+01 +0.4536516915580420E+01
+0.5904870297620000E+01 +0.4411027888480036E+01 +0.5021228142425068E+01 +0.4599880949666614E+01
+0.5932081681480001E+01 +0.4626315877728033E+01 +0.4356951192110304E+01 +0.4789110163121368E+01
+0.5959293065340001E+01 +0.4937591603502072E+01 +0.3787387201067922E+01 +0.5068686135860566E+01
+0.5986504449200001E+01 +0.5300599306701113E+01 +0.3317411087352231E+01 +0.5401559614608004E+01
+0.6013715833060000E+01 +0.5684091111044222E+01 +0.2936433449505866E+01 +0.5759372163247773E+01
+0.6040927216920000E+01 +0.6069367869124823E+01 +0.2629211041274724E+01 +0.6123831014667033E+01
+0.6068138600780000E+01 +0.6446525216907366E+01 +0.2381105224393736E+01 +0.6484445408504997E+01
+0.6095349984640000E+01 +0.6811021161980102E+01 +0.2179846325829139E+01 +0.6835850261737269E+01
+0.6122561368500000E+01 +0.7161343151995085E+01 +0.2015726035670249E+01 +0.7175767845924413E+01
+0.6149772752360001E+01 +0.7497598267591258E+01 +0.1881247546440573E+01 +0.7503679749637730E+01
+0.6176984136220001E+01 +0.7820708602336531E+01 +0.1770669645003895E+01 +0.7820022887226829E+01
+0.6204195520080001E+01 +0.8131967261012569E+01 +0.1679596840217135E+01 +0.8125721878396947E+01
+0.6231406903940001E+01 +0.8432800212164054E+01 +0.1604652110222106E+01 +0.8421924416739627E+01
+0.6258618287800001E+01 +0.8724643231081119E+01 +0.1543228307605591E+01 +0.8709855544864730E+01
+0.6285829671660001E+01 +0.9008882420511007E+01 +0.1493303396470834E+01 +0.8990740519189078E+01
+0.6313041055520000E+01 +0.9286829479454642E+01 +0.1453304330357748E+01 +0.9265766858407238E+01
+0.6340252439380000E+01 +0.9559715682313048E+01 +0.1422007036723115E+01 +0.9536068571743646E+01
+0.6367463823240000E+01 +0.9828695683402461E+01 +0.1398462987342151E+01 +0.9802722783651127E+01
+0.6394675207100001E+01 +0.1009485625689043E+02 +0.1381945400047617E+01 +0.1006675314737136E+02
+0.6421886590960001E+01 +0.1035922731700731E+02 +0.1371910100928923E+01 +0.1032913685125515E+02
+0.6449097974820001E+01 +0.1062279381433326E+02 +0.1367967553990466E+01 +0.1059081341351763E+02
+0.6476309358680001E+01 +0.1088650780054872E+02 +0.1369863659021141E+01 +0.1085269426008539E+02
+0.6503520742540001E+01 +0.1115130033303674E+02 +0.1377467741562853E+01 +0.1111567252877615E+02
+0.6530732126400000E+01 +0.1141809308056786E+02 +0.1390766804808863E+01 +0.1138063277600197E+02
+0.6557943510260000E+01 +0.1168780955705055E+02 +0.1409865657565122E+01 +0.1164846034930093E+02
+0.6585154894120000E+01 +0.1196138587602528E+02 +0.1434993038990017E+01 +0.1192005015687023E+02
+0.6612366277980001E+01 +0.1223978077521701E+02 +0.1466514388794263E+01 +0.1219631440535287E+02
+0.6639577661840001E+01 +0.1252398436257869E+02 +0.1504952521343867E+01 +0.1247818854268636E+02
+0.6666789045700000E+01 +0.1281502448472430E+02 +0.1551018219477180E+01 +0.1276663403374629E+02
+0.6694000429560000E+01 +0.1311396862935745E+02 +0.1605653738456985E+01 +0.1306263552693102E+02
+0.6721211813420000E+01 +0.1342191750363685E+02 +0.1670093458261158E+01 +0.1336718810863583E+02
+0.6748423197280000E+01 +0.1373998325963829E+02 +0.1745947424845740E+01 +0.1368126711138658E+02
+0.6775634581140000E+01 +0.1406923964916748E+02 +0.1835315011336103E+01 +0.1400576735311693E+02
+0.6802845965000000E+01 +0.1441062121741548E+02 +0.1940936432597693E+01 +0.1434138913101941E+02
+0.6830057348860000E+01 +0.1476473070914451E+02 +0.2066386508700270E+01 +0.1468843241770909E+02
+0.6857268732720001E+01 +0.1513148338323260E+02 +0.2216300330230506E+01 +0.1504643599800672E+02
+0.6884480116580001E+01 +0.1550946958434510E+02 +0.2396575626649492E+01 +0.1541356559787371E+02
+0.6911691500440001E+01 +0.1589485973916915E+02 +0.2614379228896388E+01 +0.1578563170923197E+02
+0.6938902884300001E+01 +0.1627966788969468E+02 +0.2877513296282333E+01 +0.1615467614116971E+02
+0.6966114268160000E+01 +0.1664945785447920E+02 +0.3192175170113830E+01 +0.1650741806055647E+02
+0.6993325652020000E+01 +0.1698172352893920E+02 +0.3557529236552055E+01 +0.1682491472913311E+02
+0.7020537035880000E+01 +0.1724902253182298E+02 +0.3956185161594280E+01 +0.1708674652415223E+02
+0.7047748419740000E+01 +0.1743388808744841E+02 +0.4345458737721493E+01 +0.1728366349927784E+02
+0.7074959803600001E+01 +0.1755542086427683E+02 +0.4665957756125881E+01 +0.1743536834397836E+02
+0.7102171187460001E+01 +0.1768156112935492E+02 +0.4880209043707394E+01 +0.1759514296610988E+02
+0.7129382571320001E+01 +0.1789560551893613E+02 +0.5010646096127799E+01 +0.1782593941524775E+02
+0.7156593955180001E+01 +0.1824449085418861E+02 +0.5128121972533859E+01 +0.1816610271973204E+02
+0.7183805339040001E+01 +0.1872549971684299E+02 +0.5308009518300207E+01 +0.1861717637501679E+02
+0.7211016722900001E+01 +0.1930808059314135E+02 +0.5605406646644214E+01 +0.1915557610357659E+02
+0.7238228106760001E+01 +0.1995386681864597E+02 +0.6057805252654437E+01 +0.1974676847671547E+02
+0.7265439490620000E+01 +0.2062071247131829E+02 +0.6695693710897227E+01 +0.2034952715564964E+02
+0.7292650874480000E+01 +0.2125525009231333E+02 +0.7547710107899629E+01 +0.2091129309908420E+02
+0.7319862258340001E+01 +0.2178069202318188E+02 +0.8634731966626637E+01 +0.2136023079873673E+02
+0.7347073642200001E+01 +0.2208826131295396E+02 +0.9948143196824716E+01 +0.2160237402659689E+02
+0.7374285026060001E+01 +0.2205012129839572E+02 +0.1141174279529764E+02 +0.2153801764915340E+02
+0.7401496409920001E+01 +0.2157900032076511E+02 +0.1285156729684014E+02 +0.2111026153089048E+02
+0.7428707793780001E+01 +0.2072283372158346E+02 +0.1403751403945236E+02 +0.2036619346237615E+02
+0.7455919177640001E+01 +0.1968849945726520E+02 +0.1482531001527016E+02 +0.1946054397408938E+02
+0.7483130561500001E+01 +0.1870238527707993E+02 +0.1526388807927515E+02 +0.1856123852024044E+02
+0.7510341945360001E+01 +0.1784469091123979E+02 +0.1550712060454281E+02 +0.1774556514663497E+02
+0.7537553329220001E+01 +0.1706988532579141E+02 +0.1563737803320061E+02 +0.1700692378540705E+02
+0.7564764713080002E+01 +0.1635860197518416E+02 +0.1563510232212059E+02 +0.1634243068263820E+02
+0.7591976096940001E+01 +0.1577136523300923E+02 +0.1549849896531295E+02 +0.1578892259516525E+02
+0.7619187480800001E+01 +0.1535290554377562E+02 +0.1530416018020171E+02 +0.1537373843407278E+02
+0.7646398864660001E+01 +0.1506645049780447E+02 +0.1513084522415317E+02 +0.1507522244093379E+02
+0.7673610248520001E+01 +0.1484438630561670E+02 +0.1498632176171824E+02 +0.1485039412052777E+02
+0.7700821632380001E+01 +0.1466579912762385E+02 +0.1482239171021618E+02 +0.1468628600182819E+02
+0.7728033016240001E+01 +0.1458197204012074E+02 +0.1460660842439313E+02 +0.1461666390675545E+02
+0.7755244400100001E+01 +0.1466470785941379E+02 +0.1438335110075163E+02 +0.1468673751650705E+02
+0.7782455783960001E+01 +0.1492479100994239E+02 +0.1425577263465823E+02 +0.1490009310420542E+02
+0.7809667167820002E+01 +0.1528989915354950E+02 +0.1430599537426685E+02 +0.1520337685650533E+02
+0.7836878551680002E+01 +0.1566075150044274E+02 +0.1453937500831636E+02 +0.1552259744996180E+02
+0.7864089935540000E+01 +0.1598163553725774E+02 +0.1490518302402159E+02 +0.1580987307968966E+02
+0.7891301319400000E+01 +0.1625111404708927E+02 +0.1535944259836331E+02 +0.1605427944477656E+02
+0.7918512703260000E+01 +0.1648280513421011E+02 +0.1589034409986439E+02 +0.1626081479148915E+02
+0.7945724087120000E+01 +0.1668536915692340E+02 +0.1650741524689657E+02 +0.1643175311998116E+02
+0.7972935470980000E+01 +0.1685041464903725E+02 +0.1724263177948092E+02 +0.1655220139958993E+02
+0.8000146854840001E+01 +0.1692315237353738E+02 +0.1812869890133544E+02 +0.1657578928154231E+02
+0.8027358238700000E+01 +0.1681631493566234E+02 +0.1914603562571124E+02 +0.1643705813298076E+02
+0.8054569622560001E+01 +0.1646966472492472E+02 +0.2021545764038111E+02 +0.1608882434448565E+02
+0.8081781006420000E+01 +0.1587793477088121E+02 +0.2124113700902110E+02 +0.1552451974828730E+02
+0.8108992390280001E+01 +0.1507803718931986E+02 +0.2214242168657601E+02 +0.1477415501904126E+02
+0.8136203774140000E+01 +0.1413430580591521E+02 +0.2286218512333759E+02 +0.1389414434228587E+02
+0.8163415157999999E+01 +0.1313766565178259E+02 +0.2337568959257481E+02 +0.1296092223735325E+02
+0.8190626541860000E+01 +0.1219099959732978E+02 +0.2372440389621827E+02 +0.1205054668473486E+02
+0.8217837925720000E+01 +0.1133961627803493E+02 +0.2402981676589533E+02 +0.1118939893563794E+02
+0.8245049309580001E+01 +0.1050139805061835E+02 +0.2442196618302188E+02 +0.1031172225652519E+02
+0.8272260693440000E+01 +0.9487152852326657E+01 +0.2491773649923006E+02 +0.9281073521641401E+01
+0.8299472077300001E+01 +0.8127469620202470E+01 +0.2535077275658429E+02 +0.7984557366393999E+01
+0.8326683461160000E+01 +0.6426675305340339E+01 +0.2543112579425902E+02 +0.6442245701946710E+01
+0.8353894845020001E+01 +0.4626197030690579E+01 +0.2492179295332377E+02 +0.4845459166951344E+01
+0.8381106228880000E+01 +0.3093266840634640E+01 +0.2382166756459741E+02 +0.3471243473578612E+01
+0.8408317612740001E+01 +0.2088876003102293E+01 +0.2238017074780713E+02 +0.2523456687406466E+01
+0.8435528996600000E+01 +0.1635469599398624E+01 +0.2091230362010385E+02 +0.2038919937328935E+01
+0.8462740380460000E+01 +0.1596100140763515E+01 +0.1961992568141797E+02 +0.1927659153942389E+01
+0.8489951764320001E+01 +0.1817943167814576E+01 +0.1857841235567226E+02 +0.2065291642886926E+01
+0.8517163148180000E+01 +0.2174733188051071E+01 +0.1780988304697672E+02 +0.2335126020493364E+01
+0.8544374532040001E+01 +0.2537258165155698E+01 +0.1729796218181341E+02 +0.2626499732990529E+01
+0.8571585915900000E+01 +0.2794290665157288E+01 +0.1694758684686306E+02 +0.2856172658759546E+01
+0.8598797299760001E+01 +0.2937273876662690E+01 +0.1660422723126351E+02 +0.3019174047832017E+01
+0.8626008683620000E+01 +0.3088274517141394E+01 +0.1617266235366853E+02 +0.3197661105831116E+01
+0.8653220067480001E+01 +0.3389326334056886E+01 +0.1570930985199151E+02 +0.3486614727405868E+01
+0.8680431451340000E+01 +0.3867055186034718E+01 +0.1536282403599116E+02 +0.3905205939163994E+01
+0.8707642835200001E+01 +0.4422325852561936E+01 +0.1523961472615316E+02 +0.4384142845717561E+01
+0.8734854219060001E+01 +0.4923751144447976E+01 +0.1533681351100275E+02 +0.4825817876914849E+01
+0.8762065602920000E+01 +0.5299086717378303E+01 +0.1557874707809490E+02 +0.5167583534759393E+01
+0.8789276986780001E+01 +0.5544761644152083E+01 +0.1590316702650775E+02 +0.5391001608825347E+01
+0.8816488370640000E+01 +0.5655855703588220E+01 +0.1629369027068894E+02 +0.5482683802129667E+01
+0.8843699754500001E+01 +0.5584854719899389E+01 +0.1672156285792726E+02 +0.5410916394637470E+01
+0.8870911138360000E+01 +0.5290134179616466E+01 +0.1709313432280102E+02 +0.5154789793201394E+01
+0.8898122522220001E+01 +0.4804621241215342E+01 +0.1727539583715351E+02 +0.4749184034811396E+01
+0.8925333906080001E+01 +0.4252651905813614E+01 +0.1716734403149887E+02 +0.4296984827670221E+01
+0.8952545289940002E+01 +0.3809189816806061E+01 +0.1676077764904784E+02 +0.3937818454873216E+01
+0.8979756673800001E+01 +0.3624475284428930E+01 +0.1615853880895887E+02 +0.3790138063523335E+01
+0.9006968057660002E+01 +0.3751562576231291E+01 +0.1552906126286680E+02 +0.3899493072307219E+01
+0.9034179441520001E+01 +0.4135217965720154E+01 +0.1501976050631482E+02 +0.4229430487543118E+01
+0.9061390825380000E+01 +0.4666033225275649E+01 +0.1470013122234882E+02 +0.4697938911904357E+01
+0.9088602209240001E+01 +0.5246408026639249E+01 +0.1456290842767888E+02 +0.5226615486860362E+01
+0.9115813593100000E+01 +0.5828597061855859E+01 +0.1456681039497703E+02 +0.5769680622791710E+01
+0.9143024976960001E+01 +0.6402251023340265E+01 +0.1468514892692240E+02 +0.6308330402022206E+01
+0.9170236360820001E+01 +0.6953852817832819E+01 +0.1490992467898856E+02 +0.6827968810413362E+01
+0.9197447744680002E+01 +0.7460236913704357E+01 +0.1521898685329343E+02 +0.7313951895925090E+01
+0.9224659128540001E+01 +0.7922664727182432E+01 +0.1556717636791378E+02 +0.7770889923172917E+01
+0.9251870512400002E+01 +0.8388796048001211E+01 +0.1592337934962825E+02 +0.8233850239438402E+01
+0.9279081896260001E+01 +0.8923423587583612E+01 +0.1631133326649103E+02 +0.8748497839191050E+01
+0.9306293280120002E+01 +0.9559684256522086E+01 +0.1680082407909266E+02 +0.9339379086474004E+01
+0.9333504663980001E+01 +0.1028907504317771E+02 +0.1747240579408174E+02 +0.9997692250662324E+01
+0.9360716047840000E+01 +0.1107175556462374E+02 +0.1840794275882581E+02 +0.1068254343067181E+02
+0.9387927431700001E+01 +0.1182692867828833E+02 +0.1968921732854179E+02 +0.1131561259006952E+02
+0.9415138815560001E+01 +0.1242023916094883E+02 +0.2137538127429127E+02 +0.1177483952459725E+02
+0.9442350199420002E+01 +0.1266968425344455E+02 +0.2347206713698606E+02 +0.1189948865196289E+02
+0.9469561583280001E+01 +0.1235985131836056E+02 +0.2590420730768629E+02 +0.1150544615439542E+02
+0.9496772967140002E+01 +0.1126777303009684E+02 +0.2846989546835918E+02 +0.1042033353783739E+02
+0.9523984351000001E+01 +0.9262274886492403E+01 +0.3079180889751904E+02 +0.8567526148762166E+01
+0.9551195734860002E+01 +0.6469563757113921E+01 +0.3238821684828326E+02 +0.6075432413195497E+01
+0.9578407118720000E+01 +0.3329845660048411E+01 +0.3290361415423843E+02 +0.3303571426215139E+01
+0.9605618502580000E+01 +0.4308119312283678E+00 +0.3231215386251364E+02 +0.7230714960831938E+00
+0.9632829886440000E+01 -0.1739965724253071E+01 +0.3092008913576036E+02 -0.1266001627135358E+01
+0.9660041270300001E+01 -0.2950145015596071E+01 +0.2922763834524732E+02 -0.2466198382020126E+01
+0.9687252654160000E+01 -0.3269628816313623E+01 +0.2775361868366060E+02 -0.2925047297960820E+01
+0.9714464038020001E+01 -0.3012651076508906E+01 +0.2687194533369561E+02 -0.2892044209649178E+01
+0.9741675421880000E+01 -0.2609137570757488E+01 +0.2672653988115508E+02 -0.2720017873513641E+01
+0.9768886805739999E+01 -0.2479309849148819E+01 +0.2722334344696755E+02 -0.2756334753786143E+01
+0.9796098189600000E+01 -0.2917911038469931E+01 +0.2806197923887895E+02 -0.3240804601029486E+01
+0.9823309573460000E+01 -0.3983492729610259E+01 +0.2883799557036739E+02 -0.4225889034297313E+01
+0.9850520957320001E+01 -0.5486583529974636E+01 +0.2922642266993389E+02 -0.5574964484592829E+01
+0.9877732341180000E+01 -0.7127847930797742E+01 +0.2910421362187500E+02 -0.7054574051667101E+01
+0.9904943725040001E+01 -0.8636414836786461E+01 +0.2852496211125828E+02 -0.8439993078175814E+01
+0.9932155108900000E+01 -0.9830570083159175E+01 +0.2766673846785812E+02 -0.9583025011799030E+01
+0.9959366492760001E+01 -0.1068502854825623E+02 +0.2677016060311143E+02 -0.1045896112286273E+02
+0.9986577876620000E+01 -0.1133856994596483E+02 +0.2599830944297341E+02 -0.1115969592864099E+02
+0.1001378926048000E+02 -0.1195976587351174E+02 +0.2534813321454048E+02 -0.1180549656704960E+02
+0.1004100064434000E+02 -0.1261935029369374E+02 +0.2472561342838828E+02 -0.1245921185853969E+02
+0.1006821202820000E+02 -0.1330209820611877E+02 +0.2405577071945701E+02 -0.1311927463585652E+02
+0.1009542341206000E+02 -0.1396380158902827E+02 +0.2330394349178660E+02 -0.1375274212604218E+02
+0.1012263479592000E+02 -0.1455092547545882E+02 +0.2247383270378050E+02 -0.1431998293821691E+02
+0.1014984617978000E+02 -0.1503203874437590E+02 +0.2160851938537484E+02 -0.1479783608605977E+02
+0.1017705756364000E+02 -0.1541933534642536E+02 +0.2075337672110155E+02 -0.1519242470187685E+02
+0.1020426894750000E+02 -0.1574642293025925E+02 +0.1992632277149677E+02 -0.1552791592570020E+02
+0.1023148033136000E+02 -0.1604577775325741E+02 +0.1911690537922290E+02 -0.1582784583368295E+02
+0.1025869171522000E+02 -0.1632759897625279E+02 +0.1828982159506713E+02 -0.1609736113953951E+02
+0.1028590309908000E+02 -0.1656017575229307E+02 +0.1741623250836082E+02 -0.1631468291459950E+02
+0.1031311448294000E+02 -0.1669916825945151E+02 +0.1651179315902329E+02 -0.1645004991626658E+02
+0.1034032586680000E+02 -0.1673277689626266E+02 +0.1561866837473552E+02 -0.1649273994255578E+02
+0.1036753725066000E+02 -0.1667811033599906E+02 +0.1476552859695474E+02 -0.1645247043450349E+02
+0.1039474863452000E+02 -0.1655428021136496E+02 +0.1395959430303649E+02 -0.1634306083398168E+02
+0.1042196001838000E+02 -0.1636816871528357E+02 +0.1319829727724236E+02 -0.1617054200245151E+02
+0.1044917140224000E+02 -0.1611167692522064E+02 +0.1248438060108418E+02 -0.1593116351986873E+02
+0.1047638278610000E+02 -0.1577139728955553E+02 +0.1184141305358002E+02 -0.1561979724681214E+02
+0.1050359416996000E+02 -0.1535163121129498E+02 +0.1131751276947906E+02 -0.1524687720945102E+02
+0.1053080555382000E+02 -0.1489615781820718E+02 +0.1096790580491353E+02 -0.1485386643354177E+02
+0.1055801693768000E+02 -0.1449347189306597E+02 +0.1082346542690757E+02 -0.1451598098960906E+02
+0.1058522832154000E+02 -0.1426000663128766E+02 +0.1085660948830980E+02 -0.1432613421313198E+02
+0.1061243970540000E+02 -0.1429620897361370E+02 +0.1095687877856572E+02 -0.1435739241511830E+02
+0.1063965108926000E+02 -0.1461653987124861E+02 +0.1094479486929436E+02 -0.1461178957299698E+02
+0.1066686247312000E+02 -0.1509947535724549E+02 +0.1065728676830228E+02 -0.1499264019574499E+02
+0.1069407385698000E+02 -0.1553960676616836E+02 +0.1005961004008419E+02 -0.1534529541710563E+02
+0.1072128524084000E+02 -0.1577914033593501E+02 +0.9259060732054913E+01 -0.1554487036302983E+02
+0.1074849662470000E+02 -0.1577913643753251E+02 +0.8408798451726124E+01 -0.1554990782342802E+02
+0.1077570800856000E+02 -0.1558821286035984E+02 +0.7620948675001250E+01 -0.1538951332362945E+02
+0.1080291939242000E+02 -0.1528356811238361E+02 +0.6944991910577340E+01 -0.1512241728388575E+02
+0.1083013077628000E+02 -0.1493368865235125E+02 +0.6382320005168717E+01 -0.1480519711097311E+02
+0.1085734216014000E+02 -0.1458290536967000E+02 +0.5907328227597448E+01 -0.1447674746623707E+02
+0.1088455354400000E+02 -0.1424825222281871E+02 +0.5486307255447267E+01 -0.1415418544569811E+02
+0.1091176492786000E+02 -0.1392452089746444E+02 +0.5092883718753005E+01 -0.1383655421998542E+02
+0.1093897631172000E+02 -0.1359616884195305E+02 +0.4717322808739976E+01 -0.1351406565306601E+02
+0.1096618769558000E+02 -0.1325141372471723E+02 +0.4365682997210559E+01 -0.1317872518466736E+02
+0.1099339907944000E+02 -0.1289026583292853E+02 +0.4050243507894204E+01 -0.1283070116436520E+02
+0.1102061046330000E+02 -0.1252313839877502E+02 +0.3779137310418685E+01 -0.1247791659390279E+02
+0.1104782184716000E+02 -0.1216374261215870E+02 +0.3551123521811795E+01 -0.1213096928987836E+02
+0.1107503323102000E+02 -0.1182120755216106E+02 +0.3356996770115626E+01 -0.1179733354975062E+02
+0.1110224461488000E+02 -0.1149632122541022E+02 +0.3186265465565518E+01 -0.1147863035484327E+02
+0.1112945599874000E+02 -0.1118468995166979E+02 +0.3033823162111870E+01 -0.1117271151136159E+02
+0.1115666738260000E+02 -0.1088376159276442E+02 +0.2900760768449397E+01 -0.1087834675348246E+02
+0.1118387876646000E+02 -0.1059676464034577E+02 +0.2788891519229528E+01 -0.1059789414007816E+02
+0.1121109015032000E+02 -0.1032988055240507E+02 +0.2695038608670392E+01 -0.1033555495425743E+02
+0.1123830153418000E+02 -0.1008631006572726E+02 +0.2610659835114801E+01 -0.1009335527713162E+02
+0.1126551291804000E+02 -0.9862782671655157E+01 +0.2526223217977539E+01 -0.9868618544365956E+01
+0.1129272430190000E+02 -0.9650765234423409E+01 +0.2436633963246476E+01 -0.9654871697174174E+01
+0.1131993568576000E+02 -0.9441593207583468E+01 +0.2343661142329813E+01 -0.9445455407169113E+01
+0.1134714706962000E+02 -0.9231244767432683E+01 +0.2253391204624376E+01 -0.9236991966006709E+01
+0.1137435845348000E+02 -0.9021432444365384E+01 +0.2171565669227616E+01 -0.9030370051872348E+01
+0.1140156983734000E+02 -0.8817296331185029E+01 +0.2099518433092524E+01 -0.8828895171424973E+01
+0.1142878122120000E+02 -0.8622144184073818E+01 +0.2033116190786891E+01 -0.8634575955782175E+01
+0.1145599260506000E+02 -0.8433326195520531E+01 +0.1967311226778512E+01 -0.8445575781514355E+01
+0.1148320398892000E+02 -0.8244628773893250E+01 +0.1902134028113041E+01 -0.8257749094502248E+01
+0.1151041537278000E+02 -0.8052366634848777E+01 +0.1843214127883355E+01 -0.8068637140794694E+01
+0.1153762675664000E+02 -0.7858532812563118E+01 +0.1797601486609600E+01 -0.7879945040823186E+01
+0.1156483814050000E+02 -0.7670030972501255E+01 +0.1769613300916455E+01 -0.7697218170313253E+01
+0.1159204952436000E+02 -0.7495997081483509E+01 +0.1758286844771828E+01 -0.7527688235231254E+01
+0.1161926090822000E+02 -0.7344056324468735E+01 +0.1756780731632257E+01 -0.7377285600076949E+01
+0.1164647229208000E+02 -0.7216893085168189E+01 +0.1754273767472873E+01 -0.7247929760588478E+01
+0.1167368367594000E+02 -0.7110521846896344E+01 +0.1739478384567369E+01 -0.7136145813681658E+01
+0.1170089505980000E+02 -0.7014804775654692E+01 +0.1705036739655920E+01 -0.7033746847486823E+01
+0.1172810644366000E+02 -0.6917493850442765E+01 +0.1650852744841590E+01 -0.6930869361591928E+01
+0.1175531782752000E+02 -0.6809195288203552E+01 +0.1583013556948930E+01 -0.6819568234610990E+01
+0.1178252921138000E+02 -0.6685296155279318E+01 +0.1510704843738959E+01 -0.6695833248311375E+01
+0.1180974059524000E+02 -0.6546689097637978E+01 +0.1443744756448858E+01 -0.6560280039289818E+01
+0.1183695197910000E+02 -0.6399578854343460E+01 +0.1389144940812179E+01 -0.6417628460916247E+01
+0.1186416336296000E+02 -0.6252344125547019E+01 +0.1348142247687924E+01 -0.6274262271346298E+01
+0.1189137474682000E+02 -0.6110914787864619E+01 +0.1316526408778543E+01 -0.6134834203899725E+01
+0.1191858613068000E+02 -0.5975877240609677E+01 +0.1288434633115028E+01 -0.6000214594293522E+01
+0.1194579751454000E+02 -0.5843792752084372E+01 +0.1261040662723936E+01 -0.5868408687125651E+01
+0.1197300889840000E+02 -0.5711794787751058E+01 +0.1235792598845863E+01 -0.5737545550186701E+01
+0.1200022028226000E+02 -0.5580421159003143E+01 +0.1215118555278774E+01 -0.5607798852677478E+01
+0.1202743166612000E+02 -0.5451950768507772E+01 +0.1199075660350618E+01 -0.5480521649324778E+01
+0.1205464304998000E+02 -0.5327218102465263E+01 +0.1185525279425702E+01 -0.5356215680339038E+01
+0.1208185443384000E+02 -0.5204508831587118E+01 +0.1172808393913435E+01 -0.5233777855850215E+01
+0.1210906581770000E+02 -0.5081467130987464E+01 +0.1161948514558831E+01 -0.5111769516528960E+01
+0.1213627720156000E+02 -0.4958119780864708E+01 +0.1155818720917467E+01 -0.4990321880299375E+01
+0.1216348858542000E+02 -0.4837412696799271E+01 +0.1155789531255812E+01 -0.4871401794654074E+01
+0.1219069996928000E+02 -0.4722228300217444E+01 +0.1159730730498972E+01 -0.4756879877206176E+01
+0.1221791135314000E+02 -0.4612256479392810E+01 +0.1163902822875708E+01 -0.4646526646860916E+01
+0.1224512273700000E+02 -0.4504375919539881E+01 +0.1166379646034972E+01 -0.4538124337413743E+01
+0.1227233412086000E+02 -0.4395280421393788E+01 +0.1167966677643919E+01 -0.4429082534831761E+01
+0.1229954550472000E+02 -0.4282810707186185E+01 +0.1171102874695902E+01 -0.4317615068354399E+01
+0.1232675688858000E+02 -0.4166176000375566E+01 +0.1179227533981450E+01 -0.4203210948742340E+01
+0.1235396827244000E+02 -0.4046567617760204E+01 +0.1196350970912624E+01 -0.4087089729034211E+01
+0.1238117965630000E+02 -0.3927704835633088E+01 +0.1225736454896464E+01 -0.3972440169813527E+01
+0.1240839104016000E+02 -0.3815101485066796E+01 +0.1268137650566864E+01 -0.3863764558147165E+01
+0.1243560242402000E+02 -0.3714007352712033E+01 +0.1321007274989618E+01 -0.3765336314857675E+01
+0.1246281380788000E+02 -0.3627361991756071E+01 +0.1379691240324875E+01 -0.3679802047062928E+01
+0.1249002519174000E+02 -0.3555983210813744E+01 +0.1439583973720278E+01 -0.3608139133805437E+01
+0.1251723657560000E+02 -0.3500142159728962E+01 +0.1495803010925696E+01 -0.3550160986152621E+01
+0.1254444795946000E+02 -0.3457864413918124E+01 +0.1541461543458763E+01 -0.3503370957096937E+01
+0.1257165934332000E+02 -0.3421475009184441E+01 +0.1570542951762576E+01 -0.3461379276836212E+01
+0.1259887072718000E+02 -0.3379825387291540E+01 +0.1583769143198804E+01 -0.3415683906515630E+01
+0.1262608211104000E+02 -0.3325264815924539E+01 +0.1588939265148752E+01 -0.3360129785500288E+01
+0.1265329349490000E+02 -0.3256817017303378E+01 +0.1595319777367058E+01 -0.3293276523180813E+01
+0.1268050487876000E+02 -0.3177510111469123E+01 +0.1609092646003482E+01 -0.3216919521585857E+01
+0.1270771626262000E+02 -0.3089993291639517E+01 +0.1633428969323014E+01 -0.3133267370291009E+01
+0.1273492764648000E+02 -0.2995160994666747E+01 +0.1672527070090178E+01 -0.3044249738605537E+01
+0.1276213903034000E+02 -0.2896437577876052E+01 +0.1734334311952588E+01 -0.2954235047333488E+01
+0.1278935041420000E+02 -0.2804895192633524E+01 +0.1826671412099335E+01 -0.2873060860456021E+01
+0.1281656179806000E+02 -0.2738431628333223E+01 +0.1949611127772421E+01 -0.2815092433727985E+01
+0.1284377318192000E+02 -0.2714309207915926E+01 +0.2090699386603379E+01 -0.2793579599912680E+01
+0.1287098456578000E+02 -0.2739352784419026E+01 +0.2228007738378287E+01 -0.2813799129486721E+01
+0.1289819594964000E+02 -0.2806436710600553E+01 +0.2340860332937682E+01 -0.2870799476686576E+01
+0.1292540733350000E+02 -0.2901834270742735E+01 +0.2417620639198788E+01 -0.2953687840434903E+01
+0.1295261871736000E+02 -0.3012446313046439E+01 +0.2452359814116361E+01 -0.3050138820469552E+01
+0.1297983010122000E+02 -0.3123250208313900E+01 +0.2440997535192807E+01 -0.3146152299150305E+01
+0.1300704148508000E+02 -0.3215189998051293E+01 +0.2386321223365387E+01 -0.3225942943881179E+01
+0.1303425286894000E+02 -0.3272094116850515E+01 +0.2301961927455246E+01 -0.3276387694355180E+01
+0.1306146425280000E+02 -0.3287480883143128E+01 +0.2207535433508257E+01 -0.3291743956825612E+01
+0.1308867563666000E+02 -0.3264760330735200E+01 +0.2122361139023909E+01 -0.3274701031042470E+01
+0.1311588702052000E+02 -0.3215876214540760E+01 +0.2061793537956436E+01 -0.3235337691522147E+01
+0.1314309840438000E+02 -0.3159339787593804E+01 +0.2033030029544388E+01 -0.3188868087825621E+01
+0.1317030978824000E+02 -0.3115023935729258E+01 +0.2031421479820974E+01 -0.3151109927231800E+01
+0.1319752117210000E+02 -0.3095942869083412E+01 +0.2040430336356598E+01 -0.3131951065145832E+01
+0.1322473255596000E+02 -0.3099994496364094E+01 +0.2038822873320396E+01 -0.3129863978535143E+01
+0.1325194393982000E+02 -0.3110425043950171E+01 +0.2014609956551791E+01 -0.3133076199844318E+01
+0.1327915532368000E+02 -0.3109459205322539E+01 +0.1973113161179364E+01 -0.3128857182700742E+01
+0.1330636670754000E+02 -0.3092054268703704E+01 +0.1929047984043611E+01 -0.3112741595567302E+01
+0.1333357809140000E+02 -0.3065698987409497E+01 +0.1892208789385642E+01 -0.3089045068641497E+01
+0.1336078947526000E+02 -0.3039909339778506E+01 +0.1861460927389534E+01 -0.3064117524053929E+01
+0.1338800085912000E+02 -0.3017282222785416E+01 +0.1829408981163755E+01 -0.3039945843554981E+01
+0.1341521224298000E+02 -0.2992481648969090E+01 +0.1791141971610558E+01 -0.3013195819325536E+01
+0.1344242362684000E+02 -0.2958762140122221E+01 +0.1749528266975680E+01 -0.2979551669055347E+01
+0.1346963501070000E+02 -0.2915685089924950E+01 +0.1711762983036411E+01 -0.2938589300276033E+01
+0.1349684639456000E+02 -0.2868773569871781E+01 +0.1681082231558631E+01 -0.2893688704642005E+01
+0.1352405777842000E+02 -0.2822215181575409E+01 +0.1654466739745784E+01 -0.2847658202104626E+01
+0.1355126916228000E+02 -0.2774751519889977E+01 +0.1627821127029029E+01 -0.2799874562566654E+01
+0.1357848054614000E+02 -0.2722070407419889E+01 +0.1600771487331867E+01 -0.2747493684566354E+01
+0.1360569193000000E+02 -0.2660954645899043E+01 +0.1577143185926153E+01 -0.2688368002014580E+01
+0.1363290331386000E+02 -0.2591862684636030E+01 +0.1562750321922517E+01 -0.2623114814553538E+01
+0.1366011469772000E+02 -0.2519368215292459E+01 +0.1562377208011509E+01 -0.2555521874746463E+01
+0.1368732608158000E+02 -0.2450710268736000E+01 +0.1577156713589959E+01 -0.2491348316308927E+01
+0.1371453746544000E+02 -0.2392730030991544E+01 +0.1603108027361054E+01 -0.2435794016838437E+01
+0.1374174884930000E+02 -0.2347562945350891E+01 +0.1632403571766430E+01 -0.2390463166629170E+01
+0.1376896023316000E+02 -0.2310554723799014E+01 +0.1659167080542476E+01 -0.2352510460257331E+01
+0.1379617161702000E+02 -0.2275768246753233E+01 +0.1685115713731711E+01 -0.2318428886504853E+01
+0.1382338300088000E+02 -0.2244323904205039E+01 +0.1715720132291925E+01 -0.2288898724660012E+01
+0.1385059438474000E+02 -0.2222994809365438E+01 +0.1750314024314476E+01 -0.2267752083479994E+01
+0.1387780576860000E+02 -0.2213705946579416E+01 +0.1780639397684773E+01 -0.2255761327662769E+01
+0.1390501715246000E+02 -0.2208967934939647E+01 +0.1801107763740396E+01 -0.2248123312470803E+01
+0.1393222853632000E+02 -0.2200737016715772E+01 +0.1816386386801272E+01 -0.2239775578374638E+01
+0.1395943992018000E+02 -0.2190265537415382E+01 +0.1835535531320774E+01 -0.2231546709706878E+01
+0.1398665130404000E+02 -0.2186810443768093E+01 +0.1861515913969492E+01 -0.2229652859849009E+01
+0.1401386268790000E+02 -0.2198898814726765E+01 +0.1887267587118618E+01 -0.2239744930931712E+01
+0.1404107407176000E+02 -0.2226375117076989E+01 +0.1900122615713895E+01 -0.2261225413165476E+01
+0.1406828545562000E+02 -0.2259020477780306E+01 +0.1890583694819399E+01 -0.2286160917726538E+01
+0.1409549683948000E+02 -0.2281994202930338E+01 +0.1858522927646496E+01 -0.2303071114403262E+01
+0.1412270822334000E+02 -0.2283134411785069E+01 +0.1813959101914246E+01 -0.2302687975391050E+01
+0.1414991960720000E+02 -0.2259391327939432E+01 +0.1773510157087499E+01 -0.2283026770292074E+01
+0.1417713099106000E+02 -0.2220054219324255E+01 +0.1752609331702485E+01 -0.2251496761750905E+01
+0.1420434237492000E+02 -0.2183296837275503E+01 +0.1756733450334663E+01 -0.2222092559690293E+01
+0.1423155375878000E+02 -0.2167174800138228E+01 +0.1777290980492867E+01 -0.2208483102365262E+01
+0.1425876514264000E+02 -0.2179770990738701E+01 +0.1794614708421578E+01 -0.2216434959252040E+01
+0.1428597652650000E+02 -0.2213267116794438E+01 +0.1787424163176453E+01 -0.2239581637331378E+01
+0.1431318791036000E+02 -0.2246564186942688E+01 +0.1744957077933943E+01 -0.2261747547954860E+01
+0.1434039929422000E+02 -0.2256874107675002E+01 +0.1673395152324133E+01 -0.2265321328346070E+01
+0.1436761067808000E+02 -0.2231496168270366E+01 +0.1590963200262626E+01 -0.2239802305666763E+01
+0.1439482206194000E+02 -0.2170912943591618E+01 +0.1517665848715453E+01 -0.2184844930229677E+01
+0.1442203344580000E+02 -0.2084990446886346E+01 +0.1468271188592031E+01 -0.2108080793692317E+01
+0.1444924482966000E+02 -0.1987871245373242E+01 +0.1449945619991980E+01 -0.2021190674068205E+01
+0.1447645621352000E+02 -0.1893915209486998E+01 +0.1462565734359871E+01 -0.1936414335960470E+01
+0.1450366759738000E+02 -0.1815020514936409E+01 +0.1500147405062108E+01 -0.1864043026771297E+01
+0.1453087898124000E+02 -0.1758861017965835E+01 +0.1552501712959984E+01 -0.1810686403259272E+01
+0.1455809036510000E+02 -0.1727414689860813E+01 +0.1607147337628759E+01 -0.1777969857610178E+01
+0.1458530174896000E+02 -0.1715767895430070E+01 +0.1652218514964317E+01 -0.1761824658570037E+01
+0.1461251313282000E+02 -0.1712832030928876E+01 +0.1680995169319053E+01 -0.1753547550142469E+01
+0.1463972451668000E+02 -0.1706165354797078E+01 +0.1695371568790860E+01 -0.1743485096764190E+01
+0.1466693590054000E+02 -0.1688089514750538E+01 +0.1704371819404089E+01 -0.1725526089139266E+01
+0.1469414728440000E+02 -0.1658738777877570E+01 +0.1719132253894764E+01 -0.1699555964011149E+01
+0.1472135866826000E+02 -0.1625000239149207E+01 +0.1747316979694193E+01 -0.1670648321440450E+01
+0.1474857005212000E+02 -0.1595647161125971E+01 +0.1790299018567057E+01 -0.1645710914918655E+01
+0.1477578143598000E+02 -0.1577018311763161E+01 +0.1845532080653713E+01 -0.1630530451848881E+01
+0.1480299281984000E+02 -0.1573607474493705E+01 +0.1910225591694872E+01 -0.1629737723909803E+01
+0.1483020420370000E+02 -0.1591149994069499E+01 +0.1980848979901781E+01 -0.1648213486668483E+01
+0.1485741558756000E+02 -0.1635934564598470E+01 +0.2048844845738135E+01 -0.1690079999728239E+01
+0.1488462697142000E+02 -0.1708228590313747E+01 +0.2099713270555104E+01 -0.1754519152466038E+01
+0.1491183835528000E+02 -0.1797773609393902E+01 +0.2120425070727264E+01 -0.1833311901888198E+01
+0.1493904973914000E+02 -0.1888900950262317E+01 +0.2107109766098954E+01 -0.1914008644926554E+01
+0.1496626112300000E+02 -0.1968211772093501E+01 +0.2064186056385902E+01 -0.1985099468887165E+01
+0.1499347250686000E+02 -0.2026704160240724E+01 +0.2000150031712117E+01 -0.2038489508088453E+01
+0.1502068389072000E+02 -0.2059736557223931E+01 +0.1925867794173787E+01 -0.2070136332141106E+01
+0.1504789527458000E+02 -0.2068147388452967E+01 +0.1852959162019122E+01 -0.2080651255092278E+01
+0.1507510665844000E+02 -0.2058195181872539E+01 +0.1790628291349626E+01 -0.2075049929675407E+01
+0.1510231804230000E+02 -0.2039349223652413E+01 +0.1743306519817311E+01 -0.2061094747903969E+01
+0.1512952942616000E+02 -0.2021667414876857E+01 +0.1709703824196349E+01 -0.2046928986558130E+01
+0.1515674081002000E+02 -0.2012465045412117E+01 +0.1682676620029203E+01 -0.2038206093033606E+01
+0.1518395219388000E+02 -0.2012366299904770E+01 +0.1651817794406339E+01 -0.2035336893759968E+01
+0.1521116357774000E+02 -0.2014325079979097E+01 +0.1609291469002272E+01 -0.2033062663559219E+01
+0.1523837496160000E+02 -0.2007862299066368E+01 +0.1554624673252263E+01 -0.2023501732092664E+01
+0.1526558634546000E+02 -0.1985168383239233E+01 +0.1494527362170325E+01 -0.2000608585360346E+01
+0.1529279772932000E+02 -0.1944714696408918E+01 +0.1438849324121140E+01 -0.1963062276366775E+01
+0.1532000911318000E+02 -0.1891151242401204E+01 +0.1395826530527004E+01 -0.1914377894200572E+01
+0.1534722049704000E+02 -0.1832458729683740E+01 +0.1368978523680432E+01 -0.1860819966309593E+01
+0.1537443188090000E+02 -0.1776204404758114E+01 +0.1356668316446871E+01 -0.1808522374639431E+01
+0.1540164326476000E+02 -0.1726745333491999E+01 +0.1354055540275636E+01 -0.1761292749056002E+01
+0.1542885464862000E+02 -0.1684643178543295E+01 +0.1356069368153749E+01 -0.1720040821765084E+01
+0.1545606603248000E+02 -0.1648112059473728E+01 +0.1359534854589450E+01 -0.1683735758121458E+01
+0.1548327741634000E+02 -0.1615119889399229E+01 +0.1363499260674022E+01 -0.1650917259570126E+01
+0.1551048880020000E+02 -0.1584619460565179E+01 +0.1368078912440926E+01 -0.1620649174042601E+01
+0.1553770018406000E+02 -0.1556294915948526E+01 +0.1373309212190974E+01 -0.1592521960480177E+01
+0.1556491156792000E+02 -0.1529922152037964E+01 +0.1379060822151307E+01 -0.1566321413813621E+01
+0.1559212295178000E+02 -0.1505487175175386E+01 +0.1385275939386815E+01 -0.1542006631805017E+01
+0.1561933433564000E+02 -0.1483344565945201E+01 +0.1391313393863417E+01 -0.1519584773845063E+01
+0.1564654571950000E+02 -0.1462881422324410E+01 +0.1395470177828206E+01 -0.1498268400199685E+01
+0.1567375710336000E+02 -0.1441243067998893E+01 +0.1396864630585783E+01 -0.1475947437135633E+01
+0.1570096848722000E+02 -0.1415194955129767E+01 +0.1397907181150320E+01 -0.1450529674765484E+01
+0.1572817987108000E+02 -0.1384770359777498E+01 +0.1403369252301744E+01 -0.1422207642809830E+01
+0.1575539125494000E+02 -0.1354047331623157E+01 +0.1416173533071178E+01 -0.1393812279283317E+01
+0.1578260263880000E+02 -0.1327301869207567E+01 +0.1434786201245801E+01 -0.1368371894655178E+01
+0.1580981402266000E+02 -0.1305174605671677E+01 +0.1456029361567575E+01 -0.1346821910984078E+01
+0.1583702540652000E+02 -0.1286360746128992E+01 +0.1479277268706772E+01 -0.1328852144129583E+01
+0.1586423679038000E+02 -0.1271616186713437E+01 +0.1505600854663506E+01 -0.1315130179018213E+01
+0.1589144817424000E+02 -0.1263564246286869E+01 +0.1534066407453354E+01 -0.1307298564626450E+01
+0.1591865955810000E+02 -0.1263352673210228E+01 +0.1561093159893592E+01 -0.1305989637292907E+01
+0.1594587094196000E+02 -0.1268954299906943E+01 +0.1583035821586225E+01 -0.1309629300422099E+01
+0.1597308232582000E+02 -0.1276306840286758E+01 +0.1598655153710540E+01 -0.1315123446267290E+01
+0.1600029370968000E+02 -0.1281505756442158E+01 +0.1609823136422085E+01 -0.1319524228442870E+01
+0.1602750509354000E+02 -0.1282899708648474E+01 +0.1621020184362506E+01 -0.1321809986749117E+01
+0.1605471647740000E+02 -0.1283161522085703E+01 +0.1637235557130329E+01 -0.1324199162163210E+01
+0.1608192786126000E+02 -0.1288893654854716E+01 +0.1659737643668171E+01 -0.1331485101589157E+01
+0.1610913924512000E+02 -0.1305957429757760E+01 +0.1683747488073579E+01 -0.1347819700249414E+01
+0.1613635062898000E+02 -0.1334881640824540E+01 +0.1701465457893683E+01 -0.1373634535261581E+01
+0.1616356201284000E+02 -0.1371127873475979E+01 +0.1707135146841627E+01 -0.1405580866858644E+01
+0.1619077339670000E+02 -0.1408668647337436E+01 +0.1698931354920166E+01 -0.1438744231636714E+01
+0.1621798478056000E+02 -0.1442195203321320E+01 +0.1677577748126808E+01 -0.1468366302551446E+01
+0.1624519616442000E+02 -0.1466927300068352E+01 +0.1645416816278958E+01 -0.1490268877125680E+01
+0.1627240754828000E+02 -0.1479075791385577E+01 +0.1607178855458394E+01 -0.1501504680537122E+01
+0.1629961893214000E+02 -0.1478195729127310E+01 +0.1569476271063881E+01 -0.1501803088599121E+01
+0.1632683031600000E+02 -0.1468255917425815E+01 +0.1537395967463165E+01 -0.1493989174600794E+01
+0.1635404169986000E+02 -0.1454710835589532E+01 +0.1511217800930154E+01 -0.1481859880577064E+01
+0.1638125308372000E+02 -0.1439659569474411E+01 +0.1487470501855279E+01 -0.1467033934507048E+01
+0.1640846446758000E+02 -0.1420538779049301E+01 +0.1463984641918713E+01 -0.1448143108426989E+01
+0.1643567585144000E+02 -0.1394095004729071E+01 +0.1443091094499860E+01 -0.1423266750515925E+01
+0.1646288723530000E+02 -0.1360347728803382E+01 +0.1429510872786138E+01 -0.1392552610802925E+01
+0.1649009861916000E+02 -0.1322334275770995E+01 +0.1426990321700613E+01 -0.1358476053714288E+01
+0.1651731000302000E+02 -0.1284333608056789E+01 +0.1437623017260022E+01 -0.1324878648345873E+01
+0.1654452138688000E+02 -0.1251689184339333E+01 +0.1462109892518723E+01 -0.1296548782618161E+01
+0.1657173277074000E+02 -0.1230818127686099E+01 +0.1498523017966252E+01 -0.1278772073113821E+01
+0.1659894415460000E+02 -0.1227058721139061E+01 +0.1541029495344540E+01 -0.1275703399540710E+01
+0.1662615553846000E+02 -0.1241771808062262E+01 +0.1581348260236094E+01 -0.1288431502522624E+01
+0.1665336692232000E+02 -0.1271831708219535E+01 +0.1611982342569935E+01 -0.1314521441526338E+01
+0.1668057830618000E+02 -0.1311367165327822E+01 +0.1628379376120784E+01 -0.1349189952845718E+01
+0.1670778969004000E+02 -0.1353981479587516E+01 +0.1629385248686367E+01 -0.1387038067665332E+01
+0.1673500107390000E+02 -0.1394490343563154E+01 +0.1616266845034030E+01 -0.1423377121690815E+01
+0.1676221245776000E+02 -0.1429071118031449E+01 +0.1591067514505979E+01 -0.1454469209879379E+01
+0.1678942384162000E+02 -0.1454085644875132E+01 +0.1556371117464256E+01 -0.1477055488352092E+01
+0.1681663522548000E+02 -0.1466272922539877E+01 +0.1516822233878207E+01 -0.1488727995421542E+01
+0.1684384660934000E+02 -0.1465375156148133E+01 +0.1479222329205567E+01 -0.1489535031748672E+01
+0.1687105799320000E+02 -0.1455692842178306E+01 +0.1449287805520722E+01 -0.1482784222163205E+01
+0.1689826937706000E+02 -0.1443799404538694E+01 +0.1428354000260781E+01 -0.1473454252077741E+01
+0.1692548076092000E+02 -0.1434576486866751E+01 +0.1413393857089235E+01 -0.1465417660388556E+01
+0.1695269214478000E+02 -0.1429035867383204E+01 +0.1400048001464150E+01 -0.1459849354920199E+01
+0.1697990352864000E+02 -0.1425519092940947E+01 +0.1385680900417689E+01 -0.1455847469905595E+01
+0.1700711491250000E+02 -0.1422164016786422E+01 +0.1369685419470299E+01 -0.1451993847271519E+01
+0.1703432629636000E+02 -0.1417684262174312E+01 +0.1352205771033294E+01 -0.1447096296178756E+01
+0.1706153768022000E+02 -0.1410840124970496E+01 +0.1333689840791496E+01 -0.1440080304990229E+01
+0.1708874906408000E+02 -0.1400368908886980E+01 +0.1315523081056055E+01 -0.1430097334926706E+01
+0.1711596044794000E+02 -0.1386170506806088E+01 +0.1300292263871982E+01 -0.1417292078746579E+01
+0.1714317183180000E+02 -0.1370376299759235E+01 +0.1290381312104902E+01 -0.1403389404691711E+01
+0.1717038321566000E+02 -0.1356565732434929E+01 +0.1286001079577446E+01 -0.1391075299096688E+01
+0.1719759459952000E+02 -0.1347471344697928E+01 +0.1284648548014078E+01 -0.1382377952062674E+01
+0.1722480598338000E+02 -0.1343065059582246E+01 +0.1282785380663021E+01 -0.1377368781675310E+01
+0.1725201736724000E+02 -0.1340835957702496E+01 +0.1278443783634431E+01 -0.1374358991959471E+01
+0.1727922875110000E+02 -0.1338006911285569E+01 +0.1272584834256548E+01 -0.1371494562040674E+01
+0.1730644013496000E+02 -0.1334091132482219E+01 +0.1268281431209530E+01 -0.1368598071883341E+01
+0.1733365151882000E+02 -0.1331990285336069E+01 +0.1267983542530099E+01 -0.1367864119742229E+01
+0.1736086290268000E+02 -0.1336367623116164E+01 +0.1270821005936011E+01 -0.1372691349639374E+01
+0.1738807428654000E+02 -0.1350620992726677E+01 +0.1272194805443992E+01 -0.1385474670319219E+01
+0.1741528567040000E+02 -0.1374619154761644E+01 +0.1265346733562707E+01 -0.1405752026285866E+01
+0.1744249705426000E+02 -0.1403606325002875E+01 +0.1243929004407730E+01 -0.1429409097421231E+01
+0.1746970843812000E+02 -0.1428960381862863E+01 +0.1205310213978620E+01 -0.1449490611000520E+01
+0.1749691982198000E+02 -0.1441617621395466E+01 +0.1152739589482086E+01 -0.1458804812808149E+01
+0.1752413120584000E+02 -0.1436201800258226E+01 +0.1094080211343536E+01 -0.1452900598512009E+01
+0.1755134258970000E+02 -0.1412585868877646E+01 +0.1038119115808075E+01 -0.1431371440372480E+01
+0.1757855397356000E+02 -0.1374535821417539E+01 +0.9916209670362726E+00 -0.1397105364595247E+01
+0.1760576535742000E+02 -0.1327616459017443E+01 +0.9584803604981167E+00 -0.1354775902835099E+01
+0.1763297674128000E+02 -0.1277960421867506E+01 +0.9398869847060095E+00 -0.1309657074006441E+01
+0.1766018812514000E+02 -0.1231365854197126E+01 +0.9341911544454151E+00 -0.1266605457587828E+01
+0.1768739950900000E+02 -0.1191579031049190E+01 +0.9370483682279566E+00 -0.1228703799934728E+01
+0.1771461089286000E+02 -0.1158502551279140E+01 +0.9434570398500653E+00 -0.1196198880061818E+01
+0.1774182227672000E+02 -0.1128985681604783E+01 +0.9512531022890276E+00 -0.1167274966168024E+01
+0.1776903366058000E+02 -0.1100812007597938E+01 +0.9623898680833969E+00 -0.1140728506978569E+01
+0.1779624504444000E+02 -0.1075897190496089E+01 +0.9797790336691991E+00 -0.1118001851273948E+01
+0.1782345642830000E+02 -0.1058850709899275E+01 +0.1002984140481249E+01 -0.1102277980141678E+01
+0.1785066781216000E+02 -0.1052659156940647E+01 +0.1027665132248512E+01 -0.1095717870114959E+01
+0.1787787919602000E+02 -0.1056568095390503E+01 +0.1048854078517240E+01 -0.1097941750511638E+01
+0.1790509057988000E+02 -0.1067736366036945E+01 +0.1063611203847180E+01 -0.1106837391452714E+01
+0.1793230196374000E+02 -0.1083325315036583E+01 +0.1070789629875581E+01 -0.1119946271263468E+01
+0.1795951334760000E+02 -0.1100883905923500E+01 +0.1070040491598178E+01 -0.1134999746407618E+01
+0.1798672473146000E+02 -0.1118205277939746E+01 +0.1061563566087293E+01 -0.1149958456725725E+01
+0.1801393611532000E+02 -0.1133446717483444E+01 +0.1045965082479130E+01 -0.1163055778448769E+01
+0.1804114749918000E+02 -0.1145043649051824E+01 +0.1023918560628630E+01 -0.1172711377406863E+01
+0.1806835888304000E+02 -0.1151245559256420E+01 +0.9961378045253058E+00 -0.1177258812848355E+01
+0.1809557026690000E+02 -0.1149893319533895E+01 +0.9640122608647886E+00 -0.1174886024430867E+01
+0.1812278165076000E+02 -0.1139093123462966E+01 +0.9302011858165432E+00 -0.1164101202881046E+01
+0.1814999303462000E+02 -0.1118082599959136E+01 +0.8983334752655743E+00 -0.1144348013034122E+01
+0.1817720441848000E+02 -0.1087524039446363E+01 +0.8724534366648640E+00 -0.1116365638493040E+01
+0.1820441580234000E+02 -0.1049825634894469E+01 +0.8566013230047285E+00 -0.1082448423360800E+01
+0.1823162718620000E+02 -0.1009455721252920E+01 +0.8538628383487418E+00 -0.1046549416503675E+01
+0.1825883857006000E+02 -0.9724433045848950E+00 +0.8650409210769717E+00 -0.1013786008542947E+01
+0.1828604995392000E+02 -0.9448568501098886E+00 +0.8878246068953001E+00 -0.9892353625755181E+00
+0.1831326133778000E+02 -0.9309892505134389E+00 +0.9173377871589556E+00 -0.9766123760168008E+00
+0.1834047272164000E+02 -0.9327964839097360E+00 +0.9476436620290223E+00 -0.9776977049123803E+00
+0.1836768410550000E+02 -0.9503315327682924E+00 +0.9721254724125367E+00 -0.9922209114804250E+00
+0.1839489548936000E+02 -0.9804633716505726E+00 +0.9832450957995067E+00 -0.1016988397749045E+01
+0.1842210687322000E+02 -0.1014931568983373E+01 +0.9754726411723706E+00 -0.1045218269262126E+01
+0.1844931825708000E+02 -0.1043115009332364E+01 +0.9499871456438895E+00 -0.1068753352986918E+01
+0.1847652964094000E+02 -0.1058464876835327E+01 +0.9141819308007186E+00 -0.1082209262672034E+01
+0.1850374102480000E+02 -0.1060893903237908E+01 +0.8759211623668903E+00 -0.1084770494281121E+01
+0.1853095240866000E+02 -0.1053663985403792E+01 +0.8395484002694560E+00 -0.1078444066323841E+01
+0.1855816379252000E+02 -0.1039746317859486E+01 +0.8061452261312925E+00 -0.1065470306720779E+01
+0.1858537517638000E+02 -0.1020351564216508E+01 +0.7756482895139241E+00 -0.1047050430183172E+01
+0.1861258656024000E+02 -0.9954944434689493E+00 +0.7488040941780276E+00 -0.1023647800489814E+01
+0.1863979794410000E+02 -0.9657916490839572E+00 +0.7277294787136743E+00 -0.9961916365107772E+00
+0.1866700932796000E+02 -0.9339096925799184E+00 +0.7145578881790309E+00 -0.9669971635381389E+00
+0.1869422071182000E+02 -0.9040957184699556E+00 +0.7092526113217705E+00 -0.9393511713181495E+00
+0.1872143209568000E+02 -0.8797928965465682E+00 +0.7086456075424135E+00 -0.9158102033767741E+00
+0.1874864347954000E+02 -0.8611652834163759E+00 +0.7080254455494452E+00 -0.8965445037369910E+00
+0.1877585486340000E+02 -0.8450328381889447E+00 +0.7043710329504960E+00 -0.8793530048758162E+00
+0.1880306624726000E+02 -0.8275893174876571E+00 +0.6980909509610915E+00 -0.8614478511365922E+00
+0.1883027763112000E+02 -0.8068795352042468E+00 +0.6917993573336234E+00 -0.8412300895863105E+00
+0.1885748901498000E+02 -0.7830821458233741E+00 +0.6883950024041336E+00 -0.8187783392591177E+00
+0.1888470039884000E+02 -0.7579025711483236E+00 +0.6902217370460119E+00 -0.7955718530697575E+00
+0.1891191178270000E+02 -0.7343712563592790E+00 +0.6987102786534635E+00 -0.7742538125506775E+00
+0.1893912316656000E+02 -0.7167855120863561E+00 +0.7134826296333441E+00 -0.7583135887205468E+00
+0.1896633455042000E+02 -0.7095142936212099E+00 +0.7308653185074898E+00 -0.7508955256647099E+00
+0.1899354593428000E+02 -0.7138358823868312E+00 +0.7437835614143427E+00 -0.7525596040530254E+00
+0.1902075731814000E+02 -0.7253866654780396E+00 +0.7452675872231236E+00 -0.7598011605810917E+00
+0.1904796870200000E+02 -0.7360772279792414E+00 +0.7330238181437279E+00 -0.7664008392055868E+00
+0.1907518008586000E+02 -0.7387708703552700E+00 +0.7101583989074156E+00 -0.7665878036394016E+00
+0.1910239146972000E+02 -0.7299681045820532E+00 +0.6824196548944110E+00 -0.7571938974929400E+00
+0.1912960285358000E+02 -0.7096198993139464E+00 +0.6553668651781857E+00 -0.7378032694133156E+00
+0.1915681423744000E+02 -0.6796166029882651E+00 +0.6329694875857635E+00 -0.7097427855541876E+00
+0.1918402562130000E+02 -0.6422980105191891E+00 +0.6176379264315696E+00 -0.6749669191564540E+00
+0.1921123700516000E+02 -0.5997671991080163E+00 +0.6110455361602600E+00 -0.6354947322967703E+00
+0.1923844838902000E+02 -0.5541978703930531E+00 +0.6149197111094221E+00 -0.5935710756964676E+00
+0.1926565977288000E+02 -0.5087291593878598E+00 +0.6309889929921181E+00 -0.5522039534072574E+00
+0.1929287115674000E+02 -0.4678776872269624E+00 +0.6599173823210290E+00 -0.5153590352429662E+00
+0.1932008254060000E+02 -0.4367753583209144E+00 +0.7001420083003268E+00 -0.4873537930311085E+00
+0.1934729392446000E+02 -0.4196419901916136E+00 +0.7476178307957027E+00 -0.4717074543896769E+00
+0.1937450530832000E+02 -0.4184838217187100E+00 +0.7967042255842195E+00 -0.4701335956143635E+00
+0.1940171669218000E+02 -0.4326878299299097E+00 +0.8415103619066192E+00 -0.4821330097384118E+00
+0.1942892807604000E+02 -0.4591650497858490E+00 +0.8770964630598905E+00 -0.5051263894836482E+00
+0.1945613945990000E+02 -0.4930300307180356E+00 +0.9009302765230028E+00 -0.5352396909329815E+00
+0.1948335084376000E+02 -0.5299762809507564E+00 +0.9138202829215005E+00 -0.5690908827888206E+00
+0.1951056222762000E+02 -0.5690777453107846E+00 +0.9176869878550105E+00 -0.6053855459251787E+00
+0.1953777361148000E+02 -0.6115199983103032E+00 +0.9112228197036008E+00 -0.6438664489442492E+00
+0.1956498499534000E+02 -0.6552312974239721E+00 +0.8896168118195236E+00 -0.6820482796236647E+00
+0.1959219637920000E+02 -0.6925473822764010E+00 +0.8501484407736841E+00 -0.7139350453179154E+00
+0.1961940776306000E+02 -0.7146771715010812E+00 +0.7966303860694348E+00 -0.7328254330419091E+00
+0.1964661914692000E+02 -0.7172167591368837E+00 +0.7375100974346905E+00 -0.7350348152250010E+00
+0.1967383053078000E+02 -0.7012276369268653E+00 +0.6812170687331233E+00 -0.7210206239487571E+00
+0.1970104191464000E+02 -0.6710575537906276E+00 +0.6333042294936991E+00 -0.6940410343483048E+00
+0.1972825329850000E+02 -0.6316984038429790E+00 +0.5960216408324090E+00 -0.6581572032812302E+00
+0.1975546468236000E+02 -0.5870187213050074E+00 +0.5694228833664634E+00 -0.6168004364035424E+00
+0.1978267606622000E+02 -0.5393802696138239E+00 +0.5530028591197771E+00 -0.5723797738753533E+00
+0.1980988745008000E+02 -0.4904717522622185E+00 +0.5467434924688013E+00 -0.5267774867545383E+00
+0.1983709883394000E+02 -0.4423358021968368E+00 +0.5510141535268518E+00 -0.4820589735787206E+00
+0.1986431021780000E+02 -0.3978177235815786E+00 +0.5658582732484204E+00 -0.4408313906902281E+00
+0.1989152160166000E+02 -0.3604399267055323E+00 +0.5900789388442196E+00 -0.4060600678518285E+00
+0.1991873298552000E+02 -0.3333438817844556E+00 +0.6203909955274383E+00 -0.3801861363008072E+00
+0.1994594436938000E+02 -0.3173997647475745E+00 +0.6518896732982155E+00 -0.3638638089447033E+00
+0.1997315575324000E+02 -0.3104195648683697E+00 +0.6803422453999994E+00 -0.3555285433223125E+00
+0.2000036713710000E+02 -0.3087790792423828E+00 +0.7041598225588500E+00 -0.3524757549824100E+00
+0.2002757852096000E+02 -0.3096767156461536E+00 +0.7241731544296510E+00 -0.3524628190636729E+00
+0.2005478990482000E+02 -0.3121794417166286E+00 +0.7422110370154079E+00 -0.3546396722038641E+00
+0.2008200128868000E+02 -0.3172883973536840E+00 +0.7595985089724300E+00 -0.3595934773299412E+00
+0.2010921267254000E+02 -0.3269103544582947E+00 +0.7756825192057677E+00 -0.3684625695319208E+00
+0.2013642405640000E+02 -0.3415630368229940E+00 +0.7878075132906374E+00 -0.3814152654643004E+00
+0.2016363544026000E+02 -0.3592181358324025E+00 +0.7937288711545235E+00 -0.3970140616359026E+00
+0.2019084682412000E+02 -0.3773342337041430E+00 +0.7935833640287123E+00 -0.4134184053036147E+00
+0.2021805820798000E+02 -0.3951977612687436E+00 +0.7884289269564101E+00 -0.4297433968961286E+00
+0.2024526959184000E+02 -0.4130685722206203E+00 +0.7777921113598592E+00 -0.4456067393372865E+00
+0.2027248097570000E+02 -0.4296295332719308E+00 +0.7597564663800642E+00 -0.4595557717465657E+00
+0.2029969235956000E+02 -0.4409192228009997E+00 +0.7335301128615832E+00 -0.4684860551784784E+00
+0.2032690374342000E+02 -0.4424118009002059E+00 +0.7019498062508176E+00 -0.4691257831137929E+00
+0.2035411512728000E+02 -0.4325896473883041E+00 +0.6707115019903567E+00 -0.4603569054627987E+00
+0.2038132651114000E+02 -0.4139939648260194E+00 +0.6448553131688899E+00 -0.4439768988062756E+00
+0.2040853789500000E+02 -0.3910361713994397E+00 +0.6262700398433134E+00 -0.4233005899201037E+00
+0.2043574927886000E+02 -0.3671894921128358E+00 +0.6139852588682004E+00 -0.4011724260682779E+00
+0.2046296066272000E+02 -0.3438020428618346E+00 +0.6061583871224142E+00 -0.3789922207947500E+00
+0.2049017204658000E+02 -0.3207708547713671E+00 +0.6017992541076846E+00 -0.3570757113450878E+00
+0.2051738343044000E+02 -0.2979970607770859E+00 +0.6012491345700883E+00 -0.3356858813552457E+00
+0.2054459481430000E+02 -0.2765920380538135E+00 +0.6054309983000783E+00 -0.3159018391735926E+00
+0.2057180619816000E+02 -0.2590515516026673E+00 +0.6143983818459267E+00 -0.2997161693213808E+00
+0.2059901758202000E+02 -0.2481793336293128E+00 +0.6261903877689037E+00 -0.2892165629732353E+00
+0.2062622896588000E+02 -0.2453433500489554E+00 +0.6368321822885633E+00 -0.2852841900829632E+00
+0.2065344034974000E+02 -0.2490838050755496E+00 +0.6417676149332259E+00 -0.2866243477735160E+00
+0.2068065173360000E+02 -0.2552455914859723E+00 +0.6380947527120922E+00 -0.2899210681277817E+00
+0.2070786311746000E+02 -0.2587973747986567E+00 +0.6259969715366157E+00 -0.2911659672891658E+00
+0.2073507450132000E+02 -0.2560003648343061E+00 +0.6084493993055931E+00 -0.2873099459133521E+00
+0.2076228588518000E+02 -0.2457348148616602E+00 +0.5896834624128142E+00 -0.2773201299284118E+00
+0.2078949726904000E+02 -0.2294923189794938E+00 +0.5732353445143508E+00 -0.2621960539374915E+00
+0.2081670865290000E+02 -0.2101079451757135E+00 +0.5606163626509988E+00 -0.2440468322594613E+00
+0.2084392003676000E+02 -0.1901124289040612E+00 +0.5511932259303370E+00 -0.2248163736270763E+00
+0.2087113142062000E+02 -0.1704530424436589E+00 +0.5430882678689052E+00 -0.2052898967102414E+00
+0.2089834280448000E+02 -0.1501685061670051E+00 +0.5348111835077867E+00 -0.1849020114759050E+00
+0.2092555418834000E+02 -0.1275629750867832E+00 +0.5265799602025030E+00 -0.1625486910993863E+00
+0.2095276557220000E+02 -0.1018648702585783E+00 +0.5200476949314600E+00 -0.1377240415112033E+00
+0.2097997695606000E+02 -0.7383236453507649E-01 +0.5170189309869880E+00 -0.1110363746233183E+00
+0.2100718833992000E+02 -0.4531783982253841E-01 +0.5183871269382082E+00 -0.8394103816574394E-01
+0.2103439972378000E+02 -0.1837408436924019E-01 +0.5236751440962232E+00 -0.5805187893328179E-01
+0.2106161110764000E+02 +0.5696662295671673E-02 +0.5312538231497427E+00 -0.3441047680672260E-01
+0.2108882249150000E+02 +0.2687753748216526E-01 +0.5391505242641861E+00 -0.1307984779826610E-01
+0.2111603387536000E+02 +0.4623423418381434E-01 +0.5459357621086280E+00 +0.6737358418386963E-02
+0.2114324525922000E+02 +0.6526347398804540E-01 +0.5511122582286352E+00 +0.2624015333443996E-01
+0.2117045664308000E+02 +0.8535691765788340E-01 +0.5550465283514346E+00 +0.4656838622269988E-01
+0.2119766802694000E+02 +0.1073906008914250E+00 +0.5587950642612471E+00 +0.6842775288829139E-01
+0.2122487941080000E+02 +0.1313370864562226E+00 +0.5636314835521506E+00 +0.9184284699112166E-01
+0.2125209079466000E+02 +0.1564053709393426E+00 +0.5703020702321039E+00 +0.1162781038599212E+00
+0.2127930217852000E+02 +0.1817276687888813E+00 +0.5787178835363082E+00 +0.1411059249624107E+00
+0.2130651356238000E+02 +0.2069155607131113E+00 +0.5882471341527127E+00 +0.1660373164599728E+00
+0.2133372494624000E+02 +0.2322224059148484E+00 +0.5981709447545763E+00 +0.1912861592021384E+00
+0.2136093633010000E+02 +0.2584324341267600E+00 +0.6080563220617723E+00 +0.2175071283024863E+00
+0.2138814771396000E+02 +0.2866531926443787E+00 +0.6179254089875426E+00 +0.2456502811430656E+00
+0.2141535909782000E+02 +0.3182344390759153E+00 +0.6284110332263598E+00 +0.2768142726828272E+00
+0.2144257048168000E+02 +0.3544454735810432E+00 +0.6411359790912095E+00 +0.3119131642498825E+00
+0.2146978186554000E+02 +0.3956538078241688E+00 +0.6586775149562728E+00 +0.3511088028149769E+00
+0.2149699324940000E+02 +0.4408010217062903E+00 +0.6837857241628295E+00 +0.3934383221608369E+00
+0.2152420463326000E+02 +0.4876103137353783E+00 +0.7185188671785703E+00 +0.4369476062699736E+00
+0.2155141601712000E+02 +0.5332849050658082E+00 +0.7637777043417129E+00 +0.4792143305207111E+00
+0.2157862740098000E+02 +0.5753124217344822E+00 +0.8195512455667160E+00 +0.5178920654393622E+00
+0.2160583878484000E+02 +0.6115639164484632E+00 +0.8857683367096387E+00 +0.5507530651940173E+00
+0.2163305016870000E+02 +0.6393554974600518E+00 +0.9626232154587282E+00 +0.5751295321741140E+00
+0.2166026155256000E+02 +0.6546807394880780E+00 +0.1049525494120347E+01 +0.5875204037751794E+00
+0.2168747293642000E+02 +0.6528901702450020E+00 +0.1143696486976780E+01 +0.5840978378801001E+00
+0.2171468432028000E+02 +0.6301590488809965E+00 +0.1239724223192809E+01 +0.5618726029733332E+00
+0.2174189570414000E+02 +0.5851225298450217E+00 +0.1329696917032227E+01 +0.5201729303878440E+00
+0.2176910708800000E+02 +0.5212410567133339E+00 +0.1404846979478640E+01 +0.4621040323913067E+00
+0.2179631847186000E+02 +0.4468263241301557E+00 +0.1460156147228409E+01 +0.3940615501399334E+00
+0.2182352985572000E+02 +0.3698286913527456E+00 +0.1496776309099514E+01 +0.3224219312068625E+00
+0.2185074123958000E+02 +0.2938460773582424E+00 +0.1517881557646851E+01 +0.2510520917318951E+00
+0.2187795262344000E+02 +0.2206713068096502E+00 +0.1524580131295854E+01 +0.1824283445958502E+00
+0.2190516400730000E+02 +0.1536756735913237E+00 +0.1517265107244143E+01 +0.1196342220116450E+00
+0.2193237539116000E+02 +0.9740363068508390E-01 +0.1498434424916081E+01 +0.6627873282258268E-01
+0.2195958677502000E+02 +0.5512520170844309E-01 +0.1473613365862765E+01 +0.2476827185732866E-01
+0.2198679815888000E+02 +0.2630474412859113E-01 +0.1449820095503739E+01 -0.5401889602150378E-02
+0.2201400954274000E+02 +0.6321980409428690E-02 +0.1432194164266544E+01 -0.2776513516453005E-01
+0.2204122092660000E+02 -0.1101645953153924E-01 +0.1421764584573512E+01 -0.4713045352562673E-01
+0.2206843231046000E+02 -0.3050080287262277E-01 +0.1415652340950838E+01 -0.6725621706396612E-01
+0.2209564369432000E+02 -0.5329562112032063E-01 +0.1408836762828090E+01 -0.8906309723496064E-01
+0.2212285507818000E+02 -0.7601695160224153E-01 +0.1397531113296643E+01 -0.1102494163499872E+00
+0.2215006646204000E+02 -0.9340893055262839E-01 +0.1382968322840624E+01 -0.1274177896303317E+00
+0.2217727784590000E+02 -0.1038400004903842E+00 +0.1370939715892801E+01 -0.1396825675623119E+00
+0.2220448922976000E+02 -0.1116655194087785E+00 +0.1366528983231285E+01 -0.1502573599778021E+00
+0.2223170061362000E+02 -0.1241637074606293E+00 +0.1369459080206817E+01 -0.1643976688183924E+00
+0.2225891199748000E+02 -0.1461540671666613E+00 +0.1373777479224020E+01 -0.1855907796011751E+00
+0.2228612338134000E+02 -0.1765627465029509E+00 +0.1372018901608941E+01 -0.2131852100040423E+00
+0.2231333476520000E+02 -0.2101096408665931E+00 +0.1360122143374888E+01 -0.2433694236195949E+00
+0.2234054614906000E+02 -0.2417118619260427E+00 +0.1337975684132586E+01 -0.2718867894841217E+00
+0.2236775753292000E+02 -0.2677819745479489E+00 +0.1306495738271400E+01 -0.2951328292121402E+00
+0.2239496891678000E+02 -0.2841742925888547E+00 +0.1266975543933415E+01 -0.3094314658238329E+00
+0.2242218030064000E+02 -0.2862368158379463E+00 +0.1223573279871768E+01 -0.3113493269001615E+00
+0.2244939168450000E+02 -0.2721593250066459E+00 +0.1183809246604734E+01 -0.2997809158115110E+00
+0.2247660306836000E+02 -0.2451785388866574E+00 +0.1155515489934132E+01 -0.2774468927812164E+00
+0.2250381445222000E+02 -0.2126679854298738E+00 +0.1143271796687095E+01 -0.2502503191017880E+00
+0.2253102583608000E+02 -0.1830874004184755E+00 +0.1146308944791287E+01 -0.2248521358934648E+00
+0.2255823721994000E+02 -0.1618378373547102E+00 +0.1159038393286659E+01 -0.2055926551295688E+00
+0.2258544860380000E+02 -0.1485683048800421E+00 +0.1175101166030990E+01 -0.1927585194833363E+00
+0.2261265998766000E+02 -0.1391467030504893E+00 +0.1192381692700603E+01 -0.1840456563904893E+00
+0.2263987137152000E+02 -0.1312166858552725E+00 +0.1214067969152707E+01 -0.1783314861519212E+00
+0.2266708275538000E+02 -0.1281327559443820E+00 +0.1244378283834767E+01 -0.1783062392021348E+00
+0.2269429413924000E+02 -0.1373830206084229E+00 +0.1282839683991776E+01 -0.1893772420906032E+00
+0.2272150552310000E+02 -0.1649412203166570E+00 +0.1322613706065300E+01 -0.2158616562117137E+00
+0.2274871690696000E+02 -0.2112208459010903E+00 +0.1354012994581091E+01 -0.2580308894855496E+00
+0.2277592829082000E+02 -0.2714430247674152E+00 +0.1368593190927373E+01 -0.3118677009916431E+00
+0.2280313967468000E+02 -0.3372553226389219E+00 +0.1360854046496146E+01 -0.3701445473980238E+00
+0.2283035105854000E+02 -0.3977734459268911E+00 +0.1329924780355304E+01 -0.4238536521600778E+00
+0.2285756244240000E+02 -0.4429348062839272E+00 +0.1281515634191013E+01 -0.4649876690883736E+00
+0.2288477382626000E+02 -0.4684667670487454E+00 +0.1225697614645602E+01 -0.4897623600181491E+00
+0.2291198521012000E+02 -0.4764681436465952E+00 +0.1171116034395487E+01 -0.4990829592430595E+00
+0.2293919659398000E+02 -0.4712186050638993E+00 +0.1122200546836114E+01 -0.4960263935741420E+00
+0.2296640797784000E+02 -0.4560430417607891E+00 +0.1081018552469494E+01 -0.4836237196816249E+00
+0.2299361936170000E+02 -0.4337826621444903E+00 +0.1049486691603922E+01 -0.4647528847260793E+00
+0.2302083074556000E+02 -0.4081652609891446E+00 +0.1029091298307422E+01 -0.4427809331831885E+00
+0.2304804212942000E+02 -0.3833902759631292E+00 +0.1019754584308463E+01 -0.4213798091447392E+00
+0.2307525351328000E+02 -0.3631638818877425E+00 +0.1020184323935096E+01 -0.4040196893438264E+00
+0.2310246489714000E+02 -0.3512105923635058E+00 +0.1028321198512492E+01 -0.3940442840510112E+00
+0.2312967628100000E+02 -0.3514699846016480E+00 +0.1039950246738649E+01 -0.3944047350793749E+00
+0.2315688766486000E+02 -0.3657202539225586E+00 +0.1047483325906424E+01 -0.4059079006163349E+00
+0.2318409904872000E+02 -0.3901803701544549E+00 +0.1041954479646769E+01 -0.4250503096497722E+00
+0.2321131043258000E+02 -0.4149891065371674E+00 +0.1018038230852439E+01 -0.4439493092293989E+00
+0.2323852181644000E+02 -0.4283384346247776E+00 +0.9780270808246565E+00 -0.4533973320479137E+00
+0.2326573320030000E+02 -0.4223393753059915E+00 +0.9312464086016164E+00 -0.4471621309068048E+00
+0.2329294458416000E+02 -0.3964763096428102E+00 +0.8895317417131503E+00 -0.4246386469557235E+00
+0.2332015596802000E+02 -0.3568437022194733E+00 +0.8620683892827428E+00 -0.3904807175730163E+00
+0.2334736735188000E+02 -0.3126593183784634E+00 +0.8527438119757714E+00 -0.3521340070684884E+00
+0.2337457873574000E+02 -0.2729878152067013E+00 +0.8602247334726977E+00 -0.3171508218304422E+00
+0.2340179011960000E+02 -0.2445728414344121E+00 +0.8789518455921701E+00 -0.2911070131344062E+00
+0.2342900150346000E+02 -0.2297575971879323E+00 +0.9006387066529784E+00 -0.2758944039157631E+00
+0.2345621288732000E+02 -0.2250529866088255E+00 +0.9177470315950682E+00 -0.2690301466988265E+00
+0.2348342427118000E+02 -0.2234446835476468E+00 +0.9278628096149090E+00 -0.2655082963042730E+00
+0.2351063565504000E+02 -0.2197921766102033E+00 +0.9340313992072220E+00 -0.2613694884904045E+00
+0.2353784703890000E+02 -0.2133988240146712E+00 +0.9405545940989235E+00 -0.2556161657151113E+00
+0.2356505842276000E+02 -0.2060449463811983E+00 +0.9497513913758412E+00 -0.2492765833599033E+00
+0.2359226980662000E+02 -0.1994487032560959E+00 +0.9620977988603376E+00 -0.2437139327513804E+00
+0.2361948119048000E+02 -0.1945859897529503E+00 +0.9777432735440790E+00 -0.2400216956564096E+00
+0.2364669257434000E+02 -0.1927315810917746E+00 +0.9974638631515396E+00 -0.2396382101706378E+00
+0.2367390395820000E+02 -0.1969659177231392E+00 +0.1021547514724290E+01 -0.2450576771348092E+00
+0.2370111534206000E+02 -0.2111584267001050E+00 +0.1047151601477667E+01 -0.2589062861820079E+00
+0.2372832672592000E+02 -0.2361401487385614E+00 +0.1068418637441681E+01 -0.2816071822648447E+00
+0.2375553810978000E+02 -0.2682863755026232E+00 +0.1080687917228395E+01 -0.3106082188445229E+00
+0.2378274949364000E+02 -0.3029751974196632E+00 +0.1083208579800741E+01 -0.3423901003890499E+00
+0.2380996087750000E+02 -0.3376244985171453E+00 +0.1077066477851212E+01 -0.3744312950630106E+00
+0.2383717226136000E+02 -0.3707874895133159E+00 +0.1062713096585236E+01 -0.4050062739968523E+00
+0.2386438364522000E+02 -0.4004251930048403E+00 +0.1040325785737669E+01 -0.4322323657546385E+00
+0.2389159502908000E+02 -0.4240864151989361E+00 +0.1011174614374367E+01 -0.4541147186606518E+00
+0.2391880641294000E+02 -0.4402331026140756E+00 +0.9776818552945555E+00 -0.4693119059973145E+00
+0.2394601779680000E+02 -0.4486421939582725E+00 +0.9422076453517784E+00 -0.4774087477871927E+00
+0.2397322918066000E+02 -0.4494930319423691E+00 +0.9064682472658521E+00 -0.4784492416701767E+00
+0.2400044056452000E+02 -0.4428596840571817E+00 +0.8722161584294310E+00 -0.4726507797925228E+00
+0.2402765194838000E+02 -0.4294251858729657E+00 +0.8416977237571738E+00 -0.4607884971927849E+00
+0.2405486333224000E+02 -0.4112045402037922E+00 +0.8168483808711093E+00 -0.4445640487356870E+00
+0.2408207471610000E+02 -0.3909821979250057E+00 +0.7981158090369733E+00 -0.4261988854502194E+00
+0.2410928609996000E+02 -0.3709797485689995E+00 +0.7843841228348668E+00 -0.4075374694736640E+00
+0.2413649748382000E+02 -0.3521657274096107E+00 +0.7738109435566043E+00 -0.3894435721365430E+00
+0.2416370886768000E+02 -0.3341073916867275E+00 +0.7645696245736244E+00 -0.3716203813572094E+00
+0.2419092025154000E+02 -0.3150273475145267E+00 +0.7558987294924003E+00 -0.3528453954259834E+00
+0.2421813163540000E+02 -0.2931096216143527E+00 +0.7491409009926975E+00 -0.3319768505815499E+00
+0.2424534301926000E+02 -0.2684706799936605E+00 +0.7469952711660297E+00 -0.3092246110154577E+00
+0.2427255440312000E+02 -0.2434806379456205E+00 +0.7512126353180659E+00 -0.2863165196963948E+00
+0.2429976578698000E+02 -0.2207792691643232E+00 +0.7612507630460044E+00 -0.2652425484312915E+00
+0.2432697717084000E+02 -0.2013918777500562E+00 +0.7755867415030807E+00 -0.2470895650966736E+00
+0.2435418855470000E+02 -0.1854321796748288E+00 +0.7935742549184326E+00 -0.2323128330704540E+00
+0.2438139993856000E+02 -0.1735735830708707E+00 +0.8150514196608998E+00 -0.2215183665571827E+00
+0.2440861132242000E+02 -0.1666564541596399E+00 +0.8393844719539337E+00 -0.2154371052185555E+00
+0.2443582270628000E+02 -0.1652653417061110E+00 +0.8661617598749004E+00 -0.2148651129895545E+00
+0.2446303409014000E+02 -0.1711010213293221E+00 +0.8952046483450049E+00 -0.2212695644088740E+00
+0.2449024547400000E+02 -0.1870428071382359E+00 +0.9241921919074424E+00 -0.2364844592186786E+00
+0.2451745685786000E+02 -0.2138870249008411E+00 +0.9477556469633703E+00 -0.2606848806302262E+00
+0.2454466824172000E+02 -0.2479866050892199E+00 +0.9608471683654292E+00 -0.2910677794133716E+00
+0.2457187962558000E+02 -0.2836645206188114E+00 +0.9623546595999583E+00 -0.3233240812084550E+00
+0.2459909100944000E+02 -0.3170493138663951E+00 +0.9542313058119425E+00 -0.3540469926658059E+00
+0.2462630239330000E+02 -0.3464797775843915E+00 +0.9385396267135924E+00 -0.3813210195760273E+00
+0.2465351377716000E+02 -0.3707869978728680E+00 +0.9164678783126936E+00 -0.4037693355025158E+00
+0.2468072516102000E+02 -0.3880962411556501E+00 +0.8891802849113511E+00 -0.4197570289799333E+00
+0.2470793654488000E+02 -0.3961521763236700E+00 +0.8594077224425574E+00 -0.4277252583041191E+00
+0.2473514792874000E+02 -0.3944403425655700E+00 +0.8318664860792242E+00 -0.4275667499943787E+00
+0.2476235931260000E+02 -0.3857587587858081E+00 +0.8111464832307158E+00 -0.4215736159784382E+00
+0.2478957069646000E+02 -0.3751415439809077E+00 +0.7992260318245392E+00 -0.4137524940039328E+00
+0.2481678208032000E+02 -0.3675973589276563E+00 +0.7949876152756492E+00 -0.4082431357032685E+00
+0.2484399346418000E+02 -0.3668038997098564E+00 +0.7950114093155536E+00 -0.4080876482830023E+00
+0.2487120484804000E+02 -0.3742263288331014E+00 +0.7940498910383476E+00 -0.4142623347959751E+00
+0.2489841623190000E+02 -0.3874577300061209E+00 +0.7863924510571217E+00 -0.4247164957913152E+00
+0.2492562761576000E+02 -0.4003158756209164E+00 +0.7695455700078526E+00 -0.4348798527570807E+00
+0.2495283899962000E+02 -0.4070628422479586E+00 +0.7463898324216027E+00 -0.4404932879155032E+00
+0.2498005038348000E+02 -0.4063585408447613E+00 +0.7221892249781994E+00 -0.4401850257979056E+00
+0.2500726176734000E+02 -0.4003868852063553E+00 +0.7003004662778216E+00 -0.4351804225780891E+00
+0.2503447315120000E+02 -0.3916427207830756E+00 +0.6812742635505453E+00 -0.4272810929493172E+00
+0.2506168453506000E+02 -0.3812869370443940E+00 +0.6643721855328616E+00 -0.4174996008040845E+00
+0.2508889591892000E+02 -0.3691446397709049E+00 +0.6490332756780191E+00 -0.4059030813337063E+00
+0.2511610730278000E+02 -0.3545177656757744E+00 +0.6358956481351501E+00 -0.3922659361478789E+00
+0.2514331868664000E+02 -0.3377665892031340E+00 +0.6268198050546523E+00 -0.3771462571325355E+00
+0.2517053007050000E+02 -0.3212825821550498E+00 +0.6231879164912156E+00 -0.3624166820051560E+00
+0.2519774145436000E+02 -0.3082404004066521E+00 +0.6239883019702717E+00 -0.3503735356480220E+00
+0.2522495283822000E+02 -0.3001013684543995E+00 +0.6259956778346244E+00 -0.3420729969106258E+00
+0.2525216422208000E+02 -0.2954189361977957E+00 +0.6260771608939808E+00 -0.3365272404784854E+00
+0.2527937560594000E+02 -0.2910828749767654E+00 +0.6234634489929158E+00 -0.3315553123717436E+00
+0.2530658698980000E+02 -0.2848109249799462E+00 +0.6200484073032229E+00 -0.3255247365567335E+00
+0.2533379837366000E+02 -0.2767659508992757E+00 +0.6187001528528455E+00 -0.3185544442411461E+00
+0.2536100975752000E+02 -0.2693522665403554E+00 +0.6212007924629037E+00 -0.3124507340356621E+00
+0.2538822114138000E+02 -0.2658247322504077E+00 +0.6269904859432828E+00 -0.3096357791807443E+00
+0.2541543252524000E+02 -0.2683446835706503E+00 +0.6331103208621018E+00 -0.3116675453747837E+00
+0.2544264390910000E+02 -0.2764834622834724E+00 +0.6356860629815222E+00 -0.3181728866912987E+00
+0.2546985529296000E+02 -0.2873660411157605E+00 +0.6320322266716241E+00 -0.3269260696192158E+00
+0.2549706667682000E+02 -0.2972226136849705E+00 +0.6219088334145813E+00 -0.3349792144865351E+00
+0.2552427806068000E+02 -0.3032447474870733E+00 +0.6072624849578924E+00 -0.3400281988554761E+00
+0.2555148944454000E+02 -0.3044706809327618E+00 +0.5908784377772711E+00 -0.3411626312835878E+00
+0.2557870082840000E+02 -0.3016129975251635E+00 +0.5752317587372289E+00 -0.3388659053405787E+00
+0.2560591221226000E+02 -0.2966318349246811E+00 +0.5616248020486707E+00 -0.3345697052381325E+00
+0.2563312359612000E+02 -0.2915569170971764E+00 +0.5493968418174822E+00 -0.3296721482415286E+00
+0.2566033497998000E+02 -0.2866460683645290E+00 +0.5366639680766386E+00 -0.3243926187542368E+00
+0.2568754636384000E+02 -0.2803145006485642E+00 +0.5226297640825235E+00 -0.3177807033519211E+00
+0.2571475774770000E+02 -0.2712992566950799E+00 +0.5083884839897015E+00 -0.3089848564069750E+00
+0.2574196913156000E+02 -0.2598614412649884E+00 +0.4952749309926170E+00 -0.2980388936364791E+00
+0.2576918051542000E+02 -0.2466835092807951E+00 +0.4835811699399472E+00 -0.2853155381552235E+00
+0.2579639189928000E+02 -0.2316111512282301E+00 +0.4732872456477068E+00 -0.2708072862595505E+00
+0.2582360328314000E+02 -0.2141130797503850E+00 +0.4654065227386105E+00 -0.2544092955457766E+00
+0.2585081466700000E+02 -0.1948003900234034E+00 +0.4619923764503011E+00 -0.2368877473396243E+00
+0.2587802605086000E+02 -0.1762715261557302E+00 +0.4647333782350361E+00 -0.2204391048207721E+00
+0.2590523743472000E+02 -0.1625658033640157E+00 +0.4732152042849508E+00 -0.2082002710703854E+00
+0.2593244881858000E+02 -0.1572407961849922E+00 +0.4838701173982132E+00 -0.2027241887170985E+00
+0.2595966020244000E+02 -0.1607458958012067E+00 +0.4907800071147863E+00 -0.2041029578449141E+00
+0.2598687158630000E+02 -0.1690762139295274E+00 +0.4887487660837126E+00 -0.2091702300540441E+00
+0.2601408297016000E+02 -0.1756100010242484E+00 +0.4766362805062209E+00 -0.2128753768496168E+00
+0.2604129435402000E+02 -0.1749868445378698E+00 +0.4578328491257111E+00 -0.2109866444079627E+00
+0.2606850573788000E+02 -0.1655711368031630E+00 +0.4376244973084227E+00 -0.2019348864827273E+00
+0.2609571712174001E+02 -0.1489785590466315E+00 +0.4201878790755272E+00 -0.1866696547836668E+00
+0.2612292850560000E+02 -0.1280074451184461E+00 +0.4073224387832594E+00 -0.1672445516132026E+00
+0.2615013988946000E+02 -0.1048073526346412E+00 +0.3990093976312468E+00 -0.1454446223966681E+00
+0.2617735127332000E+02 -0.8030905747338224E-01 +0.3948365479393054E+00 -0.1222900717346396E+00
+0.2620456265718000E+02 -0.5494712834436691E-01 +0.3950105749017464E+00 -0.9845057807785462E-01
+0.2623177404104000E+02 -0.2968889605893894E-01 +0.4002112809067690E+00 -0.7491871101800807E-01
+0.2625898542490000E+02 -0.6365904267730274E-02 +0.4107066895731422E+00 -0.5324540608887096E-01
+0.2628619680876000E+02 +0.1285226623167749E-01 +0.4255430862695622E+00 -0.3513470076978642E-01
+0.2631340819262000E+02 +0.2657190136878007E-01 +0.4423449886467619E+00 -0.2160056770419394E-01
+0.2634061957648000E+02 +0.3533179316302260E-01 +0.4582178579343073E+00 -0.1221690092632399E-01
+0.2636783096034000E+02 +0.4152736135944191E-01 +0.4716197658387221E+00 -0.5289004676718889E-02
+0.2639504234420000E+02 +0.4752096783370122E-01 +0.4833814137720084E+00 +0.8718114186100356E-03
+0.2642225372806000E+02 +0.5383781356039601E-01 +0.4955642785436346E+00 +0.6717416685617317E-02
+0.2644946511192000E+02 +0.5916864380767320E-01 +0.5095925778119039E+00 +0.1135985416242546E-01
+0.2647667649578000E+02 +0.6159635206902084E-01 +0.5252864862127509E+00 +0.1341532240895194E-01
+0.2650388787964000E+02 +0.5996861817007203E-01 +0.5411321013818671E+00 +0.1198987209727653E-01
+0.2653109926350000E+02 +0.5440467755187006E-01 +0.5554997802101345E+00 +0.7037643609445587E-02
+0.2655831064736000E+02 +0.4542316638642747E-01 +0.5674762491559253E+00 -0.1110859702880829E-02
+0.2658552203122000E+02 +0.3310050880220753E-01 +0.5761104738609019E+00 -0.1214879937190894E-01
+0.2661273341508000E+02 +0.1801865383203071E-01 +0.5794711424308731E+00 -0.2523303971193558E-01
+0.2663994479894000E+02 +0.2667737654293102E-02 +0.5757447364420839E+00 -0.3827010619951543E-01
+0.2666715618280000E+02 -0.9309414599882361E-02 +0.5652551372808550E+00 -0.4845940598667764E-01
+0.2669436756666000E+02 -0.1536690844392574E-01 +0.5505997954959948E+00 -0.5374958738261393E-01
+0.2672157895052000E+02 -0.1516746342831028E-01 +0.5349243179323356E+00 -0.5367626417521287E-01
+0.2674879033438000E+02 -0.9947814440626979E-02 +0.5203504029458116E+00 -0.4901857166415602E-01
+0.2677600171824000E+02 -0.1226669086928700E-02 +0.5075396812122477E+00 -0.4087740684023156E-01
+0.2680321310210000E+02 +0.1018947368702139E-01 +0.4962376374189725E+00 -0.2991651886009805E-01
+0.2683042448596000E+02 +0.2441609267626432E-01 +0.4862240579365040E+00 -0.1616782046374343E-01
+0.2685763586982000E+02 +0.4196136366247916E-01 +0.4779773774026826E+00 +0.6184736823841019E-03
+0.2688484725368000E+02 +0.6296847749583936E-01 +0.4726552324232211E+00 +0.2044419620443139E-01
+0.2691205863754000E+02 +0.8685333129243189E-01 +0.4715168967600404E+00 +0.4279762719255042E-01
+0.2693927002140000E+02 +0.1125961126427645E+00 +0.4754109114998356E+00 +0.6681176534997968E-01
+0.2696648140526000E+02 +0.1392326421566147E+00 +0.4848510638330558E+00 +0.9155812909596472E-01
+0.2699369278912000E+02 +0.1659001649361030E+00 +0.5005084375360255E+00 +0.1160489520949877E+00
+0.2702090417298000E+02 +0.1912407903691785E+00 +0.5234944665020824E+00 +0.1388172152272675E+00
+0.2704811555684000E+02 +0.2125817949297219E+00 +0.5548280932164344E+00 +0.1574083896858686E+00
+0.2707532694070000E+02 +0.2257932263841017E+00 +0.5940454202877380E+00 +0.1684245006209105E+00
+0.2710253832456000E+02 +0.2265691394867135E+00 +0.6377627094453960E+00 +0.1686105155974433E+00
+0.2712974970842000E+02 +0.2130009461000536E+00 +0.6796894541125252E+00 +0.1567064844824557E+00
+0.2715696109228000E+02 +0.1874922820510069E+00 +0.7131459216788160E+00 +0.1346718446268427E+00
+0.2718417247614000E+02 +0.1557221669959958E+00 +0.7342271673169325E+00 +0.1070174969407075E+00
+0.2721138386000000E+02 +0.1239584939612270E+00 +0.7426477267333831E+00 +0.7896844739173481E-01
+0.2723859524386000E+02 +0.9742474665541193E-01 +0.7409530550167869E+00 +0.5496292000459735E-01
+0.2726580662772000E+02 +0.7927630510766899E-01 +0.7338120705898032E+00 +0.3762735668615336E-01
+0.2729301801158001E+02 +0.6947727765431488E-01 +0.7266656190875865E+00 +0.2703094936135431E-01
+0.2732022939544000E+02 +0.6489180496426912E-01 +0.7233437970561689E+00 +0.2091889836900751E-01
+0.2734744077930000E+02 +0.6150137366731012E-01 +0.7244461425641369E+00 +0.1628628140063049E-01
+0.2737465216316000E+02 +0.5691469450209367E-01 +0.7283173886015173E+00 +0.1109292410066953E-01
+0.2740186354702000E+02 +0.5069339631798704E-01 +0.7332119335238396E+00 +0.4695220486803486E-02
+0.2742907493088000E+02 +0.4327975317409190E-01 +0.7382459803594024E+00 -0.2762500601969142E-02
+0.2745628631474001E+02 +0.3512354842739943E-01 +0.7434498907588477E+00 -0.1109743181847023E-01
+0.2748349769860000E+02 +0.2582514593556070E-01 +0.7493205954768674E+00 -0.2067380763245952E-01
+0.2751070908246000E+02 +0.1404971240657971E-01 +0.7554607237403975E+00 -0.3232418176098317E-01
+0.2753792046632000E+02 -0.8708843138796815E-03 +0.7598326499723662E+00 -0.4631103372945322E-01
+0.2756513185018001E+02 -0.1739498814582215E-01 +0.7601853754036088E+00 -0.6140907524117689E-01
+0.2759234323404000E+02 -0.3241722359376478E-01 +0.7562637602430629E+00 -0.7536972100006611E-01
+0.2761955461790000E+02 -0.4353660413930753E-01 +0.7504583435322983E+00 -0.8650520206398804E-01
+0.2764676600176000E+02 -0.5100842413156011E-01 +0.7464063057378868E+00 -0.9508592655259829E-01
+0.2767397738562001E+02 -0.5796942382633703E-01 +0.7464406832101214E+00 -0.1034364408879778E+00
+0.2770118876948000E+02 -0.6844789194587471E-01 +0.7496781057584606E+00 -0.1144886555912503E+00
+0.2772840015334000E+02 -0.8456399466112610E-01 +0.7524460104258291E+00 -0.1297943103312302E+00
+0.2775561153720000E+02 -0.1051395675549551E+00 +0.7506670005699128E+00 -0.1484927760118848E+00
+0.2778282292106001E+02 -0.1265690079153573E+00 +0.7424307433268567E+00 -0.1679541515890459E+00
+0.2781003430492000E+02 -0.1454670142974221E+00 +0.7289467455734633E+00 -0.1856359535412588E+00
+0.2783724568878000E+02 -0.1609233327626924E+00 +0.7127309726034985E+00 -0.2005595121154413E+00
+0.2786445707264000E+02 -0.1738350417032135E+00 +0.6949223894105585E+00 -0.2129668716983482E+00
+0.2789166845650000E+02 -0.1844670070719813E+00 +0.6749889069885684E+00 -0.2228459832111136E+00
+0.2791887984036000E+02 -0.1914986609261267E+00 +0.6526286639639750E+00 -0.2292630020917217E+00
+0.2794609122422000E+02 -0.1932763996701549E+00 +0.6291738166049595E+00 -0.2311038027325210E+00
+0.2797330260808000E+02 -0.1894544898914978E+00 +0.6070984776785451E+00 -0.2281507464875361E+00
+0.2800051399194000E+02 -0.1812857237773831E+00 +0.5884939804032185E+00 -0.2213301653717958E+00
+0.2802772537580000E+02 -0.1705779276202280E+00 +0.5742498204647777E+00 -0.2120921482248299E+00
+0.2805493675966000E+02 -0.1588004793207255E+00 +0.5645319754696548E+00 -0.2018129398592150E+00
+0.2808214814352000E+02 -0.1472648112227028E+00 +0.5594645199978445E+00 -0.1918170492662288E+00
+0.2810935952738000E+02 -0.1377284140080155E+00 +0.5589513407162560E+00 -0.1836662755258125E+00
+0.2813657091124000E+02 -0.1322964068039103E+00 +0.5617984528128672E+00 -0.1789840474733055E+00
+0.2816378229510000E+02 -0.1321874165794092E+00 +0.5652676264119878E+00 -0.1785812469005226E+00
+0.2819099367896000E+02 -0.1363287538550778E+00 +0.5662333900935310E+00 -0.1816201842077731E+00
+0.2821820506282000E+02 -0.1417542821909578E+00 +0.5634456352981451E+00 -0.1860047882468876E+00
+0.2824541644668000E+02 -0.1460706221834202E+00 +0.5582992106357628E+00 -0.1899908815124478E+00
+0.2827262783054000E+02 -0.1492352568198694E+00 +0.5529779969464431E+00 -0.1933759571078009E+00
+0.2829983921440000E+02 -0.1528272461844935E+00 +0.5482658432984757E+00 -0.1971173711748055E+00
+0.2832705059826000E+02 -0.1581356193117600E+00 +0.5431257348640839E+00 -0.2020548133203424E+00
+0.2835426198212000E+02 -0.1649700927740645E+00 +0.5358408601637032E+00 -0.2080256516855266E+00
+0.2838147336598000E+02 -0.1718718052003982E+00 +0.5254012579826288E+00 -0.2139414591074154E+00
+0.2840868474984000E+02 -0.1771776854490933E+00 +0.5120172338938085E+00 -0.2184834880089759E+00
+0.2843589613370000E+02 -0.1797761538065093E+00 +0.4966189155408992E+00 -0.2206563139144331E+00
+0.2846310751756000E+02 -0.1790190912478983E+00 +0.4803476331043045E+00 -0.2198723349427287E+00
+0.2849031890142000E+02 -0.1746191723087741E+00 +0.4646437226508857E+00 -0.2159660283740015E+00
+0.2851753028528000E+02 -0.1670454449598220E+00 +0.4512345791791725E+00 -0.2094327476414906E+00
+0.2854474166914000E+02 -0.1578601129494380E+00 +0.4415550114541158E+00 -0.2016085570064954E+00
+0.2857195305300000E+02 -0.1494731878924343E+00 +0.4359128557225911E+00 -0.1944268924058630E+00
+0.2859916443686000E+02 -0.1442309450680130E+00 +0.4329280246688542E+00 -0.1896794380453206E+00
+0.2862637582072000E+02 -0.1431123939646303E+00 +0.4297847738936426E+00 -0.1880504046862499E+00
+0.2865358720458000E+02 -0.1448606132921775E+00 +0.4235922630865174E+00 -0.1885544778141088E+00
+0.2868079858844000E+02 -0.1465300350718524E+00 +0.4131189201365720E+00 -0.1889672818400474E+00
+0.2870800997230000E+02 -0.1452039572624290E+00 +0.3994878489604497E+00 -0.1870669931785478E+00
+0.2873522135616000E+02 -0.1395977564651281E+00 +0.3854146227561611E+00 -0.1818415233463075E+00
+0.2876243274002000E+02 -0.1306350853948358E+00 +0.3735792702735504E+00 -0.1739226189395475E+00
+0.2878964412388000E+02 -0.1206504802516916E+00 +0.3650780295286034E+00 -0.1649954457195559E+00
+0.2881685550774000E+02 -0.1116606859540258E+00 +0.3590638788780608E+00 -0.1565845916760891E+00
+0.2884406689160000E+02 -0.1041340186414295E+00 +0.3539833470890894E+00 -0.1492217103113569E+00
+0.2887127827546000E+02 -0.9752177962243094E-01 +0.3491122415552113E+00 -0.1427254232275630E+00
+0.2889848965932000E+02 -0.9167937436767917E-01 +0.3445645420347606E+00 -0.1370446959257330E+00
+0.2892570104318000E+02 -0.8721967592843127E-01 +0.3400857878525028E+00 -0.1324955557468068E+00
+0.2895291242704000E+02 -0.8447446092090963E-01 +0.3343298690288389E+00 -0.1290977062825311E+00
+0.2898012381090000E+02 -0.8223711170756989E-01 +0.3256286089419271E+00 -0.1258165475804058E+00
+0.2900733519476000E+02 -0.7793512012176340E-01 +0.3137668200879994E+00 -0.1207699108593183E+00
+0.2903454657862000E+02 -0.6950438541733583E-01 +0.3007104079211193E+00 -0.1124667511124753E+00
+0.2906175796248000E+02 -0.5693752006475598E-01 +0.2893143460538736E+00 -0.1008694591823380E+00
+0.2908896934634000E+02 -0.4208239761299318E-01 +0.2815324645910986E+00 -0.8734366793647697E-01
+0.2911618073020000E+02 -0.2740891156127271E-01 +0.2775754930064297E+00 -0.7378362418505247E-01
+0.2914339211406000E+02 -0.1473505477593577E-01 +0.2760396301322665E+00 -0.6159330607796099E-01
+0.2917060349792000E+02 -0.4262296094963536E-02 +0.2748030771512818E+00 -0.5097267872820943E-01
+0.2919781488178000E+02 +0.5460464555990512E-02 +0.2725693986608376E+00 -0.4097277877728023E-01
+0.2922502626564000E+02 +0.1611409468306002E-01 +0.2699023064942975E+00 -0.3048515596962176E-01
+0.2925223764950000E+02 +0.2793616373901023E-01 +0.2684804705400882E+00 -0.1935086240288908E-01
+0.2927944903336000E+02 +0.3954919521166163E-01 +0.2693477051820192E+00 -0.8513374631233139E-02
+0.2930666041722000E+02 +0.4925135468960513E-01 +0.2719282417385068E+00 +0.8369883251342358E-03
+0.2933387180108000E+02 +0.5643584619784543E-01 +0.2745160619485701E+00 +0.8252056251416784E-02
+0.2936108318494000E+02 +0.6194626343410396E-01 +0.2756224521548212E+00 +0.1430409299323443E-01
+0.2938829456880000E+02 +0.6722704949353467E-01 +0.2749140130879974E+00 +0.2004119445349717E-01
+0.2941550595266000E+02 +0.7324128996596757E-01 +0.2730228079804554E+00 +0.2624468875981911E-01
+0.2944271733652000E+02 +0.8014236713191276E-01 +0.2707252275023384E+00 +0.3313566635255139E-01
+0.2946992872038000E+02 +0.8761991177615767E-01 +0.2684122664650526E+00 +0.4055793876307823E-01
+0.2949714010424000E+02 +0.9531374321879756E-01 +0.2659628079478837E+00 +0.4831652616168258E-01
+0.2952435148810000E+02 +0.1032519664106361E+00 +0.2628226419756591E+00 +0.5652542712019448E-01
+0.2955156287196001E+02 +0.1122003798531929E+00 +0.2584865984367604E+00 +0.6581847324496393E-01
+0.2957877425582000E+02 +0.1234519878171157E+00 +0.2532069196376118E+00 +0.7716225871879523E-01
+0.2960598563968000E+02 +0.1380287179649971E+00 +0.2482794357501064E+00 +0.9128856623781301E-01
+0.2963319702354000E+02 +0.1559501967012105E+00 +0.2455359677518422E+00 +0.1081830075415844E+00
+0.2966040840740001E+02 +0.1762149502388572E+00 +0.2465382056891117E+00 +0.1270219284339832E+00
+0.2968761979126000E+02 +0.1972304026276578E+00 +0.2521762839801281E+00 +0.1464445700059146E+00
+0.2971483117512000E+02 +0.2171299911710836E+00 +0.2625641907303985E+00 +0.1648561221114242E+00
+0.2974204255898000E+02 +0.2341083379363361E+00 +0.2768471069980283E+00 +0.1807879858944457E+00
+0.2976925394284000E+02 +0.2471490556404218E+00 +0.2932205202552685E+00 +0.1934403588061625E+00
+0.2979646532670000E+02 +0.2566868792166752E+00 +0.3097958144618220E+00 +0.2030550231699426E+00
+0.2982367671056000E+02 +0.2641127373420437E+00 +0.3258714255172367E+00 +0.2105291155371630E+00
+0.2985088809442000E+02 +0.2703116264910952E+00 +0.3420840657845762E+00 +0.2164729405915241E+00
+0.2987809947828000E+02 +0.2749418099868396E+00 +0.3592298308980947E+00 +0.2206992727867477E+00
+0.2990531086214000E+02 +0.2770328875153406E+00 +0.3773063125216165E+00 +0.2225307154878552E+00
+0.2993252224600000E+02 +0.2757500702605173E+00 +0.3954892389654104E+00 +0.2213589766102502E+00
+0.2995973362986000E+02 +0.2708334551133297E+00 +0.4123212466036111E+00 +0.2170907364984928E+00
+0.2998694501372000E+02 +0.2631570649985587E+00 +0.4261814760174719E+00 +0.2104868197046291E+00
+0.3001415639758000E+02 +0.2546321577457611E+00 +0.4364180740366848E+00 +0.2029973468356563E+00
+0.3004136778144001E+02 +0.2469913468328415E+00 +0.4438043760067558E+00 +0.1959889086639336E+00
+0.3006857916530000E+02 +0.2409801304327478E+00 +0.4497711387969885E+00 +0.1901393840050110E+00
+0.3009579054916000E+02 +0.2364644475116842E+00 +0.4557251453574767E+00 +0.1853712199637144E+00
+0.3012300193302000E+02 +0.2325717327301407E+00 +0.4627568288356083E+00 +0.1809694595911896E+00
+0.3015021331688001E+02 +0.2278633328392324E+00 +0.4712384566957539E+00 +0.1757865172594807E+00
+0.3017742470074000E+02 +0.2208117875001673E+00 +0.4805403089029498E+00 +0.1686276493020642E+00
+0.3020463608460000E+02 +0.2103516979938824E+00 +0.4889641672799784E+00 +0.1587731654942320E+00
+0.3023184746846000E+02 +0.1967559683323858E+00 +0.4938929466170011E+00 +0.1466688715260174E+00
+0.3025905885232001E+02 +0.1825696470665472E+00 +0.4930662343783018E+00 +0.1343985232616408E+00
+0.3028627023618000E+02 +0.1718566032602593E+00 +0.4866989908542826E+00 +0.1250053905930704E+00
+0.3031348162004000E+02 +0.1676285910223147E+00 +0.4780521381344146E+00 +0.1207293952560511E+00
+0.3034069300390000E+02 +0.1699333477469178E+00 +0.4715768420651185E+00 +0.1216586640244833E+00
+0.3036790438776000E+02 +0.1762382451060647E+00 +0.4705444465032511E+00 +0.1258743110654893E+00
+0.3039511577162000E+02 +0.1831295960613105E+00 +0.4762167970924928E+00 +0.1305415721421490E+00
+0.3042232715548000E+02 +0.1873227261123833E+00 +0.4884436221506303E+00 +0.1327152143217940E+00
+0.3044953853934000E+02 +0.1855495476861453E+00 +0.5060220033265042E+00 +0.1295211726738987E+00
+0.3047674992320000E+02 +0.1746448578154228E+00 +0.5260785010573614E+00 +0.1184629073255008E+00
+0.3050396130706000E+02 +0.1529047553687809E+00 +0.5435449643209177E+00 +0.9846808196007650E-01
+0.3053117269092001E+02 +0.1219896543254467E+00 +0.5522877078552895E+00 +0.7114790312721564E-01
+0.3055838407478000E+02 +0.8740431227639128E-01 +0.5478619838403189E+00 +0.4099376219229067E-01
+0.3058559545864000E+02 +0.5650968866662708E-01 +0.5300283854908598E+00 +0.1383877139209533E-01
+0.3061280684250000E+02 +0.3509390037347585E-01 +0.5029056308730026E+00 -0.5617452648694954E-02
+0.3064001822636001E+02 +0.2515708978586025E-01 +0.4724791203866496E+00 -0.1546104288896122E-01
+0.3066722961022000E+02 +0.2539428947951213E-01 +0.4437799437984613E+00 -0.1641423571531586E-01
+0.3069444099408000E+02 +0.3304578297789266E-01 +0.4198284012820167E+00 -0.1062541071963796E-01
+0.3072165237794000E+02 +0.4511536614070536E-01 +0.4020376276149100E+00 -0.6695051431115928E-03
+0.3074886376180001E+02 +0.5868469786086679E-01 +0.3905885801529175E+00 +0.1092591797275977E-01
+0.3077607514566000E+02 +0.7134141501893536E-01 +0.3844400071490457E+00 +0.2210279608862042E-01
+0.3080328652952000E+02 +0.8189693117895051E-01 +0.3818697162100237E+00 +0.3170527519406297E-01
+0.3083049791338000E+02 +0.9026377043728069E-01 +0.3816668868169983E+00 +0.3933777386438020E-01
+0.3085770929724001E+02 +0.9618063030797830E-01 +0.3834795187640608E+00 +0.4459953246519011E-01
+0.3088492068110000E+02 +0.9849811494482293E-01 +0.3866125795923948E+00 +0.4669690230190060E-01
+0.3091213206496001E+02 +0.9620844883209130E-01 +0.3888358288248335E+00 +0.4514875682798958E-01
+0.3093934344882000E+02 +0.9030529388033300E-01 +0.3868430556511079E+00 +0.4099723743030514E-01
+0.3096655483268000E+02 +0.8451846069392027E-01 +0.3785646433731908E+00 +0.3713372892617872E-01
+0.3099376621654000E+02 +0.8336099775073354E-01 +0.3653670646742547E+00 +0.3689908899303440E-01
+0.3102097760040001E+02 +0.8904520989955833E-01 +0.3514106993792085E+00 +0.4202279214894211E-01
+0.3104818898426000E+02 +0.1004968777457775E+00 +0.3409226311110151E+00 +0.5181175445095820E-01
+0.3107540036812000E+02 +0.1146576557467787E+00 +0.3362610855982593E+00 +0.6391519905946075E-01
+0.3110261175198000E+02 +0.1281518384341245E+00 +0.3376835544670679E+00 +0.7554347146907248E-01
+0.3112982313584001E+02 +0.1381537108956593E+00 +0.3439199243495760E+00 +0.8427741232283292E-01
+0.3115703451970000E+02 +0.1427211380717799E+00 +0.3525087785043004E+00 +0.8853936506783044E-01
+0.3118424590356000E+02 +0.1415107530816715E+00 +0.3600529414466874E+00 +0.8815371485347534E-01
+0.3121145728742000E+02 +0.1365570065436710E+00 +0.3635117254434529E+00 +0.8470806209740800E-01
+0.3123866867128001E+02 +0.1314349310324781E+00 +0.3622085289503455E+00 +0.8081340642456658E-01
+0.3126588005514000E+02 +0.1287046460900131E+00 +0.3582509417779924E+00 +0.7837230631412528E-01
+0.3129309143900000E+02 +0.1281736145189921E+00 +0.3545140553271909E+00 +0.7737407399883500E-01
+0.3132030282286000E+02 +0.1274949711985348E+00 +0.3522502069814741E+00 +0.7624532795730043E-01
+0.3134751420672001E+02 +0.1241740573670155E+00 +0.3499870821801073E+00 +0.7336433223323924E-01
+0.3137472559058000E+02 +0.1179549629357433E+00 +0.3441673975504420E+00 +0.6880757616933919E-01
+0.3140193697444000E+02 +0.1120752935801626E+00 +0.3318354541216709E+00 +0.6507309622425939E-01
+0.3142914835830000E+02 +0.1114612296152955E+00 +0.3135352957886236E+00 +0.6578654401237360E-01
+0.3145635974216000E+02 +0.1192330143519532E+00 +0.2931761119671712E+00 +0.7338494153333575E-01
+0.3148357112602000E+02 +0.1352727056223250E+00 +0.2752781707855162E+00 +0.8798836043222402E-01
+0.3151078250988000E+02 +0.1574279146276156E+00 +0.2629179640920192E+00 +0.1080103104252726E+00
+0.3153799389374000E+02 +0.1831012896753492E+00 +0.2575705857272309E+00 +0.1312646301035488E+00
+0.3156520527760000E+02 +0.2099207063918878E+00 +0.2597869425660680E+00 +0.1555690858066121E+00
+0.3159241666146000E+02 +0.2356487932486490E+00 +0.2697044968901160E+00 +0.1787871275137775E+00
+0.3161962804532000E+02 +0.2578445280411361E+00 +0.2870638722163074E+00 +0.1986565801501006E+00
+0.3164683942918000E+02 +0.2737313019642402E+00 +0.3107386877156505E+00 +0.2127875490092250E+00
+0.3167405081304000E+02 +0.2807216550178475E+00 +0.3380726736247386E+00 +0.2191495449559812E+00
+0.3170126219690000E+02 +0.2777460711182584E+00 +0.3648294612223561E+00 +0.2170358843869451E+00
+0.3172847358076000E+02 +0.2664469283409749E+00 +0.3866055174062477E+00 +0.2077822830643686E+00
+0.3175568496462000E+02 +0.2505774300759940E+00 +0.4009712135948043E+00 +0.1942888502341201E+00
+0.3178289634848000E+02 +0.2338298346153062E+00 +0.4080472196993211E+00 +0.1796009987774699E+00
+0.3181010773234000E+02 +0.2186030420824679E+00 +0.4091319465544191E+00 +0.1659856409669545E+00
+0.3183731911620000E+02 +0.2065613146262436E+00 +0.4056911148000271E+00 +0.1550357572938894E+00
+0.3186453050006000E+02 +0.1990441518838107E+00 +0.3998050672063318E+00 +0.1477830758233035E+00
+0.3189174188392000E+02 +0.1961031614237811E+00 +0.3944092124864552E+00 +0.1441465810059822E+00
+0.3191895326778000E+02 +0.1956843806348793E+00 +0.3919301690049612E+00 +0.1425483663538116E+00
+0.3194616465164000E+02 +0.1946212957431177E+00 +0.3925941972595738E+00 +0.1406504097043810E+00
+0.3197337603550000E+02 +0.1907186148253817E+00 +0.3943164269686839E+00 +0.1368016543767167E+00
+0.3200058741936000E+02 +0.1840224672971564E+00 +0.3942581700240969E+00 +0.1309792068396972E+00
+0.3202779880322000E+02 +0.1764803301474518E+00 +0.3905670173232271E+00 +0.1246235800887086E+00
+0.3205501018708000E+02 +0.1706814835812425E+00 +0.3832646895703037E+00 +0.1196922380723247E+00
+0.3208222157094000E+02 +0.1683580314311324E+00 +0.3740657469743999E+00 +0.1175409744395465E+00
+0.3210943295480000E+02 +0.1695452545767548E+00 +0.3650564068790675E+00 +0.1183468463395183E+00
+0.3213664433866001E+02 +0.1732575078935131E+00 +0.3573864906525084E+00 +0.1214886766123501E+00
+0.3216385572252000E+02 +0.1786484808297600E+00 +0.3513379237401965E+00 +0.1262724174250478E+00
+0.3219106710638000E+02 +0.1852037141562035E+00 +0.3470133263773871E+00 +0.1321887712731977E+00
+0.3221827849024000E+02 +0.1925037256894748E+00 +0.3444715213961775E+00 +0.1388426082129049E+00
+0.3224548987410000E+02 +0.2002680950397918E+00 +0.3437752493791826E+00 +0.1459085498488989E+00
+0.3227270125796000E+02 +0.2081438012413145E+00 +0.3452276937783880E+00 +0.1529596949676340E+00
+0.3229991264182000E+02 +0.2152224100940634E+00 +0.3490622889344545E+00 +0.1592433870565385E+00
+0.3232712402568000E+02 +0.2203182439329844E+00 +0.3546178746105223E+00 +0.1639375122998623E+00
+0.3235433540954001E+02 +0.2231204387331219E+00 +0.3603403676950867E+00 +0.1668574892522301E+00
+0.3238154679340000E+02 +0.2246965011057732E+00 +0.3650147949732961E+00 +0.1687443172327284E+00
+0.3240875817726000E+02 +0.2265892714325124E+00 +0.3687825499654264E+00 +0.1706814059169606E+00
+0.3243596956112000E+02 +0.2295768082930013E+00 +0.3728914263956205E+00 +0.1732458974737456E+00
+0.3246318094498000E+02 +0.2332733237065886E+00 +0.3786680313363733E+00 +0.1761814522423018E+00
+0.3249039232884000E+02 +0.2366754130703894E+00 +0.3868399517055936E+00 +0.1786780010624757E+00
+0.3251760371270000E+02 +0.2386252965519972E+00 +0.3977371466978016E+00 +0.1796472377768279E+00
+0.3254481509656000E+02 +0.2374724893634716E+00 +0.4113170358424324E+00 +0.1776748158670982E+00
+0.3257202648042001E+02 +0.2311993572923368E+00 +0.4262414233107630E+00 +0.1712994712331117E+00
+0.3259923786428000E+02 +0.2189170909378707E+00 +0.4395189625155574E+00 +0.1600140131190920E+00
+0.3262644924814001E+02 +0.2021852311697014E+00 +0.4480168449896140E+00 +0.1450407631859042E+00
+0.3265366063200000E+02 +0.1841960982556546E+00 +0.4506465764465573E+00 +0.1287280385326436E+00
+0.3268087201586000E+02 +0.1673322712138974E+00 +0.4485593219103109E+00 +0.1130243338453625E+00
+0.3270808339972000E+02 +0.1522417500317172E+00 +0.4430689524973843E+00 +0.9884261817240292E-01
+0.3273529478358000E+02 +0.1393732211833398E+00 +0.4345391883366704E+00 +0.8681819300245819E-01
+0.3276250616744000E+02 +0.1299835896862255E+00 +0.4236181914843993E+00 +0.7785929906662947E-01
+0.3278971755130000E+02 +0.1249892579518673E+00 +0.4122523421503210E+00 +0.7253090871149648E-01
+0.3281692893516000E+02 +0.1237481513763986E+00 +0.4027659418609544E+00 +0.7031808279386864E-01
+0.3284414031902001E+02 +0.1244151072656089E+00 +0.3965538037517788E+00 +0.6977218781628880E-01
+0.3287135170288000E+02 +0.1249094808028151E+00 +0.3937962204037014E+00 +0.6915848593698004E-01
+0.3289856308674000E+02 +0.1234592852850995E+00 +0.3937678538154355E+00 +0.6693969604662275E-01
+0.3292577447060000E+02 +0.1187782705906003E+00 +0.3951336026233989E+00 +0.6199213472998566E-01
+0.3295298585446000E+02 +0.1101259444567786E+00 +0.3960679327616031E+00 +0.5373753022803540E-01
+0.3298019723832000E+02 +0.9760828097949548E-01 +0.3942459124300525E+00 +0.4240911972481165E-01
+0.3300740862218000E+02 +0.8275372098189185E-01 +0.3873197707434761E+00 +0.2938285387825101E-01
+0.3303462000604000E+02 +0.6852926474819072E-01 +0.3740218092298345E+00 +0.1710250988160289E-01
+0.3306183138990001E+02 +0.5840742861051265E-01 +0.3550970547039434E+00 +0.8330458109994110E-02
+0.3308904277376000E+02 +0.5485036670628414E-01 +0.3333433963058175E+00 +0.5003593917879856E-02
+0.3311625415762001E+02 +0.5810804114363635E-01 +0.3124257620347693E+00 +0.7376957981321097E-02
+0.3314346554148000E+02 +0.6631406135669471E-01 +0.2951510470322869E+00 +0.1408046386346862E-01
+0.3317067692534000E+02 +0.7675871667545556E-01 +0.2824695819460775E+00 +0.2301853302148438E-01
+0.3319788830920000E+02 +0.8729942509319435E-01 +0.2737112559594604E+00 +0.3242096857568033E-01
+0.3322509969306000E+02 +0.9703693116826646E-01 +0.2676410454531229E+00 +0.4137560640596716E-01
+0.3325231107692000E+02 +0.1059396095709705E+00 +0.2634978294516098E+00 +0.4961481966246462E-01
+0.3327952246078000E+02 +0.1139135896623696E+00 +0.2611540670956201E+00 +0.5692743218707164E-01
+0.3330673384464000E+02 +0.1203899162748495E+00 +0.2604581383086306E+00 +0.6286481831135016E-01
+0.3333394522850001E+02 +0.1247213023962190E+00 +0.2607333167813844E+00 +0.6695462255117968E-01
+0.3336115661236000E+02 +0.1266944111277824E+00 +0.2609063402947385E+00 +0.6904803077291122E-01
+0.3338836799622000E+02 +0.1266875873552433E+00 +0.2599094031558201E+00 +0.6945970275351065E-01
+0.3341557938008000E+02 +0.1255296816490869E+00 +0.2570297738235305E+00 +0.6886584544983609E-01
+0.3344279076394000E+02 +0.1241563278959323E+00 +0.2520624648624904E+00 +0.6805326534476008E-01
+0.3347000214780000E+02 +0.1232923309290069E+00 +0.2450971393717001E+00 +0.6771952545589621E-01
+0.3349721353166000E+02 +0.1235929857049548E+00 +0.2361646472222758E+00 +0.6855138174162045E-01
+0.3352442491552000E+02 +0.1260768458477904E+00 +0.2254185168698217E+00 +0.7142498504382333E-01
+0.3355163629938001E+02 +0.1319657046187551E+00 +0.2137947193093865E+00 +0.7724027060056193E-01
+0.3357884768324000E+02 +0.1418117836986772E+00 +0.2031227398230488E+00 +0.8635817832939519E-01
+0.3360605906710001E+02 +0.1549516910242915E+00 +0.1953476687335650E+00 +0.9823030622503570E-01
+0.3363327045096000E+02 +0.1698119840756617E+00 +0.1917371842757979E+00 +0.1115631537806888E+00
+0.3366048183482000E+02 +0.1844949352547213E+00 +0.1926551785161443E+00 +0.1247389057245655E+00
+0.3368769321868000E+02 +0.1971588644927958E+00 +0.1976281361573263E+00 +0.1361738479197838E+00
+0.3371490460254000E+02 +0.2063237524644188E+00 +0.2053856600319313E+00 +0.1446305550654643E+00
+0.3374211598640000E+02 +0.2113252447314039E+00 +0.2140567287366010E+00 +0.1495559584226807E+00
+0.3376932737026001E+02 +0.2125882062748391E+00 +0.2218114579079953E+00 +0.1512347005948086E+00
+0.3379653875412000E+02 +0.2112456123437309E+00 +0.2275259791834039E+00 +0.1505295730271440E+00
+0.3382375013798001E+02 +0.2084746067418131E+00 +0.2308459894696805E+00 +0.1484201637111091E+00
+0.3385096152184000E+02 +0.2051510343877965E+00 +0.2318385824143211E+00 +0.1457117212027419E+00
+0.3387817290570000E+02 +0.2018683115654494E+00 +0.2306150407955335E+00 +0.1430300665103212E+00
+0.3390538428956000E+02 +0.1992644184070890E+00 +0.2271736832301716E+00 +0.1410218787572508E+00
+0.3393259567342000E+02 +0.1982937820870210E+00 +0.2217368875232404E+00 +0.1404801361099165E+00
+0.3395980705728000E+02 +0.1998906970915449E+00 +0.2152156991751564E+00 +0.1421014309899143E+00
+0.3398701844114000E+02 +0.2042878951319834E+00 +0.2090437764085024E+00 +0.1460575763944039E+00
+0.3401422982500000E+02 +0.2108484697065471E+00 +0.2044632461087630E+00 +0.1518750666772811E+00
+0.3404144120886001E+02 +0.2185258492769153E+00 +0.2020868401286939E+00 +0.1587116201785068E+00
+0.3406865259272000E+02 +0.2262769433743824E+00 +0.2019763781351531E+00 +0.1656726097888190E+00
+0.3409586397658001E+02 +0.2332018957823978E+00 +0.2037455999676674E+00 +0.1720022298151230E+00
+0.3412307536044000E+02 +0.2387902451268940E+00 +0.2065997947170016E+00 +0.1772842976345965E+00
+0.3415028674430000E+02 +0.2431983037819207E+00 +0.2097075759242708E+00 +0.1815907702262567E+00
+0.3417749812816000E+02 +0.2470527664930182E+00 +0.2127674469624896E+00 +0.1853200092611270E+00
+0.3420470951202000E+02 +0.2508152796780361E+00 +0.2161734699468743E+00 +0.1887537984996683E+00
+0.3423192089588000E+02 +0.2542521746256006E+00 +0.2205763244820228E+00 +0.1916929943636907E+00
+0.3425913227974001E+02 +0.2564807021062478E+00 +0.2261403935822613E+00 +0.1935123716361850E+00
+0.3428634366360000E+02 +0.2566758323000226E+00 +0.2321191615724973E+00 +0.1936620278499495E+00
+0.3431355504746001E+02 +0.2549041436832259E+00 +0.2372485183477676E+00 +0.1922240825991487E+00
+0.3434076643132000E+02 +0.2522546200840768E+00 +0.2407807808878255E+00 +0.1899613470357434E+00
+0.3436797781518001E+02 +0.2499243114716917E+00 +0.2431782234760444E+00 +0.1876988891928915E+00
+0.3439518919904000E+02 +0.2481507274227107E+00 +0.2456424090378047E+00 +0.1856092386235014E+00
+0.3442240058290000E+02 +0.2460654045103448E+00 +0.2490455389277103E+00 +0.1830708213654286E+00
+0.3444961196676000E+02 +0.2423499461090590E+00 +0.2532749819337730E+00 +0.1791074357391412E+00
+0.3447682335062000E+02 +0.2360019440279065E+00 +0.2572278502726668E+00 +0.1729880770408840E+00
+0.3450403473448000E+02 +0.2269123638447975E+00 +0.2591745046786870E+00 +0.1647131067276488E+00
+0.3453124611834001E+02 +0.2162210090163714E+00 +0.2574776841986905E+00 +0.1552354172554746E+00
+0.3455845750220000E+02 +0.2059851874289990E+00 +0.2515387916760313E+00 +0.1461767299536256E+00
+0.3458566888606001E+02 +0.1981732532947441E+00 +0.2421232342002920E+00 +0.1391214106411754E+00
+0.3461288026992001E+02 +0.1938734593482072E+00 +0.2308661209458722E+00 +0.1349982207910393E+00
+0.3464009165378000E+02 +0.1930674491889997E+00 +0.2195129541889994E+00 +0.1338761936399981E+00
+0.3466730303764000E+02 +0.1949448871223673E+00 +0.2092267361971956E+00 +0.1351993344053389E+00
+0.3469451442150000E+02 +0.1986226218845989E+00 +0.2004129946460115E+00 +0.1382700452563759E+00
+0.3472172580536000E+02 +0.2035525327709320E+00 +0.1932044364479744E+00 +0.1425357422939881E+00
+0.3474893718922001E+02 +0.2092446680149780E+00 +0.1878437291919084E+00 +0.1474789678327019E+00
+0.3477614857308000E+02 +0.2149673865305999E+00 +0.1844900128853819E+00 +0.1524509520174477E+00
+0.3480335995694001E+02 +0.2198647889481860E+00 +0.1829363328436400E+00 +0.1567312107558406E+00
+0.3483057134080001E+02 +0.2232122659332452E+00 +0.1825517375472162E+00 +0.1597236259939172E+00
+0.3485778272466000E+02 +0.2246724288748398E+00 +0.1823808648796830E+00 +0.1611552009772964E+00
+0.3488499410852000E+02 +0.2244303170437349E+00 +0.1814518142066918E+00 +0.1611599531453701E+00
+0.3491220549238000E+02 +0.2230094791908048E+00 +0.1790169781464205E+00 +0.1601936179831273E+00
+0.3493941687624000E+02 +0.2211795961369538E+00 +0.1744837146887747E+00 +0.1589788978559131E+00
+0.3496662826010000E+02 +0.2201319433261277E+00 +0.1675801706993366E+00 +0.1585263256792508E+00
+0.3499383964396000E+02 +0.2212484225081306E+00 +0.1588429870783510E+00 +0.1599113625318404E+00
+0.3502105102782000E+02 +0.2253651015907520E+00 +0.1496619471328164E+00 +0.1637759361977226E+00
+0.3504826241168000E+02 +0.2322976275351794E+00 +0.1416328991392321E+00 +0.1699997823562245E+00
+0.3507547379554000E+02 +0.2410656301777038E+00 +0.1358595522007396E+00 +0.1778216084392804E+00
+0.3510268517940001E+02 +0.2504167349085278E+00 +0.1327276359941912E+00 +0.1862087940135113E+00
+0.3512989656326000E+02 +0.2592024284917069E+00 +0.1320152791281082E+00 +0.1941775980817433E+00
+0.3515710794712000E+02 +0.2665703079479201E+00 +0.1330728497523492E+00 +0.2009837334194832E+00
+0.3518431933098000E+02 +0.2720643675415755E+00 +0.1349974408929084E+00 +0.2062251497881559E+00
+0.3521153071484000E+02 +0.2756767878508925E+00 +0.1367974900164388E+00 +0.2098958065538619E+00
+0.3523874209870000E+02 +0.2778824020098375E+00 +0.1375831130289509E+00 +0.2123990208168677E+00
+0.3526595348256000E+02 +0.2795771432792673E+00 +0.1368283113867856E+00 +0.2144727045132936E+00
+0.3529316486642000E+02 +0.2818328370777216E+00 +0.1346022958284357E+00 +0.2169760420020130E+00
+0.3532037625028001E+02 +0.2854820607691455E+00 +0.1316291958951727E+00 +0.2205583245107953E+00
+0.3534758763414000E+02 +0.2906902548868422E+00 +0.1289784048037159E+00 +0.2253665018519997E+00
+0.3537479901800000E+02 +0.2969446222812370E+00 +0.1274848597351901E+00 +0.2310369588970583E+00
+0.3540201040186000E+02 +0.3034821420959034E+00 +0.1274547260083142E+00 +0.2369671290010761E+00
+0.3542922178572000E+02 +0.3096246631328468E+00 +0.1288009462179852E+00 +0.2425702783111254E+00
+0.3545643316958000E+02 +0.3148231821980207E+00 +0.1311862458322404E+00 +0.2473777633527318E+00
+0.3548364455344000E+02 +0.3187482821021360E+00 +0.1340028700977900E+00 +0.2511407074741597E+00
+0.3551085593730000E+02 +0.3215475105569924E+00 +0.1365436666343930E+00 +0.2539669964389577E+00
+0.3553806732116001E+02 +0.3237922670395942E+00 +0.1384865753385396E+00 +0.2562415767193916E+00
+0.3556527870502000E+02 +0.3259115738814756E+00 +0.1400551734453750E+00 +0.2582756545874157E+00
+0.3559249008888001E+02 +0.3278569377243052E+00 +0.1415222920743309E+00 +0.2601008832536088E+00
+0.3561970147274000E+02 +0.3294618937450663E+00 +0.1428011307633534E+00 +0.2616574059178243E+00
+0.3564691285660000E+02 +0.3308445276284340E+00 +0.1436854679322834E+00 +0.2630254885969754E+00
+0.3567412424046000E+02 +0.3322383614133730E+00 +0.1442146433088926E+00 +0.2643535014327312E+00
+0.3570133562432000E+02 +0.3336606274630450E+00 +0.1445424617945402E+00 +0.2656818921832149E+00
+0.3572854700818000E+02 +0.3350049203357435E+00 +0.1446184103195107E+00 +0.2669889061183236E+00
+0.3575575839204000E+02 +0.3363627351727007E+00 +0.1442023641307056E+00 +0.2683862605959934E+00
+0.3578296977590000E+02 +0.3381534764462268E+00 +0.1431676686843169E+00 +0.2701998728152324E+00
+0.3581018115976001E+02 +0.3409223663872256E+00 +0.1418147804762629E+00 +0.2728138771946731E+00
+0.3583739254362000E+02 +0.3449120084023622E+00 +0.1408818353278082E+00 +0.2763754801625087E+00
+0.3586460392748000E+02 +0.3498018995237548E+00 +0.1411952063900254E+00 +0.2806026834704939E+00
+0.3589181531134000E+02 +0.3547745918995330E+00 +0.1432955219243131E+00 +0.2848127392062558E+00
+0.3591902669520000E+02 +0.3587220394057999E+00 +0.1471926056421956E+00 +0.2880997408891793E+00
+0.3594623807906000E+02 +0.3605654634558992E+00 +0.1521719404681007E+00 +0.2896341262692324E+00
+0.3597344946292000E+02 +0.3598129118610010E+00 +0.1568251319976031E+00 +0.2890819739165302E+00
+0.3600066084678000E+02 +0.3570183048135153E+00 +0.1596378686505490E+00 +0.2868939639871473E+00
+0.3602787223064001E+02 +0.3535632467317681E+00 +0.1597690535870457E+00 +0.2841586870916549E+00
+0.3605508361450000E+02 +0.3510099919335798E+00 +0.1573528932646466E+00 +0.2821311981765497E+00
+0.3608229499836001E+02 +0.3505051828380840E+00 +0.1533841226610956E+00 +0.2817352151930643E+00
+0.3610950638222000E+02 +0.3523152643093735E+00 +0.1492552335985762E+00 +0.2832251972432472E+00
+0.3613671776608000E+02 +0.3558467054421678E+00 +0.1460296024001850E+00 +0.2862098183631760E+00
+0.3616392914994000E+02 +0.3602148551925695E+00 +0.1440195533362006E+00 +0.2900462969966238E+00
+0.3619114053380000E+02 +0.3648666163085605E+00 +0.1429526666405787E+00 +0.2942901216493681E+00
+0.3621835191766000E+02 +0.3698075971581497E+00 +0.1425209708306976E+00 +0.2988655303317937E+00
+0.3624556330152000E+02 +0.3752945612219200E+00 +0.1428493848138944E+00 +0.3038628021050169E+00
+0.3627277468538000E+02 +0.3812953586109494E+00 +0.1444910227113208E+00 +0.3091697339114596E+00
+0.3629998606924001E+02 +0.3871999419107137E+00 +0.1479714182365998E+00 +0.3142759672032114E+00
+0.3632719745310000E+02 +0.3920474657064339E+00 +0.1533028769050758E+00 +0.3184213874849537E+00
+0.3635440883696000E+02 +0.3950014348794142E+00 +0.1599190733935539E+00 +0.3209188211813074E+00
+0.3638162022082000E+02 +0.3955823910358392E+00 +0.1669050278862382E+00 +0.3213742603886863E+00
+0.3640883160468000E+02 +0.3937624779972220E+00 +0.1730865700554569E+00 +0.3198358407218941E+00
+0.3643604298854000E+02 +0.3903248214351910E+00 +0.1772500563112477E+00 +0.3169916028413815E+00
+0.3646325437240000E+02 +0.3869074528141218E+00 +0.1789992320740662E+00 +0.3140644979853370E+00
+0.3649046575626000E+02 +0.3849556206029033E+00 +0.1793717625577276E+00 +0.3120877351039526E+00
+0.3651767714012001E+02 +0.3845474379786967E+00 +0.1801079203335732E+00 +0.3111390295427958E+00
+0.3654488852398000E+02 +0.3844048666129878E+00 +0.1822910158367951E+00 +0.3103205973331410E+00
+0.3657209990784001E+02 +0.3828965802409426E+00 +0.1855807752901383E+00 +0.3084739596812124E+00
+0.3659931129170000E+02 +0.3792573353007974E+00 +0.1884273226667957E+00 +0.3050785379384103E+00
+0.3662652267556000E+02 +0.3742716154352254E+00 +0.1892095316774081E+00 +0.3007047012128786E+00
+0.3665373405942000E+02 +0.3696885282309921E+00 +0.1875499010373372E+00 +0.2965945967435242E+00
+0.3668094544328000E+02 +0.3667888241312333E+00 +0.1844701524855186E+00 +0.2937186269014245E+00
+0.3670815682714000E+02 +0.3656524398815508E+00 +0.1813498148880524E+00 +0.2922251958685562E+00
+0.3673536821100001E+02 +0.3655476427078954E+00 +0.1790155048575853E+00 +0.2916215503716650E+00
+0.3676257959486000E+02 +0.3656154524540045E+00 +0.1775670785874978E+00 +0.2912490784927615E+00
+0.3678979097872001E+02 +0.3652672636829351E+00 +0.1766344845972039E+00 +0.2906200132541646E+00
+0.3681700236258000E+02 +0.3642803239637605E+00 +0.1756367910290244E+00 +0.2895511745436433E+00
+0.3684421374644000E+02 +0.3628568932666734E+00 +0.1739698054433252E+00 +0.2882108108928654E+00
+0.3687142513030000E+02 +0.3616060086464037E+00 +0.1713111441947558E+00 +0.2870642998919078E+00
+0.3689863651416000E+02 +0.3612277874334973E+00 +0.1678768998951695E+00 +0.2866341728995984E+00
+0.3692584789802000E+02 +0.3620754984457544E+00 +0.1643173421810284E+00 +0.2871933336162037E+00
+0.3695305928188000E+02 +0.3639869918613794E+00 +0.1613054339537940E+00 +0.2886393630085133E+00
+0.3698027066574000E+02 +0.3664998670253444E+00 +0.1592187107427723E+00 +0.2906176532183087E+00
+0.3700748204960001E+02 +0.3691177724808364E+00 +0.1581386685095920E+00 +0.2927090204767668E+00
+0.3703469343346000E+02 +0.3714060559441071E+00 +0.1579344321660570E+00 +0.2945412601179271E+00
+0.3706190481732001E+02 +0.3730810964251065E+00 +0.1583105961998608E+00 +0.2958636454507927E+00
+0.3708911620118000E+02 +0.3740628150921956E+00 +0.1589786495495381E+00 +0.2965602858259044E+00
+0.3711632758504000E+02 +0.3742764614606293E+00 +0.1597722507099064E+00 +0.2965390257650669E+00
+0.3714353896890000E+02 +0.3735026222867199E+00 +0.1603965931919333E+00 +0.2956809653395833E+00
+0.3717075035276000E+02 +0.3717089237510078E+00 +0.1601873874960320E+00 +0.2940511942951531E+00
+0.3719796173662000E+02 +0.3694714166001516E+00 +0.1584462853161661E+00 +0.2921342951668178E+00
+0.3722517312048001E+02 +0.3678168082926297E+00 +0.1550303119661241E+00 +0.2907223328908944E+00
+0.3725238450434000E+02 +0.3676414470421754E+00 +0.1505151063833511E+00 +0.2905172065255388E+00
+0.3727959588820001E+02 +0.3692715127166201E+00 +0.1458556889451441E+00 +0.2918066190284920E+00
+0.3730680727206000E+02 +0.3724612346452756E+00 +0.1418949837397496E+00 +0.2944377681667117E+00
+0.3733401865592000E+02 +0.3767100150253890E+00 +0.1391392565617567E+00 +0.2980116897140632E+00
+0.3736123003978000E+02 +0.3814898849335546E+00 +0.1378545361053262E+00 +0.3020519979317775E+00
+0.3738844142364000E+02 +0.3862363778249316E+00 +0.1381752758603340E+00 +0.3060373783867592E+00
+0.3741565280750000E+02 +0.3903033452896892E+00 +0.1400414453330248E+00 +0.3094048362594686E+00
+0.3744286419136000E+02 +0.3930793311688315E+00 +0.1430993046540214E+00 +0.3116355524300616E+00
+0.3747007557522000E+02 +0.3941542058600701E+00 +0.1467668877622277E+00 +0.3123686074181755E+00
+0.3749728695908001E+02 +0.3933466686021455E+00 +0.1503573079897390E+00 +0.3114482786200264E+00
+0.3752449834294000E+02 +0.3907061416547915E+00 +0.1530958962668726E+00 +0.3089535078606162E+00
+0.3755170972680001E+02 +0.3866403171202896E+00 +0.1541577300805692E+00 +0.3052820230680476E+00
+0.3757892111066000E+02 +0.3820482196538701E+00 +0.1529163349310701E+00 +0.3012058244270223E+00
+0.3760613249452000E+02 +0.3781709323216716E+00 +0.1493519260856020E+00 +0.2977186882625619E+00
+0.3763334387838000E+02 +0.3760566201527622E+00 +0.1442392869380324E+00 +0.2956419708119322E+00
+0.3766055526224000E+02 +0.3760105090729822E+00 +0.1388001048071834E+00 +0.2952422340434282E+00
+0.3768776664610000E+02 +0.3775247869829132E+00 +0.1340291173868672E+00 +0.2961817080010448E+00
+0.3771497802996001E+02 +0.3797509782159201E+00 +0.1302334666957397E+00 +0.2978476156992885E+00
+0.3774218941382000E+02 +0.3821134852953891E+00 +0.1271207932702772E+00 +0.2997853427721378E+00
+0.3776940079768001E+02 +0.3845634412726922E+00 +0.1243112471490659E+00 +0.3018855792090342E+00
+0.3779661218154001E+02 +0.3872886810318857E+00 +0.1217613385815275E+00 +0.3042138385507519E+00
+0.3782382356540001E+02 +0.3902765402496632E+00 +0.1196786324342874E+00 +0.3067371970935547E+00
+0.3785103494926000E+02 +0.3932616255871199E+00 +0.1181474051478388E+00 +0.3092731029292295E+00
+0.3787824633312000E+02 +0.3960126963209999E+00 +0.1169912606522929E+00 +0.3116536454411369E+00
+0.3790545771698000E+02 +0.3985135234262434E+00 +0.1159514882337899E+00 +0.3138546370179438E+00
+0.3793266910084001E+02 +0.4009141527962145E+00 +0.1148495595617036E+00 +0.3159897519891727E+00
+0.3795988048470000E+02 +0.4034668504216977E+00 +0.1136519560831276E+00 +0.3182517857720318E+00
+0.3798709186856001E+02 +0.4064286949719003E+00 +0.1125543441378609E+00 +0.3208170761743632E+00
+0.3801430325242000E+02 +0.4098664519695765E+00 +0.1119706028632592E+00 +0.3237035498636127E+00
+0.3804151463628001E+02 +0.4135058641199431E+00 +0.1123578271686728E+00 +0.3266630107513832E+00
+0.3806872602014001E+02 +0.4167375719161067E+00 +0.1139509875264100E+00 +0.3291988437963821E+00
+0.3809593740400000E+02 +0.4188371227444675E+00 +0.1165568152158940E+00 +0.3307314788931673E+00
+0.3812314878786000E+02 +0.4192504807951165E+00 +0.1195825565896365E+00 +0.3308101253002709E+00
+0.3815036017172000E+02 +0.4177333817975289E+00 +0.1221700553357051E+00 +0.3292624855982011E+00
+0.3817757155558000E+02 +0.4145007745334092E+00 +0.1232847570137844E+00 +0.3263298319736473E+00
+0.3820478293944001E+02 +0.4104328809070882E+00 +0.1220327675437095E+00 +0.3227603066106056E+00
+0.3823199432330000E+02 +0.4068918005318166E+00 +0.1181963052535109E+00 +0.3196396443813868E+00
+0.3825920570716001E+02 +0.4051090601048572E+00 +0.1124196366698035E+00 +0.3179574245104032E+00
+0.3828641709102001E+02 +0.4056773830165817E+00 +0.1058748506024796E+00 +0.3182215064541206E+00
+0.3831362847488000E+02 +0.4084399445266322E+00 +0.9973401852792617E-01 +0.3203523635675268E+00
+0.3834083985874000E+02 +0.4127317085933713E+00 +0.9476468723169600E-01 +0.3238477732194552E+00
+0.3836805124260000E+02 +0.4177553349363046E+00 +0.9121812146194497E-01 +0.3280627033225384E+00
+0.3839526262646000E+02 +0.4228559503840758E+00 +0.8895444421458402E-01 +0.3324358955242381E+00
+0.3842247401032000E+02 +0.4276246885065262E+00 +0.8763233195948139E-01 +0.3365954843976712E+00
+0.3844968539418000E+02 +0.4318923507576981E+00 +0.8686075600551892E-01 +0.3403698823865168E+00
+0.3847689677804000E+02 +0.4356721557258558E+00 +0.8629090571555351E-01 +0.3437513212291936E+00
+0.3850410816190000E+02 +0.4391033090159743E+00 +0.8564655839696889E-01 +0.3468545831102409E+00
+0.3853131954576000E+02 +0.4424363295929531E+00 +0.8473782507985878E-01 +0.3498966088761101E+00
+0.3855853092962001E+02 +0.4460361835262644E+00 +0.8352583682179907E-01 +0.3531751613521916E+00
+0.3858574231348000E+02 +0.4502930471653248E+00 +0.8224482648924261E-01 +0.3569795860137642E+00
+0.3861295369734000E+02 +0.4553883997931331E+00 +0.8141390918798123E-01 +0.3614242336292379E+00
+0.3864016508120000E+02 +0.4611127671994126E+00 +0.8162853767308920E-01 +0.3663209569075614E+00
+0.3866737646506000E+02 +0.4668906670482011E+00 +0.8328496443355624E-01 +0.3711940715123500E+00
+0.3869458784892000E+02 +0.4719615474347758E+00 +0.8639034477174500E-01 +0.3754238869345385E+00
+0.3872179923278000E+02 +0.4756344104163162E+00 +0.9049824368618517E-01 +0.3784594706974458E+00
+0.3874901061664000E+02 +0.4775731437081533E+00 +0.9479419115178053E-01 +0.3800468912081201E+00
+0.3877622200050001E+02 +0.4780219216155309E+00 +0.9839813756202745E-01 +0.3803780041162764E+00
+0.3880343338436000E+02 +0.4777293950208032E+00 +0.1008428434935654E+00 +0.3800012269146474E+00
+0.3883064476822000E+02 +0.4774330322379111E+00 +0.1023461091707668E+00 +0.3794534646922876E+00
+0.3885785615208000E+02 +0.4772986756046707E+00 +0.1034925002271187E+00 +0.3788882873303815E+00
+0.3888506753594000E+02 +0.4769034688875281E+00 +0.1045657726057068E+00 +0.3780678691701654E+00
+0.3891227891980000E+02 +0.4758034117462177E+00 +0.1051873360788138E+00 +0.3767455467110705E+00
+0.3893949030366000E+02 +0.4741385258652807E+00 +0.1046132680621374E+00 +0.3750745911574812E+00
+0.3896670168752000E+02 +0.4726996336045551E+00 +0.1023989862020398E+00 +0.3736576677708224E+00
+0.3899391307138001E+02 +0.4724233219452257E+00 +0.9880011556451108E-01 +0.3732082924325050E+00
+0.3902112445524000E+02 +0.4738266825584450E+00 +0.9458483317973350E-01 +0.3741575699541674E+00
+0.3904833583910001E+02 +0.4768806817980192E+00 +0.9054143034111126E-01 +0.3765343050536203E+00
+0.3907554722296000E+02 +0.4812697538192572E+00 +0.8720541650703011E-01 +0.3801056459540910E+00
+0.3910275860682000E+02 +0.4866010399970935E+00 +0.8490391199554778E-01 +0.3845295434340281E+00
+0.3912996999068000E+02 +0.4924214533523815E+00 +0.8380199481936740E-01 +0.3894129827096707E+00
+0.3915718137454000E+02 +0.4982761485874500E+00 +0.8383554579801911E-01 +0.3943798883177408E+00
+0.3918439275840000E+02 +0.5038902016168865E+00 +0.8474764666742571E-01 +0.3991859148004081E+00
+0.3921160414226000E+02 +0.5092294445621285E+00 +0.8631655219281266E-01 +0.4037479591516467E+00
+0.3923881552612000E+02 +0.5142995226688680E+00 +0.8849987766322762E-01 +0.4080251187044244E+00
+0.3926602690998001E+02 +0.5189669833394640E+00 +0.9127809314662429E-01 +0.4119177590444096E+00
+0.3929323829384000E+02 +0.5230915881703508E+00 +0.9446286373094953E-01 +0.4153381450426956E+00
+0.3932044967770000E+02 +0.5267356020367778E+00 +0.9781236354451969E-01 +0.4183228386653313E+00
+0.3934766106156000E+02 +0.5300859352528788E+00 +0.1012446530820102E+00 +0.4209994478799158E+00
+0.3937487244542000E+02 +0.5332929595261424E+00 +0.1048085711722478E+00 +0.4234937797724980E+00
+0.3940208382928000E+02 +0.5364930495606308E+00 +0.1086367590508324E+00 +0.4259001861561847E+00
+0.3942929521314000E+02 +0.5397457042849145E+00 +0.1130510817100012E+00 +0.4282097245448027E+00
+0.3945650659700000E+02 +0.5427839915751047E+00 +0.1184961348612361E+00 +0.4301618637514351E+00
+0.3948371798086001E+02 +0.5449349796427940E+00 +0.1252039070324631E+00 +0.4312072134638679E+00
+0.3951092936472000E+02 +0.5453553609710763E+00 +0.1329077006057581E+00 +0.4306815553944953E+00
+0.3953814074858001E+02 +0.5434000804444400E+00 +0.1407929907392957E+00 +0.4280949360445636E+00
+0.3956535213244000E+02 +0.5389629688070509E+00 +0.1477018962851643E+00 +0.4233907797193133E+00
+0.3959256351630000E+02 +0.5325996664394912E+00 +0.1525443304738991E+00 +0.4170333491176215E+00
+0.3961977490016000E+02 +0.5253238180969342E+00 +0.1546589568134018E+00 +0.4098706573865911E+00
+0.3964698628402000E+02 +0.5182913167559945E+00 +0.1538937113054968E+00 +0.4029067926113465E+00
+0.3967419766788000E+02 +0.5126446714547179E+00 +0.1505485523439843E+00 +0.3971362816801095E+00
+0.3970140905174001E+02 +0.5093826926787970E+00 +0.1454398162032429E+00 +0.3933788695436022E+00
+0.3972862043560000E+02 +0.5089983167203234E+00 +0.1398731288566304E+00 +0.3920182716445255E+00
+0.3975583181946001E+02 +0.5111806388620861E+00 +0.1352201347658857E+00 +0.3928152248553454E+00
+0.3978304320332000E+02 +0.5149603265382718E+00 +0.1323660918314016E+00 +0.3950191221378404E+00
+0.3981025458718000E+02 +0.5192133368275476E+00 +0.1314405955931679E+00 +0.3977393669889782E+00
+0.3983746597104000E+02 +0.5231799126969183E+00 +0.1320045608754733E+00 +0.4003246569181280E+00
+0.3986467735490000E+02 +0.5266216238534766E+00 +0.1335196415602758E+00 +0.4024986636349210E+00
+0.3989188873876000E+02 +0.5295991581125894E+00 +0.1356617340184652E+00 +0.4042378198361420E+00
+0.3991910012262000E+02 +0.5322272610562848E+00 +0.1383501575980061E+00 +0.4055841188641481E+00
+0.3994631150648000E+02 +0.5345097923342926E+00 +0.1416961853485796E+00 +0.4064941764670752E+00
+0.3997352289034001E+02 +0.5361838943694504E+00 +0.1458273571851114E+00 +0.4067487127776698E+00
+0.4000073427420000E+02 +0.5368189079687533E+00 +0.1505693493405125E+00 +0.4060438132081120E+00
+0.4002794565806001E+02 +0.5362306287115217E+00 +0.1554131894007294E+00 +0.4042458738085510E+00
+0.4005515704192000E+02 +0.5346732088720145E+00 +0.1599507181274138E+00 +0.4014927684245284E+00
+0.4008236842578000E+02 +0.5324555101456385E+00 +0.1642225178640235E+00 +0.3979557074619968E+00
+0.4010957980964000E+02 +0.5294655166152780E+00 +0.1684496517004407E+00 +0.3935551938925250E+00
+0.4013679119350000E+02 +0.5252635841208657E+00 +0.1724796871786103E+00 +0.3880217438343112E+00
+0.4016400257736000E+02 +0.5196331197125129E+00 +0.1756543138363426E+00 +0.3812471290153022E+00
+0.4019121396122001E+02 +0.5129378367584839E+00 +0.1772391554616711E+00 +0.3735211564608055E+00
+0.4021842534508000E+02 +0.5059216903505424E+00 +0.1769123630668157E+00 +0.3654131935447837E+00
+0.4024563672894001E+02 +0.4992404166600457E+00 +0.1748189781826260E+00 +0.3574652753620773E+00
+0.4027284811280000E+02 +0.4932340576048835E+00 +0.1712243236184329E+00 +0.3500360257864982E+00
+0.4030005949666000E+02 +0.4881696876259278E+00 +0.1662191676455130E+00 +0.3434334814208068E+00
+0.4032727088052000E+02 +0.4845794959888052E+00 +0.1599371241916434E+00 +0.3380840100230396E+00
+0.4035448226438000E+02 +0.4830624777786279E+00 +0.1529900366955544E+00 +0.3343942385055872E+00
+0.4038169364824000E+02 +0.4837459451704115E+00 +0.1464031050044795E+00 +0.3324150304885047E+00
+0.4040890503210000E+02 +0.4860974154316566E+00 +0.1411164567319481E+00 +0.3316978441141273E+00
+0.4043611641596000E+02 +0.4891584077529043E+00 +0.1375875477676851E+00 +0.3314472215817468E+00
+0.4046332779982001E+02 +0.4919158557883714E+00 +0.1356502621867992E+00 +0.3308161155610865E+00
+0.4049053918368000E+02 +0.4936816364786468E+00 +0.1346007220431829E+00 +0.3292091866484184E+00
+0.4051775056754001E+02 +0.4943572169585179E+00 +0.1335096907089821E+00 +0.3264822717341370E+00
+0.4054496195140000E+02 +0.4944330212818435E+00 +0.1316432478387106E+00 +0.3229359904563255E+00
+0.4057217333526000E+02 +0.4947170394976346E+00 +0.1287688906043603E+00 +0.3191072556413858E+00
+0.4059938471912000E+02 +0.4959680825448716E+00 +0.1252157775550882E+00 +0.3154565595823806E+00
+0.4062659610298000E+02 +0.4985777883618403E+00 +0.1217428731711179E+00 +0.3121091928623486E+00
+0.4065380748684000E+02 +0.5023429076380356E+00 +0.1192346527368585E+00 +0.3085285311552679E+00
+0.4068101887070001E+02 +0.5064827707793551E+00 +0.1182476378483733E+00 +0.3038702456648307E+00
+0.4070823025456000E+02 +0.5100235241682511E+00 +0.1186549829549905E+00 +0.2953786962011250E+00
+0.4073544163842001E+02 +0.5123738710401975E+00 +0.1197085019408172E+00 +0.2864019875073538E+00
+0.4076265302228001E+02 +0.5136323987391593E+00 +0.1205579389059719E+00 +0.2522330967095816E+00
+0.4078986440614000E+02 +0.5143365154642476E+00 +0.1207545822299341E+00 +0.2312823670232004E+00
