# Loss function L(Q,w) and dynamical structure factor S(Q,w)
#
# L(Q,w)= -Im(1/eps_m(Q,w) [1]
# S(Q,w)= L(Q,w)*|Q|^2*/(4 pi^2 n_val) [Energy^-1]
#
# Momentum transfer Q=G+q in lattice coordinates
# G:   0   0   0
# q:   0.0000000   0.0000000   0.0000000
# Momentum transfer Q=G+q in Cartesian coordinates
# G:   0.0000000   0.0000000   0.0000000
# q:   0.0000000   0.0000000   0.0000000
# Norm2(G+q)   0.0000000
#
#   Frequency/(eV/hbar)                  L(Q,w)             S(Q,w)*1000
+0.0000000000000000E+00 +0.0000000000000000E+00 +0.0000000000000000E+00
+0.2721138386000000E-01 +0.1248837102601587E-04 +0.0000000000000000E+00
+0.5442276772000000E-01 +0.2497756787022492E-04 +0.0000000000000000E+00
+0.8163415158000001E-01 +0.3746841676424711E-04 +0.0000000000000000E+00
+0.1088455354400000E+00 +0.4996174476705634E-04 +0.0000000000000000E+00
+0.1360569193000000E+00 +0.6245838017990984E-04 +0.0000000000000000E+00
+0.1632683031600000E+00 +0.7495915296278430E-04 +0.0000000000000000E+00
+0.1904796870200000E+00 +0.8746489515282270E-04 +0.0000000000000000E+00
+0.2176910708800000E+00 +0.9997644128530831E-04 +0.0000000000000000E+00
+0.2449024547400001E+00 +0.1124946288176747E-03 +0.0000000000000000E+00
+0.2721138386000000E+00 +0.1250202985570816E-03 +0.0000000000000000E+00
+0.2993252224600000E+00 +0.1375542950920796E-03 +0.0000000000000000E+00
+0.3265366063200000E+00 +0.1500974672289091E-03 +0.0000000000000000E+00
+0.3537479901800000E+00 +0.1626506684329761E-03 +0.0000000000000000E+00
+0.3809593740400000E+00 +0.1752147572760643E-03 +0.0000000000000000E+00
+0.4081707579000000E+00 +0.1877905978898597E-03 +0.0000000000000000E+00
+0.4353821417600000E+00 +0.2003790604263643E-03 +0.0000000000000000E+00
+0.4625935256200001E+00 +0.2129810215258030E-03 +0.0000000000000000E+00
+0.4898049094800001E+00 +0.2255973647926388E-03 +0.0000000000000000E+00
+0.5170162933400000E+00 +0.2382289812803251E-03 +0.0000000000000000E+00
+0.5442276772000001E+00 +0.2508767699854446E-03 +0.0000000000000000E+00
+0.5714390610600001E+00 +0.2635416383519206E-03 +0.0000000000000000E+00
+0.5986504449200000E+00 +0.2762245027859671E-03 +0.0000000000000000E+00
+0.6258618287800001E+00 +0.2889262891825222E-03 +0.0000000000000000E+00
+0.6530732126400001E+00 +0.3016479334638878E-03 +0.0000000000000000E+00
+0.6802845965000001E+00 +0.3143903821313527E-03 +0.0000000000000000E+00
+0.7074959803600001E+00 +0.3271545928305984E-03 +0.0000000000000000E+00
+0.7347073642200000E+00 +0.3399415349317081E-03 +0.0000000000000000E+00
+0.7619187480800000E+00 +0.3527521901246485E-03 +0.0000000000000000E+00
+0.7891301319400000E+00 +0.3655875530311252E-03 +0.0000000000000000E+00
+0.8163415158000000E+00 +0.3784486318337270E-03 +0.0000000000000000E+00
+0.8435528996600000E+00 +0.3913364489233641E-03 +0.0000000000000000E+00
+0.8707642835200000E+00 +0.4042520415659906E-03 +0.0000000000000000E+00
+0.8979756673800001E+00 +0.4171964625896863E-03 +0.0000000000000000E+00
+0.9251870512400001E+00 +0.4301707810932154E-03 +0.0000000000000000E+00
+0.9523984351000001E+00 +0.4431760831772109E-03 +0.0000000000000000E+00
+0.9796098189600002E+00 +0.4562134726992127E-03 +0.0000000000000000E+00
+0.1006821202820000E+01 +0.4692840720538356E-03 +0.0000000000000000E+00
+0.1034032586680000E+01 +0.4823890229794015E-03 +0.0000000000000000E+00
+0.1061243970540000E+01 +0.4955294873924354E-03 +0.0000000000000000E+00
+0.1088455354400000E+01 +0.5087066482515224E-03 +0.0000000000000000E+00
+0.1115666738260000E+01 +0.5219217104520375E-03 +0.0000000000000000E+00
+0.1142878122120000E+01 +0.5351759017534197E-03 +0.0000000000000000E+00
+0.1170089505980000E+01 +0.5484704737406616E-03 +0.0000000000000000E+00
+0.1197300889840000E+01 +0.5618067028218634E-03 +0.0000000000000000E+00
+0.1224512273700000E+01 +0.5751858912637030E-03 +0.0000000000000000E+00
+0.1251723657560000E+01 +0.5886093682668588E-03 +0.0000000000000000E+00
+0.1278935041420000E+01 +0.6020784910834881E-03 +0.0000000000000000E+00
+0.1306146425280000E+01 +0.6155946461789674E-03 +0.0000000000000000E+00
+0.1333357809140000E+01 +0.6291592504402796E-03 +0.0000000000000000E+00
+0.1360569193000000E+01 +0.6427737524334837E-03 +0.0000000000000000E+00
+0.1387780576860000E+01 +0.6564396337129371E-03 +0.0000000000000000E+00
+0.1414991960720000E+01 +0.6701584101849959E-03 +0.0000000000000000E+00
+0.1442203344580000E+01 +0.6839316335291610E-03 +0.0000000000000000E+00
+0.1469414728440000E+01 +0.6977608926797348E-03 +0.0000000000000000E+00
+0.1496626112300000E+01 +0.7116478153713051E-03 +0.0000000000000000E+00
+0.1523837496160000E+01 +0.7255940697514971E-03 +0.0000000000000000E+00
+0.1551048880020000E+01 +0.7396013660647073E-03 +0.0000000000000000E+00
+0.1578260263880000E+01 +0.7536714584107089E-03 +0.0000000000000000E+00
+0.1605471647740000E+01 +0.7678061465822611E-03 +0.0000000000000000E+00
+0.1632683031600000E+01 +0.7820072779861468E-03 +0.0000000000000000E+00
+0.1659894415460000E+01 +0.7962767496522561E-03 +0.0000000000000000E+00
+0.1687105799320000E+01 +0.8106165103357449E-03 +0.0000000000000000E+00
+0.1714317183180000E+01 +0.8250285627174523E-03 +0.0000000000000000E+00
+0.1741528567040000E+01 +0.8395149657082338E-03 +0.0000000000000000E+00
+0.1768739950900000E+01 +0.8540778368631738E-03 +0.0000000000000000E+00
+0.1795951334760000E+01 +0.8687193549119618E-03 +0.0000000000000000E+00
+0.1823162718620000E+01 +0.8834417624122544E-03 +0.0000000000000000E+00
+0.1850374102480000E+01 +0.8982473685331777E-03 +0.0000000000000000E+00
+0.1877585486340000E+01 +0.9131385519766454E-03 +0.0000000000000000E+00
+0.1904796870200000E+01 +0.9281177640446882E-03 +0.0000000000000000E+00
+0.1932008254060000E+01 +0.9431875318615052E-03 +0.0000000000000000E+00
+0.1959219637920000E+01 +0.9583504617595817E-03 +0.0000000000000000E+00
+0.1986431021780000E+01 +0.9736092428398048E-03 +0.0000000000000000E+00
+0.2013642405640000E+01 +0.9889666507162356E-03 +0.0000000000000000E+00
+0.2040853789500000E+01 +0.1004425551456920E-02 +0.0000000000000000E+00
+0.2068065173360000E+01 +0.1019988905732905E-02 +0.0000000000000000E+00
+0.2095276557220000E+01 +0.1035659773188521E-02 +0.0000000000000000E+00
+0.2122487941080000E+01 +0.1051441317046860E-02 +0.0000000000000000E+00
+0.2149699324940000E+01 +0.1067336808965492E-02 +0.0000000000000000E+00
+0.2176910708800000E+01 +0.1083349634158394E-02 +0.0000000000000000E+00
+0.2204122092660000E+01 +0.1099483296801383E-02 +0.0000000000000000E+00
+0.2231333476520000E+01 +0.1115741425739560E-02 +0.0000000000000000E+00
+0.2258544860380000E+01 +0.1132127780516622E-02 +0.0000000000000000E+00
+0.2285756244240000E+01 +0.1148646257747452E-02 +0.0000000000000000E+00
+0.2312967628100000E+01 +0.1165300897856974E-02 +0.0000000000000000E+00
+0.2340179011960000E+01 +0.1182095892210059E-02 +0.0000000000000000E+00
+0.2367390395820000E+01 +0.1199035590659159E-02 +0.0000000000000000E+00
+0.2394601779680000E+01 +0.1216124509538432E-02 +0.0000000000000000E+00
+0.2421813163540000E+01 +0.1233367340135408E-02 +0.0000000000000000E+00
+0.2449024547400000E+01 +0.1250768957673684E-02 +0.0000000000000000E+00
+0.2476235931260000E+01 +0.1268334430842862E-02 +0.0000000000000000E+00
+0.2503447315120000E+01 +0.1286069031914861E-02 +0.0000000000000000E+00
+0.2530658698980000E+01 +0.1303978247488945E-02 +0.0000000000000000E+00
+0.2557870082840000E+01 +0.1322067789911358E-02 +0.0000000000000000E+00
+0.2585081466700000E+01 +0.1340343609419158E-02 +0.0000000000000000E+00
+0.2612292850560000E+01 +0.1358811907062264E-02 +0.0000000000000000E+00
+0.2639504234420000E+01 +0.1377479148462123E-02 +0.0000000000000000E+00
+0.2666715618280000E+01 +0.1396352078470537E-02 +0.0000000000000000E+00
+0.2693927002140000E+01 +0.1415437736797787E-02 +0.0000000000000000E+00
+0.2721138386000000E+01 +0.1434743474685174E-02 +0.0000000000000000E+00
+0.2748349769860000E+01 +0.1454276972703856E-02 +0.0000000000000000E+00
+0.2775561153720000E+01 +0.1474046259769254E-02 +0.0000000000000000E+00
+0.2802772537580001E+01 +0.1494059733468411E-02 +0.0000000000000000E+00
+0.2829983921440000E+01 +0.1514326181806618E-02 +0.0000000000000000E+00
+0.2857195305300000E+01 +0.1534854806489650E-02 +0.0000000000000000E+00
+0.2884406689160000E+01 +0.1555655247868817E-02 +0.0000000000000000E+00
+0.2911618073020000E+01 +0.1576737611688191E-02 +0.0000000000000000E+00
+0.2938829456880000E+01 +0.1598112497786925E-02 +0.0000000000000000E+00
+0.2966040840740000E+01 +0.1619791030924359E-02 +0.0000000000000000E+00
+0.2993252224600000E+01 +0.1641784893912362E-02 +0.0000000000000000E+00
+0.3020463608460000E+01 +0.1664106363257733E-02 +0.0000000000000000E+00
+0.3047674992320000E+01 +0.1686768347538078E-02 +0.0000000000000000E+00
+0.3074886376180000E+01 +0.1709784428757556E-02 +0.0000000000000000E+00
+0.3102097760040000E+01 +0.1733168906954528E-02 +0.0000000000000000E+00
+0.3129309143900000E+01 +0.1756936848361765E-02 +0.0000000000000000E+00
+0.3156520527760000E+01 +0.1781104137452107E-02 +0.0000000000000000E+00
+0.3183731911620000E+01 +0.1805687533238376E-02 +0.0000000000000000E+00
+0.3210943295480000E+01 +0.1830704730237017E-02 +0.0000000000000000E+00
+0.3238154679340000E+01 +0.1856174424550341E-02 +0.0000000000000000E+00
+0.3265366063200000E+01 +0.1882116385573761E-02 +0.0000000000000000E+00
+0.3292577447060000E+01 +0.1908551533892378E-02 +0.0000000000000000E+00
+0.3319788830920000E+01 +0.1935502025996805E-02 +0.0000000000000000E+00
+0.3347000214780000E+01 +0.1962991346522580E-02 +0.0000000000000000E+00
+0.3374211598640000E+01 +0.1991044408801780E-02 +0.0000000000000000E+00
+0.3401422982500000E+01 +0.2019687664611404E-02 +0.0000000000000000E+00
+0.3428634366360000E+01 +0.2048949224112374E-02 +0.0000000000000000E+00
+0.3455845750220000E+01 +0.2078858987097873E-02 +0.0000000000000000E+00
+0.3483057134080000E+01 +0.2109448786812263E-02 +0.0000000000000000E+00
+0.3510268517940000E+01 +0.2140752547765712E-02 +0.0000000000000000E+00
+0.3537479901800000E+01 +0.2172806459157352E-02 +0.0000000000000000E+00
+0.3564691285660000E+01 +0.2205649165736464E-02 +0.0000000000000000E+00
+0.3591902669520000E+01 +0.2239321978180868E-02 +0.0000000000000000E+00
+0.3619114053380001E+01 +0.2273869105360738E-02 +0.0000000000000000E+00
+0.3646325437240000E+01 +0.2309337911191318E-02 +0.0000000000000000E+00
+0.3673536821100000E+01 +0.2345779199167776E-02 +0.0000000000000000E+00
+0.3700748204960000E+01 +0.2383247528130031E-02 +0.0000000000000000E+00
+0.3727959588820001E+01 +0.2421801563336709E-02 +0.0000000000000000E+00
+0.3755170972680001E+01 +0.2461504467550779E-02 +0.0000000000000000E+00
+0.3782382356540001E+01 +0.2502424337572217E-02 +0.0000000000000000E+00
+0.3809593740400000E+01 +0.2544634692517913E-02 +0.0000000000000000E+00
+0.3836805124260001E+01 +0.2588215021172700E-02 +0.0000000000000000E+00
+0.3864016508120001E+01 +0.2633251396950909E-02 +0.0000000000000000E+00
+0.3891227891980001E+01 +0.2679837170456861E-02 +0.0000000000000000E+00
+0.3918439275840001E+01 +0.2728073751365495E-02 +0.0000000000000000E+00
+0.3945650659700000E+01 +0.2778071493425197E-02 +0.0000000000000000E+00
+0.3972862043560000E+01 +0.2829950698892949E-02 +0.0000000000000000E+00
+0.4000073427420000E+01 +0.2883842761747541E-02 +0.0000000000000000E+00
+0.4027284811280000E+01 +0.2939891472716593E-02 +0.0000000000000000E+00
+0.4054496195140000E+01 +0.2998254513658384E-02 +0.0000000000000000E+00
+0.4081707579000000E+01 +0.3059105174365695E-02 +0.0000000000000000E+00
+0.4108918962860000E+01 +0.3122634331670484E-02 +0.0000000000000000E+00
+0.4136130346720000E+01 +0.3189052739166385E-02 +0.0000000000000000E+00
+0.4163341730580000E+01 +0.3258593686374297E-02 +0.0000000000000000E+00
+0.4190553114440000E+01 +0.3331516099335171E-02 +0.0000000000000000E+00
+0.4217764498300000E+01 +0.3408108171184995E-02 +0.0000000000000000E+00
+0.4244975882160000E+01 +0.3488691632261519E-02 +0.0000000000000000E+00
+0.4272187266020000E+01 +0.3573626796054821E-02 +0.0000000000000000E+00
+0.4299398649880001E+01 +0.3663318551651414E-02 +0.0000000000000000E+00
+0.4326610033740001E+01 +0.3758223517674571E-02 +0.0000000000000000E+00
+0.4353821417600001E+01 +0.3858858630412869E-02 +0.0000000000000000E+00
+0.4381032801460000E+01 +0.3965811514408052E-02 +0.0000000000000000E+00
+0.4408244185320000E+01 +0.4079753083528124E-02 +0.0000000000000000E+00
+0.4435455569180000E+01 +0.4201452953222978E-02 +0.0000000000000000E+00
+0.4462666953040000E+01 +0.4331798422490854E-02 +0.0000000000000000E+00
+0.4489878336900000E+01 +0.4471818024326613E-02 +0.0000000000000000E+00
+0.4517089720760000E+01 +0.4622710970540855E-02 +0.0000000000000000E+00
+0.4544301104620001E+01 +0.4785884265676955E-02 +0.0000000000000000E+00
+0.4571512488480001E+01 +0.4962999885081379E-02 +0.0000000000000000E+00
+0.4598723872340001E+01 +0.5156035275081747E-02 +0.0000000000000000E+00
+0.4625935256200001E+01 +0.5367361639678075E-02 +0.0000000000000000E+00
+0.4653146640060001E+01 +0.5599846169667935E-02 +0.0000000000000000E+00
+0.4680358023920000E+01 +0.5856986739260876E-02 +0.0000000000000000E+00
+0.4707569407780000E+01 +0.6143090888185128E-02 +0.0000000000000000E+00
+0.4734780791640000E+01 +0.6463515395625704E-02 +0.0000000000000000E+00
+0.4761992175500001E+01 +0.6824988611726108E-02 +0.0000000000000000E+00
+0.4789203559360000E+01 +0.7236044646855547E-02 +0.0000000000000000E+00
+0.4816414943220000E+01 +0.7707604722182709E-02 +0.0000000000000000E+00
+0.4843626327080000E+01 +0.8253740432004469E-02 +0.0000000000000000E+00
+0.4870837710940000E+01 +0.8892629341425391E-02 +0.0000000000000000E+00
+0.4898049094800000E+01 +0.9647621121970915E-02 +0.0000000000000000E+00
+0.4925260478660000E+01 +0.1054806600742780E-01 +0.0000000000000000E+00
+0.4952471862520000E+01 +0.1162888643778911E-01 +0.0000000000000000E+00
+0.4979683246380000E+01 +0.1292640242102515E-01 +0.0000000000000000E+00
+0.5006894630240001E+01 +0.1446541670075625E-01 +0.0000000000000000E+00
+0.5034106014100000E+01 +0.1623090448787126E-01 +0.0000000000000000E+00
+0.5061317397960000E+01 +0.1812614761545328E-01 +0.0000000000000000E+00
+0.5088528781820000E+01 +0.1995458121799595E-01 +0.0000000000000000E+00
+0.5115740165680000E+01 +0.2150276521847997E-01 +0.0000000000000000E+00
+0.5142951549540000E+01 +0.2272206917702995E-01 +0.0000000000000000E+00
+0.5170162933400000E+01 +0.2381235149537063E-01 +0.0000000000000000E+00
+0.5197374317260000E+01 +0.2507749076501681E-01 +0.0000000000000000E+00
+0.5224585701120001E+01 +0.2671565203579897E-01 +0.0000000000000000E+00
+0.5251797084980001E+01 +0.2871194784895675E-01 +0.0000000000000000E+00
+0.5279008468840001E+01 +0.3085836279723165E-01 +0.0000000000000000E+00
+0.5306219852700001E+01 +0.3292295160569420E-01 +0.0000000000000000E+00
+0.5333431236560000E+01 +0.3490525047668405E-01 +0.0000000000000000E+00
+0.5360642620420000E+01 +0.3711319652236168E-01 +0.0000000000000000E+00
+0.5387854004280000E+01 +0.3995390350841002E-01 +0.0000000000000000E+00
+0.5415065388140000E+01 +0.4367713348287679E-01 +0.0000000000000000E+00
+0.5442276772000000E+01 +0.4823284775595321E-01 +0.0000000000000000E+00
+0.5469488155860001E+01 +0.5318490593650257E-01 +0.0000000000000000E+00
+0.5496699539720001E+01 +0.5771461279407722E-01 +0.0000000000000000E+00
+0.5523910923580001E+01 +0.6098714078819562E-01 +0.0000000000000000E+00
+0.5551122307440001E+01 +0.6284511048155335E-01 +0.0000000000000000E+00
+0.5578333691300001E+01 +0.6403565129745493E-01 +0.0000000000000000E+00
+0.5605545075160001E+01 +0.6557561019853300E-01 +0.0000000000000000E+00
+0.5632756459020001E+01 +0.6801035449881522E-01 +0.0000000000000000E+00
+0.5659967842880000E+01 +0.7123703940832304E-01 +0.0000000000000000E+00
+0.5687179226740000E+01 +0.7484850668242955E-01 +0.0000000000000000E+00
+0.5714390610600000E+01 +0.7858140992818505E-01 +0.0000000000000000E+00
+0.5741601994460000E+01 +0.8248811394147733E-01 +0.0000000000000000E+00
+0.5768813378320000E+01 +0.8687512291799782E-01 +0.0000000000000000E+00
+0.5796024762180000E+01 +0.9213477578731089E-01 +0.0000000000000000E+00
+0.5823236146040000E+01 +0.9843953534042116E-01 +0.0000000000000000E+00
+0.5850447529900000E+01 +0.1052645660406108E+00 +0.0000000000000000E+00
+0.5877658913760000E+01 +0.1108483365141517E+00 +0.0000000000000000E+00
+0.5904870297620000E+01 +0.1124074207593378E+00 +0.0000000000000000E+00
+0.5932081681480001E+01 +0.1078831863499448E+00 +0.0000000000000000E+00
+0.5959293065340001E+01 +0.9780436378049609E-01 +0.0000000000000000E+00
+0.5986504449200001E+01 +0.8484086812799525E-01 +0.0000000000000000E+00
+0.6013715833060000E+01 +0.7174012851856526E-01 +0.0000000000000000E+00
+0.6040927216920000E+01 +0.6009628392381237E-01 +0.0000000000000000E+00
+0.6068138600780000E+01 +0.5041793053232410E-01 +0.0000000000000000E+00
+0.6095349984640000E+01 +0.4262362517992547E-01 +0.0000000000000000E+00
+0.6122561368500000E+01 +0.3641913894168856E-01 +0.0000000000000000E+00
+0.6149772752360001E+01 +0.3148369581529418E-01 +0.0000000000000000E+00
+0.6176984136220001E+01 +0.2753816417743670E-01 +0.0000000000000000E+00
+0.6204195520080001E+01 +0.2435965733039139E-01 +0.0000000000000000E+00
+0.6231406903940001E+01 +0.2177658887656370E-01 +0.0000000000000000E+00
+0.6258618287800001E+01 +0.1965872064337007E-01 +0.0000000000000000E+00
+0.6285829671660001E+01 +0.1790748139859733E-01 +0.0000000000000000E+00
+0.6313041055520000E+01 +0.1644804004161609E-01 +0.0000000000000000E+00
+0.6340252439380000E+01 +0.1522324117140332E-01 +0.0000000000000000E+00
+0.6367463823240000E+01 +0.1418910083779513E-01 +0.0000000000000000E+00
+0.6394675207100001E+01 +0.1331150097572390E-01 +0.0000000000000000E+00
+0.6421886590960001E+01 +0.1256377082629636E-01 +0.0000000000000000E+00
+0.6449097974820001E+01 +0.1192491440931115E-01 +0.0000000000000000E+00
+0.6476309358680001E+01 +0.1137830650096730E-01 +0.0000000000000000E+00
+0.6503520742540001E+01 +0.1091072921484917E-01 +0.0000000000000000E+00
+0.6530732126400000E+01 +0.1051165806710462E-01 +0.0000000000000000E+00
+0.6557943510260000E+01 +0.1017273303989822E-01 +0.0000000000000000E+00
+0.6585154894120000E+01 +0.9887369349611881E-02 +0.0000000000000000E+00
+0.6612366277980001E+01 +0.9650476591809051E-02 +0.0000000000000000E+00
+0.6639577661840001E+01 +0.9458265363177204E-02 +0.0000000000000000E+00
+0.6666789045700000E+01 +0.9308128618865839E-02 +0.0000000000000000E+00
+0.6694000429560000E+01 +0.9198591869514012E-02 +0.0000000000000000E+00
+0.6721211813420000E+01 +0.9129332573505712E-02 +0.0000000000000000E+00
+0.6748423197280000E+01 +0.9101275187195352E-02 +0.0000000000000000E+00
+0.6775634581140000E+01 +0.9116774237195396E-02 +0.0000000000000000E+00
+0.6802845965000000E+01 +0.9179902128791658E-02 +0.0000000000000000E+00
+0.6830057348860000E+01 +0.9296856512770482E-02 +0.0000000000000000E+00
+0.6857268732720001E+01 +0.9476480702993235E-02 +0.0000000000000000E+00
+0.6884480116580001E+01 +0.9730815962920941E-02 +0.0000000000000000E+00
+0.6911691500440001E+01 +0.1007539565136301E-01 +0.0000000000000000E+00
+0.6938902884300001E+01 +0.1052847621482927E-01 +0.0000000000000000E+00
+0.6966114268160000E+01 +0.1110729661458982E-01 +0.0000000000000000E+00
+0.6993325652020000E+01 +0.1181766189225485E-01 +0.0000000000000000E+00
+0.7020537035880000E+01 +0.1263229738861558E-01 +0.0000000000000000E+00
+0.7047748419740000E+01 +0.1346078957168502E-01 +0.0000000000000000E+00
+0.7074959803600001E+01 +0.1414081012538090E-01 +0.0000000000000000E+00
+0.7102171187460001E+01 +0.1450483097663632E-01 +0.0000000000000000E+00
+0.7129382571320001E+01 +0.1450850321423953E-01 +0.0000000000000000E+00
+0.7156593955180001E+01 +0.1427813533547810E-01 +0.0000000000000000E+00
+0.7183805339040001E+01 +0.1401198263276992E-01 +0.0000000000000000E+00
+0.7211016722900001E+01 +0.1386712965379655E-01 +0.0000000000000000E+00
+0.7238228106760001E+01 +0.1393067089697859E-01 +0.0000000000000000E+00
+0.7265439490620000E+01 +0.1424475972097044E-01 +0.0000000000000000E+00
+0.7292650874480000E+01 +0.1483568930015359E-01 +0.0000000000000000E+00
+0.7319862258340001E+01 +0.1572933717307949E-01 +0.0000000000000000E+00
+0.7347073642200001E+01 +0.1695156723686179E-01 +0.0000000000000000E+00
+0.7374285026060001E+01 +0.1851246183724014E-01 +0.0000000000000000E+00
+0.7401496409920001E+01 +0.2037292419109528E-01 +0.0000000000000000E+00
+0.7428707793780001E+01 +0.2240668959949119E-01 +0.0000000000000000E+00
+0.7455919177640001E+01 +0.2440674223404101E-01 +0.0000000000000000E+00
+0.7483130561500001E+01 +0.2619216173106976E-01 +0.0000000000000000E+00
+0.7510341945360001E+01 +0.2774559963939505E-01 +0.0000000000000000E+00
+0.7537553329220001E+01 +0.2917918971720528E-01 +0.0000000000000000E+00
+0.7564764713080002E+01 +0.3053371416396383E-01 +0.0000000000000000E+00
+0.7591976096940001E+01 +0.3169819811435119E-01 +0.0000000000000000E+00
+0.7619187480800001E+01 +0.3256696072385125E-01 +0.0000000000000000E+00
+0.7646398864660001E+01 +0.3318601502586715E-01 +0.0000000000000000E+00
+0.7673610248520001E+01 +0.3368124160560262E-01 +0.0000000000000000E+00
+0.7700821632380001E+01 +0.3409100292719468E-01 +0.0000000000000000E+00
+0.7728033016240001E+01 +0.3428886615734283E-01 +0.0000000000000000E+00
+0.7755244400100001E+01 +0.3408906585966662E-01 +0.0000000000000000E+00
+0.7782455783960001E+01 +0.3346610585144214E-01 +0.0000000000000000E+00
+0.7809667167820002E+01 +0.3262912406769446E-01 +0.0000000000000000E+00
+0.7836878551680002E+01 +0.3183903076491164E-01 +0.0000000000000000E+00
+0.7864089935540000E+01 +0.3121000000669489E-01 +0.0000000000000000E+00
+0.7891301319400000E+01 +0.3071819804882638E-01 +0.0000000000000000E+00
+0.7918512703260000E+01 +0.3031432947454294E-01 +0.0000000000000000E+00
+0.7945724087120000E+01 +0.2996465067178710E-01 +0.0000000000000000E+00
+0.7972935470980000E+01 +0.2966500698480182E-01 +0.0000000000000000E+00
+0.8000146854840001E+01 +0.2947550740085475E-01 +0.0000000000000000E+00
+0.8027358238700000E+01 +0.2948450987189472E-01 +0.0000000000000000E+00
+0.8054569622560001E+01 +0.2973234892027714E-01 +0.0000000000000000E+00
+0.8081781006420000E+01 +0.3020232711188163E-01 +0.0000000000000000E+00
+0.8108992390280001E+01 +0.3085475373299526E-01 +0.0000000000000000E+00
+0.8136203774140000E+01 +0.3164499758711195E-01 +0.0000000000000000E+00
+0.8163415157999999E+01 +0.3251043516578112E-01 +0.0000000000000000E+00
+0.8190626541860000E+01 +0.3334571644091820E-01 +0.0000000000000000E+00
+0.8217837925720000E+01 +0.3403565211078127E-01 +0.0000000000000000E+00
+0.8245049309580001E+01 +0.3455717934221759E-01 +0.0000000000000000E+00
+0.8272260693440000E+01 +0.3505098939990722E-01 +0.0000000000000000E+00
+0.8299472077300001E+01 +0.3576992925812030E-01 +0.0000000000000000E+00
+0.8326683461160000E+01 +0.3696146491295182E-01 +0.0000000000000000E+00
+0.8353894845020001E+01 +0.3878893597170403E-01 +0.0000000000000000E+00
+0.8381106228880000E+01 +0.4128251345837132E-01 +0.0000000000000000E+00
+0.8408317612740001E+01 +0.4429651747550951E-01 +0.0000000000000000E+00
+0.8435528996600000E+01 +0.4752804880845700E-01 +0.0000000000000000E+00
+0.8462740380460000E+01 +0.5063350107729565E-01 +0.0000000000000000E+00
+0.8489951764320001E+01 +0.5331541210746612E-01 +0.0000000000000000E+00
+0.8517163148180000E+01 +0.5532370052190812E-01 +0.0000000000000000E+00
+0.8544374532040001E+01 +0.5659269147593651E-01 +0.0000000000000000E+00
+0.8571585915900000E+01 +0.5744384660095376E-01 +0.0000000000000000E+00
+0.8598797299760001E+01 +0.5839815546957489E-01 +0.0000000000000000E+00
+0.8626008683620000E+01 +0.5965736975240375E-01 +0.0000000000000000E+00
+0.8653220067480001E+01 +0.6082515566104309E-01 +0.0000000000000000E+00
+0.8680431451340000E+01 +0.6121367002146627E-01 +0.0000000000000000E+00
+0.8707642835200001E+01 +0.6052201698036994E-01 +0.0000000000000000E+00
+0.8734854219060001E+01 +0.5911024479825375E-01 +0.0000000000000000E+00
+0.8762065602920000E+01 +0.5753335003751897E-01 +0.0000000000000000E+00
+0.8789276986780001E+01 +0.5606515394628084E-01 +0.0000000000000000E+00
+0.8816488370640000E+01 +0.5477366930932538E-01 +0.0000000000000000E+00
+0.8843699754500001E+01 +0.5380146303117496E-01 +0.0000000000000000E+00
+0.8870911138360000E+01 +0.5338922324500717E-01 +0.0000000000000000E+00
+0.8898122522220001E+01 +0.5372977655156240E-01 +0.0000000000000000E+00
+0.8925333906080001E+01 +0.5488233101655110E-01 +0.0000000000000000E+00
+0.8952545289940002E+01 +0.5673280887236574E-01 +0.0000000000000000E+00
+0.8979756673800001E+01 +0.5892219144227522E-01 +0.0000000000000000E+00
+0.9006968057660002E+01 +0.6084436289354658E-01 +0.0000000000000000E+00
+0.9034179441520001E+01 +0.6188784212331614E-01 +0.0000000000000000E+00
+0.9061390825380000E+01 +0.6180012392834368E-01 +0.0000000000000000E+00
+0.9088602209240001E+01 +0.6077929912058169E-01 +0.0000000000000000E+00
+0.9115813593100000E+01 +0.5917510394337505E-01 +0.0000000000000000E+00
+0.9143024976960001E+01 +0.5722027203747356E-01 +0.0000000000000000E+00
+0.9170236360820001E+01 +0.5508689407341451E-01 +0.0000000000000000E+00
+0.9197447744680002E+01 +0.5297749171355923E-01 +0.0000000000000000E+00
+0.9224659128540001E+01 +0.5102225770057989E-01 +0.0000000000000000E+00
+0.9251870512400002E+01 +0.4915747368424164E-01 +0.0000000000000000E+00
+0.9279081896260001E+01 +0.4718525551456708E-01 +0.0000000000000000E+00
+0.9306293280120002E+01 +0.4496343608781113E-01 +0.0000000000000000E+00
+0.9333504663980001E+01 +0.4249642354713853E-01 +0.0000000000000000E+00
+0.9360716047840000E+01 +0.3989272110703732E-01 +0.0000000000000000E+00
+0.9387927431700001E+01 +0.3732259271700378E-01 +0.0000000000000000E+00
+0.9415138815560001E+01 +0.3497456839395428E-01 +0.0000000000000000E+00
+0.9442350199420002E+01 +0.3299146203551428E-01 +0.0000000000000000E+00
+0.9469561583280001E+01 +0.3144501059040249E-01 +0.0000000000000000E+00
+0.9496772967140002E+01 +0.3036796439399874E-01 +0.0000000000000000E+00
+0.9523984351000001E+01 +0.2978146578371506E-01 +0.0000000000000000E+00
+0.9551195734860002E+01 +0.2969075679014230E-01 +0.0000000000000000E+00
+0.9578407118720000E+01 +0.3008369778787190E-01 +0.0000000000000000E+00
+0.9605618502580000E+01 +0.3094260667130107E-01 +0.0000000000000000E+00
+0.9632829886440000E+01 +0.3223934260828162E-01 +0.0000000000000000E+00
+0.9660041270300001E+01 +0.3386912411756941E-01 +0.0000000000000000E+00
+0.9687252654160000E+01 +0.3553810466031826E-01 +0.0000000000000000E+00
+0.9714464038020001E+01 +0.3675160254978872E-01 +0.0000000000000000E+00
+0.9741675421880000E+01 +0.3706277102967960E-01 +0.0000000000000000E+00
+0.9768886805739999E+01 +0.3643101190719307E-01 +0.0000000000000000E+00
+0.9796098189600000E+01 +0.3525423509791521E-01 +0.0000000000000000E+00
+0.9823309573460000E+01 +0.3402720557237158E-01 +0.0000000000000000E+00
+0.9850520957320001E+01 +0.3305085694043820E-01 +0.0000000000000000E+00
+0.9877732341180000E+01 +0.3241503806789052E-01 +0.0000000000000000E+00
+0.9904943725040001E+01 +0.3211326187609210E-01 +0.0000000000000000E+00
+0.9932155108900000E+01 +0.3209268844904441E-01 +0.0000000000000000E+00
+0.9959366492760001E+01 +0.3222170848450109E-01 +0.0000000000000000E+00
+0.9986577876620000E+01 +0.3231710241561914E-01 +0.0000000000000000E+00
+0.1001378926048000E+02 +0.3226743819977217E-01 +0.0000000000000000E+00
+0.1004100064434000E+02 +0.3208601911212577E-01 +0.0000000000000000E+00
+0.1006821202820000E+02 +0.3183555517625022E-01 +0.0000000000000000E+00
+0.1009542341206000E+02 +0.3157452640573932E-01 +0.0000000000000000E+00
+0.1012263479592000E+02 +0.3135288998884915E-01 +0.0000000000000000E+00
+0.1014984617978000E+02 +0.3118606137441074E-01 +0.0000000000000000E+00
+0.1017705756364000E+02 +0.3104661730745109E-01 +0.0000000000000000E+00
+0.1020426894750000E+02 +0.3089313215813853E-01 +0.0000000000000000E+00
+0.1023148033136000E+02 +0.3068903169698931E-01 +0.0000000000000000E+00
+0.1025869171522000E+02 +0.3042684459233540E-01 +0.0000000000000000E+00
+0.1028590309908000E+02 +0.3015460649795573E-01 +0.0000000000000000E+00
+0.1031311448294000E+02 +0.2993970486852907E-01 +0.0000000000000000E+00
+0.1034032586680000E+02 +0.2981067963375996E-01 +0.0000000000000000E+00
+0.1036753725066000E+02 +0.2975839951478611E-01 +0.0000000000000000E+00
+0.1039474863452000E+02 +0.2977002268571670E-01 +0.0000000000000000E+00
+0.1042196001838000E+02 +0.2985283668765102E-01 +0.0000000000000000E+00
+0.1044917140224000E+02 +0.3005055732024136E-01 +0.0000000000000000E+00
+0.1047638278610000E+02 +0.3044409128710863E-01 +0.0000000000000000E+00
+0.1050359416996000E+02 +0.3111269506952212E-01 +0.0000000000000000E+00
+0.1053080555382000E+02 +0.3205204875791910E-01 +0.0000000000000000E+00
+0.1055801693768000E+02 +0.3307822877700689E-01 +0.0000000000000000E+00
+0.1058522832154000E+02 +0.3379870629466318E-01 +0.0000000000000000E+00
+0.1061243970540000E+02 +0.3377220733695160E-01 +0.0000000000000000E+00
+0.1063965108926000E+02 +0.3282469089841454E-01 +0.0000000000000000E+00
+0.1066686247312000E+02 +0.3120071126378383E-01 +0.0000000000000000E+00
+0.1069407385698000E+02 +0.2935611336483837E-01 +0.0000000000000000E+00
+0.1072128524084000E+02 +0.2766281234162956E-01 +0.0000000000000000E+00
+0.1074849662470000E+02 +0.2630305531049989E-01 +0.0000000000000000E+00
+0.1077570800856000E+02 +0.2531277548522112E-01 +0.0000000000000000E+00
+0.1080291939242000E+02 +0.2464332861165983E-01 +0.0000000000000000E+00
+0.1083013077628000E+02 +0.2419845543398162E-01 +0.0000000000000000E+00
+0.1085734216014000E+02 +0.2386243401879497E-01 +0.0000000000000000E+00
+0.1088455354400000E+02 +0.2353504395648758E-01 +0.0000000000000000E+00
+0.1091176492786000E+02 +0.2316740019476886E-01 +0.0000000000000000E+00
+0.1093897631172000E+02 +0.2277701180312630E-01 +0.0000000000000000E+00
+0.1096618769558000E+02 +0.2242731930878939E-01 +0.0000000000000000E+00
+0.1099339907944000E+02 +0.2218540483665674E-01 +0.0000000000000000E+00
+0.1102061046330000E+02 +0.2208589798188544E-01 +0.0000000000000000E+00
+0.1104782184716000E+02 +0.2211613240261590E-01 +0.0000000000000000E+00
+0.1107503323102000E+02 +0.2223023923566051E-01 +0.0000000000000000E+00
+0.1110224461488000E+02 +0.2238840077053421E-01 +0.0000000000000000E+00
+0.1112945599874000E+02 +0.2258966613886598E-01 +0.0000000000000000E+00
+0.1115666738260000E+02 +0.2286391766138412E-01 +0.0000000000000000E+00
+0.1118387876646000E+02 +0.2322734175721831E-01 +0.0000000000000000E+00
+0.1121109015032000E+02 +0.2364698186035966E-01 +0.0000000000000000E+00
+0.1123830153418000E+02 +0.2405047612456803E-01 +0.0000000000000000E+00
+0.1126551291804000E+02 +0.2437115317302143E-01 +0.0000000000000000E+00
+0.1129272430190000E+02 +0.2459396795164634E-01 +0.0000000000000000E+00
+0.1131993568576000E+02 +0.2476489387971574E-01 +0.0000000000000000E+00
+0.1134714706962000E+02 +0.2495625282368371E-01 +0.0000000000000000E+00
+0.1137435845348000E+02 +0.2522086783351949E-01 +0.0000000000000000E+00
+0.1140156983734000E+02 +0.2555629494024171E-01 +0.0000000000000000E+00
+0.1142878122120000E+02 +0.2590784273104084E-01 +0.0000000000000000E+00
+0.1145599260506000E+02 +0.2623385802140607E-01 +0.0000000000000000E+00
+0.1148320398892000E+02 +0.2656907983685103E-01 +0.0000000000000000E+00
+0.1151041537278000E+02 +0.2701153118902188E-01 +0.0000000000000000E+00
+0.1153762675664000E+02 +0.2766055274453357E-01 +0.0000000000000000E+00
+0.1156483814050000E+02 +0.2856015841357708E-01 +0.0000000000000000E+00
+0.1159204952436000E+02 +0.2965993630067855E-01 +0.0000000000000000E+00
+0.1161926090822000E+02 +0.3080912504255578E-01 +0.0000000000000000E+00
+0.1164647229208000E+02 +0.3180277840746362E-01 +0.0000000000000000E+00
+0.1167368367594000E+02 +0.3246185409552166E-01 +0.0000000000000000E+00
+0.1170089505980000E+02 +0.3271704188918310E-01 +0.0000000000000000E+00
+0.1172810644366000E+02 +0.3264036165100029E-01 +0.0000000000000000E+00
+0.1175531782752000E+02 +0.3239162718129855E-01 +0.0000000000000000E+00
+0.1178252921138000E+02 +0.3215947920951646E-01 +0.0000000000000000E+00
+0.1180974059524000E+02 +0.3212352322043791E-01 +0.0000000000000000E+00
+0.1183695197910000E+02 +0.3239283061709829E-01 +0.0000000000000000E+00
+0.1186416336296000E+02 +0.3295442420575288E-01 +0.0000000000000000E+00
+0.1189137474682000E+02 +0.3369098281997906E-01 +0.0000000000000000E+00
+0.1191858613068000E+02 +0.3447669804082295E-01 +0.0000000000000000E+00
+0.1194579751454000E+02 +0.3528359873834177E-01 +0.0000000000000000E+00
+0.1197300889840000E+02 +0.3618530245483365E-01 +0.0000000000000000E+00
+0.1200022028226000E+02 +0.3725344769434607E-01 +0.0000000000000000E+00
+0.1202743166612000E+02 +0.3847933350285532E-01 +0.0000000000000000E+00
+0.1205464304998000E+02 +0.3980313274796129E-01 +0.0000000000000000E+00
+0.1208185443384000E+02 +0.4120554611118746E-01 +0.0000000000000000E+00
+0.1210906581770000E+02 +0.4276360888438673E-01 +0.0000000000000000E+00
+0.1213627720156000E+02 +0.4459371800984505E-01 +0.0000000000000000E+00
+0.1216348858542000E+02 +0.4672422080147942E-01 +0.0000000000000000E+00
+0.1219069996928000E+02 +0.4904882216920743E-01 +0.0000000000000000E+00
+0.1221791135314000E+02 +0.5143735400746804E-01 +0.0000000000000000E+00
+0.1224512273700000E+02 +0.5387473698421180E-01 +0.0000000000000000E+00
+0.1227233412086000E+02 +0.5647088067407552E-01 +0.0000000000000000E+00
+0.1229954550472000E+02 +0.5940478212604559E-01 +0.0000000000000000E+00
+0.1232675688858000E+02 +0.6290018622524524E-01 +0.0000000000000000E+00
+0.1235396827244000E+02 +0.6718821260911806E-01 +0.0000000000000000E+00
+0.1238117965630000E+02 +0.7240327758995684E-01 +0.0000000000000000E+00
+0.1240839104016000E+02 +0.7845846198239528E-01 +0.0000000000000000E+00
+0.1243560242402000E+02 +0.8501286151152317E-01 +0.0000000000000000E+00
+0.1246281380788000E+02 +0.9160503882145418E-01 +0.0000000000000000E+00
+0.1249002519174000E+02 +0.9781497771969969E-01 +0.0000000000000000E+00
+0.1251723657560000E+02 +0.1032412662358471E+00 +0.0000000000000000E+00
+0.1254444795946000E+02 +0.1075468549693684E+00 +0.0000000000000000E+00
+0.1257165934332000E+02 +0.1108115620777536E+00 +0.0000000000000000E+00
+0.1259887072718000E+02 +0.1136822382135763E+00 +0.0000000000000000E+00
+0.1262608211104000E+02 +0.1169876247011337E+00 +0.0000000000000000E+00
+0.1265329349490000E+02 +0.1212995461688666E+00 +0.0000000000000000E+00
+0.1268050487876000E+02 +0.1268425351402930E+00 +0.0000000000000000E+00
+0.1270771626262000E+02 +0.1337106320544159E+00 +0.0000000000000000E+00
+0.1273492764648000E+02 +0.1421209458939254E+00 +0.0000000000000000E+00
+0.1276213903034000E+02 +0.1521710811530294E+00 +0.0000000000000000E+00
+0.1278935041420000E+02 +0.1630350260196571E+00 +0.0000000000000000E+00
+0.1281656179806000E+02 +0.1725320905467985E+00 +0.0000000000000000E+00
+0.1284377318192000E+02 +0.1781062036323244E+00 +0.0000000000000000E+00
+0.1287098456578000E+02 +0.1786970519440749E+00 +0.0000000000000000E+00
+0.1289819594964000E+02 +0.1752703235368706E+00 +0.0000000000000000E+00
+0.1292540733350000E+02 +0.1694728729181680E+00 +0.0000000000000000E+00
+0.1295261871736000E+02 +0.1625273929152384E+00 +0.0000000000000000E+00
+0.1297983010122000E+02 +0.1553473270920080E+00 +0.0000000000000000E+00
+0.1300704148508000E+02 +0.1488476072648224E+00 +0.0000000000000000E+00
+0.1303425286894000E+02 +0.1438220254506216E+00 +0.0000000000000000E+00
+0.1306146425280000E+02 +0.1407800254556670E+00 +0.0000000000000000E+00
+0.1308867563666000E+02 +0.1399690289772342E+00 +0.0000000000000000E+00
+0.1311588702052000E+02 +0.1412879044177164E+00 +0.0000000000000000E+00
+0.1314309840438000E+02 +0.1440369838956723E+00 +0.0000000000000000E+00
+0.1317030978824000E+02 +0.1468846366596669E+00 +0.0000000000000000E+00
+0.1319752117210000E+02 +0.1484141658039328E+00 +0.0000000000000000E+00
+0.1322473255596000E+02 +0.1480974604123719E+00 +0.0000000000000000E+00
+0.1325194393982000E+02 +0.1466942172177177E+00 +0.0000000000000000E+00
+0.1327915532368000E+02 +0.1454893046907014E+00 +0.0000000000000000E+00
+0.1330636670754000E+02 +0.1452374828910036E+00 +0.0000000000000000E+00
+0.1333357809140000E+02 +0.1457904292975516E+00 +0.0000000000000000E+00
+0.1336078947526000E+02 +0.1465015260540146E+00 +0.0000000000000000E+00
+0.1338800085912000E+02 +0.1469318741923909E+00 +0.0000000000000000E+00
+0.1341521224298000E+02 +0.1472598821783012E+00 +0.0000000000000000E+00
+0.1344242362684000E+02 +0.1480753380486452E+00 +0.0000000000000000E+00
+0.1346963501070000E+02 +0.1497428278820008E+00 +0.0000000000000000E+00
+0.1349684639456000E+02 +0.1520529620745592E+00 +0.0000000000000000E+00
+0.1352405777842000E+02 +0.1545918708932462E+00 +0.0000000000000000E+00
+0.1355126916228000E+02 +0.1572918771851388E+00 +0.0000000000000000E+00
+0.1357848054614000E+02 +0.1605244234304548E+00 +0.0000000000000000E+00
+0.1360569193000000E+02 +0.1648341611209855E+00 +0.0000000000000000E+00
+0.1363290331386000E+02 +0.1706070339844232E+00 +0.0000000000000000E+00
+0.1366011469772000E+02 +0.1777804692684062E+00 +0.0000000000000000E+00
+0.1368732608158000E+02 +0.1856919429727152E+00 +0.0000000000000000E+00
+0.1371453746544000E+02 +0.1932593508069793E+00 +0.0000000000000000E+00
+0.1374174884930000E+02 +0.1996630212060085E+00 +0.0000000000000000E+00
+0.1376896023316000E+02 +0.2050506557977521E+00 +0.0000000000000000E+00
+0.1379617161702000E+02 +0.2101472971032554E+00 +0.0000000000000000E+00
+0.1382338300088000E+02 +0.2149840590174890E+00 +0.0000000000000000E+00
+0.1385059438474000E+02 +0.2186442616614045E+00 +0.0000000000000000E+00
+0.1387780576860000E+02 +0.2206172397696597E+00 +0.0000000000000000E+00
+0.1390501715246000E+02 +0.2217149555876620E+00 +0.0000000000000000E+00
+0.1393222853632000E+02 +0.2230746987750976E+00 +0.0000000000000000E+00
+0.1395943992018000E+02 +0.2247653110850903E+00 +0.0000000000000000E+00
+0.1398665130404000E+02 +0.2257099338947199E+00 +0.0000000000000000E+00
+0.1401386268790000E+02 +0.2247567237302371E+00 +0.0000000000000000E+00
+0.1404107407176000E+02 +0.2217900747447219E+00 +0.0000000000000000E+00
+0.1406828545562000E+02 +0.2178724290402334E+00 +0.0000000000000000E+00
+0.1409549683948000E+02 +0.2145702701141242E+00 +0.0000000000000000E+00
+0.1412270822334000E+02 +0.2133278871831463E+00 +0.0000000000000000E+00
+0.1414991960720000E+02 +0.2149660438411624E+00 +0.0000000000000000E+00
+0.1417713099106000E+02 +0.2190684934160369E+00 +0.0000000000000000E+00
+0.1420434237492000E+02 +0.2237051294012798E+00 +0.0000000000000000E+00
+0.1423155375878000E+02 +0.2262505732809437E+00 +0.0000000000000000E+00
+0.1425876514264000E+02 +0.2251135111186168E+00 +0.0000000000000000E+00
+0.1428597652650000E+02 +0.2208486061435701E+00 +0.0000000000000000E+00
+0.1431318791036000E+02 +0.2156417533112582E+00 +0.0000000000000000E+00
+0.1434039929422000E+02 +0.2119903661154325E+00 +0.0000000000000000E+00
+0.1436761067808000E+02 +0.2118251198596852E+00 +0.0000000000000000E+00
+0.1439482206194000E+02 +0.2163096501801646E+00 +0.0000000000000000E+00
+0.1442203344580000E+02 +0.2257834782072522E+00 +0.0000000000000000E+00
+0.1444924482966000E+02 +0.2395030977664533E+00 +0.0000000000000000E+00
+0.1447645621352000E+02 +0.2554247860525855E+00 +0.0000000000000000E+00
+0.1450366759738000E+02 +0.2705531626998494E+00 +0.0000000000000000E+00
+0.1453087898124000E+02 +0.2820753987831296E+00 +0.0000000000000000E+00
+0.1455809036510000E+02 +0.2886978273312137E+00 +0.0000000000000000E+00
+0.1458530174896000E+02 +0.2912072791559781E+00 +0.0000000000000000E+00
+0.1461251313282000E+02 +0.2918628324584915E+00 +0.0000000000000000E+00
+0.1463972451668000E+02 +0.2930489295443660E+00 +0.0000000000000000E+00
+0.1466693590054000E+02 +0.2961791779606056E+00 +0.0000000000000000E+00
+0.1469414728440000E+02 +0.3012411867815886E+00 +0.0000000000000000E+00
+0.1472135866826000E+02 +0.3068837427967628E+00 +0.0000000000000000E+00
+0.1474857005212000E+02 +0.3112881146057725E+00 +0.0000000000000000E+00
+0.1477578143598000E+02 +0.3131749159398641E+00 +0.0000000000000000E+00
+0.1480299281984000E+02 +0.3118632658500529E+00 +0.0000000000000000E+00
+0.1483020420370000E+02 +0.3068457192787711E+00 +0.0000000000000000E+00
+0.1485741558756000E+02 +0.2980551071979778E+00 +0.0000000000000000E+00
+0.1488462697142000E+02 +0.2865782601818928E+00 +0.0000000000000000E+00
+0.1491183835528000E+02 +0.2743752940423990E+00 +0.0000000000000000E+00
+0.1493904973914000E+02 +0.2631302490274662E+00 +0.0000000000000000E+00
+0.1496626112300000E+02 +0.2537500536444416E+00 +0.0000000000000000E+00
+0.1499347250686000E+02 +0.2466845074961896E+00 +0.0000000000000000E+00
+0.1502068389072000E+02 +0.2422023879827973E+00 +0.0000000000000000E+00
+0.1504789527458000E+02 +0.2403103814663569E+00 +0.0000000000000000E+00
+0.1507510665844000E+02 +0.2405944482260251E+00 +0.0000000000000000E+00
+0.1510231804230000E+02 +0.2421910657565369E+00 +0.0000000000000000E+00
+0.1512952942616000E+02 +0.2438871086803754E+00 +0.0000000000000000E+00
+0.1515674081002000E+02 +0.2445247575922958E+00 +0.0000000000000000E+00
+0.1518395219388000E+02 +0.2436985119221607E+00 +0.0000000000000000E+00
+0.1521116357774000E+02 +0.2420961176888115E+00 +0.0000000000000000E+00
+0.1523837496160000E+02 +0.2410880488644980E+00 +0.0000000000000000E+00
+0.1526558634546000E+02 +0.2420481042594748E+00 +0.0000000000000000E+00
+0.1529279772932000E+02 +0.2458645770822363E+00 +0.0000000000000000E+00
+0.1532000911318000E+02 +0.2526481302015702E+00 +0.0000000000000000E+00
+0.1534722049704000E+02 +0.2616545568159485E+00 +0.0000000000000000E+00
+0.1537443188090000E+02 +0.2715807470003833E+00 +0.0000000000000000E+00
+0.1540164326476000E+02 +0.2812093377698552E+00 +0.0000000000000000E+00
+0.1542885464862000E+02 +0.2899475736558633E+00 +0.0000000000000000E+00
+0.1545606603248000E+02 +0.2978426057581396E+00 +0.0000000000000000E+00
+0.1548327741634000E+02 +0.3051875222046210E+00 +0.0000000000000000E+00
+0.1551048880020000E+02 +0.3121572980912105E+00 +0.0000000000000000E+00
+0.1553770018406000E+02 +0.3187787820050477E+00 +0.0000000000000000E+00
+0.1556491156792000E+02 +0.3250607890708402E+00 +0.0000000000000000E+00
+0.1559212295178000E+02 +0.3309717374374431E+00 +0.0000000000000000E+00
+0.1561933433564000E+02 +0.3363858424955335E+00 +0.0000000000000000E+00
+0.1564654571950000E+02 +0.3414112029084502E+00 +0.0000000000000000E+00
+0.1567375710336000E+02 +0.3467531374094487E+00 +0.0000000000000000E+00
+0.1570096848722000E+02 +0.3532815270985500E+00 +0.0000000000000000E+00
+0.1572817987108000E+02 +0.3610385649678856E+00 +0.0000000000000000E+00
+0.1575539125494000E+02 +0.3688920584956262E+00 +0.0000000000000000E+00
+0.1578260263880000E+02 +0.3755648880872990E+00 +0.0000000000000000E+00
+0.1580981402266000E+02 +0.3808103840951098E+00 +0.0000000000000000E+00
+0.1583702540652000E+02 +0.3849292123355120E+00 +0.0000000000000000E+00
+0.1586423679038000E+02 +0.3876576303864879E+00 +0.0000000000000000E+00
+0.1589144817424000E+02 +0.3883757311346170E+00 +0.0000000000000000E+00
+0.1591865955810000E+02 +0.3870729868934670E+00 +0.0000000000000000E+00
+0.1594587094196000E+02 +0.3845822801957799E+00 +0.0000000000000000E+00
+0.1597308232582000E+02 +0.3820277220803725E+00 +0.0000000000000000E+00
+0.1600029370968000E+02 +0.3802323860986163E+00 +0.0000000000000000E+00
+0.1602750509354000E+02 +0.3793157206553776E+00 +0.0000000000000000E+00
+0.1605471647740000E+02 +0.3783727753751752E+00 +0.0000000000000000E+00
+0.1608192786126000E+02 +0.3758484379225249E+00 +0.0000000000000000E+00
+0.1610913924512000E+02 +0.3708261668390755E+00 +0.0000000000000000E+00
+0.1613635062898000E+02 +0.3638024653214216E+00 +0.0000000000000000E+00
+0.1616356201284000E+02 +0.3560758432104958E+00 +0.0000000000000000E+00
+0.1619077339670000E+02 +0.3488053227698277E+00 +0.0000000000000000E+00
+0.1621798478056000E+02 +0.3427689445835214E+00 +0.0000000000000000E+00
+0.1624519616442000E+02 +0.3386138391815320E+00 +0.0000000000000000E+00
+0.1627240754828000E+02 +0.3368861042596195E+00 +0.0000000000000000E+00
+0.1629961893214000E+02 +0.3376438838914196E+00 +0.0000000000000000E+00
+0.1632683031600000E+02 +0.3401798828148040E+00 +0.0000000000000000E+00
+0.1635404169986000E+02 +0.3434614904795618E+00 +0.0000000000000000E+00
+0.1638125308372000E+02 +0.3471190628953889E+00 +0.0000000000000000E+00
+0.1640846446758000E+02 +0.3518194671168600E+00 +0.0000000000000000E+00
+0.1643567585144000E+02 +0.3584417561609239E+00 +0.0000000000000000E+00
+0.1646288723530000E+02 +0.3671015708039381E+00 +0.0000000000000000E+00
+0.1649009861916000E+02 +0.3770249915909292E+00 +0.0000000000000000E+00
+0.1651731000302000E+02 +0.3868453989901739E+00 +0.0000000000000000E+00
+0.1654452138688000E+02 +0.3946857564316342E+00 +0.0000000000000000E+00
+0.1657173277074000E+02 +0.3984920077288729E+00 +0.0000000000000000E+00
+0.1659894415460000E+02 +0.3971270024744620E+00 +0.0000000000000000E+00
+0.1662615553846000E+02 +0.3911653314457930E+00 +0.0000000000000000E+00
+0.1665336692232000E+02 +0.3823448563659466E+00 +0.0000000000000000E+00
+0.1668057830618000E+02 +0.3725157667235557E+00 +0.0000000000000000E+00
+0.1670778969004000E+02 +0.3630406387783596E+00 +0.0000000000000000E+00
+0.1673500107390000E+02 +0.3546839082151058E+00 +0.0000000000000000E+00
+0.1676221245776000E+02 +0.3478701196554497E+00 +0.0000000000000000E+00
+0.1678942384162000E+02 +0.3430657023617767E+00 +0.0000000000000000E+00
+0.1681663522548000E+02 +0.3408048617971134E+00 +0.0000000000000000E+00
+0.1684384660934000E+02 +0.3411944608419630E+00 +0.0000000000000000E+00
+0.1687105799320000E+02 +0.3434757142358263E+00 +0.0000000000000000E+00
+0.1689826937706000E+02 +0.3462884665715644E+00 +0.0000000000000000E+00
+0.1692548076092000E+02 +0.3484963588832060E+00 +0.0000000000000000E+00
+0.1695269214478000E+02 +0.3498127892698986E+00 +0.0000000000000000E+00
+0.1697990352864000E+02 +0.3506085739058278E+00 +0.0000000000000000E+00
+0.1700711491250000E+02 +0.3513285309933661E+00 +0.0000000000000000E+00
+0.1703432629636000E+02 +0.3522938816538919E+00 +0.0000000000000000E+00
+0.1706153768022000E+02 +0.3538391142320427E+00 +0.0000000000000000E+00
+0.1708874906408000E+02 +0.3563525150299556E+00 +0.0000000000000000E+00
+0.1711596044794000E+02 +0.3599695344642896E+00 +0.0000000000000000E+00
+0.1714317183180000E+02 +0.3642042902605920E+00 +0.0000000000000000E+00
+0.1717038321566000E+02 +0.3680525330040297E+00 +0.0000000000000000E+00
+0.1719759459952000E+02 +0.3706428760089350E+00 +0.0000000000000000E+00
+0.1722480598338000E+02 +0.3718906128919935E+00 +0.0000000000000000E+00
+0.1725201736724000E+02 +0.3724787581770507E+00 +0.0000000000000000E+00
+0.1727922875110000E+02 +0.3732210752470428E+00 +0.0000000000000000E+00
+0.1730644013496000E+02 +0.3743079434609110E+00 +0.0000000000000000E+00
+0.1733365151882000E+02 +0.3749233876089540E+00 +0.0000000000000000E+00
+0.1736086290268000E+02 +0.3736758766509476E+00 +0.0000000000000000E+00
+0.1738807428654000E+02 +0.3695386790996691E+00 +0.0000000000000000E+00
+0.1741528567040000E+02 +0.3624928866246323E+00 +0.0000000000000000E+00
+0.1744249705426000E+02 +0.3536430942822476E+00 +0.0000000000000000E+00
+0.1746970843812000E+02 +0.3448965710229337E+00 +0.0000000000000000E+00
+0.1749691982198000E+02 +0.3383375199274608E+00 +0.0000000000000000E+00
+0.1752413120584000E+02 +0.3356396399697700E+00 +0.0000000000000000E+00
+0.1755134258970000E+02 +0.3378095239693497E+00 +0.0000000000000000E+00
+0.1757855397356000E+02 +0.3451924933279620E+00 +0.0000000000000000E+00
+0.1760576535742000E+02 +0.3574751842318784E+00 +0.0000000000000000E+00
+0.1763297674128000E+02 +0.3734793156299829E+00 +0.0000000000000000E+00
+0.1766018812514000E+02 +0.3910426698876891E+00 +0.0000000000000000E+00
+0.1768739950900000E+02 +0.4077810688673535E+00 +0.0000000000000000E+00
+0.1771461089286000E+02 +0.4226504836789240E+00 +0.0000000000000000E+00
+0.1774182227672000E+02 +0.4364565138625806E+00 +0.0000000000000000E+00
+0.1776903366058000E+02 +0.4501395090130095E+00 +0.0000000000000000E+00
+0.1779624504444000E+02 +0.4627008189445329E+00 +0.0000000000000000E+00
+0.1782345642830000E+02 +0.4715172446714679E+00 +0.0000000000000000E+00
+0.1785066781216000E+02 +0.4748504486859690E+00 +0.0000000000000000E+00
+0.1787787919602000E+02 +0.4732175600754174E+00 +0.0000000000000000E+00
+0.1790509057988000E+02 +0.4682768798260905E+00 +0.0000000000000000E+00
+0.1793230196374000E+02 +0.4615106179428603E+00 +0.0000000000000000E+00
+0.1795951334760000E+02 +0.4539971789151569E+00 +0.0000000000000000E+00
+0.1798672473146000E+02 +0.4465416460443438E+00 +0.0000000000000000E+00
+0.1801393611532000E+02 +0.4397131006685979E+00 +0.0000000000000000E+00
+0.1804114749918000E+02 +0.4339494509530031E+00 +0.0000000000000000E+00
+0.1806835888304000E+02 +0.4298038334724593E+00 +0.0000000000000000E+00
+0.1809557026690000E+02 +0.4281503244698952E+00 +0.0000000000000000E+00
+0.1812278165076000E+02 +0.4300897019822189E+00 +0.0000000000000000E+00
+0.1814999303462000E+02 +0.4366964909123606E+00 +0.0000000000000000E+00
+0.1817720441848000E+02 +0.4488198087600709E+00 +0.0000000000000000E+00
+0.1820441580234000E+02 +0.4665839465802933E+00 +0.0000000000000000E+00
+0.1823162718620000E+02 +0.4884568031314895E+00 +0.0000000000000000E+00
+0.1825883857006000E+02 +0.5106674464557188E+00 +0.0000000000000000E+00
+0.1828604995392000E+02 +0.5281567358917757E+00 +0.0000000000000000E+00
+0.1831326133778000E+02 +0.5370045378535053E+00 +0.0000000000000000E+00
+0.1834047272164000E+02 +0.5359557762289350E+00 +0.0000000000000000E+00
+0.1836768410550000E+02 +0.5259969631413690E+00 +0.0000000000000000E+00
+0.1839489548936000E+02 +0.5099609101163082E+00 +0.0000000000000000E+00
+0.1842210687322000E+02 +0.4922569714934654E+00 +0.0000000000000000E+00
+0.1844931825708000E+02 +0.4772450959729573E+00 +0.0000000000000000E+00
+0.1847652964094000E+02 +0.4673548972600527E+00 +0.0000000000000000E+00
+0.1850374102480000E+02 +0.4627809692240797E+00 +0.0000000000000000E+00
+0.1853095240866000E+02 +0.4625485354022573E+00 +0.0000000000000000E+00
+0.1855816379252000E+02 +0.4657261645834354E+00 +0.0000000000000000E+00
+0.1858537517638000E+02 +0.4721652293058610E+00 +0.0000000000000000E+00
+0.1861258656024000E+02 +0.4825649333922788E+00 +0.0000000000000000E+00
+0.1863979794410000E+02 +0.4976459890432219E+00 +0.0000000000000000E+00
+0.1866700932796000E+02 +0.5167544646311010E+00 +0.0000000000000000E+00
+0.1869422071182000E+02 +0.5371382850680316E+00 +0.0000000000000000E+00
+0.1872143209568000E+02 +0.5552717106761114E+00 +0.0000000000000000E+00
+0.1874864347954000E+02 +0.5696534006597570E+00 +0.0000000000000000E+00
+0.1877585486340000E+02 +0.5820194560135610E+00 +0.0000000000000000E+00
+0.1880306624726000E+02 +0.5955213064478694E+00 +0.0000000000000000E+00
+0.1883027763112000E+02 +0.6124064167776657E+00 +0.0000000000000000E+00
+0.1885748901498000E+02 +0.6332367118989130E+00 +0.0000000000000000E+00
+0.1888470039884000E+02 +0.6568396024812881E+00 +0.0000000000000000E+00
+0.1891191178270000E+02 +0.6800118594998356E+00 +0.0000000000000000E+00
+0.1893912316656000E+02 +0.6975513020932919E+00 +0.0000000000000000E+00
+0.1896633455042000E+02 +0.7043978193446820E+00 +0.0000000000000000E+00
+0.1899354593428000E+02 +0.6998500193014322E+00 +0.0000000000000000E+00
+0.1902075731814000E+02 +0.6890356681482320E+00 +0.0000000000000000E+00
+0.1904796870200000E+02 +0.6792706813648235E+00 +0.0000000000000000E+00
+0.1907518008586000E+02 +0.6762721912388506E+00 +0.0000000000000000E+00
+0.1910239146972000E+02 +0.6834105871972685E+00 +0.0000000000000000E+00
+0.1912960285358000E+02 +0.7023798683447665E+00 +0.0000000000000000E+00
+0.1915681423744000E+02 +0.7338529078266307E+00 +0.0000000000000000E+00
+0.1918402562130000E+02 +0.7778586514845797E+00 +0.0000000000000000E+00
+0.1921123700516000E+02 +0.8335121442910687E+00 +0.0000000000000000E+00
+0.1923844838902000E+02 +0.8973504036013623E+00 +0.0000000000000000E+00
+0.1926565977288000E+02 +0.9604789155910624E+00 +0.0000000000000000E+00
+0.1929287115674000E+02 +0.1008430465412334E+01 +0.0000000000000000E+00
+0.1932008254060000E+02 +0.1028151635712232E+01 +0.0000000000000000E+00
+0.1934729392446000E+02 +0.1017123081726450E+01 +0.0000000000000000E+00
+0.1937450530832000E+02 +0.9837478038065455E+00 +0.0000000000000000E+00
+0.1940171669218000E+02 +0.9398586279970027E+00 +0.0000000000000000E+00
+0.1942892807604000E+02 +0.8948769992581864E+00 +0.0000000000000000E+00
+0.1945613945990000E+02 +0.8541615376058960E+00 +0.0000000000000000E+00
+0.1948335084376000E+02 +0.8188776672067777E+00 +0.0000000000000000E+00
+0.1951056222762000E+02 +0.7870393337325476E+00 +0.0000000000000000E+00
+0.1953777361148000E+02 +0.7566512715036247E+00 +0.0000000000000000E+00
+0.1956498499534000E+02 +0.7287484216446385E+00 +0.0000000000000000E+00
+0.1959219637920000E+02 +0.7070580912340625E+00 +0.0000000000000000E+00
+0.1961940776306000E+02 +0.6955141520113493E+00 +0.0000000000000000E+00
+0.1964661914692000E+02 +0.6968680401546742E+00 +0.0000000000000000E+00
+0.1967383053078000E+02 +0.7127364904396032E+00 +0.0000000000000000E+00
+0.1970104191464000E+02 +0.7438452167734525E+00 +0.0000000000000000E+00
+0.1972825329850000E+02 +0.7901812998842683E+00 +0.0000000000000000E+00
+0.1975546468236000E+02 +0.8513672971372518E+00 +0.0000000000000000E+00
+0.1978267606622000E+02 +0.9267015098303377E+00 +0.0000000000000000E+00
+0.1980988745008000E+02 +0.1013443238772280E+01 +0.0000000000000000E+00
+0.1983709883394000E+02 +0.1103622911288425E+01 +0.0000000000000000E+00
+0.1986431021780000E+02 +0.1182679318075100E+01 +0.0000000000000000E+00
+0.1989152160166000E+02 +0.1234190503868750E+01 +0.0000000000000000E+00
+0.1991873298552000E+02 +0.1250780402249584E+01 +0.0000000000000000E+00
+0.1994594436938000E+02 +0.1240034724657210E+01 +0.0000000000000000E+00
+0.1997315575324000E+02 +0.1216578619166945E+01 +0.0000000000000000E+00
+0.2000036713710000E+02 +0.1191097773288017E+01 +0.0000000000000000E+00
+0.2002757852096000E+02 +0.1167406585144386E+01 +0.0000000000000000E+00
+0.2005478990482000E+02 +0.1144798701909297E+01 +0.0000000000000000E+00
+0.2008200128868000E+02 +0.1120910879722952E+01 +0.0000000000000000E+00
+0.2010921267254000E+02 +0.1094740545384670E+01 +0.0000000000000000E+00
+0.2013642405640000E+02 +0.1068494665878694E+01 +0.0000000000000000E+00
+0.2016363544026000E+02 +0.1045696584325710E+01 +0.0000000000000000E+00
+0.2019084682412000E+02 +0.1027750471837388E+01 +0.0000000000000000E+00
+0.2021805820798000E+02 +0.1013663491722069E+01 +0.0000000000000000E+00
+0.2024526959184000E+02 +0.1002844168024725E+01 +0.0000000000000000E+00
+0.2027248097570000E+02 +0.9973025375824016E+00 +0.0000000000000000E+00
+0.2029969235956000E+02 +0.1001438852715473E+01 +0.0000000000000000E+00
+0.2032690374342000E+02 +0.1019591610617068E+01 +0.0000000000000000E+00
+0.2035411512728000E+02 +0.1052942590413668E+01 +0.0000000000000000E+00
+0.2038132651114000E+02 +0.1098131901280005E+01 +0.0000000000000000E+00
+0.2040853789500000E+02 +0.1148859106452297E+01 +0.0000000000000000E+00
+0.2043574927886000E+02 +0.1199644461778695E+01 +0.0000000000000000E+00
+0.2046296066272000E+02 +0.1248195312319383E+01 +0.0000000000000000E+00
+0.2049017204658000E+02 +0.1294035314518788E+01 +0.0000000000000000E+00
+0.2051738343044000E+02 +0.1335210828259481E+01 +0.0000000000000000E+00
+0.2054459481430000E+02 +0.1366507627458894E+01 +0.0000000000000000E+00
+0.2057180619816000E+02 +0.1381934205107608E+01 +0.0000000000000000E+00
+0.2059901758202000E+02 +0.1380163538691051E+01 +0.0000000000000000E+00
+0.2062622896588000E+02 +0.1367330355805800E+01 +0.0000000000000000E+00
+0.2065344034974000E+02 +0.1354201775308456E+01 +0.0000000000000000E+00
+0.2068065173360000E+02 +0.1350993400976747E+01 +0.0000000000000000E+00
+0.2070786311746000E+02 +0.1364278751295971E+01 +0.0000000000000000E+00
+0.2073507450132000E+02 +0.1396336858662655E+01 +0.0000000000000000E+00
+0.2076228588518000E+02 +0.1444905307837689E+01 +0.0000000000000000E+00
+0.2078949726904000E+02 +0.1503507051022193E+01 +0.0000000000000000E+00
+0.2081670865290000E+02 +0.1564062418674234E+01 +0.0000000000000000E+00
+0.2084392003676000E+02 +0.1621362994358829E+01 +0.0000000000000000E+00
+0.2087113142062000E+02 +0.1676202980757860E+01 +0.0000000000000000E+00
+0.2089834280448000E+02 +0.1733172294300562E+01 +0.0000000000000000E+00
+0.2092555418834000E+02 +0.1793780391588082E+01 +0.0000000000000000E+00
+0.2095276557220000E+02 +0.1851849863449962E+01 +0.0000000000000000E+00
+0.2097997695606000E+02 +0.1895510057411067E+01 +0.0000000000000000E+00
+0.2100718833992000E+02 +0.1914429406003085E+01 +0.0000000000000000E+00
+0.2103439972378000E+02 +0.1907232836080264E+01 +0.0000000000000000E+00
+0.2106161110764000E+02 +0.1882122981158799E+01 +0.0000000000000000E+00
+0.2108882249150000E+02 +0.1850171575471393E+01 +0.0000000000000000E+00
+0.2111603387536000E+02 +0.1818673689506396E+01 +0.0000000000000000E+00
+0.2114324525922000E+02 +0.1789418225306902E+01 +0.0000000000000000E+00
+0.2117045664308000E+02 +0.1760027310746090E+01 +0.0000000000000000E+00
+0.2119766802694000E+02 +0.1725823130804671E+01 +0.0000000000000000E+00
+0.2122487941080000E+02 +0.1682834282635727E+01 +0.0000000000000000E+00
+0.2125209079466000E+02 +0.1630799272609552E+01 +0.0000000000000000E+00
+0.2127930217852000E+02 +0.1572862234457700E+01 +0.0000000000000000E+00
+0.2130651356238000E+02 +0.1512791668028112E+01 +0.0000000000000000E+00
+0.2133372494624000E+02 +0.1452803117379174E+01 +0.0000000000000000E+00
+0.2136093633010000E+02 +0.1392963853707819E+01 +0.0000000000000000E+00
+0.2138814771396000E+02 +0.1331730445562551E+01 +0.0000000000000000E+00
+0.2141535909782000E+02 +0.1266514486779604E+01 +0.0000000000000000E+00
+0.2144257048168000E+02 +0.1194618192431818E+01 +0.0000000000000000E+00
+0.2146978186554000E+02 +0.1115649968492293E+01 +0.0000000000000000E+00
+0.2149699324940000E+02 +0.1033114233825009E+01 +0.0000000000000000E+00
+0.2152420463326000E+02 +0.9529008612749795E+00 +0.0000000000000000E+00
+0.2155141601712000E+02 +0.8801825796218710E+00 +0.0000000000000000E+00
+0.2157862740098000E+02 +0.8173862943934036E+00 +0.0000000000000000E+00
+0.2160583878484000E+02 +0.7645187446509933E+00 +0.0000000000000000E+00
+0.2163305016870000E+02 +0.7208398880385730E+00 +0.0000000000000000E+00
+0.2166026155256000E+02 +0.6859147771187660E+00 +0.0000000000000000E+00
+0.2168747293642000E+02 +0.6594543735005963E+00 +0.0000000000000000E+00
+0.2171468432028000E+02 +0.6410101331517609E+00 +0.0000000000000000E+00
+0.2174189570414000E+02 +0.6300500787873156E+00 +0.0000000000000000E+00
+0.2176910708800000E+02 +0.6256869644921004E+00 +0.0000000000000000E+00
+0.2179631847186000E+02 +0.6262169442840719E+00 +0.0000000000000000E+00
+0.2182352985572000E+02 +0.6296615151602254E+00 +0.0000000000000000E+00
+0.2185074123958000E+02 +0.6350145360250145E+00 +0.0000000000000000E+00
+0.2187795262344000E+02 +0.6424585648687783E+00 +0.0000000000000000E+00
+0.2190516400730000E+02 +0.6523880261302164E+00 +0.0000000000000000E+00
+0.2193237539116000E+02 +0.6645551483562121E+00 +0.0000000000000000E+00
+0.2195958677502000E+02 +0.6776557585045637E+00 +0.0000000000000000E+00
+0.2198679815888000E+02 +0.6895137724372151E+00 +0.0000000000000000E+00
+0.2201400954274000E+02 +0.6982157449289519E+00 +0.0000000000000000E+00
+0.2204122092660000E+02 +0.7033090963934856E+00 +0.0000000000000000E+00
+0.2206843231046000E+02 +0.7060603666592912E+00 +0.0000000000000000E+00
+0.2209564369432000E+02 +0.7087911095630803E+00 +0.0000000000000000E+00
+0.2212285507818000E+02 +0.7134367449379514E+00 +0.0000000000000000E+00
+0.2215006646204000E+02 +0.7197986617348805E+00 +0.0000000000000000E+00
+0.2217727784590000E+02 +0.7252657517097788E+00 +0.0000000000000000E+00
+0.2220448922976000E+02 +0.7269271335555763E+00 +0.0000000000000000E+00
+0.2223170061362000E+02 +0.7242616230739040E+00 +0.0000000000000000E+00
+0.2225891199748000E+02 +0.7197731698149180E+00 +0.0000000000000000E+00
+0.2228612338134000E+02 +0.7169792738071507E+00 +0.0000000000000000E+00
+0.2231333476520000E+02 +0.7180918228175519E+00 +0.0000000000000000E+00
+0.2234054614906000E+02 +0.7237764312056691E+00 +0.0000000000000000E+00
+0.2236775753292000E+02 +0.7345482992584954E+00 +0.0000000000000000E+00
+0.2239496891678000E+02 +0.7514762914006352E+00 +0.0000000000000000E+00
+0.2242218030064000E+02 +0.7748729552056229E+00 +0.0000000000000000E+00
+0.2244939168450000E+02 +0.8023241478885196E+00 +0.0000000000000000E+00
+0.2247660306836000E+02 +0.8281314668364568E+00 +0.0000000000000000E+00
+0.2250381445222000E+02 +0.8454288439851800E+00 +0.0000000000000000E+00
+0.2253102583608000E+02 +0.8506645644691099E+00 +0.0000000000000000E+00
+0.2255823721994000E+02 +0.8462843091873407E+00 +0.0000000000000000E+00
+0.2258544860380000E+02 +0.8376018288570748E+00 +0.0000000000000000E+00
+0.2261265998766000E+02 +0.8273901772128425E+00 +0.0000000000000000E+00
+0.2263987137152000E+02 +0.8141665684324890E+00 +0.0000000000000000E+00
+0.2266708275538000E+02 +0.7951830839887608E+00 +0.0000000000000000E+00
+0.2269429413924000E+02 +0.7706817674050179E+00 +0.0000000000000000E+00
+0.2272150552310000E+02 +0.7445000333579224E+00 +0.0000000000000000E+00
+0.2274871690696000E+02 +0.7209999551508054E+00 +0.0000000000000000E+00
+0.2277592829082000E+02 +0.7030220669945140E+00 +0.0000000000000000E+00
+0.2280313967468000E+02 +0.6923123338309529E+00 +0.0000000000000000E+00
+0.2283035105854000E+02 +0.6901803245984354E+00 +0.0000000000000000E+00
+0.2285756244240000E+02 +0.6970541539335893E+00 +0.0000000000000000E+00
+0.2288477382626000E+02 +0.7118716674319379E+00 +0.0000000000000000E+00
+0.2291198521012000E+02 +0.7326184819247481E+00 +0.0000000000000000E+00
+0.2293919659398000E+02 +0.7575367280384265E+00 +0.0000000000000000E+00
+0.2296640797784000E+02 +0.7852950105804503E+00 +0.0000000000000000E+00
+0.2299361936170000E+02 +0.8138144096127091E+00 +0.0000000000000000E+00
+0.2302083074556000E+02 +0.8396442334736254E+00 +0.0000000000000000E+00
+0.2304804212942000E+02 +0.8591838490414767E+00 +0.0000000000000000E+00
+0.2307525351328000E+02 +0.8699715108628805E+00 +0.0000000000000000E+00
+0.2310246489714000E+02 +0.8708731153283725E+00 +0.0000000000000000E+00
+0.2312967628100000E+02 +0.8630094364482093E+00 +0.0000000000000000E+00
+0.2315688766486000E+02 +0.8509395798343464E+00 +0.0000000000000000E+00
+0.2318409904872000E+02 +0.8417046460590956E+00 +0.0000000000000000E+00
+0.2321131043258000E+02 +0.8423161006885796E+00 +0.0000000000000000E+00
+0.2323852181644000E+02 +0.8579103753643378E+00 +0.0000000000000000E+00
+0.2326573320030000E+02 +0.8906416790762200E+00 +0.0000000000000000E+00
+0.2329294458416000E+02 +0.9378693561126104E+00 +0.0000000000000000E+00
+0.2332015596802000E+02 +0.9903148158917883E+00 +0.0000000000000000E+00
+0.2334736735188000E+02 +0.1033719256134151E+01 +0.0000000000000000E+00
+0.2337457873574000E+02 +0.1056126816951608E+01 +0.0000000000000000E+00
+0.2340179011960000E+02 +0.1055960089421736E+01 +0.0000000000000000E+00
+0.2342900150346000E+02 +0.1042479953838818E+01 +0.0000000000000000E+00
+0.2345621288732000E+02 +0.1027817600462843E+01 +0.0000000000000000E+00
+0.2348342427118000E+02 +0.1018670209522458E+01 +0.0000000000000000E+00
+0.2351063565504000E+02 +0.1014454010498996E+01 +0.0000000000000000E+00
+0.2353784703890000E+02 +0.1011151141925788E+01 +0.0000000000000000E+00
+0.2356505842276000E+02 +0.1005578893794760E+01 +0.0000000000000000E+00
+0.2359226980662000E+02 +0.9965671018382811E+00 +0.0000000000000000E+00
+0.2361948119048000E+02 +0.9837979435039615E+00 +0.0000000000000000E+00
+0.2364669257434000E+02 +0.9664601869861438E+00 +0.0000000000000000E+00
+0.2367390395820000E+02 +0.9438193673855588E+00 +0.0000000000000000E+00
+0.2370111534206000E+02 +0.9176570204934908E+00 +0.0000000000000000E+00
+0.2372832672592000E+02 +0.8923711600144757E+00 +0.0000000000000000E+00
+0.2375553810978000E+02 +0.8716181432508621E+00 +0.0000000000000000E+00
+0.2378274949364000E+02 +0.8562001312832268E+00 +0.0000000000000000E+00
+0.2380996087750000E+02 +0.8453796247017455E+00 +0.0000000000000000E+00
+0.2383717226136000E+02 +0.8388675834791262E+00 +0.0000000000000000E+00
+0.2386438364522000E+02 +0.8372047744292213E+00 +0.0000000000000000E+00
+0.2389159502908000E+02 +0.8410171707584262E+00 +0.0000000000000000E+00
+0.2391880641294000E+02 +0.8504043864081061E+00 +0.0000000000000000E+00
+0.2394601779680000E+02 +0.8651765911818323E+00 +0.0000000000000000E+00
+0.2397322918066000E+02 +0.8854575188295708E+00 +0.0000000000000000E+00
+0.2400044056452000E+02 +0.9115154861350608E+00 +0.0000000000000000E+00
+0.2402765194838000E+02 +0.9426973270115715E+00 +0.0000000000000000E+00
+0.2405486333224000E+02 +0.9767052959550497E+00 +0.0000000000000000E+00
+0.2408207471610000E+02 +0.1010457458201955E+01 +0.0000000000000000E+00
+0.2410928609996000E+02 +0.1041838688307478E+01 +0.0000000000000000E+00
+0.2413649748382000E+02 +0.1070568040946754E+01 +0.0000000000000000E+00
+0.2416370886768000E+02 +0.1098212738683999E+01 +0.0000000000000000E+00
+0.2419092025154000E+02 +0.1127155407924713E+01 +0.0000000000000000E+00
+0.2421813163540000E+02 +0.1157644207221945E+01 +0.0000000000000000E+00
+0.2424534301926000E+02 +0.1185559165919069E+01 +0.0000000000000000E+00
+0.2427255440312000E+02 +0.1204632339431147E+01 +0.0000000000000000E+00
+0.2429976578698000E+02 +0.1211707688821212E+01 +0.0000000000000000E+00
+0.2432697717084000E+02 +0.1207903153080221E+01 +0.0000000000000000E+00
+0.2435418855470000E+02 +0.1194880675611410E+01 +0.0000000000000000E+00
+0.2438139993856000E+02 +0.1173687293103851E+01 +0.0000000000000000E+00
+0.2440861132242000E+02 +0.1146166683799706E+01 +0.0000000000000000E+00
+0.2443582270628000E+02 +0.1113964460248704E+01 +0.0000000000000000E+00
+0.2446303409014000E+02 +0.1077693868292616E+01 +0.0000000000000000E+00
+0.2449024547400000E+02 +0.1039450379896142E+01 +0.0000000000000000E+00
+0.2451745685786000E+02 +0.1003990749344623E+01 +0.0000000000000000E+00
+0.2454466824172000E+02 +0.9757521361905179E+00 +0.0000000000000000E+00
+0.2457187962558000E+02 +0.9560523138814392E+00 +0.0000000000000000E+00
+0.2459909100944000E+02 +0.9437764780311280E+00 +0.0000000000000000E+00
+0.2462630239330000E+02 +0.9376911407691272E+00 +0.0000000000000000E+00
+0.2465351377716000E+02 +0.9376624536960839E+00 +0.0000000000000000E+00
+0.2468072516102000E+02 +0.9446699407792291E+00 +0.0000000000000000E+00
+0.2470793654488000E+02 +0.9596764660330331E+00 +0.0000000000000000E+00
+0.2473514792874000E+02 +0.9814549009410067E+00 +0.0000000000000000E+00
+0.2476235931260000E+02 +0.1005426645107959E+01 +0.0000000000000000E+00
+0.2478957069646000E+02 +0.1025314650708013E+01 +0.0000000000000000E+00
+0.2481678208032000E+02 +0.1036309849715458E+01 +0.0000000000000000E+00
+0.2484399346418000E+02 +0.1037077489559632E+01 +0.0000000000000000E+00
+0.2487120484804000E+02 +0.1030483413194488E+01 +0.0000000000000000E+00
+0.2489841623190000E+02 +0.1023233599947579E+01 +0.0000000000000000E+00
+0.2492562761576000E+02 +0.1022715546647928E+01 +0.0000000000000000E+00
+0.2495283899962000E+02 +0.1032639679295706E+01 +0.0000000000000000E+00
+0.2498005038348000E+02 +0.1051704505486363E+01 +0.0000000000000000E+00
+0.2500726176734000E+02 +0.1076176040483127E+01 +0.0000000000000000E+00
+0.2503447315120000E+02 +0.1103244851573219E+01 +0.0000000000000000E+00
+0.2506168453506000E+02 +0.1132252908577582E+01 +0.0000000000000000E+00
+0.2508889591892000E+02 +0.1164160277379418E+01 +0.0000000000000000E+00
+0.2511610730278000E+02 +0.1199698709876872E+01 +0.0000000000000000E+00
+0.2514331868664000E+02 +0.1236356979463372E+01 +0.0000000000000000E+00
+0.2517053007050000E+02 +0.1267709670622995E+01 +0.0000000000000000E+00
+0.2519774145436000E+02 +0.1288237782278666E+01 +0.0000000000000000E+00
+0.2522495283822000E+02 +0.1298931034241463E+01 +0.0000000000000000E+00
+0.2525216422208000E+02 +0.1306382360002752E+01 +0.0000000000000000E+00
+0.2527937560594000E+02 +0.1316890909095028E+01 +0.0000000000000000E+00
+0.2530658698980000E+02 +0.1331784045539596E+01 +0.0000000000000000E+00
+0.2533379837366000E+02 +0.1346788426048293E+01 +0.0000000000000000E+00
+0.2536100975752000E+02 +0.1355028673825668E+01 +0.0000000000000000E+00
+0.2538822114138000E+02 +0.1351914007217619E+01 +0.0000000000000000E+00
+0.2541543252524000E+02 +0.1338959488515045E+01 +0.0000000000000000E+00
+0.2544264390910000E+02 +0.1322858092072755E+01 +0.0000000000000000E+00
+0.2546985529296000E+02 +0.1311150551914557E+01 +0.0000000000000000E+00
+0.2549706667682000E+02 +0.1308973445386847E+01 +0.0000000000000000E+00
+0.2552427806068000E+02 +0.1318058168834321E+01 +0.0000000000000000E+00
+0.2555148944454000E+02 +0.1337313976039114E+01 +0.0000000000000000E+00
+0.2557870082840000E+02 +0.1363554410521961E+01 +0.0000000000000000E+00
+0.2560591221226000E+02 +0.1392183672092967E+01 +0.0000000000000000E+00
+0.2563312359612000E+02 +0.1420208713755620E+01 +0.0000000000000000E+00
+0.2566033497998000E+02 +0.1449760660031751E+01 +0.0000000000000000E+00
+0.2568754636384000E+02 +0.1485933705338804E+01 +0.0000000000000000E+00
+0.2571475774770000E+02 +0.1531004070705867E+01 +0.0000000000000000E+00
+0.2574196913156000E+02 +0.1583232073201422E+01 +0.0000000000000000E+00
+0.2576918051542000E+02 +0.1640907444930397E+01 +0.0000000000000000E+00
+0.2579639189928000E+02 +0.1704651716849414E+01 +0.0000000000000000E+00
+0.2582360328314000E+02 +0.1773330934164928E+01 +0.0000000000000000E+00
+0.2585081466700000E+02 +0.1837794389180317E+01 +0.0000000000000000E+00
+0.2587802605086000E+02 +0.1881140270148170E+01 +0.0000000000000000E+00
+0.2590523743472000E+02 +0.1890136978619503E+01 +0.0000000000000000E+00
+0.2593244881858000E+02 +0.1869271194223498E+01 +0.0000000000000000E+00
+0.2595966020244000E+02 +0.1840165620369508E+01 +0.0000000000000000E+00
+0.2598687158630000E+02 +0.1827356941532896E+01 +0.0000000000000000E+00
+0.2601408297016000E+02 +0.1847276966971112E+01 +0.0000000000000000E+00
+0.2604129435402000E+02 +0.1905800049359206E+01 +0.0000000000000000E+00
+0.2606850573788000E+02 +0.1998933413741711E+01 +0.0000000000000000E+00
+0.2609571712174001E+02 +0.2114126632571363E+01 +0.0000000000000000E+00
+0.2612292850560000E+02 +0.2234383325746924E+01 +0.0000000000000000E+00
+0.2615013988946000E+02 +0.2344451350831637E+01 +0.0000000000000000E+00
+0.2617735127332000E+02 +0.2432076549111639E+01 +0.0000000000000000E+00
+0.2620456265718000E+02 +0.2483522563850453E+01 +0.0000000000000000E+00
+0.2623177404104000E+02 +0.2485004896724288E+01 +0.0000000000000000E+00
+0.2625898542490000E+02 +0.2434242822958939E+01 +0.0000000000000000E+00
+0.2628619680876000E+02 +0.2347796734892910E+01 +0.0000000000000000E+00
+0.2631340819262000E+02 +0.2252550679436161E+01 +0.0000000000000000E+00
+0.2634061957648000E+02 +0.2169469471750993E+01 +0.0000000000000000E+00
+0.2636783096034000E+02 +0.2104039009050777E+01 +0.0000000000000000E+00
+0.2639504234420000E+02 +0.2048957064345225E+01 +0.0000000000000000E+00
+0.2642225372806000E+02 +0.1994363183192930E+01 +0.0000000000000000E+00
+0.2644946511192000E+02 +0.1936248508315620E+01 +0.0000000000000000E+00
+0.2647667649578000E+02 +0.1877901044722771E+01 +0.0000000000000000E+00
+0.2650388787964000E+02 +0.1825557523986522E+01 +0.0000000000000000E+00
+0.2653109926350000E+02 +0.1783077625779043E+01 +0.0000000000000000E+00
+0.2655831064736000E+02 +0.1750969703554176E+01 +0.0000000000000000E+00
+0.2658552203122000E+02 +0.1730067084871297E+01 +0.0000000000000000E+00
+0.2661273341508000E+02 +0.1724044498434295E+01 +0.0000000000000000E+00
+0.2663994479894000E+02 +0.1736843547932729E+01 +0.0000000000000000E+00
+0.2666715618280000E+02 +0.1768632899346983E+01 +0.0000000000000000E+00
+0.2669436756666000E+02 +0.1814787582529089E+01 +0.0000000000000000E+00
+0.2672157895052000E+02 +0.1867921572809712E+01 +0.0000000000000000E+00
+0.2674879033438000E+02 +0.1921079810670315E+01 +0.0000000000000000E+00
+0.2677600171824000E+02 +0.1970277784535062E+01 +0.0000000000000000E+00
+0.2680321310210000E+02 +0.2014314271031740E+01 +0.0000000000000000E+00
+0.2683042448596000E+02 +0.2051491914964230E+01 +0.0000000000000000E+00
+0.2685763586982000E+02 +0.2076148381589288E+01 +0.0000000000000000E+00
+0.2688484725368000E+02 +0.2078811604089925E+01 +0.0000000000000000E+00
+0.2691205863754000E+02 +0.2051217819984967E+01 +0.0000000000000000E+00
+0.2693927002140000E+02 +0.1991721903283995E+01 +0.0000000000000000E+00
+0.2696648140526000E+02 +0.1905364666032082E+01 +0.0000000000000000E+00
+0.2699369278912000E+02 +0.1800185691684926E+01 +0.0000000000000000E+00
+0.2702090417298000E+02 +0.1685323917647779E+01 +0.0000000000000000E+00
+0.2704811555684000E+02 +0.1571638631031024E+01 +0.0000000000000000E+00
+0.2707532694070000E+02 +0.1470873500561114E+01 +0.0000000000000000E+00
+0.2710253832456000E+02 +0.1392267467852404E+01 +0.0000000000000000E+00
+0.2712974970842000E+02 +0.1339693037871906E+01 +0.0000000000000000E+00
+0.2715696109228000E+02 +0.1311579858512286E+01 +0.0000000000000000E+00
+0.2718417247614000E+02 +0.1303348894869307E+01 +0.0000000000000000E+00
+0.2721138386000000E+02 +0.1310035373037783E+01 +0.0000000000000000E+00
+0.2723859524386000E+02 +0.1326676921026202E+01 +0.0000000000000000E+00
+0.2726580662772000E+02 +0.1347025271699037E+01 +0.0000000000000000E+00
+0.2729301801158001E+02 +0.1363682699147716E+01 +0.0000000000000000E+00
+0.2732022939544000E+02 +0.1371431146283025E+01 +0.0000000000000000E+00
+0.2734744077930000E+02 +0.1370487691758365E+01 +0.0000000000000000E+00
+0.2737465216316000E+02 +0.1364693976604228E+01 +0.0000000000000000E+00
+0.2740186354702000E+02 +0.1357373661837607E+01 +0.0000000000000000E+00
+0.2742907493088000E+02 +0.1349922511767129E+01 +0.0000000000000000E+00
+0.2745628631474001E+02 +0.1342085038076677E+01 +0.0000000000000000E+00
+0.2748349769860000E+02 +0.1332958944907779E+01 +0.0000000000000000E+00
+0.2751070908246000E+02 +0.1323237885978175E+01 +0.0000000000000000E+00
+0.2753792046632000E+02 +0.1316077542037539E+01 +0.0000000000000000E+00
+0.2756513185018001E+02 +0.1314780177008466E+01 +0.0000000000000000E+00
+0.2759234323404000E+02 +0.1319864862850692E+01 +0.0000000000000000E+00
+0.2761955461790000E+02 +0.1328049382742324E+01 +0.0000000000000000E+00
+0.2764676600176000E+02 +0.1333525086631512E+01 +0.0000000000000000E+00
+0.2767397738562001E+02 +0.1331659607785873E+01 +0.0000000000000000E+00
+0.2770118876948000E+02 +0.1322877999614422E+01 +0.0000000000000000E+00
+0.2772840015334000E+02 +0.1312422463738203E+01 +0.0000000000000000E+00
+0.2775561153720000E+02 +0.1306518335142607E+01 +0.0000000000000000E+00
+0.2778282292106001E+02 +0.1308886598598986E+01 +0.0000000000000000E+00
+0.2781003430492000E+02 +0.1319303292179040E+01 +0.0000000000000000E+00
+0.2783724568878000E+02 +0.1334997799560013E+01 +0.0000000000000000E+00
+0.2786445707264000E+02 +0.1354266177569686E+01 +0.0000000000000000E+00
+0.2789166845650000E+02 +0.1378546533158888E+01 +0.0000000000000000E+00
+0.2791887984036000E+02 +0.1410796441613031E+01 +0.0000000000000000E+00
+0.2794609122422000E+02 +0.1452334640277387E+01 +0.0000000000000000E+00
+0.2797330260808000E+02 +0.1501004124257696E+01 +0.0000000000000000E+00
+0.2800051399194000E+02 +0.1551977845364013E+01 +0.0000000000000000E+00
+0.2802772537580000E+02 +0.1600207109786010E+01 +0.0000000000000000E+00
+0.2805493675966000E+02 +0.1641491966349709E+01 +0.0000000000000000E+00
+0.2808214814352000E+02 +0.1671602805181658E+01 +0.0000000000000000E+00
+0.2810935952738000E+02 +0.1686658310635961E+01 +0.0000000000000000E+00
+0.2813657091124000E+02 +0.1686475508041516E+01 +0.0000000000000000E+00
+0.2816378229510000E+02 +0.1677347017067871E+01 +0.0000000000000000E+00
+0.2819099367896000E+02 +0.1669291685171961E+01 +0.0000000000000000E+00
+0.2821820506282000E+02 +0.1669145795799627E+01 +0.0000000000000000E+00
+0.2824541644668000E+02 +0.1676399844110122E+01 +0.0000000000000000E+00
+0.2827262783054000E+02 +0.1685621627357162E+01 +0.0000000000000000E+00
+0.2829983921440000E+02 +0.1692431337697945E+01 +0.0000000000000000E+00
+0.2832705059826000E+02 +0.1697308031136954E+01 +0.0000000000000000E+00
+0.2835426198212000E+02 +0.1704650720181360E+01 +0.0000000000000000E+00
+0.2838147336598000E+02 +0.1719321472305500E+01 +0.0000000000000000E+00
+0.2840868474984000E+02 +0.1744203677739399E+01 +0.0000000000000000E+00
+0.2843589613370000E+02 +0.1780316361011946E+01 +0.0000000000000000E+00
+0.2846310751756000E+02 +0.1827934224386670E+01 +0.0000000000000000E+00
+0.2849031890142000E+02 +0.1885839265927245E+01 +0.0000000000000000E+00
+0.2851753028528000E+02 +0.1949035785969520E+01 +0.0000000000000000E+00
+0.2854474166914000E+02 +0.2008066394392128E+01 +0.0000000000000000E+00
+0.2857195305300000E+02 +0.2052685221916896E+01 +0.0000000000000000E+00
+0.2859916443686000E+02 +0.2079093332648287E+01 +0.0000000000000000E+00
+0.2862637582072000E+02 +0.2094507423250952E+01 +0.0000000000000000E+00
+0.2865358720458000E+02 +0.2113575618229728E+01 +0.0000000000000000E+00
+0.2868079858844000E+02 +0.2150112364002611E+01 +0.0000000000000000E+00
+0.2870800997230000E+02 +0.2211088664558820E+01 +0.0000000000000000E+00
+0.2873522135616000E+02 +0.2293698241607702E+01 +0.0000000000000000E+00
+0.2876243274002000E+02 +0.2385152483994473E+01 +0.0000000000000000E+00
+0.2878964412388000E+02 +0.2469438032983602E+01 +0.0000000000000000E+00
+0.2881685550774000E+02 +0.2539438700044871E+01 +0.0000000000000000E+00
+0.2884406689160000E+02 +0.2599987345153083E+01 +0.0000000000000000E+00
+0.2887127827546000E+02 +0.2657071524590399E+01 +0.0000000000000000E+00
+0.2889848965932000E+02 +0.2710335870649721E+01 +0.0000000000000000E+00
+0.2892570104318000E+02 +0.2758967194054174E+01 +0.0000000000000000E+00
+0.2895291242704000E+02 +0.2811564484721156E+01 +0.0000000000000000E+00
+0.2898012381090000E+02 +0.2886856928002789E+01 +0.0000000000000000E+00
+0.2900733519476000E+02 +0.3001878229085146E+01 +0.0000000000000000E+00
+0.2903454657862000E+02 +0.3156812468852980E+01 +0.0000000000000000E+00
+0.2906175796248000E+02 +0.3327568433117944E+01 +0.0000000000000000E+00
+0.2908896934634000E+02 +0.3474360152003419E+01 +0.0000000000000000E+00
+0.2911618073020000E+02 +0.3567835782695687E+01 +0.0000000000000000E+00
+0.2914339211406000E+02 +0.3612374963914503E+01 +0.0000000000000000E+00
+0.2917060349792000E+02 +0.3638094219303519E+01 +0.0000000000000000E+00
+0.2919781488178000E+02 +0.3667318608775202E+01 +0.0000000000000000E+00
+0.2922502626564000E+02 +0.3691884568833077E+01 +0.0000000000000000E+00
+0.2925223764950000E+02 +0.3684770688932755E+01 +0.0000000000000000E+00
+0.2927944903336000E+02 +0.3634317297618797E+01 +0.0000000000000000E+00
+0.2930666041722000E+02 +0.3560637362330032E+01 +0.0000000000000000E+00
+0.2933387180108000E+02 +0.3495057633886975E+01 +0.0000000000000000E+00
+0.2936108318494000E+02 +0.3453695767945315E+01 +0.0000000000000000E+00
+0.2938829456880000E+02 +0.3432255369076148E+01 +0.0000000000000000E+00
+0.2941550595266000E+02 +0.3416810947285291E+01 +0.0000000000000000E+00
+0.2944271733652000E+02 +0.3396166401918179E+01 +0.0000000000000000E+00
+0.2946992872038000E+02 +0.3366836517464837E+01 +0.0000000000000000E+00
+0.2949714010424000E+02 +0.3331993564611713E+01 +0.0000000000000000E+00
+0.2952435148810000E+02 +0.3296131016134281E+01 +0.0000000000000000E+00
+0.2955156287196001E+02 +0.3255324605663643E+01 +0.0000000000000000E+00
+0.2957877425582000E+02 +0.3190847103622925E+01 +0.0000000000000000E+00
+0.2960598563968000E+02 +0.3076778616568443E+01 +0.0000000000000000E+00
+0.2963319702354000E+02 +0.2902029105858248E+01 +0.0000000000000000E+00
+0.2966040840740001E+02 +0.2684642280646565E+01 +0.0000000000000000E+00
+0.2968761979126000E+02 +0.2460431421613631E+01 +0.0000000000000000E+00
+0.2971483117512000E+02 +0.2261819482989052E+01 +0.0000000000000000E+00
+0.2974204255898000E+02 +0.2106085417717466E+01 +0.0000000000000000E+00
+0.2976925394284000E+02 +0.1993870988337532E+01 +0.0000000000000000E+00
+0.2979646532670000E+02 +0.1913954966928881E+01 +0.0000000000000000E+00
+0.2982367671056000E+02 +0.1852092303999353E+01 +0.0000000000000000E+00
+0.2985088809442000E+02 +0.1799591117223375E+01 +0.0000000000000000E+00
+0.2987809947828000E+02 +0.1755431308382089E+01 +0.0000000000000000E+00
+0.2990531086214000E+02 +0.1722016367740946E+01 +0.0000000000000000E+00
+0.2993252224600000E+02 +0.1701396051766970E+01 +0.0000000000000000E+00
+0.2995973362986000E+02 +0.1694288189415721E+01 +0.0000000000000000E+00
+0.2998694501372000E+02 +0.1698730802037679E+01 +0.0000000000000000E+00
+0.3001415639758000E+02 +0.1709443907117741E+01 +0.0000000000000000E+00
+0.3004136778144001E+02 +0.1720391719567605E+01 +0.0000000000000000E+00
+0.3006857916530000E+02 +0.1727460580733051E+01 +0.0000000000000000E+00
+0.3009579054916000E+02 +0.1728845553328979E+01 +0.0000000000000000E+00
+0.3012300193302000E+02 +0.1725201513051094E+01 +0.0000000000000000E+00
+0.3015021331688001E+02 +0.1719927589652904E+01 +0.0000000000000000E+00
+0.3017742470074000E+02 +0.1718198472377112E+01 +0.0000000000000000E+00
+0.3020463608460000E+02 +0.1725753080274113E+01 +0.0000000000000000E+00
+0.3023184746846000E+02 +0.1747408136337508E+01 +0.0000000000000000E+00
+0.3025905885232001E+02 +0.1783589766711039E+01 +0.0000000000000000E+00
+0.3028627023618000E+02 +0.1826875474366281E+01 +0.0000000000000000E+00
+0.3031348162004000E+02 +0.1862783748692776E+01 +0.0000000000000000E+00
+0.3034069300390000E+02 +0.1876832661675359E+01 +0.0000000000000000E+00
+0.3036790438776000E+02 +0.1863749071181562E+01 +0.0000000000000000E+00
+0.3039511577162000E+02 +0.1829359379071322E+01 +0.0000000000000000E+00
+0.3042232715548000E+02 +0.1784810245495616E+01 +0.0000000000000000E+00
+0.3044953853934000E+02 +0.1741978722540005E+01 +0.0000000000000000E+00
+0.3047674992320000E+02 +0.1712163970527001E+01 +0.0000000000000000E+00
+0.3050396130706000E+02 +0.1704859395044451E+01 +0.0000000000000000E+00
+0.3053117269092001E+02 +0.1726421394203726E+01 +0.0000000000000000E+00
+0.3055838407478000E+02 +0.1779973190774270E+01 +0.0000000000000000E+00
+0.3058559545864000E+02 +0.1865486339497079E+01 +0.0000000000000000E+00
+0.3061280684250000E+02 +0.1978808687747344E+01 +0.0000000000000000E+00
+0.3064001822636001E+02 +0.2110512306868880E+01 +0.0000000000000000E+00
+0.3066722961022000E+02 +0.2246014635721286E+01 +0.0000000000000000E+00
+0.3069444099408000E+02 +0.2367258799848105E+01 +0.0000000000000000E+00
+0.3072165237794000E+02 +0.2456396936918615E+01 +0.0000000000000000E+00
+0.3074886376180001E+02 +0.2503719461441039E+01 +0.0000000000000000E+00
+0.3077607514566000E+02 +0.2514590930378929E+01 +0.0000000000000000E+00
+0.3080328652952000E+02 +0.2503545150757101E+01 +0.0000000000000000E+00
+0.3083049791338000E+02 +0.2481302378522757E+01 +0.0000000000000000E+00
+0.3085770929724001E+02 +0.2453369927500877E+01 +0.0000000000000000E+00
+0.3088492068110000E+02 +0.2428910907010846E+01 +0.0000000000000000E+00
+0.3091213206496001E+02 +0.2423417649534172E+01 +0.0000000000000000E+00
+0.3093934344882000E+02 +0.2451436579161534E+01 +0.0000000000000000E+00
+0.3096655483268000E+02 +0.2516139390237526E+01 +0.0000000000000000E+00
+0.3099376621654000E+02 +0.2601548539034399E+01 +0.0000000000000000E+00
+0.3102097760040001E+02 +0.2673981377929662E+01 +0.0000000000000000E+00
+0.3104818898426000E+02 +0.2698712884440867E+01 +0.0000000000000000E+00
+0.3107540036812000E+02 +0.2664131609144744E+01 +0.0000000000000000E+00
+0.3110261175198000E+02 +0.2588544196385820E+01 +0.0000000000000000E+00
+0.3112982313584001E+02 +0.2503650931665276E+01 +0.0000000000000000E+00
+0.3115703451970000E+02 +0.2437284682167785E+01 +0.0000000000000000E+00
+0.3118424590356000E+02 +0.2405751226082526E+01 +0.0000000000000000E+00
+0.3121145728742000E+02 +0.2410737603334672E+01 +0.0000000000000000E+00
+0.3123866867128001E+02 +0.2439604901569736E+01 +0.0000000000000000E+00
+0.3126588005514000E+02 +0.2472254127063806E+01 +0.0000000000000000E+00
+0.3129309143900000E+02 +0.2494668363513986E+01 +0.0000000000000000E+00
+0.3132030282286000E+02 +0.2510063528070565E+01 +0.0000000000000000E+00
+0.3134751420672001E+02 +0.2537790521444251E+01 +0.0000000000000000E+00
+0.3137472559058000E+02 +0.2600147421806291E+01 +0.0000000000000000E+00
+0.3140193697444000E+02 +0.2704982456213593E+01 +0.0000000000000000E+00
+0.3142914835830000E+02 +0.2831581275114081E+01 +0.0000000000000000E+00
+0.3145635974216000E+02 +0.2926822272755103E+01 +0.0000000000000000E+00
+0.3148357112602000E+02 +0.2926101232549595E+01 +0.0000000000000000E+00
+0.3151078250988000E+02 +0.2799697926764027E+01 +0.0000000000000000E+00
+0.3153799389374000E+02 +0.2579092491667009E+01 +0.0000000000000000E+00
+0.3156520527760000E+02 +0.2328759001844920E+01 +0.0000000000000000E+00
+0.3159241666146000E+02 +0.2102616893039397E+01 +0.0000000000000000E+00
+0.3161962804532000E+02 +0.1928033441734109E+01 +0.0000000000000000E+00
+0.3164683942918000E+02 +0.1812020966735800E+01 +0.0000000000000000E+00
+0.3167405081304000E+02 +0.1750784877956660E+01 +0.0000000000000000E+00
+0.3170126219690000E+02 +0.1735271755543973E+01 +0.0000000000000000E+00
+0.3172847358076000E+02 +0.1753648688963274E+01 +0.0000000000000000E+00
+0.3175568496462000E+02 +0.1793517293164895E+01 +0.0000000000000000E+00
+0.3178289634848000E+02 +0.1844873871177291E+01 +0.0000000000000000E+00
+0.3181010773234000E+02 +0.1901380687414706E+01 +0.0000000000000000E+00
+0.3183731911620000E+02 +0.1957469344600386E+01 +0.0000000000000000E+00
+0.3186453050006000E+02 +0.2004410524020585E+01 +0.0000000000000000E+00
+0.3189174188392000E+02 +0.2032879191462923E+01 +0.0000000000000000E+00
+0.3191895326778000E+02 +0.2042349303784634E+01 +0.0000000000000000E+00
+0.3194616465164000E+02 +0.2044679949947779E+01 +0.0000000000000000E+00
+0.3197337603550000E+02 +0.2055240337017476E+01 +0.0000000000000000E+00
+0.3200058741936000E+02 +0.2082674653367797E+01 +0.0000000000000000E+00
+0.3202779880322000E+02 +0.2126253352439861E+01 +0.0000000000000000E+00
+0.3205501018708000E+02 +0.2177343481168757E+01 +0.0000000000000000E+00
+0.3208222157094000E+02 +0.2223014288817239E+01 +0.0000000000000000E+00
+0.3210943295480000E+02 +0.2253270851082637E+01 +0.0000000000000000E+00
+0.3213664433866001E+02 +0.2265621194282368E+01 +0.0000000000000000E+00
+0.3216385572252000E+02 +0.2261536821415947E+01 +0.0000000000000000E+00
+0.3219106710638000E+02 +0.2242866610027715E+01 +0.0000000000000000E+00
+0.3221827849024000E+02 +0.2212145211106330E+01 +0.0000000000000000E+00
+0.3224548987410000E+02 +0.2171823888449831E+01 +0.0000000000000000E+00
+0.3227270125796000E+02 +0.2124399642893920E+01 +0.0000000000000000E+00
+0.3229991264182000E+02 +0.2075711007269815E+01 +0.0000000000000000E+00
+0.3232712402568000E+02 +0.2034596398008758E+01 +0.0000000000000000E+00
+0.3235433540954001E+02 +0.2006037737388632E+01 +0.0000000000000000E+00
+0.3238154679340000E+02 +0.1986752753428365E+01 +0.0000000000000000E+00
+0.3240875817726000E+02 +0.1968485741169124E+01 +0.0000000000000000E+00
+0.3243596956112000E+02 +0.1944639207668989E+01 +0.0000000000000000E+00
+0.3246318094498000E+02 +0.1914341231279072E+01 +0.0000000000000000E+00
+0.3249039232884000E+02 +0.1880964701310746E+01 +0.0000000000000000E+00
+0.3251760371270000E+02 +0.1848763285739097E+01 +0.0000000000000000E+00
+0.3254481509656000E+02 +0.1823416786269333E+01 +0.0000000000000000E+00
+0.3257202648042001E+02 +0.1812752741618902E+01 +0.0000000000000000E+00
+0.3259923786428000E+02 +0.1822961532617437E+01 +0.0000000000000000E+00
+0.3262644924814001E+02 +0.1854390007905065E+01 +0.0000000000000000E+00
+0.3265366063200000E+02 +0.1901377792918499E+01 +0.0000000000000000E+00
+0.3268087201586000E+02 +0.1957017679410614E+01 +0.0000000000000000E+00
+0.3270808339972000E+02 +0.2018650973352730E+01 +0.0000000000000000E+00
+0.3273529478358000E+02 +0.2086630759133098E+01 +0.0000000000000000E+00
+0.3276250616744000E+02 +0.2157485501979932E+01 +0.0000000000000000E+00
+0.3278971755130000E+02 +0.2221494700009036E+01 +0.0000000000000000E+00
+0.3281692893516000E+02 +0.2268669222162817E+01 +0.0000000000000000E+00
+0.3284414031902001E+02 +0.2295747890320029E+01 +0.0000000000000000E+00
+0.3287135170288000E+02 +0.2307248654630112E+01 +0.0000000000000000E+00
+0.3289856308674000E+02 +0.2312264710813274E+01 +0.0000000000000000E+00
+0.3292577447060000E+02 +0.2321054344430605E+01 +0.0000000000000000E+00
+0.3295298585446000E+02 +0.2343631474420452E+01 +0.0000000000000000E+00
+0.3298019723832000E+02 +0.2389988883355693E+01 +0.0000000000000000E+00
+0.3300740862218000E+02 +0.2469131458175267E+01 +0.0000000000000000E+00
+0.3303462000604000E+02 +0.2586800596510038E+01 +0.0000000000000000E+00
+0.3306183138990001E+02 +0.2741949006251117E+01 +0.0000000000000000E+00
+0.3308904277376000E+02 +0.2920826795217940E+01 +0.0000000000000000E+00
+0.3311625415762001E+02 +0.3093740921885845E+01 +0.0000000000000000E+00
+0.3314346554148000E+02 +0.3225282255689362E+01 +0.0000000000000000E+00
+0.3317067692534000E+02 +0.3296760032086276E+01 +0.0000000000000000E+00
+0.3319788830920000E+02 +0.3316142903763327E+01 +0.0000000000000000E+00
+0.3322509969306000E+02 +0.3302257815834662E+01 +0.0000000000000000E+00
+0.3325231107692000E+02 +0.3267002584819954E+01 +0.0000000000000000E+00
+0.3327952246078000E+02 +0.3217064509732417E+01 +0.0000000000000000E+00
+0.3330673384464000E+02 +0.3163503724480941E+01 +0.0000000000000000E+00
+0.3333394522850001E+02 +0.3121161728680864E+01 +0.0000000000000000E+00
+0.3336115661236000E+02 +0.3101464564443366E+01 +0.0000000000000000E+00
+0.3338836799622000E+02 +0.3108865879742959E+01 +0.0000000000000000E+00
+0.3341557938008000E+02 +0.3141328202819012E+01 +0.0000000000000000E+00
+0.3344279076394000E+02 +0.3192673477849822E+01 +0.0000000000000000E+00
+0.3347000214780000E+02 +0.3256083379840556E+01 +0.0000000000000000E+00
+0.3349721353166000E+02 +0.3323970187715264E+01 +0.0000000000000000E+00
+0.3352442491552000E+02 +0.3379138143259005E+01 +0.0000000000000000E+00
+0.3355163629938001E+02 +0.3386947415608076E+01 +0.0000000000000000E+00
+0.3357884768324000E+02 +0.3309835885927098E+01 +0.0000000000000000E+00
+0.3360605906710001E+02 +0.3142115958281986E+01 +0.0000000000000000E+00
+0.3363327045096000E+02 +0.2922856001646563E+01 +0.0000000000000000E+00
+0.3366048183482000E+02 +0.2707565257750201E+01 +0.0000000000000000E+00
+0.3368769321868000E+02 +0.2536018800629126E+01 +0.0000000000000000E+00
+0.3371490460254000E+02 +0.2423350692073966E+01 +0.0000000000000000E+00
+0.3374211598640000E+02 +0.2365826051135966E+01 +0.0000000000000000E+00
+0.3376932737026001E+02 +0.2349845301591903E+01 +0.0000000000000000E+00
+0.3379653875412000E+02 +0.2360404786853495E+01 +0.0000000000000000E+00
+0.3382375013798001E+02 +0.2385967265633665E+01 +0.0000000000000000E+00
+0.3385096152184000E+02 +0.2419115994841635E+01 +0.0000000000000000E+00
+0.3387817290570000E+02 +0.2455072340157761E+01 +0.0000000000000000E+00
+0.3390538428956000E+02 +0.2487824523780613E+01 +0.0000000000000000E+00
+0.3393259567342000E+02 +0.2505850637252003E+01 +0.0000000000000000E+00
+0.3395980705728000E+02 +0.2494557801491041E+01 +0.0000000000000000E+00
+0.3398701844114000E+02 +0.2446878334711602E+01 +0.0000000000000000E+00
+0.3401422982500000E+02 +0.2370250447144408E+01 +0.0000000000000000E+00
+0.3404144120886001E+02 +0.2281079390441584E+01 +0.0000000000000000E+00
+0.3406865259272000E+02 +0.2195497733597544E+01 +0.0000000000000000E+00
+0.3409586397658001E+02 +0.2124665138758944E+01 +0.0000000000000000E+00
+0.3412307536044000E+02 +0.2072126128722016E+01 +0.0000000000000000E+00
+0.3415028674430000E+02 +0.2033573711622706E+01 +0.0000000000000000E+00
+0.3417749812816000E+02 +0.2001480034261311E+01 +0.0000000000000000E+00
+0.3420470951202000E+02 +0.1971679151019147E+01 +0.0000000000000000E+00
+0.3423192089588000E+02 +0.1946867221453565E+01 +0.0000000000000000E+00
+0.3425913227974001E+02 +0.1934116128154074E+01 +0.0000000000000000E+00
+0.3428634366360000E+02 +0.1938173814371447E+01 +0.0000000000000000E+00
+0.3431355504746001E+02 +0.1956479335914138E+01 +0.0000000000000000E+00
+0.3434076643132000E+02 +0.1979978462285278E+01 +0.0000000000000000E+00
+0.3436797781518001E+02 +0.1999856936575526E+01 +0.0000000000000000E+00
+0.3439518919904000E+02 +0.2014800450355851E+01 +0.0000000000000000E+00
+0.3442240058290000E+02 +0.2031832847236384E+01 +0.0000000000000000E+00
+0.3444961196676000E+02 +0.2061128348996474E+01 +0.0000000000000000E+00
+0.3447682335062000E+02 +0.2110793857236100E+01 +0.0000000000000000E+00
+0.3450403473448000E+02 +0.2184165653610080E+01 +0.0000000000000000E+00
+0.3453124611834001E+02 +0.2277630703778920E+01 +0.0000000000000000E+00
+0.3455845750220000E+02 +0.2379705190252813E+01 +0.0000000000000000E+00
+0.3458566888606001E+02 +0.2473262391094026E+01 +0.0000000000000000E+00
+0.3461288026992001E+02 +0.2540170185390189E+01 +0.0000000000000000E+00
+0.3464009165378000E+02 +0.2568575294975258E+01 +0.0000000000000000E+00
+0.3466730303764000E+02 +0.2558430357039548E+01 +0.0000000000000000E+00
+0.3469451442150000E+02 +0.2517235271301172E+01 +0.0000000000000000E+00
+0.3472172580536000E+02 +0.2453028712293443E+01 +0.0000000000000000E+00
+0.3474893718922001E+02 +0.2375705838742099E+01 +0.0000000000000000E+00
+0.3477614857308000E+02 +0.2299011383989106E+01 +0.0000000000000000E+00
+0.3480335995694001E+02 +0.2236215247859919E+01 +0.0000000000000000E+00
+0.3483057134080001E+02 +0.2195481139675167E+01 +0.0000000000000000E+00
+0.3485778272466000E+02 +0.2177929533097180E+01 +0.0000000000000000E+00
+0.3488499410852000E+02 +0.2178457110439562E+01 +0.0000000000000000E+00
+0.3491220549238000E+02 +0.2188998626973159E+01 +0.0000000000000000E+00
+0.3493941687624000E+02 +0.2198497545439496E+01 +0.0000000000000000E+00
+0.3496662826010000E+02 +0.2189411730765237E+01 +0.0000000000000000E+00
+0.3499383964396000E+02 +0.2141261692278048E+01 +0.0000000000000000E+00
+0.3502105102782000E+02 +0.2044893787814981E+01 +0.0000000000000000E+00
+0.3504826241168000E+02 +0.1913387548173406E+01 +0.0000000000000000E+00
+0.3507547379554000E+02 +0.1774307733537158E+01 +0.0000000000000000E+00
+0.3510268517940001E+02 +0.1652379220765533E+01 +0.0000000000000000E+00
+0.3512989656326000E+02 +0.1560207340174992E+01 +0.0000000000000000E+00
+0.3515710794712000E+02 +0.1499106448515370E+01 +0.0000000000000000E+00
+0.3518431933098000E+02 +0.1463492722575438E+01 +0.0000000000000000E+00
+0.3521153071484000E+02 +0.1444363766353540E+01 +0.0000000000000000E+00
+0.3523874209870000E+02 +0.1430955212094446E+01 +0.0000000000000000E+00
+0.3526595348256000E+02 +0.1412270162772750E+01 +0.0000000000000000E+00
+0.3529316486642000E+02 +0.1379863756809288E+01 +0.0000000000000000E+00
+0.3532037625028001E+02 +0.1331925403634894E+01 +0.0000000000000000E+00
+0.3534758763414000E+02 +0.1275293485106688E+01 +0.0000000000000000E+00
+0.3537479901800000E+02 +0.1220786107022774E+01 +0.0000000000000000E+00
+0.3540201040186000E+02 +0.1176366340129593E+01 +0.0000000000000000E+00
+0.3542922178572000E+02 +0.1145333893189144E+01 +0.0000000000000000E+00
+0.3545643316958000E+02 +0.1127771111472186E+01 +0.0000000000000000E+00
+0.3548364455344000E+02 +0.1120826091156347E+01 +0.0000000000000000E+00
+0.3551085593730000E+02 +0.1118871286814490E+01 +0.0000000000000000E+00
+0.3553806732116001E+02 +0.1116647442542451E+01 +0.0000000000000000E+00
+0.3556527870502000E+02 +0.1113017068656514E+01 +0.0000000000000000E+00
+0.3559249008888001E+02 +0.1109815720577430E+01 +0.0000000000000000E+00
+0.3561970147274000E+02 +0.1107523797460867E+01 +0.0000000000000000E+00
+0.3564691285660000E+02 +0.1104392585550636E+01 +0.0000000000000000E+00
+0.3567412424046000E+02 +0.1099362952264102E+01 +0.0000000000000000E+00
+0.3570133562432000E+02 +0.1093180635825771E+01 +0.0000000000000000E+00
+0.3572854700818000E+02 +0.1086190396197653E+01 +0.0000000000000000E+00
+0.3575575839204000E+02 +0.1076665644924039E+01 +0.0000000000000000E+00
+0.3578296977590000E+02 +0.1061722190794993E+01 +0.0000000000000000E+00
+0.3581018115976001E+02 +0.1040159227064630E+01 +0.0000000000000000E+00
+0.3583739254362000E+02 +0.1014911178320437E+01 +0.0000000000000000E+00
+0.3586460392748000E+02 +0.9922539104706036E+00 +0.0000000000000000E+00
+0.3589181531134000E+02 +0.9788037907303675E+00 +0.0000000000000000E+00
+0.3591902669520000E+02 +0.9790181672194531E+00 +0.0000000000000000E+00
+0.3594623807906000E+02 +0.9935244963896775E+00 +0.0000000000000000E+00
+0.3597344946292000E+02 +0.1017952020246684E+01 +0.0000000000000000E+00
+0.3600066084678000E+02 +0.1043750968389619E+01 +0.0000000000000000E+00
+0.3602787223064001E+02 +0.1061354827881885E+01 +0.0000000000000000E+00
+0.3605508361450000E+02 +0.1063425532150957E+01 +0.0000000000000000E+00
+0.3608229499836001E+02 +0.1047844808030840E+01 +0.0000000000000000E+00
+0.3610950638222000E+02 +0.1019480885368146E+01 +0.0000000000000000E+00
+0.3613671776608000E+02 +0.9870097980887564E+00 +0.0000000000000000E+00
+0.3616392914994000E+02 +0.9569636121355412E+00 +0.0000000000000000E+00
+0.3619114053380000E+02 +0.9309049824781892E+00 +0.0000000000000000E+00
+0.3621835191766000E+02 +0.9073729816816504E+00 +0.0000000000000000E+00
+0.3624556330152000E+02 +0.8858769205232314E+00 +0.0000000000000000E+00
+0.3627277468538000E+02 +0.8690467640777737E+00 +0.0000000000000000E+00
+0.3629998606924001E+02 +0.8612035292391018E+00 +0.0000000000000000E+00
+0.3632719745310000E+02 +0.8651258036041420E+00 +0.0000000000000000E+00
+0.3635440883696000E+02 +0.8806104564098273E+00 +0.0000000000000000E+00
+0.3638162022082000E+02 +0.9054061430650864E+00 +0.0000000000000000E+00
+0.3640883160468000E+02 +0.9355633841011198E+00 +0.0000000000000000E+00
+0.3643604298854000E+02 +0.9645156708525949E+00 +0.0000000000000000E+00
+0.3646325437240000E+02 +0.9849295771216489E+00 +0.0000000000000000E+00
+0.3649046575626000E+02 +0.9944928552990866E+00 +0.0000000000000000E+00
+0.3651767714012001E+02 +0.9988482710590577E+00 +0.0000000000000000E+00
+0.3654488852398000E+02 +0.1007148732175003E+01 +0.0000000000000000E+00
+0.3657209990784001E+02 +0.1025024907977475E+01 +0.0000000000000000E+00
+0.3659931129170000E+02 +0.1050665164443069E+01 +0.0000000000000000E+00
+0.3662652267556000E+02 +0.1075790774440313E+01 +0.0000000000000000E+00
+0.3665373405942000E+02 +0.1091392631448446E+01 +0.0000000000000000E+00
+0.3668094544328000E+02 +0.1094367373165964E+01 +0.0000000000000000E+00
+0.3670815682714000E+02 +0.1088603159804839E+01 +0.0000000000000000E+00
+0.3673536821100001E+02 +0.1080544114784984E+01 +0.0000000000000000E+00
+0.3676257959486000E+02 +0.1074830498983360E+01 +0.0000000000000000E+00
+0.3678979097872001E+02 +0.1072983694135370E+01 +0.0000000000000000E+00
+0.3681700236258000E+02 +0.1073912991625974E+01 +0.0000000000000000E+00
+0.3684421374644000E+02 +0.1074347812539927E+01 +0.0000000000000000E+00
+0.3687142513030000E+02 +0.1069983021462432E+01 +0.0000000000000000E+00
+0.3689863651416000E+02 +0.1058037677516852E+01 +0.0000000000000000E+00
+0.3692584789802000E+02 +0.1039332901206317E+01 +0.0000000000000000E+00
+0.3695305928188000E+02 +0.1017661546935869E+01 +0.0000000000000000E+00
+0.3698027066574000E+02 +0.9971564362965354E+00 +0.0000000000000000E+00
+0.3700748204960001E+02 +0.9806698392263441E+00 +0.0000000000000000E+00
+0.3703469343346000E+02 +0.9696025509013005E+00 +0.0000000000000000E+00
+0.3706190481732001E+02 +0.9638289808083051E+00 +0.0000000000000000E+00
+0.3708911620118000E+02 +0.9623568010027485E+00 +0.0000000000000000E+00
+0.3711632758504000E+02 +0.9647497764594870E+00 +0.0000000000000000E+00
+0.3714353896890000E+02 +0.9707399053687953E+00 +0.0000000000000000E+00
+0.3717075035276000E+02 +0.9777806833441294E+00 +0.0000000000000000E+00
+0.3719796173662000E+02 +0.9803973617457460E+00 +0.0000000000000000E+00
+0.3722517312048001E+02 +0.9730530187089450E+00 +0.0000000000000000E+00
+0.3725238450434000E+02 +0.9537437948021790E+00 +0.0000000000000000E+00
+0.3727959588820001E+02 +0.9252728243123759E+00 +0.0000000000000000E+00
+0.3730680727206000E+02 +0.8931989952300750E+00 +0.0000000000000000E+00
+0.3733401865592000E+02 +0.8627712004588981E+00 +0.0000000000000000E+00
+0.3736123003978000E+02 +0.8378258908238585E+00 +0.0000000000000000E+00
+0.3738844142364000E+02 +0.8211475528285684E+00 +0.0000000000000000E+00
+0.3741565280750000E+02 +0.8144392181650912E+00 +0.0000000000000000E+00
+0.3744286419136000E+02 +0.8177627819099146E+00 +0.0000000000000000E+00
+0.3747007557522000E+02 +0.8296693020186662E+00 +0.0000000000000000E+00
+0.3749728695908001E+02 +0.8479006497759585E+00 +0.0000000000000000E+00
+0.3752449834294000E+02 +0.8694202226962743E+00 +0.0000000000000000E+00
+0.3755170972680001E+02 +0.8897718799116874E+00 +0.0000000000000000E+00
+0.3757892111066000E+02 +0.9029910201950276E+00 +0.0000000000000000E+00
+0.3760613249452000E+02 +0.9034152065686066E+00 +0.0000000000000000E+00
+0.3763334387838000E+02 +0.8891389928538753E+00 +0.0000000000000000E+00
+0.3766055526224000E+02 +0.8639940701614270E+00 +0.0000000000000000E+00
+0.3768776664610000E+02 +0.8351308203277933E+00 +0.0000000000000000E+00
+0.3771497802996001E+02 +0.8080424712798291E+00 +0.0000000000000000E+00
+0.3774218941382000E+02 +0.7838716811353901E+00 +0.0000000000000000E+00
+0.3776940079768001E+02 +0.7610473646907562E+00 +0.0000000000000000E+00
+0.3779661218154001E+02 +0.7387608328529850E+00 +0.0000000000000000E+00
+0.3782382356540001E+02 +0.7181920791506304E+00 +0.0000000000000000E+00
+0.3785103494926000E+02 +0.7006994949110285E+00 +0.0000000000000000E+00
+0.3787824633312000E+02 +0.6861133948707665E+00 +0.0000000000000000E+00
+0.3790545771698000E+02 +0.6731277446024684E+00 +0.0000000000000000E+00
+0.3793266910084001E+02 +0.6603487601267395E+00 +0.0000000000000000E+00
+0.3795988048470000E+02 +0.6468439954711096E+00 +0.0000000000000000E+00
+0.3798709186856001E+02 +0.6328512489889911E+00 +0.0000000000000000E+00
+0.3801430325242000E+02 +0.6202397953828217E+00 +0.0000000000000000E+00
+0.3804151463628001E+02 +0.6119328037526849E+00 +0.0000000000000000E+00
+0.3806872602014001E+02 +0.6104897717934978E+00 +0.0000000000000000E+00
+0.3809593740400000E+02 +0.6166700113000435E+00 +0.0000000000000000E+00
+0.3812314878786000E+02 +0.6291469285312566E+00 +0.0000000000000000E+00
+0.3815036017172000E+02 +0.6449463295908738E+00 +0.0000000000000000E+00
+0.3817757155558000E+02 +0.6592414394259360E+00 +0.0000000000000000E+00
+0.3820478293944001E+02 +0.6655831309626961E+00 +0.0000000000000000E+00
+0.3823199432330000E+02 +0.6583604233670207E+00 +0.0000000000000000E+00
+0.3825920570716001E+02 +0.6360320596193949E+00 +0.0000000000000000E+00
+0.3828641709102001E+02 +0.6023021300085768E+00 +0.0000000000000000E+00
+0.3831362847488000E+02 +0.5642019750624310E+00 +0.0000000000000000E+00
+0.3834083985874000E+02 +0.5284439019329522E+00 +0.0000000000000000E+00
+0.3836805124260000E+02 +0.4988951486542551E+00 +0.0000000000000000E+00
+0.3839526262646000E+02 +0.4764054272969194E+00 +0.0000000000000000E+00
+0.3842247401032000E+02 +0.4599101199050496E+00 +0.0000000000000000E+00
+0.3844968539418000E+02 +0.4475609987451579E+00 +0.0000000000000000E+00
+0.3847689677804000E+02 +0.4374556597477847E+00 +0.0000000000000000E+00
+0.3850410816190000E+02 +0.4279181673902323E+00 +0.0000000000000000E+00
+0.3853131954576000E+02 +0.4175708671512077E+00 +0.0000000000000000E+00
+0.3855853092962001E+02 +0.4056132122553447E+00 +0.0000000000000000E+00
+0.3858574231348000E+02 +0.3925242013620144E+00 +0.0000000000000000E+00
+0.3861295369734000E+02 +0.3804267053901884E+00 +0.0000000000000000E+00
+0.3864016508120000E+02 +0.3722431797078046E+00 +0.0000000000000000E+00
+0.3866737646506000E+02 +0.3702816548417543E+00 +0.0000000000000000E+00
+0.3869458784892000E+02 +0.3752659388595969E+00 +0.0000000000000000E+00
+0.3872179923278000E+02 +0.3860549711824521E+00 +0.0000000000000000E+00
+0.3874901061664000E+02 +0.3998708044764433E+00 +0.0000000000000000E+00
+0.3877622200050001E+02 +0.4131127020931707E+00 +0.0000000000000000E+00
+0.3880343338436000E+02 +0.4230079904156451E+00 +0.0000000000000000E+00
+0.3883064476822000E+02 +0.4292734908423396E+00 +0.0000000000000000E+00
+0.3885785615208000E+02 +0.4338858411788120E+00 +0.0000000000000000E+00
+0.3888506753594000E+02 +0.4386683277155622E+00 +0.0000000000000000E+00
+0.3891227891980000E+02 +0.4429812210607160E+00 +0.0000000000000000E+00
+0.3893949030366000E+02 +0.4437442254521231E+00 +0.0000000000000000E+00
+0.3896670168752000E+02 +0.4377325229480471E+00 +0.0000000000000000E+00
+0.3899391307138001E+02 +0.4241344787722975E+00 +0.0000000000000000E+00
+0.3902112445524000E+02 +0.4051470790881534E+00 +0.0000000000000000E+00
+0.3904833583910001E+02 +0.3842803886525804E+00 +0.0000000000000000E+00
+0.3907554722296000E+02 +0.3645324905556804E+00 +0.0000000000000000E+00
+0.3910275860682000E+02 +0.3479821887597108E+00 +0.0000000000000000E+00
+0.3912996999068000E+02 +0.3358775012893331E+00 +0.0000000000000000E+00
+0.3915718137454000E+02 +0.3283708452048110E+00 +0.0000000000000000E+00
+0.3918439275840000E+02 +0.3245948083462408E+00 +0.0000000000000000E+00
+0.3921160414226000E+02 +0.3235675435884792E+00 +0.0000000000000000E+00
+0.3923881552612000E+02 +0.3249654976860455E+00 +0.0000000000000000E+00
+0.3926602690998001E+02 +0.3287423918882001E+00 +0.0000000000000000E+00
+0.3929323829384000E+02 +0.3343249628716314E+00 +0.0000000000000000E+00
+0.3932044967770000E+02 +0.3407886677040541E+00 +0.0000000000000000E+00
+0.3934766106156000E+02 +0.3476311781882722E+00 +0.0000000000000000E+00
+0.3937487244542000E+02 +0.3548187594547733E+00 +0.0000000000000000E+00
+0.3940208382928000E+02 +0.3625736471487151E+00 +0.0000000000000000E+00
+0.3942929521314000E+02 +0.3717489690485956E+00 +0.0000000000000000E+00
+0.3945650659700000E+02 +0.3839102864541186E+00 +0.0000000000000000E+00
+0.3948371798086001E+02 +0.4004857077363998E+00 +0.0000000000000000E+00
+0.3951092936472000E+02 +0.4218261934678780E+00 +0.0000000000000000E+00
+0.3953814074858001E+02 +0.4468110749678136E+00 +0.0000000000000000E+00
+0.3956535213244000E+02 +0.4729534016907989E+00 +0.0000000000000000E+00
+0.3959256351630000E+02 +0.4969968666714939E+00 +0.0000000000000000E+00
+0.3961977490016000E+02 +0.5157283998187566E+00 +0.0000000000000000E+00
+0.3964698628402000E+02 +0.5264758364512110E+00 +0.0000000000000000E+00
+0.3967419766788000E+02 +0.5273718960643091E+00 +0.0000000000000000E+00
+0.3970140905174001E+02 +0.5182738898339907E+00 +0.0000000000000000E+00
+0.3972862043560000E+02 +0.5019782948654604E+00 +0.0000000000000000E+00
+0.3975583181946001E+02 +0.4836370102748193E+00 +0.0000000000000000E+00
+0.3978304320332000E+02 +0.4682129046406657E+00 +0.0000000000000000E+00
+0.3981025458718000E+02 +0.4582060905351970E+00 +0.0000000000000000E+00
+0.3983746597104000E+02 +0.4534020104123445E+00 +0.0000000000000000E+00
+0.3986467735490000E+02 +0.4523669313977142E+00 +0.0000000000000000E+00
+0.3989188873876000E+02 +0.4539012914935737E+00 +0.0000000000000000E+00
+0.3991910012262000E+02 +0.4574971142765795E+00 +0.0000000000000000E+00
+0.3994631150648000E+02 +0.4633948195073269E+00 +0.0000000000000000E+00
+0.3997352289034001E+02 +0.4723018857241091E+00 +0.0000000000000000E+00
+0.4000073427420000E+02 +0.4843861903135225E+00 +0.0000000000000000E+00
+0.4002794565806001E+02 +0.4986041426893059E+00 +0.0000000000000000E+00
+0.4005515704192000E+02 +0.5135519370319920E+00 +0.0000000000000000E+00
+0.4008236842578000E+02 +0.5289346355128143E+00 +0.0000000000000000E+00
+0.4010957980964000E+02 +0.5456583437380734E+00 +0.0000000000000000E+00
+0.4013679119350000E+02 +0.5643025695670221E+00 +0.0000000000000000E+00
+0.4016400257736000E+02 +0.5838154432925245E+00 +0.0000000000000000E+00
+0.4019121396122001E+02 +0.6017920405820253E+00 +0.0000000000000000E+00
+0.4021842534508000E+02 +0.6158727353552113E+00 +0.0000000000000000E+00
+0.4024563672894001E+02 +0.6247938197214106E+00 +0.0000000000000000E+00
+0.4027284811280000E+02 +0.6281211600603179E+00 +0.0000000000000000E+00
+0.4030005949666000E+02 +0.6250287017141564E+00 +0.0000000000000000E+00
+0.4032727088052000E+02 +0.6142045368313781E+00 +0.0000000000000000E+00
+0.4035448226438000E+02 +0.5958592927679004E+00 +0.0000000000000000E+00
+0.4038169364824000E+02 +0.5731318804196750E+00 +0.0000000000000000E+00
+0.4040890503210000E+02 +0.5507960566007930E+00 +0.0000000000000000E+00
+0.4043611641596000E+02 +0.5328590270577438E+00 +0.0000000000000000E+00
+0.4046332779982001E+02 +0.5209659520668607E+00 +0.0000000000000000E+00
+0.4049053918368000E+02 +0.5140592768341765E+00 +0.0000000000000000E+00
+0.4051775056754001E+02 +0.5091632938390459E+00 +0.0000000000000000E+00
+0.4054496195140000E+02 +0.5028505975801858E+00 +0.0000000000000000E+00
+0.4057217333526000E+02 +0.4927512193738744E+00 +0.0000000000000000E+00
+0.4059938471912000E+02 +0.4785377363573643E+00 +0.0000000000000000E+00
+0.4062659610298000E+02 +0.4621956989092522E+00 +0.0000000000000000E+00
+0.4065380748684000E+02 +0.4472999788963492E+00 +0.0000000000000000E+00
+0.4068101887070001E+02 +0.4371328885829054E+00 +0.0000000000000000E+00
+0.4070823025456000E+02 +0.4327267859028296E+00 +0.0000000000000000E+00
+0.4073544163842001E+02 +0.4323837025652477E+00 +0.0000000000000000E+00
+0.4076265302228001E+02 +0.4331125362286272E+00 +0.0000000000000000E+00
+0.4078986440614000E+02 +0.4326202807607077E+00 +0.0000000000000000E+00
