# Macroscopic dielectric function epsm
#
# Momentum transfer Q=G+q in lattice cooridnates
# G:   0   0   0
# q:   0.0000000   0.0000000   0.0000000
# Momentum transfer Q=G+q in Cartesian cooridnates
# G:   0.0000000   0.0000000   0.0000000
# q:   0.0000000   0.0000000   0.0000000
# Norm2(G+q)   0.0000000
#
# Energy scale=   27.211384
# Used broadening in scaled energy units:    0.190480
#
# Number of k-points=       0
# Unit cell volume [au]=  110.090925
# Coulomb potential v(Q) [au]=          0.000000
#
#             Frequency                Re(epsm)                Im(epsm)       Re(epsm) form KKT
+0.0000000000000000E+00 +0.2685092534765575E+01 +0.0000000000000000E+00 +0.2642545387041006E+01
+0.2267615321666667E-01 +0.2685097145910197E+01 +0.7753233840021128E-04 +0.2642527720327005E+01
+0.4535230643333334E-01 +0.2685110979507863E+01 +0.1550674341106613E-03 +0.2642542745734156E+01
+0.6802845965000001E-01 +0.2685134036049878E+01 +0.2326080446934879E-03 +0.2642568995729157E+01
+0.9070461286666667E-01 +0.2685166316355192E+01 +0.3101569282146769E-03 +0.2642600023004938E+01
+0.1133807660833333E+00 +0.2685207821570400E+01 +0.3877168434960679E-03 +0.2642641645734677E+01
+0.1360569193000000E+00 +0.2685258553169912E+01 +0.4652905503675445E-03 +0.2642692062260334E+01
+0.1587330725166667E+00 +0.2685318512956009E+01 +0.5428808099193328E-03 +0.2642751840563941E+01
+0.1814092257333333E+00 +0.2685387703059100E+01 +0.6204903847545804E-03 +0.2642820769576261E+01
+0.2040853789500000E+00 +0.2685466125937838E+01 +0.6981220392421525E-03 +0.2642898916724514E+01
+0.2267615321666667E+00 +0.2685553784379394E+01 +0.7757785397697590E-03 +0.2642986262527048E+01
+0.2494376853833334E+00 +0.2685650681499679E+01 +0.8534626549973977E-03 +0.2643082816295716E+01
+0.2721138386000000E+00 +0.2685756820743633E+01 +0.9311771561112217E-03 +0.2643188579276681E+01
+0.2947899918166667E+00 +0.2685872205885588E+01 +0.1008924817077852E-02 +0.2643303555743217E+01
+0.3174661450333334E+00 +0.2685996841029537E+01 +0.1086708414899109E-02 +0.2643427749564462E+01
+0.3401422982500000E+00 +0.2686130730609565E+01 +0.1164530729867344E-02 +0.2643561165192297E+01
+0.3628184514666667E+00 +0.2686273879390210E+01 +0.1242394545821281E-02 +0.2643703807353787E+01
+0.3854946046833334E+00 +0.2686426292466944E+01 +0.1320302650402512E-02 +0.2643855681133239E+01
+0.4081707579000001E+00 +0.2686587975266639E+01 +0.1398257835312653E-02 +0.2644016791944534E+01
+0.4308469111166667E+00 +0.2686758933548007E+01 +0.1476262896571121E-02 +0.2644187145537286E+01
+0.4535230643333333E+00 +0.2686939173402162E+01 +0.1554320634773770E-02 +0.2644366747994349E+01
+0.4761992175500001E+00 +0.2687128701253206E+01 +0.1632433855352270E-02 +0.2644555605732410E+01
+0.4988753707666667E+00 +0.2687327523858783E+01 +0.1710605368834339E-02 +0.2644753725502078E+01
+0.5215515239833334E+00 +0.2687535648310701E+01 +0.1788837991104805E-02 +0.2644961114388303E+01
+0.5442276772000001E+00 +0.2687753082035587E+01 +0.1867134543667665E-02 +0.2645177779810897E+01
+0.5669038304166668E+00 +0.2687979832795574E+01 +0.1945497853909102E-02 +0.2645403729525128E+01
+0.5895799836333334E+00 +0.2688215908689010E+01 +0.2023930755361517E-02 +0.2645638971622340E+01
+0.6122561368500001E+00 +0.2688461318151211E+01 +0.2102436087968642E-02 +0.2645883514530700E+01
+0.6349322900666667E+00 +0.2688716069955206E+01 +0.2181016698351724E-02 +0.2646137367015894E+01
+0.6576084432833335E+00 +0.2688980173212611E+01 +0.2259675440077001E-02 +0.2646400538181959E+01
+0.6802845965000001E+00 +0.2689253637374351E+01 +0.2338415173924138E-02 +0.2646673037472071E+01
+0.7029607497166668E+00 +0.2689536472231705E+01 +0.2417238768156329E-02 +0.2646954874669426E+01
+0.7256369029333334E+00 +0.2689828687917007E+01 +0.2496149098791194E-02 +0.2647246059898123E+01
+0.7483130561500001E+00 +0.2690130294904749E+01 +0.2575149049873523E-02 +0.2647546603624101E+01
+0.7709892093666668E+00 +0.2690441304012467E+01 +0.2654241513749104E-02 +0.2647856516656114E+01
+0.7936653625833334E+00 +0.2690761726401742E+01 +0.2733429391340119E-02 +0.2648175810146692E+01
+0.8163415158000001E+00 +0.2691091573579278E+01 +0.2812715592422107E-02 +0.2648504495593195E+01
+0.8390176690166667E+00 +0.2691430857397907E+01 +0.2892103035902289E-02 +0.2648842584838882E+01
+0.8616938222333335E+00 +0.2691779590057758E+01 +0.2971594650099830E-02 +0.2649190090074000E+01
+0.8843699754500001E+00 +0.2692137784107305E+01 +0.3051193373027299E-02 +0.2649547023836909E+01
+0.9070461286666667E+00 +0.2692505452444623E+01 +0.3130902152674382E-02 +0.2649913399015258E+01
+0.9297222818833335E+00 +0.2692882608318523E+01 +0.3210723947292850E-02 +0.2650289228847172E+01
+0.9523984351000001E+00 +0.2693269265329801E+01 +0.3290661725683664E-02 +0.2650674526922486E+01
+0.9750745883166668E+00 +0.2693665437432534E+01 +0.3370718467485928E-02 +0.2651069307184022E+01
+0.9977507415333334E+00 +0.2694071138935335E+01 +0.3450897163467557E-02 +0.2651473583928879E+01
+0.1020426894750000E+01 +0.2694486384502735E+01 +0.3531200815818158E-02 +0.2651887371809781E+01
+0.1043103047966667E+01 +0.2694911189156528E+01 +0.3611632438443823E-02 +0.2652310685836424E+01
+0.1065779201183333E+01 +0.2695345568277166E+01 +0.3692195057263994E-02 +0.2652743541376905E+01
+0.1088455354400000E+01 +0.2695789537605236E+01 +0.3772891710510561E-02 +0.2653185954159158E+01
+0.1111131507616667E+01 +0.2696243113242927E+01 +0.3853725449029156E-02 +0.2653637940272420E+01
+0.1133807660833334E+01 +0.2696706311655519E+01 +0.3934699336582554E-02 +0.2654099516168745E+01
+0.1156483814050000E+01 +0.2697179149672950E+01 +0.4015816450156556E-02 +0.2654570698664570E+01
+0.1179159967266667E+01 +0.2697661644491415E+01 +0.4097079880268265E-02 +0.2655051504942279E+01
+0.1201836120483333E+01 +0.2698153813674973E+01 +0.4178492731276625E-02 +0.2655541952551834E+01
+0.1224512273700000E+01 +0.2698655675157176E+01 +0.4260058121695510E-02 +0.2656042059412430E+01
+0.1247188426916667E+01 +0.2699167247242837E+01 +0.4341779184509635E-02 +0.2656551843814195E+01
+0.1269864580133333E+01 +0.2699688548609723E+01 +0.4423659067492722E-02 +0.2657071324419916E+01
+0.1292540733350000E+01 +0.2700219598310284E+01 +0.4505700933528361E-02 +0.2657600520266820E+01
+0.1315216886566667E+01 +0.2700760415773562E+01 +0.4587907960934074E-02 +0.2658139450768370E+01
+0.1337893039783334E+01 +0.2701311020806980E+01 +0.4670283343787676E-02 +0.2658688135716129E+01
+0.1360569193000000E+01 +0.2701871433598173E+01 +0.4752830292256461E-02 +0.2659246595281625E+01
+0.1383245346216667E+01 +0.2702441674717079E+01 +0.4835552032930159E-02 +0.2659814850018306E+01
+0.1405921499433334E+01 +0.2703021765117690E+01 +0.4918451809155601E-02 +0.2660392920863475E+01
+0.1428597652650000E+01 +0.2703611726140267E+01 +0.5001532881375722E-02 +0.2660980829140307E+01
+0.1451273805866667E+01 +0.2704211579513245E+01 +0.5084798527470846E-02 +0.2661578596559907E+01
+0.1473949959083333E+01 +0.2704821347355389E+01 +0.5168252043103596E-02 +0.2662186245223379E+01
+0.1496626112300000E+01 +0.2705441052177866E+01 +0.5251896742066786E-02 +0.2662803797623953E+01
+0.1519302265516667E+01 +0.2706070716886490E+01 +0.5335735956635139E-02 +0.2663431276649169E+01
+0.1541978418733334E+01 +0.2706710364783872E+01 +0.5419773037919899E-02 +0.2664068705583075E+01
+0.1564654571950000E+01 +0.2707360019571674E+01 +0.5504011356227185E-02 +0.2664716108108481E+01
+0.1587330725166667E+01 +0.2708019705352963E+01 +0.5588454301420149E-02 +0.2665373508309242E+01
+0.1610006878383334E+01 +0.2708689446634502E+01 +0.5673105283284293E-02 +0.2666040930672630E+01
+0.1632683031600000E+01 +0.2709369268329154E+01 +0.5757967731896950E-02 +0.2666718400091684E+01
+0.1655359184816667E+01 +0.2710059195758262E+01 +0.5843045098000139E-02 +0.2667405941867658E+01
+0.1678035338033333E+01 +0.2710759254654204E+01 +0.5928340853377847E-02 +0.2668103581712447E+01
+0.1700711491250000E+01 +0.2711469471162823E+01 +0.6013858491236790E-02 +0.2668811345751179E+01
+0.1723387644466667E+01 +0.2712189871846062E+01 +0.6099601526591441E-02 +0.2669529260524691E+01
+0.1746063797683334E+01 +0.2712920483684516E+01 +0.6185573496653170E-02 +0.2670257352992201E+01
+0.1768739950900000E+01 +0.2713661334080129E+01 +0.6271777961223595E-02 +0.2670995650533914E+01
+0.1791416104116667E+01 +0.2714412450858875E+01 +0.6358218503092178E-02 +0.2671744180953755E+01
+0.1814092257333333E+01 +0.2715173862273465E+01 +0.6444898728438104E-02 +0.2672502972482094E+01
+0.1836768410550000E+01 +0.2715945597006237E+01 +0.6531822267237042E-02 +0.2673272053778546E+01
+0.1859444563766667E+01 +0.2716727684171926E+01 +0.6618992773671988E-02 +0.2674051453934816E+01
+0.1882120716983333E+01 +0.2717520153320575E+01 +0.6706413926548976E-02 +0.2674841202477592E+01
+0.1904796870200000E+01 +0.2718323034440469E+01 +0.6794089429717462E-02 +0.2675641329371491E+01
+0.1927473023416667E+01 +0.2719136357961153E+01 +0.6882023012495719E-02 +0.2676451865022014E+01
+0.1950149176633334E+01 +0.2719960154756501E+01 +0.6970218430101198E-02 +0.2677272840278646E+01
+0.1972825329850000E+01 +0.2720794456147705E+01 +0.7058679464085194E-02 +0.2678104286437912E+01
+0.1995501483066667E+01 +0.2721639293906526E+01 +0.7147409922773804E-02 +0.2678946235246510E+01
+0.2018177636283334E+01 +0.2722494700258448E+01 +0.7236413641713158E-02 +0.2679798718904551E+01
+0.2040853789500000E+01 +0.2723360707885953E+01 +0.7325694484120584E-02 +0.2680661770068768E+01
+0.2063529942716667E+01 +0.2724237349931798E+01 +0.7415256341340796E-02 +0.2681535421855849E+01
+0.2086206095933334E+01 +0.2725124660002386E+01 +0.7505103133307781E-02 +0.2682419707845774E+01
+0.2108882249150000E+01 +0.2726022672171198E+01 +0.7595238809012476E-02 +0.2683314662085233E+01
+0.2131558402366667E+01 +0.2726931420982249E+01 +0.7685667346976019E-02 +0.2684220319091110E+01
+0.2154234555583334E+01 +0.2727850941453609E+01 +0.7776392755728764E-02 +0.2685136713853986E+01
+0.2176910708800000E+01 +0.2728781269081021E+01 +0.7867419074295747E-02 +0.2686063881841738E+01
+0.2199586862016667E+01 +0.2729722439841460E+01 +0.7958750372687418E-02 +0.2687001859003174E+01
+0.2222263015233334E+01 +0.2730674490196964E+01 +0.8050390752397775E-02 +0.2687950681771721E+01
+0.2244939168450000E+01 +0.2731637457098285E+01 +0.8142344346907577E-02 +0.2688910387069201E+01
+0.2267615321666667E+01 +0.2732611377988705E+01 +0.8234615322194541E-02 +0.2689881012309627E+01
+0.2290291474883333E+01 +0.2733596290808055E+01 +0.8327207877250959E-02 +0.2690862595403109E+01
+0.2312967628100000E+01 +0.2734592233996485E+01 +0.8420126244606143E-02 +0.2691855174759759E+01
+0.2335643781316667E+01 +0.2735599246498578E+01 +0.8513374690857507E-02 +0.2692858789293727E+01
+0.2358319934533334E+01 +0.2736617367767355E+01 +0.8606957517207515E-02 +0.2693873478427246E+01
+0.2380996087750000E+01 +0.2737646637768453E+01 +0.8700879060008049E-02 +0.2694899282094768E+01
+0.2403672240966667E+01 +0.2738687096984299E+01 +0.8795143691312310E-02 +0.2695936240747155E+01
+0.2426348394183333E+01 +0.2739738786418402E+01 +0.8889755819433557E-02 +0.2696984395355935E+01
+0.2449024547400001E+01 +0.2740801747599621E+01 +0.8984719889511611E-02 +0.2698043787417650E+01
+0.2471700700616667E+01 +0.2741876022586619E+01 +0.9080040384086926E-02 +0.2699114458958205E+01
+0.2494376853833334E+01 +0.2742961653972307E+01 +0.9175721823682755E-02 +0.2700196452537384E+01
+0.2517053007050000E+01 +0.2744058684888381E+01 +0.9271768767394642E-02 +0.2701289811253336E+01
+0.2539729160266667E+01 +0.2745167159009892E+01 +0.9368185813488392E-02 +0.2702394578747227E+01
+0.2562405313483334E+01 +0.2746287120560006E+01 +0.9464977600006707E-02 +0.2703510799207829E+01
+0.2585081466700000E+01 +0.2747418614314673E+01 +0.9562148805383232E-02 +0.2704638517376369E+01
+0.2607757619916667E+01 +0.2748561685607469E+01 +0.9659704149065871E-02 +0.2705777778551262E+01
+0.2630433773133334E+01 +0.2749716380334517E+01 +0.9757648392148682E-02 +0.2706928628593054E+01
+0.2653109926350000E+01 +0.2750882744959422E+01 +0.9855986338012495E-02 +0.2708091113929362E+01
+0.2675786079566667E+01 +0.2752060826518343E+01 +0.9954722832974820E-02 +0.2709265281559925E+01
+0.2698462232783334E+01 +0.2753250672625102E+01 +0.1005386276694871E-01 +0.2710451179061751E+01
+0.2721138386000000E+01 +0.2754452331476398E+01 +0.1015341107411129E-01 +0.2711648854594260E+01
+0.2743814539216667E+01 +0.2755665851857100E+01 +0.1025337273358181E-01 +0.2712858356904614E+01
+0.2766490692433333E+01 +0.2756891283145570E+01 +0.1035375277010907E-01 +0.2714079735333054E+01
+0.2789166845650001E+01 +0.2758128675319159E+01 +0.1045455625476950E-01 +0.2715313039818351E+01
+0.2811842998866667E+01 +0.2759378078959697E+01 +0.1055578830567466E-01 +0.2716558320903328E+01
+0.2834519152083334E+01 +0.2760639545259131E+01 +0.1065745408868956E-01 +0.2717815629740452E+01
+0.2857195305300000E+01 +0.2761913126025195E+01 +0.1075955881816127E-01 +0.2719085018097560E+01
+0.2879871458516667E+01 +0.2763198873687251E+01 +0.1086210775765854E-01 +0.2720366538363612E+01
+0.2902547611733334E+01 +0.2764496841302055E+01 +0.1096510622072143E-01 +0.2721660243554584E+01
+0.2925223764950001E+01 +0.2765807082559861E+01 +0.1106855957162374E-01 +0.2722966187319393E+01
+0.2947899918166667E+01 +0.2767129651790363E+01 +0.1117247322614510E-01 +0.2724284423945993E+01
+0.2970576071383334E+01 +0.2768464603968890E+01 +0.1127685265235557E-01 +0.2725615008367482E+01
+0.2993252224600000E+01 +0.2769811994722636E+01 +0.1138170337141192E-01 +0.2726957996168336E+01
+0.3015928377816667E+01 +0.2771171880336986E+01 +0.1148703095836552E-01 +0.2728313443590761E+01
+0.3038604531033334E+01 +0.2772544317761966E+01 +0.1159284104298309E-01 +0.2729681407541089E+01
+0.3061280684250000E+01 +0.2773929364618747E+01 +0.1169913931057941E-01 +0.2731061945596331E+01
+0.3083956837466667E+01 +0.2775327079206270E+01 +0.1180593150286272E-01 +0.2732455116010780E+01
+0.3106632990683334E+01 +0.2776737520508008E+01 +0.1191322341879380E-01 +0.2733860977722733E+01
+0.3129309143900000E+01 +0.2778160748198770E+01 +0.1202102091545745E-01 +0.2735279590361346E+01
+0.3151985297116667E+01 +0.2779596822651638E+01 +0.1212932990894769E-01 +0.2736711014253511E+01
+0.3174661450333334E+01 +0.2781045804945000E+01 +0.1223815637526694E-01 +0.2738155310430932E+01
+0.3197337603550000E+01 +0.2782507756869708E+01 +0.1234750635123880E-01 +0.2739612540637258E+01
+0.3220013756766667E+01 +0.2783982740936342E+01 +0.1245738593543555E-01 +0.2741082767335318E+01
+0.3242689909983334E+01 +0.2785470820382541E+01 +0.1256780128911959E-01 +0.2742566053714493E+01
+0.3265366063200001E+01 +0.2786972059180512E+01 +0.1267875863720033E-01 +0.2744062463698205E+01
+0.3288042216416667E+01 +0.2788486522044627E+01 +0.1279026426920586E-01 +0.2745572061951457E+01
+0.3310718369633334E+01 +0.2790014274439102E+01 +0.1290232454027001E-01 +0.2747094913888577E+01
+0.3333394522850000E+01 +0.2791555382585847E+01 +0.1301494587213518E-01 +0.2748631085681034E+01
+0.3356070676066667E+01 +0.2793109913472383E+01 +0.1312813475417113E-01 +0.2750180644265352E+01
+0.3378746829283334E+01 +0.2794677934859943E+01 +0.1324189774441030E-01 +0.2751743657351192E+01
+0.3401422982500000E+01 +0.2796259515291623E+01 +0.1335624147059947E-01 +0.2753320193429512E+01
+0.3424099135716667E+01 +0.2797854724100755E+01 +0.1347117263126881E-01 +0.2754910321780926E+01
+0.3446775288933334E+01 +0.2799463631419298E+01 +0.1358669799681780E-01 +0.2756514112484065E+01
+0.3469451442150000E+01 +0.2801086308186388E+01 +0.1370282441061863E-01 +0.2758131636424209E+01
+0.3492127595366668E+01 +0.2802722826157111E+01 +0.1381955879013861E-01 +0.2759762965301956E+01
+0.3514803748583334E+01 +0.2804373257911320E+01 +0.1393690812808005E-01 +0.2761408171642034E+01
+0.3537479901800000E+01 +0.2806037676862534E+01 +0.1405487949353854E-01 +0.2763067328802294E+01
+0.3560156055016667E+01 +0.2807716157267171E+01 +0.1417348003318175E-01 +0.2764740510982811E+01
+0.3582832208233334E+01 +0.2809408774233698E+01 +0.1429271697244614E-01 +0.2766427793235117E+01
+0.3605508361450001E+01 +0.2811115603732056E+01 +0.1441259761675428E-01 +0.2768129251471582E+01
+0.3628184514666667E+01 +0.2812836722603225E+01 +0.1453312935275267E-01 +0.2769844962474953E+01
+0.3650860667883334E+01 +0.2814572208568869E+01 +0.1465431964956943E-01 +0.2771575003908052E+01
+0.3673536821100000E+01 +0.2816322140241199E+01 +0.1477617606009385E-01 +0.2773319454323566E+01
+0.3696212974316667E+01 +0.2818086597132949E+01 +0.1489870622227688E-01 +0.2775078393174046E+01
+0.3718889127533334E+01 +0.2819865659667533E+01 +0.1502191786045398E-01 +0.2776851900822056E+01
+0.3741565280750001E+01 +0.2821659409189295E+01 +0.1514581878668958E-01 +0.2778640058550429E+01
+0.3764241433966667E+01 +0.2823467927974059E+01 +0.1527041690214570E-01 +0.2780442948572753E+01
+0.3786917587183334E+01 +0.2825291299239658E+01 +0.1539572019847231E-01 +0.2782260654043978E+01
+0.3809593740400000E+01 +0.2827129607156792E+01 +0.1552173675922262E-01 +0.2784093259071176E+01
+0.3832269893616667E+01 +0.2828982936859969E+01 +0.1564847476129213E-01 +0.2785940848724532E+01
+0.3854946046833334E+01 +0.2830851374458585E+01 +0.1577594247638199E-01 +0.2787803509048402E+01
+0.3877622200050001E+01 +0.2832735007048301E+01 +0.1590414827248862E-01 +0.2789681327072669E+01
+0.3900298353266667E+01 +0.2834633922722490E+01 +0.1603310061541842E-01 +0.2791574390824190E+01
+0.3922974506483333E+01 +0.2836548210583879E+01 +0.1616280807032839E-01 +0.2793482789338425E+01
+0.3945650659700001E+01 +0.2838477960756422E+01 +0.1629327930329456E-01 +0.2795406612671318E+01
+0.3968326812916667E+01 +0.2840423264397328E+01 +0.1642452308290691E-01 +0.2797345951911271E+01
+0.3991002966133334E+01 +0.2842384213709241E+01 +0.1655654828189259E-01 +0.2799300899191392E+01
+0.4013679119350001E+01 +0.2844360901952756E+01 +0.1668936387876818E-01 +0.2801271547701873E+01
+0.4036355272566667E+01 +0.2846353423458912E+01 +0.1682297895951974E-01 +0.2803257991702611E+01
+0.4059031425783334E+01 +0.2848361873642065E+01 +0.1695740271931356E-01 +0.2805260326535997E+01
+0.4081707579000001E+01 +0.2850386349012894E+01 +0.1709264446423743E-01 +0.2807278648639930E+01
+0.4104383732216667E+01 +0.2852426947191619E+01 +0.1722871361307172E-01 +0.2809313055561002E+01
+0.4127059885433334E+01 +0.2854483766921449E+01 +0.1736561969909372E-01 +0.2811363645967972E+01
+0.4149736038650000E+01 +0.2856556908082214E+01 +0.1750337237191258E-01 +0.2813430519665326E+01
+0.4172412191866667E+01 +0.2858646471704233E+01 +0.1764198139933814E-01 +0.2815513777607207E+01
+0.4195088345083334E+01 +0.2860752559982404E+01 +0.1778145666928343E-01 +0.2817613521911465E+01
+0.4217764498300000E+01 +0.2862875276290511E+01 +0.1792180819170097E-01 +0.2819729855873922E+01
+0.4240440651516668E+01 +0.2865014725195809E+01 +0.1806304610055483E-01 +0.2821862883982978E+01
+0.4263116804733333E+01 +0.2867171012473746E+01 +0.1820518065582793E-01 +0.2824012711934319E+01
+0.4285792957950000E+01 +0.2869344245123042E+01 +0.1834822224556641E-01 +0.2826179446645935E+01
+0.4308469111166668E+01 +0.2871534531380897E+01 +0.1849218138796073E-01 +0.2828363196273411E+01
+0.4331145264383334E+01 +0.2873741980738538E+01 +0.1863706873346562E-01 +0.2830564070225367E+01
+0.4353821417600001E+01 +0.2875966703956993E+01 +0.1878289506695897E-01 +0.2832782179179235E+01
+0.4376497570816667E+01 +0.2878208813083041E+01 +0.1892967130993940E-01 +0.2835017635097286E+01
+0.4399173724033334E+01 +0.2880468421465578E+01 +0.1907740852276633E-01 +0.2837270551242852E+01
+0.4421849877250001E+01 +0.2882745643772154E+01 +0.1922611790694059E-01 +0.2839541042196893E+01
+0.4444526030466667E+01 +0.2885040596005719E+01 +0.1937581080742687E-01 +0.2841829223874792E+01
+0.4467202183683334E+01 +0.2887353395521775E+01 +0.1952649871502052E-01 +0.2844135213543432E+01
+0.4489878336900000E+01 +0.2889684161045812E+01 +0.1967819326875943E-01 +0.2846459129838563E+01
+0.4512554490116667E+01 +0.2892033012690828E+01 +0.1983090625837833E-01 +0.2848801092782462E+01
+0.4535230643333334E+01 +0.2894400071975423E+01 +0.1998464962681280E-01 +0.2851161223801850E+01
+0.4557906796550000E+01 +0.2896785461841975E+01 +0.2013943547274790E-01 +0.2853539645746143E+01
+0.4580582949766667E+01 +0.2899189306675243E+01 +0.2029527605321703E-01 +0.2855936482905993E+01
+0.4603259102983334E+01 +0.2901611732321200E+01 +0.2045218378624867E-01 +0.2858351861032155E+01
+0.4625935256200001E+01 +0.2904052866106241E+01 +0.2061017125356476E-01 +0.2860785907354624E+01
+0.4648611409416667E+01 +0.2906512836856670E+01 +0.2076925120332975E-01 +0.2863238750602131E+01
+0.4671287562633334E+01 +0.2908991774918524E+01 +0.2092943655295324E-01 +0.2865710521021967E+01
+0.4693963715850001E+01 +0.2911489812177794E+01 +0.2109074039194629E-01 +0.2868201350400108E+01
+0.4716639869066667E+01 +0.2914007082080862E+01 +0.2125317598483243E-01 +0.2870711372081726E+01
+0.4739316022283334E+01 +0.2916543719655372E+01 +0.2141675677411521E-01 +0.2873240720991991E+01
+0.4761992175500001E+01 +0.2919099861531447E+01 +0.2158149638330385E-01 +0.2875789533657288E+01
+0.4784668328716667E+01 +0.2921675645963239E+01 +0.2174740861999718E-01 +0.2878357948226724E+01
+0.4807344481933334E+01 +0.2924271212850896E+01 +0.2191450747902877E-01 +0.2880946104494067E+01
+0.4830020635150000E+01 +0.2926886703762801E+01 +0.2208280714567203E-01 +0.2883554143920025E+01
+0.4852696788366667E+01 +0.2929522261958296E+01 +0.2225232199890988E-01 +0.2886182209654880E+01
+0.4875372941583334E+01 +0.2932178032410804E+01 +0.2242306661476893E-01 +0.2888830446561584E+01
+0.4898049094800001E+01 +0.2934854161831193E+01 +0.2259505576971736E-01 +0.2891499001239190E+01
+0.4920725248016668E+01 +0.2937550798691749E+01 +0.2276830444413354E-01 +0.2894188022046708E+01
+0.4943401401233333E+01 +0.2940268093250425E+01 +0.2294282782584098E-01 +0.2896897659127339E+01
+0.4966077554450001E+01 +0.2943006197575547E+01 +0.2311864131371502E-01 +0.2899628064433212E+01
+0.4988753707666667E+01 +0.2945765265570966E+01 +0.2329576052136161E-01 +0.2902379391750471E+01
+0.5011429860883334E+01 +0.2948545453001614E+01 +0.2347420128086924E-01 +0.2905151796724811E+01
+0.5034106014100001E+01 +0.2951346917519560E+01 +0.2365397964663811E-01 +0.2907945436887511E+01
+0.5056782167316667E+01 +0.2954169818690457E+01 +0.2383511189928458E-01 +0.2910760471681838E+01
+0.5079458320533334E+01 +0.2957014318020489E+01 +0.2401761454962603E-01 +0.2913597062490008E+01
+0.5102134473750001E+01 +0.2959880578983833E+01 +0.2420150434274705E-01 +0.2916455372660532E+01
+0.5124810626966667E+01 +0.2962768767050459E+01 +0.2438679826214652E-01 +0.2919335567536136E+01
+0.5147486780183334E+01 +0.2965679049714605E+01 +0.2457351353397187E-01 +0.2922237814482068E+01
+0.5170162933400000E+01 +0.2968611596523667E+01 +0.2476166763133941E-01 +0.2925162282915006E+01
+0.5192839086616668E+01 +0.2971566579107582E+01 +0.2495127827874278E-01 +0.2928109144332429E+01
+0.5215515239833334E+01 +0.2974544171208784E+01 +0.2514236345655321E-01 +0.2931078572342484E+01
+0.5238191393050000E+01 +0.2977544548712620E+01 +0.2533494140561231E-01 +0.2934070742694492E+01
+0.5260867546266668E+01 +0.2980567889678462E+01 +0.2552903063192196E-01 +0.2937085833309871E+01
+0.5283543699483334E+01 +0.2983614374371196E+01 +0.2572464991142900E-01 +0.2940124024313692E+01
+0.5306219852700001E+01 +0.2986684185293388E+01 +0.2592181829491259E-01 +0.2943185498066792E+01
+0.5328896005916667E+01 +0.2989777507218042E+01 +0.2612055511297329E-01 +0.2946270439198480E+01
+0.5351572159133334E+01 +0.2992894527221848E+01 +0.2632087998112527E-01 +0.2949379034639759E+01
+0.5374248312350001E+01 +0.2996035434719186E+01 +0.2652281280499959E-01 +0.2952511473657280E+01
+0.5396924465566667E+01 +0.2999200421496578E+01 +0.2672637378565337E-01 +0.2955667947887803E+01
+0.5419600618783334E+01 +0.3002389681747924E+01 +0.2693158342499537E-01 +0.2958848651373327E+01
+0.5442276772000000E+01 +0.3005603412110294E+01 +0.2713846253132473E-01 +0.2962053780596877E+01
+0.5464952925216667E+01 +0.3008841811700402E+01 +0.2734703222498909E-01 +0.2965283534518949E+01
+0.5487629078433335E+01 +0.3012105082151764E+01 +0.2755731394416390E-01 +0.2968538114614598E+01
+0.5510305231650000E+01 +0.3015393427652517E+01 +0.2776932945075548E-01 +0.2971817724911234E+01
+0.5532981384866667E+01 +0.3018707054983946E+01 +0.2798310083643180E-01 +0.2975122572027110E+01
+0.5555657538083334E+01 +0.3022046173559767E+01 +0.2819865052878403E-01 +0.2978452865210527E+01
+0.5578333691300001E+01 +0.3025410995466105E+01 +0.2841600129762169E-01 +0.2981808816379791E+01
+0.5601009844516668E+01 +0.3028801735502166E+01 +0.2863517626140338E-01 +0.2985190640163866E+01
+0.5623685997733334E+01 +0.3032218611221832E+01 +0.2885619889381145E-01 +0.2988598553943852E+01
+0.5646362150950001E+01 +0.3035661842975866E+01 +0.2907909303046689E-01 +0.2992032777895201E+01
+0.5669038304166667E+01 +0.3039131653955006E+01 +0.2930388287579457E-01 +0.2995493535030730E+01
+0.5691714457383334E+01 +0.3042628270233860E+01 +0.2953059301003869E-01 +0.2998981051244475E+01
+0.5714390610600001E+01 +0.3046151920815629E+01 +0.2975924839643378E-01 +0.3002495555356350E+01
+0.5737066763816667E+01 +0.3049702837677689E+01 +0.2998987438853543E-01 +0.3006037279157694E+01
+0.5759742917033334E+01 +0.3053281255818010E+01 +0.3022249673771276E-01 +0.3009606457457627E+01
+0.5782419070250001E+01 +0.3056887413302527E+01 +0.3045714160081081E-01 +0.3013203328130338E+01
+0.5805095223466667E+01 +0.3060521551313383E+01 +0.3069383554798233E-01 +0.3016828132163305E+01
+0.5827771376683334E+01 +0.3064183914198057E+01 +0.3093260557069653E-01 +0.3020481113706364E+01
+0.5850447529900001E+01 +0.3067874749519575E+01 +0.3117347908993039E-01 +0.3024162520121801E+01
+0.5873123683116668E+01 +0.3071594308107541E+01 +0.3141648396454205E-01 +0.3027872602035397E+01
+0.5895799836333333E+01 +0.3075342844110251E+01 +0.3166164849983717E-01 +0.3031611613388441E+01
+0.5918475989550001E+01 +0.3079120615047865E+01 +0.3190900145633029E-01 +0.3035379811490781E+01
+0.5941152142766668E+01 +0.3082927881866402E+01 +0.3215857205870378E-01 +0.3039177457074895E+01
+0.5963828295983334E+01 +0.3086764908993155E+01 +0.3241039000497729E-01 +0.3043004814351086E+01
+0.5986504449200001E+01 +0.3090631964392863E+01 +0.3266448547588391E-01 +0.3046862151063649E+01
+0.6009180602416667E+01 +0.3094529319625162E+01 +0.3292088914446446E-01 +0.3050749738548255E+01
+0.6031856755633334E+01 +0.3098457249903171E+01 +0.3317963218588578E-01 +0.3054667851790427E+01
+0.6054532908850001E+01 +0.3102416034153151E+01 +0.3344074628748406E-01 +0.3058616769485177E+01
+0.6077209062066667E+01 +0.3106405955075497E+01 +0.3370426365904593E-01 +0.3062596774097853E+01
+0.6099885215283334E+01 +0.3110427299206832E+01 +0.3397021704332842E-01 +0.3066608151926168E+01
+0.6122561368500000E+01 +0.3114480356983337E+01 +0.3423863972682505E-01 +0.3070651193163526E+01
+0.6145237521716668E+01 +0.3118565422805537E+01 +0.3450956555078943E-01 +0.3074726191963585E+01
+0.6167913674933335E+01 +0.3122682795104163E+01 +0.3478302892251619E-01 +0.3078833446506126E+01
+0.6190589828150000E+01 +0.3126832776407530E+01 +0.3505906482689104E-01 +0.3082973259064300E+01
+0.6213265981366668E+01 +0.3131015673410129E+01 +0.3533770883821517E-01 +0.3087145936073180E+01
+0.6235942134583334E+01 +0.3135231797042815E+01 +0.3561899713231442E-01 +0.3091351788199766E+01
+0.6258618287800001E+01 +0.3139481462544220E+01 +0.3590296649893573E-01 +0.3095591130414397E+01
+0.6281294441016667E+01 +0.3143764989533845E+01 +0.3618965435444579E-01 +0.3099864282063632E+01
+0.6303970594233334E+01 +0.3148082702086464E+01 +0.3647909875483202E-01 +0.3104171566944664E+01
+0.6326646747450001E+01 +0.3152434928808204E+01 +0.3677133840902237E-01 +0.3108513313381206E+01
+0.6349322900666667E+01 +0.3156822002914186E+01 +0.3706641269252810E-01 +0.3112889854301061E+01
+0.6371999053883334E+01 +0.3161244262307681E+01 +0.3736436166141756E-01 +0.3117301527315178E+01
+0.6394675207100001E+01 +0.3165702049661071E+01 +0.3766522606663505E-01 +0.3121748674798473E+01
+0.6417351360316667E+01 +0.3170195712498446E+01 +0.3796904736867138E-01 +0.3126231643972266E+01
+0.6440027513533335E+01 +0.3174725603279857E+01 +0.3827586775259342E-01 +0.3130750786988523E+01
+0.6462703666750000E+01 +0.3179292079487502E+01 +0.3858573014344954E-01 +0.3135306461015820E+01
+0.6485379819966667E+01 +0.3183895503713619E+01 +0.3889867822205547E-01 +0.3139899028327145E+01
+0.6508055973183335E+01 +0.3188536243750337E+01 +0.3921475644117551E-01 +0.3144528856389593E+01
+0.6530732126400001E+01 +0.3193214672681364E+01 +0.3953401004210657E-01 +0.3149196317955935E+01
+0.6553408279616668E+01 +0.3197931168975659E+01 +0.3985648507167990E-01 +0.3153901791158182E+01
+0.6576084432833333E+01 +0.3202686116583265E+01 +0.4018222839969386E-01 +0.3158645659603148E+01
+0.6598760586050001E+01 +0.3207479905032874E+01 +0.4051128773678127E-01 +0.3163428312470079E+01
+0.6621436739266668E+01 +0.3212312929531918E+01 +0.4084371165273869E-01 +0.3168250144610378E+01
+0.6644112892483334E+01 +0.3217185591068511E+01 +0.4117954959531603E-01 +0.3173111556649509E+01
+0.6666789045700001E+01 +0.3222098296515813E+01 +0.4151885190949171E-01 +0.3178012955091135E+01
+0.6689465198916667E+01 +0.3227051458738528E+01 +0.4186166985723838E-01 +0.3182954752423527E+01
+0.6712141352133334E+01 +0.3232045496701859E+01 +0.4220805563780172E-01 +0.3187937367228282E+01
+0.6734817505350001E+01 +0.3237080835582815E+01 +0.4255806240850121E-01 +0.3192961224291496E+01
+0.6757493658566667E+01 +0.3242157906884039E+01 +0.4291174430607436E-01 +0.3198026754717325E+01
+0.6780169811783334E+01 +0.3247277148550031E+01 +0.4326915646857186E-01 +0.3203134396044132E+01
+0.6802845965000000E+01 +0.3252439005086080E+01 +0.4363035505782983E-01 +0.3208284592363185E+01
+0.6825522118216668E+01 +0.3257643927679896E+01 +0.4399539728253257E-01 +0.3213477794440024E+01
+0.6848198271433334E+01 +0.3262892374325742E+01 +0.4436434142187694E-01 +0.3218714459838541E+01
+0.6870874424650000E+01 +0.3268184809951763E+01 +0.4473724684987365E-01 +0.3223995053047852E+01
+0.6893550577866668E+01 +0.3273521706549653E+01 +0.4511417406028035E-01 +0.3229320045612089E+01
+0.6916226731083335E+01 +0.3278903543307881E+01 +0.4549518469221352E-01 +0.3234689916263057E+01
+0.6938902884300001E+01 +0.3284330806747461E+01 +0.4588034155643497E-01 +0.3240105151055959E+01
+0.6961579037516668E+01 +0.3289803990861023E+01 +0.4626970866234899E-01 +0.3245566243508268E+01
+0.6984255190733335E+01 +0.3295323597255163E+01 +0.4666335124572912E-01 +0.3251073694741677E+01
+0.7006931343950001E+01 +0.3300890135295902E+01 +0.4706133579719156E-01 +0.3256628013627413E+01
+0.7029607497166667E+01 +0.3306504122257625E+01 +0.4746373009144624E-01 +0.3262229716934916E+01
+0.7052283650383333E+01 +0.3312166083475443E+01 +0.4787060321734374E-01 +0.3267879329483880E+01
+0.7074959803600001E+01 +0.3317876552501103E+01 +0.4828202560874564E-01 +0.3273577384299931E+01
+0.7097635956816668E+01 +0.3323636071262601E+01 +0.4869806907624618E-01 +0.3279324422773927E+01
+0.7120312110033334E+01 +0.3329445190227449E+01 +0.4911880683976547E-01 +0.3285120994824944E+01
+0.7142988263250000E+01 +0.3335304468569892E+01 +0.4954431356205063E-01 +0.3290967659067200E+01
+0.7165664416466668E+01 +0.3341214474342057E+01 +0.4997466538310684E-01 +0.3296864982980853E+01
+0.7188340569683334E+01 +0.3347175784649127E+01 +0.5040993995559104E-01 +0.3302813543086882E+01
+0.7211016722900001E+01 +0.3353188985828737E+01 +0.5085021648119772E-01 +0.3308813925126186E+01
+0.7233692876116668E+01 +0.3359254673634719E+01 +0.5129557574807345E-01 +0.3314866724242883E+01
+0.7256369029333333E+01 +0.3365373453425168E+01 +0.5174610016928387E-01 +0.3320972545172094E+01
+0.7279045182550001E+01 +0.3371545940355094E+01 +0.5220187382237641E-01 +0.3327132002432249E+01
+0.7301721335766668E+01 +0.3377772759573817E+01 +0.5266298249007338E-01 +0.3333345720522028E+01
+0.7324397488983334E+01 +0.3384054546427037E+01 +0.5312951370212357E-01 +0.3339614334122121E+01
+0.7347073642200001E+01 +0.3390391946664002E+01 +0.5360155677836535E-01 +0.3345938488301904E+01
+0.7369749795416668E+01 +0.3396785616649606E+01 +0.5407920287302515E-01 +0.3352318838731197E+01
+0.7392425948633334E+01 +0.3403236223581811E+01 +0.5456254502030485E-01 +0.3358756051897242E+01
+0.7415102101850001E+01 +0.3409744445714476E+01 +0.5505167818129543E-01 +0.3365250805327041E+01
+0.7437778255066668E+01 +0.3416310972585632E+01 +0.5554669929226056E-01 +0.3371803787815224E+01
+0.7460454408283334E+01 +0.3422936505251533E+01 +0.5604770731433922E-01 +0.3378415699657594E+01
+0.7483130561500001E+01 +0.3429621756526580E+01 +0.5655480328471301E-01 +0.3385087252890537E+01
+0.7505806714716668E+01 +0.3436367451229129E+01 +0.5706809036928499E-01 +0.3391819171536443E+01
+0.7528482867933334E+01 +0.3443174326433833E+01 +0.5758767391693230E-01 +0.3398612191855305E+01
+0.7551159021150001E+01 +0.3450043131729973E+01 +0.5811366151536784E-01 +0.3405467062602771E+01
+0.7573835174366669E+01 +0.3456974629486782E+01 +0.5864616304868848E-01 +0.3412384545294657E+01
+0.7596511327583334E+01 +0.3463969595125244E+01 +0.5918529075664587E-01 +0.3419365414478357E+01
+0.7619187480800001E+01 +0.3471028817397046E+01 +0.5973115929571660E-01 +0.3426410458011115E+01
+0.7641863634016667E+01 +0.3478153098670745E+01 +0.6028388580202561E-01 +0.3433520477345516E+01
+0.7664539787233334E+01 +0.3485343255225220E+01 +0.6084358995618817E-01 +0.3440696287822428E+01
+0.7687215940450002E+01 +0.3492600117550909E+01 +0.6141039405013902E-01 +0.3447938718971434E+01
+0.7709892093666667E+01 +0.3499924530658816E+01 +0.6198442305601878E-01 +0.3455248614819262E+01
+0.7732568246883334E+01 +0.3507317354397714E+01 +0.6256580469718996E-01 +0.3462626834206238E+01
+0.7755244400100001E+01 +0.3514779463779697E+01 +0.6315466952145851E-01 +0.3470074251111039E+01
+0.7777920553316667E+01 +0.3522311749314333E+01 +0.6375115097657705E-01 +0.3477591754984143E+01
+0.7800596706533335E+01 +0.3529915117351638E+01 +0.6435538548811322E-01 +0.3485180251090083E+01
+0.7823272859750001E+01 +0.3537590490434458E+01 +0.6496751253977359E-01 +0.3492840660858846E+01
+0.7845949012966667E+01 +0.3545338807660049E+01 +0.6558767475626050E-01 +0.3500573922246692E+01
+0.7868625166183334E+01 +0.3553161025051493E+01 +0.6621601798876069E-01 +0.3508380990106771E+01
+0.7891301319400001E+01 +0.3561058115939336E+01 +0.6685269140316810E-01 +0.3516262836569634E+01
+0.7913977472616667E+01 +0.3569031071353284E+01 +0.6749784757112173E-01 +0.3524220451434228E+01
+0.7936653625833334E+01 +0.3577080900424964E+01 +0.6815164256398602E-01 +0.3532254842569508E+01
+0.7959329779050002E+01 +0.3585208630801472E+01 +0.6881423604986339E-01 +0.3540367036327031E+01
+0.7982005932266667E+01 +0.3593415309070465E+01 +0.6948579139376060E-01 +0.3548558077964993E+01
+0.8004682085483335E+01 +0.3601702001197014E+01 +0.7016647576102722E-01 +0.3556829032083997E+01
+0.8027358238700002E+01 +0.3610069792972592E+01 +0.7085646022418288E-01 +0.3565180983074859E+01
+0.8050034391916666E+01 +0.3618519790476601E+01 +0.7155591987326634E-01 +0.3573615035579046E+01
+0.8072710545133335E+01 +0.3627053120550983E+01 +0.7226503392984011E-01 +0.3582132314961957E+01
+0.8095386698350001E+01 +0.3635670931288013E+01 +0.7298398586477986E-01 +0.3590733967799574E+01
+0.8118062851566668E+01 +0.3644374392532248E+01 +0.7371296352001380E-01 +0.3599421162378921E+01
+0.8140739004783335E+01 +0.3653164696396309E+01 +0.7445215923433071E-01 +0.3608195089212738E+01
+0.8163415158000001E+01 +0.3662043057791986E+01 +0.7520176997345560E-01 +0.3617056961568911E+01
+0.8186091311216668E+01 +0.3671010714976209E+01 +0.7596199746452058E-01 +0.3626008016015104E+01
+0.8208767464433334E+01 +0.3680068930112895E+01 +0.7673304833512025E-01 +0.3635049512979077E+01
+0.8231443617650001E+01 +0.3689218989851274E+01 +0.7751513425713469E-01 +0.3644182737325343E+01
+0.8254119770866668E+01 +0.3698462205920817E+01 +0.7830847209549074E-01 +0.3653408998948563E+01
+0.8276795924083334E+01 +0.3707799915743925E+01 +0.7911328406207951E-01 +0.3662729633384404E+01
+0.8299472077300001E+01 +0.3717233483066336E+01 +0.7992979787500798E-01 +0.3672146002438211E+01
+0.8322148230516667E+01 +0.3726764298606464E+01 +0.8075824692342407E-01 +0.3681659494832541E+01
+0.8344824383733334E+01 +0.3736393780723981E+01 +0.8159887043812178E-01 +0.3691271526873683E+01
+0.8367500536950001E+01 +0.3746123376108328E+01 +0.8245191366816296E-01 +0.3700983543138276E+01
+0.8390176690166667E+01 +0.3755954560487946E+01 +0.8331762806376092E-01 +0.3710797017180433E+01
+0.8412852843383336E+01 +0.3765888839360962E+01 +0.8419627146568234E-01 +0.3720713452260209E+01
+0.8435528996600000E+01 +0.3775927748748037E+01 +0.8508810830143153E-01 +0.3730734382094230E+01
+0.8458205149816667E+01 +0.3786072855968200E+01 +0.8599340978849729E-01 +0.3740861371629110E+01
+0.8480881303033335E+01 +0.3796325760438375E+01 +0.8691245414495199E-01 +0.3751096017838608E+01
+0.8503557456250000E+01 +0.3806688094497644E+01 +0.8784552680771113E-01 +0.3761439950545289E+01
+0.8526233609466667E+01 +0.3817161524257056E+01 +0.8879292065877703E-01 +0.3771894833267628E+01
+0.8548909762683335E+01 +0.3827747750475696E+01 +0.8975493625978581E-01 +0.3782462364093440E+01
+0.8571585915900000E+01 +0.3838448509464509E+01 +0.9073188209523671E-01 +0.3793144276580645E+01
+0.8594262069116668E+01 +0.3849265574018208E+01 +0.9172407482473992E-01 +0.3803942340686298E+01
+0.8616938222333335E+01 +0.3860200754376817E+01 +0.9273183954468925E-01 +0.3814858363724921E+01
+0.8639614375550000E+01 +0.3871255899217835E+01 +0.9375551005976149E-01 +0.3825894191357413E+01
+0.8662290528766668E+01 +0.3882432896679934E+01 +0.9479542916465496E-01 +0.3837051708611308E+01
+0.8684966681983335E+01 +0.3893733675419631E+01 +0.9585194893652213E-01 +0.3848332840933938E+01
+0.8707642835200001E+01 +0.3905160205702089E+01 +0.9692543103855847E-01 +0.3859739555279469E+01
+0.8730318988416668E+01 +0.3916714500527376E+01 +0.9801624703524098E-01 +0.3871273861231227E+01
+0.8752995141633335E+01 +0.3928398616793243E+01 +0.9912477871971151E-01 +0.3882937812160597E+01
+0.8775671294850001E+01 +0.3940214656496409E+01 +0.1002514184538764E+00 +0.3894733506423840E+01
+0.8798347448066668E+01 +0.3952164767973155E+01 +0.1013965695217514E+00 +0.3906663088598529E+01
+0.8821023601283335E+01 +0.3964251147181415E+01 +0.1025606464966827E+00 +0.3918728750760673E+01
+0.8843699754500001E+01 +0.3976476039025099E+01 +0.1037440756230204E+00 +0.3930932733804656E+01
+0.8866375907716668E+01 +0.3988841738723567E+01 +0.1049472952129686E+00 +0.3943277328807220E+01
+0.8889052060933334E+01 +0.4001350593226515E+01 +0.1061707560592226E+00 +0.3955764878437420E+01
+0.8911728214150001E+01 +0.4014005002677415E+01 +0.1074149218641880E+00 +0.3968397778414370E+01
+0.8934404367366668E+01 +0.4026807421926662E+01 +0.1086802696865051E+00 +0.3981178479014603E+01
+0.8957080520583334E+01 +0.4039760362096414E+01 +0.1099672904056783E+00 +0.3994109486631013E+01
+0.8979756673800001E+01 +0.4052866392199820E+01 +0.1112764892056940E+00 +0.4007193365385626E+01
+0.9002432827016667E+01 +0.4066128140816007E+01 +0.1126083860784644E+00 +0.4020432738798042E+01
+0.9025108980233334E+01 +0.4079548297823752E+01 +0.1139635163480761E+00 +0.4033830291512131E+01
+0.9047785133450001E+01 +0.4093129616195856E+01 +0.1153424312168035E+00 +0.4047388771083233E+01
+0.9070461286666669E+01 +0.4106874913856823E+01 +0.1167456983339355E+00 +0.4061110989828185E+01
+0.9093137439883334E+01 +0.4120787075606676E+01 +0.1181739023885210E+00 +0.4074999826741077E+01
+0.9115813593100000E+01 +0.4134869055113133E+01 +0.1196276457271617E+00 +0.4089058229477208E+01
+0.9138489746316669E+01 +0.4149123876975500E+01 +0.1211075489980938E+00 +0.4103289216408252E+01
+0.9161165899533334E+01 +0.4163554638863138E+01 +0.1226142518228332E+00 +0.4117695878751382E+01
+0.9183842052750002E+01 +0.4178164513731730E+01 +0.1241484134967534E+00 +0.4132281382775947E+01
+0.9206518205966669E+01 +0.4192956752120102E+01 +0.1257107137199830E+00 +0.4147048972090298E+01
+0.9229194359183333E+01 +0.4207934684532107E+01 +0.1273018533602048E+00 +0.4162001970012977E+01
+0.9251870512400002E+01 +0.4223101723906294E+01 +0.1289225552488920E+00 +0.4177143782031151E+01
+0.9274546665616668E+01 +0.4238461368177571E+01 +0.1305735650126951E+00 +0.4192477898350667E+01
+0.9297222818833333E+01 +0.4254017202934742E+01 +0.1322556519417551E+00 +0.4208007896541264E+01
+0.9319898972050002E+01 +0.4269772904178323E+01 +0.1339696098968392E+00 +0.4223737444281472E+01
+0.9342575125266668E+01 +0.4285732241182866E+01 +0.1357162582572797E+00 +0.4239670302207207E+01
+0.9365251278483335E+01 +0.4301899079468297E+01 +0.1374964429118203E+00 +0.4255810326869052E+01
+0.9387927431700001E+01 +0.4318277383885738E+01 +0.1393110372946432E+00 +0.4272161473802750E+01
+0.9410603584916668E+01 +0.4334871221822009E+01 +0.1411609434688745E+00 +0.4288727800718139E+01
+0.9433279738133335E+01 +0.4351684766529328E+01 +0.1430470932601528E+00 +0.4305513470811862E+01
+0.9455955891350001E+01 +0.4368722300584575E+01 +0.1449704494428284E+00 +0.4322522756209474E+01
+0.9478632044566668E+01 +0.4385988219485439E+01 +0.1469320069816943E+00 +0.4339760041542727E+01
+0.9501308197783334E+01 +0.4403487035388704E+01 +0.1489327943321669E+00 +0.4357229827668570E+01
+0.9523984351000001E+01 +0.4421223380997665E+01 +0.1509738748021064E+00 +0.4374936735535982E+01
+0.9546660504216668E+01 +0.4439202013605778E+01 +0.1530563479786461E+00 +0.4392885510207902E+01
+0.9569336657433334E+01 +0.4457427819303572E+01 +0.1551813512235763E+00 +0.4411081025045404E+01
+0.9592012810650001E+01 +0.4475905817356850E+01 +0.1573500612410889E+00 +0.4429528286061616E+01
+0.9614688963866667E+01 +0.4494641164764063E+01 +0.1595636957218943E+00 +0.4448232436453698E+01
+0.9637365117083334E+01 +0.4513639161001484E+01 +0.1618235150679850E+00 +0.4467198761321295E+01
+0.9660041270300001E+01 +0.4532905252965634E+01 +0.1641308242026240E+00 +0.4486432692580270E+01
+0.9682717423516667E+01 +0.4552445040121968E+01 +0.1664869744703626E+00 +0.4505939814081488E+01
+0.9705393576733334E+01 +0.4572264279870112E+01 +0.1688933656322442E+00 +0.4525725866944480E+01
+0.9728069729950002E+01 +0.4592368893136662E+01 +0.1713514479617100E+00 +0.4545796755116365E+01
+0.9750745883166667E+01 +0.4612764970206262E+01 +0.1738627244470018E+00 +0.4566158551167623E+01
+0.9773422036383334E+01 +0.4633458776803229E+01 +0.1764287531063209E+00 +0.4586817502336071E+01
+0.9796098189600002E+01 +0.4654456760436224E+01 +0.1790511494223677E+00 +0.4607780036831668E+01
+0.9818774342816667E+01 +0.4675765557019152E+01 +0.1817315889033362E+00 +0.4629052770415333E+01
+0.9841450496033335E+01 +0.4697391997782630E+01 +0.1844718097779287E+00 +0.4650642513265570E+01
+0.9864126649250002E+01 +0.4719343116490693E+01 +0.1872736158324506E+00 +0.4672556277147931E+01
+0.9886802802466667E+01 +0.4741626156978574E+01 +0.1901388793985967E+00 +0.4694801282902390E+01
+0.9909478955683335E+01 +0.4764248581028362E+01 +0.1930695445011354E+00 +0.4717384968265744E+01
+0.9932155108900002E+01 +0.4787218076600049E+01 +0.1960676301753350E+00 +0.4740314996046070E+01
+0.9954831262116668E+01 +0.4810542566437209E+01 +0.1991352339646773E+00 +0.4763599262667999E+01
+0.9977507415333335E+01 +0.4834230217066414E+01 +0.2022745356100799E+00 +0.4787245907108544E+01
+0.1000018356855000E+02 +0.4858289448212282E+01 +0.2054878009427391E+00 +0.4811263320243940E+01
+0.1002285972176667E+02 +0.4882728942650242E+01 +0.2087773859935048E+00 +0.4835660154630226E+01
+0.1004553587498333E+02 +0.4907557656520571E+01 +0.2121457413326094E+00 +0.4860445334740539E+01
+0.1006821202820000E+02 +0.4932784830129833E+01 +0.2155954166546883E+00 +0.4885628067684255E+01
+0.1009088818141667E+02 +0.4958419999265187E+01 +0.2191290656249136E+00 +0.4911217854434510E+01
+0.1011356433463333E+02 +0.4984473007051581E+01 +0.2227494510034783E+00 +0.4937224501592381E+01
+0.1013624048785000E+02 +0.5010954016381524E+01 +0.2264594500667618E+00 +0.4963658133717290E+01
+0.1015891664106667E+02 +0.5037873522949407E+01 +0.2302620603449084E+00 +0.4990529206256004E+01
+0.1018159279428333E+02 +0.5065242368925620E+01 +0.2341604056971392E+00 +0.5017848519103653E+01
+0.1020426894750000E+02 +0.5093071757306458E+01 +0.2381577427476123E+00 +0.5045627230833449E+01
+0.1022694510071667E+02 +0.5121373266979415E+01 +0.2422574677065024E+00 +0.5073876873632906E+01
+0.1024962125393333E+02 +0.5150158868544766E+01 +0.2464631236027576E+00 +0.5102609368988227E+01
+0.1027229740715000E+02 +0.5179440940938782E+01 +0.2507784079572146E+00 +0.5131837044160106E+01
+0.1029497356036667E+02 +0.5209232288905405E+01 +0.2552071809268701E+00 +0.5161572649497885E+01
+0.1031764971358334E+02 +0.5239546161366800E+01 +0.2597534739535817E+00 +0.5191829376641571E+01
+0.1034032586680000E+02 +0.5270396270747444E+01 +0.2644214989532152E+00 +0.5222620877665214E+01
+0.1036300202001667E+02 +0.5301796813309264E+01 +0.2692156580840716E+00 +0.5253961285218255E+01
+0.1038567817323334E+02 +0.5333762490559471E+01 +0.2741405541366258E+00 +0.5285865233725437E+01
+0.1040835432645000E+02 +0.5366308531797107E+01 +0.2792010015900287E+00 +0.5318347881710501E+01
+0.1043103047966667E+02 +0.5399450717869682E+01 +0.2844020383847164E+00 +0.5351424935313018E+01
+0.1045370663288334E+02 +0.5433205406214737E+01 +0.2897489384643926E+00 +0.5385112673072552E+01
+0.1047638278610000E+02 +0.5467589557268223E+01 +0.2952472251453531E+00 +0.5419427972060080E+01
+0.1049905893931667E+02 +0.5502620762326620E+01 +0.3009026853759556E+00 +0.5454388335442132E+01
+0.1052173509253334E+02 +0.5538317272955847E+01 +0.3067213849544264E+00 +0.5490011921568695E+01
+0.1054441124575000E+02 +0.5574698032047619E+01 +0.3127096847792090E+00 +0.5526317574683727E+01
+0.1056708739896667E+02 +0.5611782706630464E+01 +0.3188742582124471E+00 +0.5563324857363375E+01
+0.1058976355218334E+02 +0.5649591722551420E+01 +0.3252221096444531E+00 +0.5601054084795131E+01
+0.1061243970540000E+02 +0.5688146301152516E+01 +0.3317605943547489E+00 +0.5639526361019869E+01
+0.1063511585861667E+02 +0.5727468498076139E+01 +0.3384974397740083E+00 +0.5678763617267422E+01
+0.1065779201183333E+02 +0.5767581244342634E+01 +0.3454407682605757E+00 +0.5718788652526442E+01
+0.1068046816505000E+02 +0.5808508389856229E+01 +0.3525991215159380E+00 +0.5759625176500586E+01
+0.1070314431826667E+02 +0.5850274749505481E+01 +0.3599814867748133E+00 +0.5801297855113686E+01
+0.1072582047148333E+02 +0.5892906152039442E+01 +0.3675973249185230E+00 +0.5843832358740123E+01
+0.1074849662470000E+02 +0.5936429491912914E+01 +0.3754566006741521E+00 +0.5887255413350725E+01
+0.1077117277791667E+02 +0.5980872784312513E+01 +0.3835698150779130E+00 +0.5931594854777860E+01
+0.1079384893113333E+02 +0.6026265223589200E+01 +0.3919480403980730E+00 +0.5976879686322161E+01
+0.1081652508435000E+02 +0.6072637245342682E+01 +0.4006029577320629E+00 +0.6023140139938872E+01
+0.1083920123756667E+02 +0.6120020592424552E+01 +0.4095468975137969E+00 +0.6070407741262458E+01
+0.1086187739078333E+02 +0.6168448385145701E+01 +0.4187928831904436E+00 +0.6118715378749140E+01
+0.1088455354400000E+02 +0.6217955196001464E+01 +0.4283546783545529E+00 +0.6168097377239675E+01
+0.1090722969721667E+02 +0.6268577129249870E+01 +0.4382468376461565E+00 +0.6218589576269747E+01
+0.1092990585043333E+02 +0.6320351905711020E+01 +0.4484847617724634E+00 +0.6270229413483814E+01
+0.1095258200365000E+02 +0.6373318953184243E+01 +0.4590847570287447E+00 +0.6323056013537068E+01
+0.1097525815686667E+02 +0.6427519502914450E+01 +0.4700640997446025E+00 +0.6377110282903470E+01
+0.1099793431008333E+02 +0.6482996692578220E+01 +0.4814411061253535E+00 +0.6432435011044114E+01
+0.1102061046330000E+02 +0.6539795676298401E+01 +0.4932352080086337E+00 +0.6489074978429303E+01
+0.1104328661651667E+02 +0.6597963742245101E+01 +0.5054670351137717E+00 +0.6547077071949858E+01
+0.1106596276973333E+02 +0.6657550438425949E+01 +0.5181585044247019E+00 +0.6606490408302317E+01
+0.1108863892295000E+02 +0.6718607707327303E+01 +0.5313329174196278E+00 +0.6667366465982683E+01
+0.1111131507616667E+02 +0.6781190030125176E+01 +0.5450150659409851E+00 +0.6729759226580899E+01
+0.1113399122938333E+02 +0.6845354581251481E+01 +0.5592313475904908E+00 +0.6793725326130638E+01
+0.1115666738260000E+02 +0.6911161394173098E+01 +0.5740098916366720E+00 +0.6859324217337661E+01
+0.1117934353581667E+02 +0.6978673539323005E+01 +0.5893806965387276E+00 +0.6926618343583870E+01
+0.1120201968903334E+02 +0.7047957315206465E+01 +0.6053757803212467E+00 +0.6995673325688914E+01
+0.1122469584225000E+02 +0.7119082453807421E+01 +0.6220293451840855E+00 +0.7066558162500316E+01
+0.1124737199546667E+02 +0.7192122341521687E+01 +0.6393779578998380E+00 +0.7139345446483119E+01
+0.1127004814868334E+02 +0.7267154256966361E+01 +0.6574607477442540E+00 +0.7214111595591207E+01
+0.1129272430190000E+02 +0.7344259627139354E+01 +0.6763196239227632E+00 +0.7290937102821594E+01
+0.1131540045511667E+02 +0.7423524303551522E+01 +0.6959995147065461E+00 +0.7369906804985820E+01
+0.1133807660833333E+02 +0.7505038860108241E+01 +0.7165486307758101E+00 +0.7451110172380374E+01
+0.1136075276155000E+02 +0.7588898914693360E+01 +0.7380187555940355E+00 +0.7534641621195702E+01
+0.1138342891476667E+02 +0.7675205476601031E+01 +0.7604655660104862E+00 +0.7620600850682127E+01
+0.1140610506798333E+02 +0.7764065322173311E+01 +0.7839489867170124E+00 +0.7709093207282477E+01
+0.1142878122120000E+02 +0.7855591401235301E+01 +0.8085335826781648E+00 +0.7800230078154367E+01
+0.1145145737441667E+02 +0.7949903277178677E+01 +0.8342889942220757E+00 +0.7894129316737407E+01
+0.1147413352763333E+02 +0.8047127603827445E+01 +0.8612904201349761E+00 +0.7990915703273846E+01
+0.1149680968085000E+02 +0.8147398642535443E+01 +0.8896191548615106E+00 +0.8090721443469089E+01
+0.1151948583406667E+02 +0.8250858823303732E+01 +0.9193631867908536E+00 +0.8193686708779953E+01
+0.1154216198728333E+02 +0.8357659354087071E+01 +0.9506178656302591E+00 +0.8299960222145362E+01
+0.1156483814050000E+02 +0.8467960882866532E+01 +0.9834866480543205E+00 +0.8409699893327499E+01
+0.1158751429371667E+02 +0.8581934217515498E+01 +0.1018081932203087E+01 +0.8523073508411468E+01
+0.1161019044693333E+02 +0.8699761108969685E+01 +0.1054525993219129E+01 +0.8640259478414851E+01
+0.1163286660015000E+02 +0.8821635103737769E+01 +0.1092952033907955E+01 +0.8761447652386746E+01
+0.1165554275336667E+02 +0.8947762472347142E+01 +0.1133505366828086E+01 +0.8886840200822263E+01
+0.1167821890658333E+02 +0.9078363220918437E+01 +0.1176344746732022E+01 +0.9016652575675463E+01
+0.1170089505980000E+02 +0.9213672193679992E+01 +0.1221643875359789E+01 +0.9151114553713368E+01
+0.1172357121301667E+02 +0.9353940274876638E+01 +0.1269593104228569E+01 +0.9290471370399240E+01
+0.1174624736623334E+02 +0.9499435699171695E+01 +0.1320401365375369E+01 +0.9434984951900100E+01
+0.1176892351945000E+02 +0.9650445480261801E+01 +0.1374298365130482E+01 +0.9584935253152905E+01
+0.1179159967266667E+02 +0.9807276967989994E+01 +0.1431537082094965E+01 +0.9740621710149982E+01
+0.1181427582588334E+02 +0.9970259544709231E+01 +0.1492396617770444E+01 +0.9902364814650536E+01
+0.1183695197910000E+02 +0.1013974647193256E+02 +0.1557185456990709E+01 +0.1007050781931223E+02
+0.1185962813231667E+02 +0.1031611689832200E+02 +0.1626245205742002E+01 +0.1024541858063921E+02
+0.1188230428553334E+02 +0.1049977803967049E+02 +0.1699954886508746E+01 +0.1042749154600187E+02
+0.1190498043875000E+02 +0.1069116754053203E+02 +0.1778735886412262E+01 +0.1061714988906806E+02
+0.1192765659196667E+02 +0.1089075602528065E+02 +0.1863057671695638E+01 +0.1081484779500417E+02
+0.1195033274518333E+02 +0.1109904984327120E+02 +0.1953444404268310E+01 +0.1102107289232035E+02
+0.1197300889840000E+02 +0.1131659400790977E+02 +0.2050482622940296E+01 +0.1123634882168363E+02
+0.1199568505161667E+02 +0.1154397532212184E+02 +0.2154830184754372E+01 +0.1146123792263561E+02
+0.1201836120483333E+02 +0.1178182567194711E+02 +0.2267226701830294E+01 +0.1169634400581407E+02
+0.1204103735805000E+02 +0.1203082545442991E+02 +0.2388505758067301E+01 +0.1194231515956767E+02
+0.1206371351126667E+02 +0.1229170708373709E+02 +0.2519609250022252E+01 +0.1219984651368538E+02
+0.1208638966448333E+02 +0.1256525848787631E+02 +0.2661604269894861E+01 +0.1246968284657334E+02
+0.1210906581770000E+02 +0.1285232646387967E+02 +0.2815703039043794E+01 +0.1275262087170814E+02
+0.1213174197091667E+02 +0.1315381969668593E+02 +0.2983286511755651E+01 +0.1304951096921003E+02
+0.1215441812413333E+02 +0.1347071115909188E+02 +0.3165932405922156E+01 +0.1336125803143908E+02
+0.1217709427735000E+02 +0.1380403948689049E+02 +0.3365448585570527E+01 +0.1368882095722649E+02
+0.1219977043056667E+02 +0.1415490875046669E+02 +0.3583912926586131E+01 +0.1403321014314861E+02
+0.1222244658378334E+02 +0.1452448580155479E+02 +0.3823721049086259E+01 +0.1439548206177345E+02
+0.1224512273700000E+02 +0.1491399403302292E+02 +0.4087643605856798E+01 +0.1477672965747054E+02
+0.1226779889021667E+02 +0.1532470190986207E+02 +0.4378895183689474E+01 +0.1517806678998643E+02
+0.1229047504343334E+02 +0.1575790395336188E+02 +0.4701217308631017E+01 +0.1560060425810212E+02
+0.1231315119665000E+02 +0.1621489090550961E+02 +0.5058978546073718E+01 +0.1604541396098209E+02
+0.1233582734986667E+02 +0.1669690445006405E+02 +0.5457295238073847E+01 +0.1651347639224947E+02
+0.1235850350308334E+02 +0.1720506995468510E+02 +0.5902176983050387E+01 +0.1700560475673464E+02
+0.1238117965630000E+02 +0.1774029799107080E+02 +0.6400701448143487E+01 +0.1752233633912000E+02
+0.1240385580951667E+02 +0.1830314156111998E+02 +0.6961223334573599E+01 +0.1806377804838183E+02
+0.1242653196273334E+02 +0.1889359056023507E+02 +0.7593621956497383E+01 +0.1862938793124054E+02
+0.1244920811595000E+02 +0.1951077745163483E+02 +0.8309590333706041E+01 +0.1921766741358192E+02
+0.1247188426916667E+02 +0.2015255766522299E+02 +0.9122964853313807E+01 +0.1982572954335178E+02
+0.1249456042238334E+02 +0.2081491403796111E+02 +0.1005008653816490E+02 +0.2044869606539896E+02
+0.1251723657560000E+02 +0.2149111597958995E+02 +0.1111016955717422E+02 +0.2107886059082263E+02
+0.1253991272881667E+02 +0.2217054100610964E+02 +0.1232562449736670E+02 +0.2170453729078594E+02
+0.1256258888203333E+02 +0.2283704097513051E+02 +0.1372223457353539E+02 +0.2230849779674074E+02
+0.1258526503525000E+02 +0.2346671499097964E+02 +0.1532899953908461E+02 +0.2286589204869744E+02
+0.1260794118846667E+02 +0.2402495363101902E+02 +0.1717732714690252E+02 +0.2334157105543215E+02
+0.1263061734168333E+02 +0.2446268434923387E+02 +0.1929904690302122E+02 +0.2368681944004852E+02
+0.1265329349490000E+02 +0.2471195256886553E+02 +0.2172243924085397E+02 +0.2383573203001519E+02
+0.1267596964811667E+02 +0.2468144868708315E+02 +0.2446515866563212E+02 +0.2370193722629118E+02
+0.1269864580133333E+02 +0.2425351952840897E+02 +0.2752275723169976E+02 +0.2317720077215073E+02
+0.1272132195455000E+02 +0.2328572131348703E+02 +0.3085192843805465E+02 +0.2213466449280514E+02
+0.1274399810776667E+02 +0.2162185825870765E+02 +0.3434942102572074E+02 +0.2044074306389110E+02
+0.1276667426098333E+02 +0.1911847480580822E+02 +0.3783181560577242E+02 +0.1797985264869722E+02
+0.1278935041420000E+02 +0.1569003708192840E+02 +0.4102795712820129E+02 +0.1469297641832386E+02
+0.1281202656741667E+02 +0.1136594640082855E+02 +0.4360110068365169E+02 +0.1062257819681260E+02
+0.1283470272063333E+02 +0.6335805458825956E+01 +0.4521292355614246E+02 +0.5944536960157699E+01
+0.1285737887385000E+02 +0.9482786361352152E+00 +0.4561885832577006E+02 +0.9621905314484615E+00
+0.1288005502706667E+02 -0.4356705625727697E+01 +0.4475322286233668E+02 -0.3949609166936711E+01
+0.1290273118028333E+02 -0.9160922193905581E+01 +0.4275418375270669E+02 -0.8432995753373623E+01
+0.1292540733350000E+02 -0.1316967046091474E+02 +0.3991225257580173E+02 -0.1222760102967064E+02
+0.1294808348671667E+02 -0.1625509607563714E+02 +0.3657518529900973E+02 -0.1520842301201710E+02
+0.1297075963993333E+02 -0.1843648658792512E+02 +0.3306082748154339E+02 -0.1737528745148676E+02
+0.1299343579315000E+02 -0.1982691019581363E+02 +0.2960880859421862E+02 -0.1881324187121728E+02
+0.1301611194636667E+02 -0.2057875110689178E+02 +0.2637129506817233E+02 -0.1964834401139783E+02
+0.1303878809958333E+02 -0.2084530107784583E+02 +0.2342700492995365E+02 -0.2001387537246775E+02
+0.1306146425280000E+02 -0.2076057417358385E+02 +0.2080273478903627E+02 -0.2003071136304192E+02
+0.1308414040601667E+02 -0.2043242520163701E+02 +0.1849317703934208E+02 -0.1979912911945998E+02
+0.1310681655923334E+02 -0.1994313419326942E+02 +0.1647571269009687E+02 -0.1939768236477168E+02
+0.1312949271245000E+02 -0.1935320032056224E+02 +0.1472013181429348E+02 -0.1888554002343614E+02
+0.1315216886566667E+02 -0.1870591261109493E+02 +0.1319442492931780E+02 -0.1830601823612674E+02
+0.1317484501888334E+02 -0.1803156339339184E+02 +0.1186791281970539E+02 -0.1769012526708791E+02
+0.1319752117210000E+02 -0.1735091080765936E+02 +0.1071272408476323E+02 -0.1705962479945727E+02
+0.1322019732531667E+02 -0.1667785402730154E+02 +0.9704316229378623E+01 -0.1642948843742828E+02
+0.1324287347853334E+02 -0.1602142631684103E+02 +0.8821481325586959E+01 -0.1580977415146759E+02
+0.1326554963175000E+02 -0.1538724680798036E+02 +0.8046099752918764E+01 -0.1520702627643059E+02
+0.1328822578496667E+02 -0.1477856295363582E+02 +0.7362791727470634E+01 -0.1462530091351692E+02
+0.1331090193818333E+02 -0.1419699208775123E+02 +0.6758547195406731E+01 -0.1406690847832045E+02
+0.1333357809140000E+02 -0.1364304556124628E+02 +0.6222374339864767E+01 -0.1353294732530540E+02
+0.1335625424461667E+02 -0.1311649740432391E+02 +0.5744984286181007E+01 -0.1302368515026954E+02
+0.1337893039783333E+02 -0.1261664251208858E+02 +0.5318517379480491E+01 -0.1253883041826029E+02
+0.1340160655105000E+02 -0.1214247661866235E+02 +0.4936310208539381E+01 -0.1207772474838909E+02
+0.1342428270426667E+02 -0.1169282102265633E+02 +0.4592699709411268E+01 -0.1163947866274307E+02
+0.1344695885748333E+02 -0.1126640833965314E+02 +0.4282859657213754E+01 -0.1122306683027285E+02
+0.1346963501070000E+02 -0.1086194079547145E+02 +0.4002664763723925E+01 -0.1082739437843055E+02
+0.1349231116391667E+02 -0.1047812920076352E+02 +0.3748577950558592E+01 -0.1045134256195132E+02
+0.1351498731713333E+02 -0.1011371836382245E+02 +0.3517556896066392E+01 -0.1009379972370679E+02
+0.1353766347035000E+02 -0.9767503015195377E+01 +0.3306976519806902E+01 -0.9753681797832922E+01
+0.1356033962356667E+02 -0.9438337128342518E+01 +0.3114564603984710E+01 -0.9429945400502888E+01
+0.1358301577678334E+02 -0.9125138679239845E+01 +0.2938348227803128E+01 -0.9121595691669160E+01
+0.1360569193000000E+02 -0.8826891291662310E+01 +0.2776609100092006E+01 -0.8827690573642309E+01
+0.1362836808321667E+02 -0.8542643791731198E+01 +0.2627846219686875E+01 -0.8547342349398178E+01
+0.1365104423643334E+02 -0.8271508394439387E+01 +0.2490744578325030E+01 -0.8279717645264260E+01
+0.1367372038965000E+02 -0.8012658030645888E+01 +0.2364148855273506E+01 -0.8024036173563463E+01
+0.1369639654286667E+02 -0.7765323170330776E+01 +0.2247041244502548E+01 -0.7779568745739423E+01
+0.1371907269608333E+02 -0.7528788389012788E+01 +0.2138522711300302E+01 -0.7545634827400718E+01
+0.1374174884930000E+02 -0.7302388846594646E+01 +0.2037797102155014E+01 -0.7321599840742378E+01
+0.1376442500251667E+02 -0.7085506792625878E+01 +0.1944157634915351E+01 -0.7106872357771037E+01
+0.1378710115573334E+02 -0.6877568172699559E+01 +0.1856975380137790E+01 -0.6900901282977959E+01
+0.1380977730895000E+02 -0.6678039382916816E+01 +0.1775689412823400E+01 -0.6703173091898597E+01
+0.1383245346216667E+02 -0.6486424199814421E+01 +0.1699798369414997E+01 -0.6513209168853973E+01
+0.1385512961538333E+02 -0.6302260899532289E+01 +0.1628853190386684E+01 -0.6330563270657502E+01
+0.1387780576860000E+02 -0.6125119570621640E+01 +0.1562450865957668E+01 -0.6154819131333674E+01
+0.1390048192181667E+02 -0.5954599618568084E+01 +0.1500229032978543E+01 -0.5985588214676682E+01
+0.1392315807503334E+02 -0.5790327455940693E+01 +0.1441861296125124E+01 -0.5822507615754390E+01
+0.1394583422825000E+02 -0.5631954369464585E+01 +0.1387053167219448E+01 -0.5665238108604625E+01
+0.1396851038146667E+02 -0.5479154553790304E+01 +0.1335538533595619E+01 -0.5513462334813831E+01
+0.1399118653468333E+02 -0.5331623300965235E+01 +0.1287076580599622E+01 -0.5366883126071898E+01
+0.1401386268790000E+02 -0.5189075334380868E+01 +0.1241449105101400E+01 -0.5225221952874984E+01
+0.1403653884111667E+02 -0.5051243276081600E+01 +0.1198458166725073E+01 -0.5088217491109456E+01
+0.1405921499433333E+02 -0.4917876236676568E+01 +0.1157924031734821E+01 -0.4955624298137147E+01
+0.1408189114755000E+02 -0.4788738517592592E+01 +0.1119683371426430E+01 -0.4827211590131379E+01
+0.1410456730076667E+02 -0.4663608415993970E+01 +0.1083587682710216E+01 -0.4702762112684545E+01
+0.1412724345398333E+02 -0.4542277123323249E+01 +0.1049501903517861E+01 -0.4582071097085220E+01
+0.1414991960720000E+02 -0.4424547709064679E+01 +0.1017303199886830E+01 -0.4464945295105808E+01
+0.1417259576041667E+02 -0.4310234181977000E+01 +0.9868799052028665E+00 -0.4351202085608324E+01
+0.1419527191363334E+02 -0.4199160621676311E+01 +0.9581305952251961E+00 -0.4240668646784685E+01
+0.1421794806685000E+02 -0.4091160374069066E+01 +0.9309632852765682E+00 -0.4133181188349898E+01
+0.1424062422006667E+02 -0.3986075304744860E+01 +0.9052947384342498E+00 -0.4028584238534970E+01
+0.1426330037328333E+02 -0.3883755105037820E+01 +0.8810498757781284E+00 -0.3926729981264875E+01
+0.1428597652650000E+02 -0.3784056646079547E+01 +0.8581612818107770E+00 -0.3827477639476094E+01
+0.1430865267971667E+02 -0.3686843376800820E+01 +0.8365688001175029E+00 -0.3730692901142350E+01
+0.1433132883293334E+02 -0.3591984762531746E+01 +0.8162192162480965E+00 -0.3636247385266505E+01
+0.1435400498615000E+02 -0.3499355761632581E+01 +0.7970660267354104E+00 -0.3544018145894842E+01
+0.1437668113936667E+02 -0.3408836338514153E+01 +0.7790692951840100E+00 -0.3453887213176654E+01
+0.1439935729258333E+02 -0.3320311012550285E+01 +0.7621955985344269E+00 -0.3365741171694230E+01
+0.1442203344580000E+02 -0.3233668443846140E+01 +0.7464180690108191E+00 -0.3279470777841737E+01
+0.1444470959901667E+02 -0.3148801058748540E+01 +0.7317165399755317E+00 -0.3194970620059285E+01
+0.1446738575223334E+02 -0.3065604720565042E+01 +0.7180778070315975E+00 -0.3112138828462898E+01
+0.1449006190545000E+02 -0.2983978454482488E+01 +0.7054960193276980E+00 -0.3030876844099348E+01
+0.1451273805866667E+02 -0.2903824240538527E+01 +0.6939732202122642E+00 -0.2951089263119530E+01
+0.1453541421188334E+02 -0.2825046895270130E+01 +0.6835200612132983E+00 -0.2872683778139622E+01
+0.1455809036510000E+02 -0.2747554072140578E+01 +0.6741567187758115E+00 -0.2795571248724177E+01
+0.1458076651831667E+02 -0.2671256424166885E+01 +0.6659140491184903E+00 -0.2719665946348489E+01
+0.1460344267153334E+02 -0.2596067990929730E+01 +0.6588350225467458E+00 -0.2644886037862138E+01
+0.1462611882475000E+02 -0.2521906898575283E+01 +0.6529764836433202E+00 -0.2571154397383808E+01
+0.1464879497796667E+02 -0.2448696498567247E+01 +0.6484112860884106E+00 -0.2498399872393279E+01
+0.1467147113118333E+02 -0.2376367122895609E+01 +0.6452308469566174E+00 -0.2426559178930455E+01
+0.1469414728440000E+02 -0.2304858705372007E+01 +0.6435481489081200E+00 -0.2355579667315780E+01
+0.1471682343761667E+02 -0.2234124616537726E+01 +0.6435011787226126E+00 -0.2285423287718919E+01
+0.1473949959083334E+02 -0.2164137189164439E+01 +0.6452567083458474E+00 -0.2216072196735150E+01
+0.1476217574405000E+02 -0.2094895574177777E+01 +0.6490141690819413E+00 -0.2147536578959024E+01
+0.1478485189726667E+02 -0.2026436753437319E+01 +0.6550090919452022E+00 -0.2079865395088720E+01
+0.1480752805048333E+02 -0.1958850709000207E+01 +0.6635151155800333E+00 -0.2013160865416951E+01
+0.1483020420370000E+02 -0.1892300813562253E+01 +0.6748428039321255E+00 -0.1947597454920869E+01
+0.1485288035691667E+02 -0.1827050262475052E+01 +0.6893323770581394E+00 -0.1883445751130323E+01
+0.1487555651013334E+02 -0.1763494444682373E+01 +0.7073359271692321E+00 -0.1821100596040799E+01
+0.1489823266335000E+02 -0.1702196981281493E+01 +0.7291830129367427E+00 -0.1761110706200192E+01
+0.1492090881656667E+02 -0.1643923115877912E+01 +0.7551225025002615E+00 -0.1704203393506326E+01
+0.1494358496978333E+02 -0.1589658051137856E+01 +0.7852348134496359E+00 -0.1651292988644812E+01
+0.1496626112300000E+02 -0.1540590986075859E+01 +0.8193144790824278E+00 -0.1603456469922349E+01
+0.1498893727621667E+02 -0.1498041469052831E+01 +0.8567344071835619E+00 -0.1561857331936816E+01
+0.1501161342943334E+02 -0.1463307119003151E+01 +0.8963181791547581E+00 -0.1527601625903638E+01
+0.1503428958265000E+02 -0.1437420907455214E+01 +0.9362616553227064E+00 -0.1501519145828497E+01
+0.1505696573586667E+02 -0.1420821240508032E+01 +0.9741629763330388E+00 -0.1483880107427217E+01
+0.1507964188908334E+02 -0.1412975780290631E+01 +0.1007245552217138E+01 -0.1474095766430031E+01
+0.1510231804230000E+02 -0.1412091803696170E+01 +0.1032856234216243E+01 -0.1470521154602906E+01
+0.1512499419551667E+02 -0.1415154556041609E+01 +0.1049199854332434E+01 -0.1470537326765039E+01
+0.1514767034873334E+02 -0.1418490655389934E+01 +0.1056024229439871E+01 -0.1471030265854693E+01
+0.1517034650195000E+02 -0.1418743022414471E+01 +0.1054826802314182E+01 -0.1469158363921099E+01
+0.1519302265516667E+02 -0.1413792123419473E+01 +0.1048372803360508E+01 -0.1463069374820463E+01
+0.1521569880838334E+02 -0.1403148377738265E+01 +0.1039763257716616E+01 -0.1452224640090466E+01
+0.1523837496160000E+02 -0.1387696288214054E+01 +0.1031544013521571E+01 -0.1437229314185219E+01
+0.1526105111481667E+02 -0.1369036459067693E+01 +0.1025228509961396E+01 -0.1419334829157106E+01
+0.1528372726803333E+02 -0.1348794692657878E+01 +0.1021320510931921E+01 -0.1399893280202575E+01
+0.1530640342125000E+02 -0.1328189603224091E+01 +0.1019690421340906E+01 -0.1379998263120444E+01
+0.1532907957446667E+02 -0.1307982135016656E+01 +0.1020032913538538E+01 -0.1360412484530108E+01
+0.1535175572768333E+02 -0.1288718177801178E+01 +0.1022128161080857E+01 -0.1341715880394054E+01
+0.1537443188090000E+02 -0.1271001192151466E+01 +0.1025782908025877E+01 -0.1324483488226343E+01
+0.1539710803411667E+02 -0.1255535610304170E+01 +0.1030578340369791E+01 -0.1309309562919540E+01
+0.1541978418733333E+02 -0.1242891434451918E+01 +0.1035705810133876E+01 -0.1296642673085147E+01
+0.1544246034055000E+02 -0.1233191956607654E+01 +0.1040091330744630E+01 -0.1286571949615534E+01
+0.1546513649376667E+02 -0.1226009229967900E+01 +0.1042753704544445E+01 -0.1278759777533318E+01
+0.1548781264698334E+02 -0.1220581119982727E+01 +0.1043119117582504E+01 -0.1272595295650311E+01
+0.1551048880020000E+02 -0.1216169189599385E+01 +0.1041040885529374E+01 -0.1267444811462529E+01
+0.1553316495341667E+02 -0.1212243605220707E+01 +0.1036553595651743E+01 -0.1262790637601267E+01
+0.1555584110663333E+02 -0.1208368615559623E+01 +0.1029650595675061E+01 -0.1258174812595262E+01
+0.1557851725985000E+02 -0.1203983814675891E+01 +0.1020330175293265E+01 -0.1253074859328669E+01
+0.1560119341306667E+02 -0.1198389607845311E+01 +0.1008849526884873E+01 -0.1246912414581508E+01
+0.1562386956628334E+02 -0.1191027814427981E+01 +0.9958794461066579E+00 -0.1239251937923433E+01
+0.1564654571950000E+02 -0.1181827030307575E+01 +0.9823252358353908E+00 -0.1230033968930068E+01
+0.1566922187271667E+02 -0.1171286587171322E+01 +0.9688901199259603E+00 -0.1219620785984756E+01
+0.1569189802593333E+02 -0.1160177611859297E+01 +0.9556940397785580E+00 -0.1208568856406483E+01
+0.1571457417915000E+02 -0.1149032451625539E+01 +0.9422331039211391E+00 -0.1197250524766043E+01
+0.1573725033236667E+02 -0.1137750113234419E+01 +0.9277353985198264E+00 -0.1185564542269234E+01
+0.1575992648558334E+02 -0.1125582406956308E+01 +0.9117018246923857E+00 -0.1172927049934532E+01
+0.1578260263880000E+02 -0.1111514892151157E+01 +0.8942835985733166E+00 -0.1158550293093765E+01
+0.1580527879201667E+02 -0.1094778073209076E+01 +0.8762623955546205E+00 -0.1141820669496031E+01
+0.1582795494523333E+02 -0.1075150501672131E+01 +0.8586977882071034E+00 -0.1122536054429673E+01
+0.1585063109845000E+02 -0.1052912291898886E+01 +0.8425299485028718E+00 -0.1100894206443752E+01
+0.1587330725166667E+02 -0.1028578776144422E+01 +0.8283939993744411E+00 -0.1077313739408169E+01
+0.1589598340488334E+02 -0.1002661716511928E+01 +0.8166913560335703E+00 -0.1052260578947224E+01
+0.1591865955810000E+02 -0.9756193372006142E+00 +0.8077699270079800E+00 -0.1026199913905004E+01
+0.1594133571131667E+02 -0.9479741716432903E+00 +0.8020235283578916E+00 -0.9996673063134180E+00
+0.1596401186453333E+02 -0.9204544239006265E+00 +0.7998303583364612E+00 -0.9733625561352519E+00
+0.1598668801775000E+02 -0.8940334096370713E+00 +0.8013906533634753E+00 -0.9481749712638567E+00
+0.1600936417096667E+02 -0.8698451215404035E+00 +0.8065725567866366E+00 -0.9251153393012150E+00
+0.1603204032418333E+02 -0.8490251437206553E+00 +0.8148312675418072E+00 -0.9051840914846696E+00
+0.1605471647740000E+02 -0.8325286816032977E+00 +0.8252161827350706E+00 -0.8892177224084541E+00
+0.1607739263061667E+02 -0.8209667522731029E+00 +0.8364681043865168E+00 -0.8777533935957702E+00
+0.1610006878383333E+02 -0.8145150093949352E+00 +0.8471928153035935E+00 -0.8709547922134016E+00
+0.1612274493705000E+02 -0.8129417163675711E+00 +0.8560431706368866E+00 -0.8686261056242164E+00
+0.1614542109026667E+02 -0.8157197172475705E+00 +0.8618075670972621E+00 -0.8702826976247884E+00
+0.1616809724348333E+02 -0.8220926802411470E+00 +0.8633798613201538E+00 -0.8751924675246241E+00
+0.1619077339670000E+02 -0.8310018109728017E+00 +0.8597376688510840E+00 -0.8823355628059124E+00
+0.1621344954991667E+02 -0.8409666112347184E+00 +0.8500936262133967E+00 -0.8903513861585131E+00
+0.1623612570313334E+02 -0.8501453697855370E+00 +0.8341999193485246E+00 -0.8976166028442731E+00
+0.1625880185635000E+02 -0.8566715748748102E+00 +0.8125609279239243E+00 -0.9025068755719587E+00
+0.1628147800956667E+02 -0.8590779276222089E+00 +0.7863332113109097E+00 -0.9037134239189468E+00
+0.1630415416278334E+02 -0.8565147533884319E+00 +0.7569703261280054E+00 -0.9004190687763904E+00
+0.1632683031600000E+02 -0.8486692262387818E+00 +0.7258828387005306E+00 -0.8922643737200733E+00
+0.1634950646921667E+02 -0.8355508997021803E+00 +0.6943080656357364E+00 -0.8792056315288892E+00
+0.1637218262243334E+02 -0.8173542944464336E+00 +0.6633516324562885E+00 -0.8614073737698080E+00
+0.1639485877565000E+02 -0.7944537267289452E+00 +0.6340394929625421E+00 -0.8392183868302869E+00
+0.1641753492886667E+02 -0.7674397804415298E+00 +0.6072854478415568E+00 -0.8131806673055686E+00
+0.1644021108208334E+02 -0.7371019631387656E+00 +0.5838037786005442E+00 -0.7840070010737574E+00
+0.1646288723530000E+02 -0.7043438952105137E+00 +0.5640424514180320E+00 -0.7525118946416587E+00
+0.1648556338851667E+02 -0.6700751106490017E+00 +0.5481760952937860E+00 -0.7195229220164137E+00
+0.1650823954173334E+02 -0.6351231779674947E+00 +0.5361502261863491E+00 -0.6858050140903951E+00
+0.1653091569495000E+02 -0.6001838195577534E+00 +0.5277496363593763E+00 -0.6520141907871755E+00
+0.1655359184816667E+02 -0.5658072004305370E+00 +0.5226687352517767E+00 -0.6186820754711984E+00
+0.1657626800138334E+02 -0.5324130048624121E+00 +0.5205711557225436E+00 -0.5862261036737964E+00
+0.1659894415460000E+02 -0.5003275851135154E+00 +0.5211291417993675E+00 -0.5549785232693458E+00
+0.1662162030781667E+02 -0.4698324093126305E+00 +0.5240314401520363E+00 -0.5252231329639947E+00
+0.1664429646103333E+02 -0.4412014133487602E+00 +0.5289529597487205E+00 -0.4972210676885997E+00
+0.1666697261425000E+02 -0.4146973145496481E+00 +0.5354987512230815E+00 -0.4712038313841218E+00
+0.1668964876746667E+02 -0.3905095058689881E+00 +0.5431612007971165E+00 -0.4473236399099723E+00
+0.1671232492068334E+02 -0.3686530687916503E+00 +0.5513414207733859E+00 -0.4255795677249818E+00
+0.1673500107390000E+02 -0.3488929169354222E+00 +0.5594607988799833E+00 -0.4057682954262651E+00
+0.1675767722711667E+02 -0.3307688738195890E+00 +0.5671239097127327E+00 -0.3875117498467899E+00
+0.1678035338033333E+02 -0.3137418893473258E+00 +0.5742349606725293E+00 -0.3703720257212644E+00
+0.1680302953355000E+02 -0.2973899398997447E+00 +0.5809854805204970E+00 -0.3540020299796505E+00
+0.1682570568676667E+02 -0.2815454979164772E+00 +0.5877212189832637E+00 -0.3382555991563569E+00
+0.1684838183998334E+02 -0.2663227323388478E+00 +0.5947691808738194E+00 -0.3232156367657950E+00
+0.1687105799320000E+02 -0.2520593360037131E+00 +0.6022930048625432E+00 -0.3091494217450208E+00
+0.1689373414641667E+02 -0.2392115287625941E+00 +0.6101882423137837E+00 -0.2964145320389271E+00
+0.1691641029963333E+02 -0.2282014225414302E+00 +0.6180133887340677E+00 -0.2853207785895524E+00
+0.1693908645285000E+02 -0.2192024083274074E+00 +0.6249966312160979E+00 -0.2759516395226853E+00
+0.1696176260606667E+02 -0.2119092385833651E+00 +0.6301940316726212E+00 -0.2679918112126451E+00
+0.1698443875928334E+02 -0.2054280519710102E+00 +0.6328193494092486E+00 -0.2606608381782143E+00
+0.1700711491250000E+02 -0.1984219355303743E+00 +0.6326242975135935E+00 -0.2528413226062967E+00
+0.1702979106571667E+02 -0.1895006848567496E+00 +0.6301118352355811E+00 -0.2433845179898946E+00
+0.1705246721893333E+02 -0.1776611716001946E+00 +0.6264467672948847E+00 -0.2314543961988538E+00
+0.1707514337215000E+02 -0.1625559799578606E+00 +0.6231326462384503E+00 -0.2167509202593292E+00
+0.1709781952536667E+02 -0.1445165235348860E+00 +0.6216488544919621E+00 -0.1995496998081299E+00
+0.1712049567858334E+02 -0.1244148317621523E+00 +0.6231924745366735E+00 -0.1806064638306137E+00
+0.1714317183180000E+02 -0.1034848745526784E+00 +0.6285453047074421E+00 -0.1610112121334883E+00
+0.1716584798501667E+02 -0.8316485706022035E-01 +0.6380114048556704E+00 -0.1420429220385901E+00
+0.1718852413823334E+02 -0.6495143872482076E-01 +0.6513734669802599E+00 -0.1250260599343005E+00
+0.1721120029145000E+02 -0.5022556250843667E-01 +0.6678638539322541E+00 -0.1111663428343037E+00
+0.1723387644466667E+02 -0.4002984443033607E-01 +0.6861968020971668E+00 -0.1013580707548811E+00
+0.1725655259788333E+02 -0.3483735744257782E-01 +0.7047226298937095E+00 -0.9599801667428354E-01
+0.1727922875110000E+02 -0.3440889086773034E-01 +0.7217162809187114E+00 -0.9487789972798044E-01
+0.1730190490431667E+02 -0.3782958311751479E-01 +0.7357217234185420E+00 -0.9721814068169166E-01
+0.1732458105753334E+02 -0.4372680457011836E-01 +0.7458186800494498E+00 -0.1018419234050179E+00
+0.1734725721075000E+02 -0.5056938100154174E-01 +0.7517232473452113E+00 -0.1074189619775234E+00
+0.1736993336396667E+02 -0.5693192388057552E-01 +0.7537411218124270E+00 -0.1126949361423593E+00
+0.1739260951718333E+02 -0.6168410278023518E-01 +0.7526512993332264E+00 -0.1166687857999724E+00
+0.1741528567040000E+02 -0.6413331002254229E-01 +0.7495589575090637E+00 -0.1187237368897289E+00
+0.1743796182361667E+02 -0.6412819249662730E-01 +0.7456948903547749E+00 -0.1187094198634566E+00
+0.1746063797683334E+02 -0.6206824921338858E-01 +0.7421557518572008E+00 -0.1169397690783986E+00
+0.1748331413005000E+02 -0.5876819435403789E-01 +0.7396539432489878E+00 -0.1140768692115082E+00
+0.1750599028326667E+02 -0.5520189295657872E-01 +0.7383758598645110E+00 -0.1109214667133165E+00
+0.1752866643648333E+02 -0.5221522127749570E-01 +0.7380008711746961E+00 -0.1081776141354287E+00
+0.1755134258970000E+02 -0.5030356892508681E-01 +0.7378636820279246E+00 -0.1062671055297575E+00
+0.1757401874291667E+02 -0.4951372213222132E-01 +0.7371947308902207E+00 -0.1052435748155547E+00
+0.1759669489613334E+02 -0.4947908927097899E-01 +0.7353620033350006E+00 -0.1048178982808174E+00
+0.1761937104935000E+02 -0.4956362258477794E-01 +0.7320591823258797E+00 -0.1044789187251685E+00
+0.1764204720256667E+02 -0.4908684809362631E-01 +0.7274012052351384E+00 -0.1036818513165831E+00
+0.1766472335578333E+02 -0.4758556133290717E-01 +0.7218786404534649E+00 -0.1020576497670882E+00
+0.1768739950900000E+02 -0.4501250109019125E-01 +0.7161455540034833E+00 -0.9956348203184096E-01
+0.1771007566221667E+02 -0.4175447963864574E-01 +0.7107092873830907E+00 -0.9649154546456096E-01
+0.1773275181543334E+02 -0.3843492376526271E-01 +0.7056746426938665E+00 -0.9331457293424639E-01
+0.1775542796865000E+02 -0.3559050202275232E-01 +0.7006811907330430E+00 -0.9043670205859300E-01
+0.1777810412186667E+02 -0.3338630890006156E-01 +0.6950721780378810E+00 -0.8797485699084917E-01
+0.1780078027508333E+02 -0.3151968016400812E-01 +0.6882071263330429E+00 -0.8568289792066097E-01
+0.1782345642830000E+02 -0.2935684967702108E-01 +0.6797437817692712E+00 -0.8304979810205704E-01
+0.1784613258151667E+02 -0.2620138383252487E-01 +0.6697394906032059E+00 -0.7949947079437703E-01
+0.1786880873473334E+02 -0.2152363509893623E-01 +0.6585546212490262E+00 -0.7457003522293393E-01
+0.1789148488795000E+02 -0.1504287854698765E-01 +0.6466653770244783E+00 -0.6798930849544838E-01
+0.1791416104116667E+02 -0.6670946409728305E-02 +0.6345146173581191E+00 -0.5964562327145795E-01
+0.1793683719438333E+02 +0.3598487024285065E-02 +0.6224688125653837E+00 -0.4951300850887486E-01
+0.1795951334760000E+02 +0.1576098332890434E-01 +0.6108686657380679E+00 -0.3760044389580508E-01
+0.1798218950081667E+02 +0.2978452220262682E-01 +0.6001009412875388E+00 -0.2396159620659599E-01
+0.1800486565403333E+02 +0.4552977094262579E-01 +0.5906146558094146E+00 -0.8749371093942138E-02
+0.1802754180725000E+02 +0.6267620644254862E-01 +0.5828572870280702E+00 +0.7732717572859427E-02
+0.1805021796046667E+02 +0.8070801950977831E-01 +0.5771625999361625E+00 +0.2502400997609833E-01
+0.1807289411368334E+02 +0.9897455970824849E-01 +0.5736386324599585E+00 +0.4256012189046321E-01
+0.1809557026690000E+02 +0.1168155957236680E+00 +0.5720968409052719E+00 +0.5977924672407864E-01
+0.1811824642011667E+02 +0.1337266316749785E+00 +0.5720588462594975E+00 +0.7625732404625596E-01
+0.1814092257333334E+02 +0.1495133451328010E+00 +0.5728683179745492E+00 +0.9182778068901853E-01
+0.1816359872655000E+02 +0.1643583989772452E+00 +0.5738958515417849E+00 +0.1066275714223555E+00
+0.1818627487976667E+02 +0.1787404325896059E+00 +0.5747595076877204E+00 +0.1210291420281170E+00
+0.1820895103298334E+02 +0.1932211380028292E+00 +0.5754473038890641E+00 +0.1354745630701512E+00
+0.1823162718620000E+02 +0.2082029841049987E+00 +0.5762691985324389E+00 +0.1502890975038548E+00
+0.1825430333941667E+02 +0.2237848754313005E+00 +0.5776636994256470E+00 +0.1655689801729313E+00
+0.1827697949263334E+02 +0.2397875804939999E+00 +0.5799663637023349E+00 +0.1811981415223646E+00
+0.1829965564585000E+02 +0.2559282906704750E+00 +0.5832657020434020E+00 +0.1969784143635421E+00
+0.1832233179906667E+02 +0.2720445954877355E+00 +0.5874268516470829E+00 +0.2127958909142547E+00
+0.1834500795228334E+02 +0.2882339792826922E+00 +0.5922752940637256E+00 +0.2287217237419741E+00
+0.1836768410550000E+02 +0.3048117869928956E+00 +0.5978338212830790E+00 +0.2449777021683750E+00
+0.1839036025871667E+02 +0.3221014738616694E+00 +0.6044588578163269E+00 +0.2617794106688776E+00
+0.1841303641193334E+02 +0.3401879408724898E+00 +0.6127841174291647E+00 +0.2791514013566150E+00
+0.1843571256515000E+02 +0.3587857311484600E+00 +0.6235143637312099E+00 +0.2968236987033969E+00
+0.1845838871836667E+02 +0.3772814394694909E+00 +0.6372052077622574E+00 +0.3142558763792666E+00
+0.1848106487158334E+02 +0.3948912073736806E+00 +0.6541508786274141E+00 +0.3307492267840715E+00
+0.1850374102480000E+02 +0.4108141653655244E+00 +0.6744147027943214E+00 +0.3455599488975408E+00
+0.1852641717801667E+02 +0.4242805885081663E+00 +0.6979425762002772E+00 +0.3579376933024266E+00
+0.1854909333123334E+02 +0.4344682865068779E+00 +0.7246460732012994E+00 +0.3670701366867049E+00
+0.1857176948445000E+02 +0.4403506357371729E+00 +0.7543542157440575E+00 +0.3719826083415783E+00
+0.1859444563766667E+02 +0.4405968570913291E+00 +0.7866004154443805E+00 +0.3714871089498517E+00
+0.1861712179088333E+02 +0.4336513806657243E+00 +0.8202968831509101E+00 +0.3642802034181216E+00
+0.1863979794410000E+02 +0.4180805487579254E+00 +0.8534331369818824E+00 +0.3492518870892097E+00
+0.1866247409731667E+02 +0.3931784981340817E+00 +0.8830066605010354E+00 +0.3259808558887894E+00
+0.1868515025053334E+02 +0.3596546271228496E+00 +0.9053968234814690E+00 +0.2952583480843486E+00
+0.1870782640375000E+02 +0.3200431728197654E+00 +0.9172382506645553E+00 +0.2593614963515406E+00
+0.1873050255696667E+02 +0.2784552652010633E+00 +0.9165248447903097E+00 +0.2218119862765735E+00
+0.1875317871018333E+02 +0.2395978348798347E+00 +0.9033853862972947E+00 +0.1865932771890838E+00
+0.1877585486340000E+02 +0.2074813447552487E+00 +0.8800526858147509E+00 +0.1571440138308634E+00
+0.1879853101661667E+02 +0.1844795504988164E+00 +0.8500465112512985E+00 +0.1356046915786696E+00
+0.1882120716983334E+02 +0.1711298079600623E+00 +0.8170693935640916E+00 +0.1226126571806225E+00
+0.1884388332305000E+02 +0.1665649591564665E+00 +0.7841576932196742E+00 +0.1175958382839397E+00
+0.1886655947626667E+02 +0.1691956230796504E+00 +0.7533218057693808E+00 +0.1192993082255759E+00
+0.1888923562948333E+02 +0.1773131960911068E+00 +0.7256025027243075E+00 +0.1262849911647125E+00
+0.1891191178270000E+02 +0.1894663207937152E+00 +0.7013525151352802E+00 +0.1372659460894637E+00
+0.1893458793591667E+02 +0.2045999911082013E+00 +0.6805773158582334E+00 +0.1512466614426169E+00
+0.1895726408913334E+02 +0.2220023705025469E+00 +0.6632242654362894E+00 +0.1674996568316652E+00
+0.1897994024235000E+02 +0.2411302789513983E+00 +0.6493466622950038E+00 +0.1854385982613879E+00
+0.1900261639556667E+02 +0.2614094422610458E+00 +0.6391117861612803E+00 +0.2044666627572908E+00
+0.1902529254878334E+02 +0.2821044526651302E+00 +0.6326842680426729E+00 +0.2238750133413144E+00
+0.1904796870200000E+02 +0.3023074235665073E+00 +0.6300642408779000E+00 +0.2428317588327609E+00
+0.1907064485521667E+02 +0.3210320256425169E+00 +0.6309615145634804E+00 +0.2604548912193376E+00
+0.1909332100843334E+02 +0.3373592205297935E+00 +0.6347508229294125E+00 +0.2759301349659018E+00
+0.1911599716165000E+02 +0.3505765400204062E+00 +0.6405065908249366E+00 +0.2886293105433482E+00
+0.1913867331486667E+02 +0.3602800378676922E+00 +0.6470837500353525E+00 +0.2982036673103200E+00
+0.1916134946808334E+02 +0.3664470423775742E+00 +0.6532152352806402E+00 +0.3046522872627448E+00
+0.1918402562130000E+02 +0.3694984356675134E+00 +0.6576349473613506E+00 +0.3083708256426685E+00
+0.1920670177451667E+02 +0.3703276918351067E+00 +0.6592588578078883E+00 +0.3101594431991531E+00
+0.1922937792773333E+02 +0.3702243861661116E+00 +0.6574134739500667E+00 +0.3111424322974070E+00
+0.1925205408095000E+02 +0.3706445131368370E+00 +0.6520145685547291E+00 +0.3125758191147593E+00
+0.1927473023416667E+02 +0.3728911426766828E+00 +0.6435731544026864E+00 +0.3155950465927140E+00
+0.1929740638738334E+02 +0.3778612941599621E+00 +0.6330023709952325E+00 +0.3210133334673094E+00
+0.1932008254060000E+02 +0.3859773030423624E+00 +0.6213372422565986E+00 +0.3292549041046282E+00
+0.1934275869381667E+02 +0.3972866102420919E+00 +0.6095186488573490E+00 +0.3404171786795106E+00
+0.1936543484703333E+02 +0.4116202022090447E+00 +0.5983109498439730E+00 +0.3543875784404575E+00
+0.1938811100025000E+02 +0.4287117127081909E+00 +0.5883222913120363E+00 +0.3709409042948874E+00
+0.1941078715346667E+02 +0.4482444669944822E+00 +0.5800568359722508E+00 +0.3897867912869110E+00
+0.1943346330668334E+02 +0.4698489588616452E+00 +0.5739432022213864E+00 +0.4105796698889360E+00
+0.1945613945990000E+02 +0.4930978924068884E+00 +0.5703238895506342E+00 +0.4329236619158683E+00
+0.1947881561311667E+02 +0.5175331605529987E+00 +0.5694338329209059E+00 +0.4563957328239040E+00
+0.1950149176633333E+02 +0.5427152958226904E+00 +0.5714106463014692E+00 +0.4805806947478021E+00
+0.1952416791955000E+02 +0.5682505346246204E+00 +0.5763469117133907E+00 +0.5050888229520515E+00
+0.1954684407276667E+02 +0.5937632652381220E+00 +0.5843469345576783E+00 +0.5295355469811251E+00
+0.1956952022598334E+02 +0.6188310505257507E+00 +0.5955396039601571E+00 +0.5534947933957290E+00
+0.1959219637920000E+02 +0.6429306723892371E+00 +0.6100380071718839E+00 +0.5764580377872558E+00
+0.1961487253241667E+02 +0.6654221242415581E+00 +0.6278787015960706E+00 +0.5978186039027829E+00
+0.1963754868563333E+02 +0.6855536714542437E+00 +0.6489681426191642E+00 +0.6168745869940793E+00
+0.1966022483885000E+02 +0.7024653324790037E+00 +0.6730203701097246E+00 +0.6328413275461322E+00
+0.1968290099206667E+02 +0.7152148159029814E+00 +0.6994511646959717E+00 +0.6448934323999868E+00
+0.1970557714528334E+02 +0.7228937812464387E+00 +0.7272399699633693E+00 +0.6522810111405366E+00
+0.1972825329850000E+02 +0.7248794517929509E+00 +0.7548469466105263E+00 +0.6545443545170153E+00
+0.1975092945171667E+02 +0.7211781959715032E+00 +0.7803045014953287E+00 +0.6517860939495097E+00
+0.1977360560493333E+02 +0.7127229565734333E+00 +0.8015537870450506E+00 +0.6448902231220104E+00
+0.1979628175815000E+02 +0.7014428598836575E+00 +0.8169833114576109E+00 +0.6355490265049439E+00
+0.1981895791136667E+02 +0.6899702169356320E+00 +0.8259877746608135E+00 +0.6260051635997006E+00
+0.1984163406458334E+02 +0.6810133338343773E+00 +0.8292761890099440E+00 +0.6185449757556836E+00
+0.1986431021780000E+02 +0.6766410287697072E+00 +0.8287351160602583E+00 +0.6149310308752576E+00
+0.1988698637101667E+02 +0.6778074655609951E+00 +0.8269045501145330E+00 +0.6160126028591488E+00
+0.1990966252423334E+02 +0.6842819049987915E+00 +0.8263447934090697E+00 +0.6216403523853042E+00
+0.1993233867745000E+02 +0.6948914858492613E+00 +0.8291630872195347E+00 +0.6308335922350938E+00
+0.1995501483066667E+02 +0.7078673766872925E+00 +0.8367872421581605E+00 +0.6420536465158836E+00
+0.1997769098388334E+02 +0.7211420965641927E+00 +0.8499162979422130E+00 +0.6534632234637833E+00
+0.2000036713710000E+02 +0.7325616724741297E+00 +0.8685371334509114E+00 +0.6631318959731283E+00
+0.2002304329031667E+02 +0.7400562560072311E+00 +0.8919399381341560E+00 +0.6692100247084065E+00
+0.2004571944353334E+02 +0.7418269187713610E+00 +0.9187370154576948E+00 +0.6701075198221431E+00
+0.2006839559675000E+02 +0.7365616101808683E+00 +0.9469335078819610E+00 +0.6646860027275003E+00
+0.2009107174996667E+02 +0.7236419477327843E+00 +0.9740791619024775E+00 +0.6524407491183097E+00
+0.2011374790318334E+02 +0.7033096095917485E+00 +0.9974854956422008E+00 +0.6336493242103232E+00
+0.2013642405640000E+02 +0.6768002433282980E+00 +0.1014509213284096E+01 +0.6094767121936004E+00
+0.2015910020961667E+02 +0.6464093678455184E+00 +0.1022962690071601E+01 +0.5819914276062170E+00
+0.2018177636283334E+02 +0.6153283841416124E+00 +0.1021657065543746E+01 +0.5539799333127344E+00
+0.2020445251605000E+02 +0.5870925163965165E+00 +0.1010865085363007E+01 +0.5284757418215629E+00
+0.2022712866926667E+02 +0.5647528322703308E+00 +0.9923618231279999E+00 +0.5081064680130634E+00
+0.2024980482248334E+02 +0.5501774544812599E+00 +0.9689160417052873E+00 +0.4945463348905204E+00
+0.2027248097570000E+02 +0.5438409549256779E+00 +0.9434958700296856E+00 +0.4883274457226758E+00
+0.2029515712891667E+02 +0.5451105644943147E+00 +0.9186095710588518E+00 +0.4890299615396319E+00
+0.2031783328213334E+02 +0.5527535112633422E+00 +0.8960169972264266E+00 +0.4956655298711140E+00
+0.2034050943535000E+02 +0.5653787276500000E+00 +0.8767735951267688E+00 +0.5070382913073386E+00
+0.2036318558856667E+02 +0.5816799892229632E+00 +0.8614339372097981E+00 +0.5219658395531581E+00
+0.2038586174178334E+02 +0.6004910297155003E+00 +0.8502547504291483E+00 +0.5393526894825162E+00
+0.2040853789500000E+02 +0.6207320187703962E+00 +0.8433081561645737E+00 +0.5581718593364650E+00
+0.2043121404821667E+02 +0.6413392675615741E+00 +0.8404836558458912E+00 +0.5774276272789414E+00
+0.2045389020143334E+02 +0.6612552755955566E+00 +0.8414081790809389E+00 +0.5961626749204235E+00
+0.2047656635465000E+02 +0.6795253855163988E+00 +0.8453516745023273E+00 +0.6135455413208974E+00
+0.2049924250786667E+02 +0.6954967047406559E+00 +0.8512088185232336E+00 +0.6290307628523695E+00
+0.2052191866108334E+02 +0.7090458819253314E+00 +0.8576358483912530E+00 +0.6425303796697004E+00
+0.2054459481430000E+02 +0.7207042465783579E+00 +0.8633517874473173E+00 +0.6544972219581899E+00
+0.2056727096751667E+02 +0.7315614356116268E+00 +0.8674975785152673E+00 +0.6658382952680979E+00
+0.2058994712073333E+02 +0.7429489135157330E+00 +0.8698673936049668E+00 +0.6776666146432038E+00
+0.2061262327395000E+02 +0.7560620774982625E+00 +0.8708856481390900E+00 +0.6910063104025546E+00
+0.2063529942716667E+02 +0.7717191182333010E+00 +0.8713810215160751E+00 +0.7065902949322806E+00
+0.2065797558038334E+02 +0.7903230262181861E+00 +0.8723343323240109E+00 +0.7248033473351665E+00
+0.2068065173360000E+02 +0.8119319149076122E+00 +0.8747279571095503E+00 +0.7457155196241860E+00
+0.2070332788681667E+02 +0.8363155849115664E+00 +0.8794800080802814E+00 +0.7691259068293951E+00
+0.2072600404003333E+02 +0.8629771364245929E+00 +0.8873733058400666E+00 +0.7945968604609349E+00
+0.2074868019325000E+02 +0.8912104159424974E+00 +0.8989447245668569E+00 +0.8215182695322834E+00
+0.2077135634646667E+02 +0.9202498122558467E+00 +0.9143973961600551E+00 +0.8492343786994937E+00
+0.2079403249968334E+02 +0.9494793749371240E+00 +0.9336273947164028E+00 +0.8772064815795515E+00
+0.2081670865290000E+02 +0.9785965710873243E+00 +0.9563978943484428E+00 +0.9051344052201328E+00
+0.2083938480611667E+02 +0.1007625909664160E+01 +0.9826014677907957E+00 +0.9329599613932180E+00
+0.2086206095933333E+02 +0.1036746111411897E+01 +0.1012484877770962E+01 +0.9607280893446783E+00
+0.2088473711255000E+02 +0.1065996655342719E+01 +0.1046712560857709E+01 +0.9883574580135364E+00
+0.2090741326576667E+02 +0.1095002037941053E+01 +0.1086226253419806E+01 +0.1015424194554100E+01
+0.2093008941898334E+02 +0.1122837623367343E+01 +0.1131966257634349E+01 +0.1041053510450977E+01
+0.2095276557220000E+02 +0.1148078457721572E+01 +0.1184573134322099E+01 +0.1063956584069483E+01
+0.2097544172541667E+02 +0.1168997198326760E+01 +0.1244171333659804E+01 +0.1082590503109834E+01
+0.2099811787863334E+02 +0.1183839975009172E+01 +0.1310298033304498E+01 +0.1095381547474902E+01
+0.2102079403185000E+02 +0.1191081492994020E+01 +0.1382000997455409E+01 +0.1100929086914906E+01
+0.2104347018506667E+02 +0.1189546137680937E+01 +0.1458057399553365E+01 +0.1098106304116656E+01
+0.2106614633828334E+02 +0.1178342721775944E+01 +0.1537175619442051E+01 +0.1086026621062487E+01
+0.2108882249150000E+02 +0.1156700529851499E+01 +0.1618040293005948E+01 +0.1063939591343274E+01
+0.2111149864471667E+02 +0.1123874987398781E+01 +0.1699198379394454E+01 +0.1031169658513884E+01
+0.2113417479793334E+02 +0.1079201972558225E+01 +0.1778919003244093E+01 +0.9871560745021671E+00
+0.2115685095115000E+02 +0.1022234700082300E+01 +0.1855132021584031E+01 +0.9315619139790464E+00
+0.2117952710436667E+02 +0.9528821220993224E+00 +0.1925426594849353E+01 +0.8644041420136629E+00
+0.2120220325758334E+02 +0.8715704246804248E+00 +0.1987057979603384E+01 +0.7862119729936132E+00
+0.2122487941080000E+02 +0.7795014924369781E+00 +0.2037012911311289E+01 +0.6982444924677959E+00
+0.2124755556401667E+02 +0.6789773175983739E+00 +0.2072289770066155E+01 +0.6027221532237821E+00
+0.2127023171723334E+02 +0.5735661241904809E+00 +0.2090486646199223E+01 +0.5029049231286822E+00
+0.2129290787045000E+02 +0.4678294141833915E+00 +0.2090529626297674E+01 +0.4028315435228849E+00
+0.2131558402366667E+02 +0.3665625661901611E+00 +0.2073149601319213E+01 +0.3067029782651632E+00
+0.2133826017688333E+02 +0.2738466220651280E+00 +0.2040798268882274E+01 +0.2181291188700569E+00
+0.2136093633010000E+02 +0.1923381252628067E+00 +0.1997018514043807E+01 +0.1395559116892070E+00
+0.2138361248331667E+02 +0.1230748481238330E+00 +0.1945559122826396E+01 +0.7209259306837468E-01
+0.2140628863653334E+02 +0.6582092122310811E-01 +0.1889610348082320E+01 +0.1576256386733810E-01
+0.2142896478975000E+02 +0.1973603055643357E-01 +0.1831462941340029E+01 -0.2999078259991816E-01
+0.2145164094296667E+02 -0.1600091904377557E-01 +0.1772675915560957E+01 -0.6582413641143270E-01
+0.2147431709618333E+02 -0.4193733343369861E-01 +0.1714547320068896E+01 -0.9227962805060685E-01
+0.2149699324940000E+02 -0.5852157805197455E-01 +0.1658521848646772E+01 -0.1098860267231931E+00
+0.2151966940261667E+02 -0.6648874125945645E-01 +0.1606274823621773E+01 -0.1194266436068816E+00
+0.2154234555583334E+02 -0.6716178054902877E-01 +0.1559461984109447E+01 -0.1221554310344892E+00
+0.2156502170905000E+02 -0.6248338749964700E-01 +0.1519305145491532E+01 -0.1198112247040359E+00
+0.2158769786226667E+02 -0.5475085358680003E-01 +0.1486227716261167E+01 -0.1143994345984918E+00
+0.2161037401548333E+02 -0.4614672495087180E-01 +0.1459713584452106E+01 -0.1078138196874230E+00
+0.2163305016870000E+02 -0.3823801265935231E-01 +0.1438483791492472E+01 -0.1014408126889368E+00
+0.2165572632191667E+02 -0.3165894557270238E-01 +0.1420969341718290E+01 -0.9591733638955113E-01
+0.2167840247513334E+02 -0.2615534631442832E-01 +0.1405907213743709E+01 -0.9117219120271303E-01
+0.2170107862835000E+02 -0.2100642744305461E-01 +0.1392778841442252E+01 -0.8675368539800776E-01
+0.2172375478156667E+02 -0.1562106386223445E-01 +0.1381866509527709E+01 -0.8228941978066140E-01
+0.2174643093478333E+02 -0.1000266353800088E-01 +0.1373918968286482E+01 -0.7785093380500374E-01
+0.2176910708800000E+02 -0.4873320468407267E-02 +0.1369629044732765E+01 -0.7406140953497720E-01
+0.2179178324121667E+02 -0.1448119471020155E-02 +0.1369187396193430E+01 -0.7192969773287428E-01
+0.2181445939443334E+02 -0.1006008515078194E-02 +0.1372093539750848E+01 -0.7251786236282221E-01
+0.2183713554765000E+02 -0.4458784604200131E-02 +0.1377273882417913E+01 -0.7660255337505739E-01
+0.2185981170086667E+02 -0.1210189481390854E-01 +0.1383435783879322E+01 -0.8447834491106132E-01
+0.2188248785408334E+02 -0.2365395599896553E-01 +0.1389489153682962E+01 -0.9598570916121196E-01
+0.2190516400730000E+02 -0.3855942525265790E-01 +0.1394832701963862E+01 -0.1107430493309225E+00
+0.2192784016051667E+02 -0.5640381062082596E-01 +0.1399369330652961E+01 -0.1284673372419955E+00
+0.2195051631373334E+02 -0.7724813612230673E-01 +0.1403241091305665E+01 -0.1492304294669269E+00
+0.2197319246695000E+02 -0.1017270204052099E+00 +0.1406382492560439E+01 -0.1735229406660508E+00
+0.2199586862016667E+02 -0.1308277698030268E+00 +0.1408057510739560E+01 -0.2020590954669723E+00
+0.2201854477338334E+02 -0.1653599017796170E+00 +0.1406584864550568E+01 -0.2353408304677718E+00
+0.2204122092660000E+02 -0.2052568090897841E+00 +0.1399459143474167E+01 -0.2731117064460622E+00
+0.2206389707981667E+02 -0.2490148636698208E+00 +0.1383969259462054E+01 -0.3139455390526329E+00
+0.2208657323303334E+02 -0.2936351154827794E+00 +0.1358149622492403E+01 -0.3552342157872228E+00
+0.2210924938625000E+02 -0.3352241221740175E+00 +0.1321625166541498E+01 -0.3936747100363496E+00
+0.2213192553946667E+02 -0.3700205972150944E+00 +0.1275909758599753E+01 -0.4260802822347802E+00
+0.2215460169268334E+02 -0.3953748333643212E+00 +0.1224031626475407E+01 -0.4501669913057620E+00
+0.2217727784590000E+02 -0.4102947275463065E+00 +0.1169710569036061E+01 -0.4650146465753526E+00
+0.2219995399911667E+02 -0.4154417123756107E+00 +0.1116456899181604E+01 -0.4710935586204095E+00
+0.2222263015233334E+02 -0.4127009355082787E+00 +0.1066896033546696E+01 -0.4699376619674303E+00
+0.2224530630555000E+02 -0.4045630613935913E+00 +0.1022452250066938E+01 -0.4636426607883679E+00
+0.2226798245876667E+02 -0.3935325385933049E+00 +0.9833601474349533E+00 -0.4543621294398399E+00
+0.2229065861198334E+02 -0.3816768580107732E+00 +0.9488902200297674E+00 -0.4439061234210979E+00
+0.2231333476520000E+02 -0.3703395414107534E+00 +0.9176843789984829E+00 -0.4334777581951574E+00
+0.2233601091841667E+02 -0.3600086560277478E+00 +0.8881437309705476E+00 -0.4235526382719454E+00
+0.2235868707163334E+02 -0.3503492052874430E+00 +0.8588297864838905E+00 -0.4139072696759094E+00
+0.2238136322485000E+02 -0.3404141657290991E+00 +0.8288124614509687E+00 -0.4037982635065791E+00
+0.2240403937806667E+02 -0.3290028056017400E+00 +0.7978667263946364E+00 -0.3922575268333903E+00
+0.2242671553128334E+02 -0.3150579932736498E+00 +0.7664458369792654E+00 -0.3784158492553682E+00
+0.2244939168450000E+02 -0.2979589429229236E+00 +0.7354522743099671E+00 -0.3617460239848393E+00
+0.2247206783771667E+02 -0.2776190973321538E+00 +0.7059216558791778E+00 -0.3421559003918144E+00
+0.2249474399093334E+02 -0.2544027532144733E+00 +0.6787544784917638E+00 -0.3199367394242474E+00
+0.2251742014415000E+02 -0.2289486978654773E+00 +0.6545723128986251E+00 -0.2956297829561090E+00
+0.2254009629736667E+02 -0.2019961994150822E+00 +0.6336957527253830E+00 -0.2698841227159230E+00
+0.2256277245058333E+02 -0.1742665991459138E+00 +0.6161924997558680E+00 -0.2433510216692922E+00
+0.2258544860380000E+02 -0.1464029486213192E+00 +0.6019411929910696E+00 -0.2166224820697664E+00
+0.2260812475701667E+02 -0.1189426870325128E+00 +0.5906837346961888E+00 -0.1901992632288583E+00
+0.2263080091023333E+02 -0.9230052666684035E-01 +0.5820667321105044E+00 -0.1644720883738360E+00
+0.2265347706345000E+02 -0.6675518828504966E-01 +0.5756838699294322E+00 -0.1397103685960641E+00
+0.2267615321666667E+02 -0.4244841736263264E-01 +0.5711260801199031E+00 -0.1160633789606462E+00
+0.2269882936988333E+02 -0.1940902340239045E-01 +0.5680316448133580E+00 -0.9358127116589410E-01
+0.2272150552310000E+02 +0.2397619845883591E-02 +0.5661146981854699E+00 -0.7225408486438378E-01
+0.2274418167631667E+02 +0.2301657039539861E-01 +0.5651553545522656E+00 -0.5205232681914485E-01
+0.2276685782953334E+02 +0.4247688902978328E-01 +0.5649600337475073E+00 -0.3294808205103528E-01
+0.2278953398275000E+02 +0.6080339101672484E-01 +0.5653213732965803E+00 -0.1490801390001151E-01
+0.2281221013596667E+02 +0.7805241946938879E-01 +0.5660029859031087E+00 +0.2132539117753462E-02
+0.2283488628918334E+02 +0.9434786441838139E-01 +0.5667544378238265E+00 +0.1829704795088682E-01
+0.2285756244240000E+02 +0.1099011822838275E+00 +0.5673468733944868E+00 +0.3378327285405902E-01
+0.2288023859561667E+02 +0.1250093460305227E+00 +0.5676169951302152E+00 +0.4886034451058696E-01
+0.2290291474883334E+02 +0.1400292606519304E+00 +0.5675077330581142E+00 +0.6384629168436029E-01
+0.2292559090205000E+02 +0.1553331542906868E+00 +0.5670925583837777E+00 +0.7907043903461375E-01
+0.2294826705526667E+02 +0.1712587310883246E+00 +0.5665759891520712E+00 +0.9483089284892388E-01
+0.2297094320848334E+02 +0.1880677059424186E+00 +0.5662760520801908E+00 +0.1113568984706674E+00
+0.2299361936170000E+02 +0.2059144137391847E+00 +0.5666001379274660E+00 +0.1287783192306874E+00
+0.2301629551491667E+02 +0.2248165429373346E+00 +0.5680177641404108E+00 +0.1470982262995804E+00
+0.2303897166813334E+02 +0.2446228720218962E+00 +0.5710208481211247E+00 +0.1661670961491748E+00
+0.2306164782135000E+02 +0.2649889391945954E+00 +0.5760569819898440E+00 +0.1856684012338885E+00
+0.2308432397456667E+02 +0.2853891156299761E+00 +0.5834364218728405E+00 +0.2051357209302880E+00
+0.2310700012778334E+02 +0.3051888826796935E+00 +0.5932437518358805E+00 +0.2240160845350402E+00
+0.2312967628100001E+02 +0.3237679277777309E+00 +0.6053006132297972E+00 +0.2417706297576511E+00
+0.2315235243421667E+02 +0.3406501991986219E+00 +0.6192068659056971E+00 +0.2579793410216613E+00
+0.2317502858743334E+02 +0.3555900580455088E+00 +0.6344499965673772E+00 +0.2724105247852343E+00
+0.2319770474065000E+02 +0.3685826876254722E+00 +0.6505455514692657E+00 +0.2850284582878323E+00
+0.2322038089386667E+02 +0.3797904293577837E+00 +0.6671625598217689E+00 +0.2959322445088370E+00
+0.2324305704708334E+02 +0.3893986920879676E+00 +0.6841832540610089E+00 +0.3052410771243430E+00
+0.2326573320030001E+02 +0.3974522646403226E+00 +0.7016497042709885E+00 +0.3129708187298602E+00
+0.2328840935351667E+02 +0.4037642824422943E+00 +0.7195953213785442E+00 +0.3189710526380374E+00
+0.2331108550673333E+02 +0.4079759300456145E+00 +0.7378433243376776E+00 +0.3229750403968213E+00
+0.2333376165995000E+02 +0.4097513077326738E+00 +0.7558978388406359E+00 +0.3247489171454737E+00
+0.2335643781316667E+02 +0.4089974320536782E+00 +0.7729935412232873E+00 +0.3242629931834818E+00
+0.2337911396638334E+02 +0.4060020536878872E+00 +0.7882607741989781E+00 +0.3218071009644080E+00
+0.2340179011960000E+02 +0.4014669333448226E+00 +0.8009215951655151E+00 +0.3180232195875095E+00
+0.2342446627281667E+02 +0.3964640703930956E+00 +0.8104816092414786E+00 +0.3138628140879411E+00
+0.2344714242603333E+02 +0.3923070202924746E+00 +0.8169138466303087E+00 +0.3104655654638300E+00
+0.2346981857925000E+02 +0.3903113369956767E+00 +0.8207782989938834E+00 +0.3089558911810201E+00
+0.2349249473246667E+02 +0.3914971126557893E+00 +0.8231858743246139E+00 +0.3102035207434115E+00
+0.2351517088568334E+02 +0.3963621811365428E+00 +0.8255962952912059E+00 +0.3146377749632113E+00
+0.2353784703890000E+02 +0.4048093875574459E+00 +0.8295478271196068E+00 +0.3221770663658753E+00
+0.2356052319211667E+02 +0.4162065751563717E+00 +0.8364248225281584E+00 +0.3322667537090875E+00
+0.2358319934533333E+02 +0.4295131643683329E+00 +0.8473040497617934E+00 +0.3439801683718094E+00
+0.2360587549855000E+02 +0.4434228112124534E+00 +0.8628751312412679E+00 +0.3561402543315728E+00
+0.2362855165176667E+02 +0.4564903206134471E+00 +0.8834151333041271E+00 +0.3674338694940920E+00
+0.2365122780498334E+02 +0.4672287185099884E+00 +0.9087836266446300E+00 +0.3765086812326752E+00
+0.2367390395820000E+02 +0.4741964542026241E+00 +0.9384032239065867E+00 +0.3820678955357172E+00
+0.2369658011141667E+02 +0.4761256552066593E+00 +0.9712251372953125E+00 +0.3829970918978725E+00
+0.2371925626463334E+02 +0.4721327890059415E+00 +0.1005739924730808E+01 +0.3785447860877972E+00
+0.2374193241785000E+02 +0.4619809039371171E+00 +0.1040138365230989E+01 +0.3685208420323723E+00
+0.2376460857106667E+02 +0.4462462677882035E+00 +0.1072689076990251E+01 +0.3533981445362737E+00
+0.2378728472428334E+02 +0.4261849547207239E+00 +0.1102234422941490E+01 +0.3341803350686218E+00
+0.2380996087750000E+02 +0.4032330272763019E+00 +0.1128515366769649E+01 +0.3120095723838597E+00
+0.2383263703071667E+02 +0.3783675236722206E+00 +0.1152047737792321E+01 +0.2876886203672246E+00
+0.2385531318393334E+02 +0.3517286782964926E+00 +0.1173560587069468E+01 +0.2614019994318741E+00
+0.2387798933715000E+02 +0.3227557415793372E+00 +0.1193328598665674E+01 +0.2328167634590401E+00
+0.2390066549036667E+02 +0.2907498258092927E+00 +0.1210801244323274E+01 +0.2015033839540397E+00
+0.2392334164358334E+02 +0.2555226782532118E+00 +0.1224729982079882E+01 +0.1674265722528974E+00
+0.2394601779680000E+02 +0.2177666568668185E+00 +0.1233691108998665E+01 +0.1312335820648707E+00
+0.2396869395001667E+02 +0.1789801274212590E+00 +0.1236685409330184E+01 +0.9421147724256507E-01
+0.2399137010323334E+02 +0.1410660952421867E+00 +0.1233508740147352E+01 +0.5798661379211834E-01
+0.2401404625645000E+02 +0.1058637633152574E+00 +0.1224803666113598E+01 +0.2414720597795084E-01
+0.2403672240966667E+02 +0.7478717401278676E-01 +0.1211892935706876E+01 -0.6070037765899539E-02
+0.2405939856288334E+02 +0.4860622086609544E-01 +0.1196510033599972E+01 -0.3197764715915796E-01
+0.2408207471610000E+02 +0.2736960541223326E-01 +0.1180489336333793E+01 -0.5351059244650846E-01
+0.2410475086931667E+02 +0.1046874218800373E-01 +0.1165481588460327E+01 -0.7118274227356536E-01
+0.2412742702253334E+02 -0.3207673967811862E-02 +0.1152760887449814E+01 -0.8596618295208125E-01
+0.2415010317575000E+02 -0.1511106797089494E-01 +0.1143125171031362E+01 -0.9915053673425067E-01
+0.2417277932896667E+02 -0.2690045684807565E-01 +0.1136830637051023E+01 -0.1122105616031672E+00
+0.2419545548218334E+02 -0.4030668237571630E-01 +0.1133505762986798E+01 -0.1266603712619669E+00
+0.2421813163540000E+02 -0.5691745009391966E-01 +0.1132047918765267E+01 -0.1438422483653150E+00
+0.2424080778861667E+02 -0.7781725608471103E-01 +0.1130595034652551E+01 -0.1646155708414296E+00
+0.2426348394183334E+02 -0.1031245018065746E+00 +0.1126744253048070E+01 -0.1889998003181308E+00
+0.2428616009505000E+02 -0.1316592686147438E+00 +0.1118133143862167E+01 -0.2159523165203043E+00
+0.2430883624826667E+02 -0.1610608936358155E+00 +0.1103237455283469E+01 -0.2434973422672393E+00
+0.2433151240148334E+02 -0.1884564753502119E+00 +0.1081966721890700E+01 -0.2692566802721159E+00
+0.2435418855470000E+02 -0.2113790478902156E+00 +0.1055682766520505E+01 -0.2911612145802449E+00
+0.2437686470791667E+02 -0.2284473467244577E+00 +0.1026649876600686E+01 -0.3079957671710851E+00
+0.2439954086113334E+02 -0.2395313193292870E+00 +0.9972728107834006E+00 -0.3195642671404111E+00
+0.2442221701435000E+02 -0.2454772785954750E+00 +0.9694956301435402E+00 -0.3265048091925224E+00
+0.2444489316756667E+02 -0.2476416257921553E+00 +0.9445257815051250E+00 -0.3299298183424266E+00
+0.2446756932078333E+02 -0.2474561372918732E+00 +0.9228555181988676E+00 -0.3310697421407336E+00
+0.2449024547400000E+02 -0.2461497192036150E+00 +0.9044644282288313E+00 -0.3310310712477351E+00
+0.2451292162721667E+02 -0.2446600130723151E+00 +0.8890709494877236E+00 -0.3307041649603426E+00
+0.2453559778043333E+02 -0.2436984098009046E+00 +0.8763228574886772E+00 -0.3307957386455274E+00
+0.2455827393365000E+02 -0.2438862708956355E+00 +0.8658625872184937E+00 -0.3319212342134441E+00
+0.2458095008686667E+02 -0.2458638442161504E+00 +0.8572636104410776E+00 -0.3346788607019582E+00
+0.2460362624008334E+02 -0.2502938666185861E+00 +0.8498946830829404E+00 -0.3396441466738054E+00
+0.2462630239330000E+02 -0.2577368626344191E+00 +0.8428044353687072E+00 -0.3472666749710251E+00
+0.2464897854651667E+02 -0.2684381953445326E+00 +0.8347102748176077E+00 -0.3576997330392349E+00
+0.2467165469973334E+02 -0.2821062398996084E+00 +0.8241347466677246E+00 -0.3706273320075841E+00
+0.2469433085295000E+02 -0.2977740562162151E+00 +0.8096862930841999E+00 -0.3851664446452194E+00
+0.2471700700616667E+02 -0.3138382512114579E+00 +0.7904295518084375E+00 -0.3999182812968258E+00
+0.2473968315938334E+02 -0.3283358235483611E+00 +0.7662172456021674E+00 -0.4132051930435536E+00
+0.2476235931260000E+02 -0.3394074710137123E+00 +0.7378090669499185E+00 -0.4234425625978839E+00
+0.2478503546581667E+02 -0.3457553467872704E+00 +0.7066809062411888E+00 -0.4295017140087465E+00
+0.2480771161903334E+02 -0.3468839844734934E+00 +0.6746114454126084E+00 -0.4309108857661841E+00
+0.2483038777225000E+02 -0.3430558789549256E+00 +0.6432534269122467E+00 -0.4278379877642842E+00
+0.2485306392546667E+02 -0.3350551647659787E+00 +0.6138536346289516E+00 -0.4209142896871017E+00
+0.2487574007868334E+02 -0.3239037139641205E+00 +0.5871605057292631E+00 -0.4110051389394624E+00
+0.2489841623190000E+02 -0.3106286412134419E+00 +0.5634705403627682E+00 -0.3990103318700065E+00
+0.2492109238511667E+02 -0.2961169194520616E+00 +0.5427439605997904E+00 -0.3857308949923721E+00
+0.2494376853833334E+02 -0.2810526748885227E+00 +0.5247344754933407E+00 -0.3718043813266765E+00
+0.2496644469155000E+02 -0.2659146823124013E+00 +0.5090991789308543E+00 -0.3576928071028429E+00
+0.2498912084476667E+02 -0.2510060865777210E+00 +0.4954745286277792E+00 -0.3437013106203950E+00
+0.2501179699798334E+02 -0.2364928255109666E+00 +0.4835214993278489E+00 -0.3300085296590176E+00
+0.2503447315120000E+02 -0.2224399333963095E+00 +0.4729517471109896E+00 -0.3166986216230279E+00
+0.2505714930441667E+02 -0.2088465570704458E+00 +0.4635427919213335E+00 -0.3037930321469393E+00
+0.2507982545763334E+02 -0.1956812601065599E+00 +0.4551415327733745E+00 -0.2912815621870759E+00
+0.2510250161085001E+02 -0.1829127921337166E+00 +0.4476542086685429E+00 -0.2791491424095620E+00
+0.2512517776406667E+02 -0.1705299640579269E+00 +0.4410270378081085E+00 -0.2673939506042291E+00
+0.2514785391728334E+02 -0.1585497907308416E+00 +0.4352248571074762E+00 -0.2560357966058422E+00
+0.2517053007050000E+02 -0.1470171844687937E+00 +0.4302115160685199E+00 -0.2451164590789559E+00
+0.2519320622371667E+02 -0.1359976060955491E+00 +0.4259321619981491E+00 -0.2346930000508962E+00
+0.2521588237693334E+02 -0.1255608314595273E+00 +0.4222992904693251E+00 -0.2248235654842503E+00
+0.2523855853015001E+02 -0.1157554788377030E+00 +0.4191895531193992E+00 -0.2155468919611239E+00
+0.2526123468336667E+02 -0.1065822965076838E+00 +0.4164605466793113E+00 -0.2068628963737500E+00
+0.2528391083658333E+02 -0.9798484252049541E-01 +0.4139881046786444E+00 -0.1987279209358241E+00
+0.2530658698980000E+02 -0.8987436990336019E-01 +0.4117043013001166E+00 -0.1910746894830850E+00
+0.2532926314301667E+02 -0.8218110792433828E-01 +0.4096037772803552E+00 -0.1838493625299544E+00
+0.2535193929623334E+02 -0.7489491555520784E-01 +0.4077039756777945E+00 -0.1770394019972092E+00
+0.2537461544945000E+02 -0.6805839339176217E-01 +0.4059841494784643E+00 -0.1706672752702940E+00
+0.2539729160266667E+02 -0.6171099633298781E-01 +0.4043504762087916E+00 -0.1647495876960001E+00
+0.2541996775588333E+02 -0.5582166029575488E-01 +0.4026579309997442E+00 -0.1592485149221514E+00
+0.2544264390910000E+02 -0.5025734743685075E-01 +0.4007797078925846E+00 -0.1540500505316307E+00
+0.2546532006231667E+02 -0.4481202697491961E-01 +0.3986834451004648E+00 -0.1489874186039042E+00
+0.2548799621553334E+02 -0.3928390283403763E-01 +0.3964692641188419E+00 -0.1439008608532630E+00
+0.2551067236875000E+02 -0.3356153307179106E-01 +0.3943471377430056E+00 -0.1387044736012255E+00
+0.2553334852196667E+02 -0.2767711128483934E-01 +0.3925644323602591E+00 -0.1334282953922790E+00
+0.2555602467518334E+02 -0.2180577062336533E-01 +0.3913168892024353E+00 -0.1282182167321106E+00
+0.2557870082840000E+02 -0.1621541635926851E-01 +0.3906770283173184E+00 -0.1232955363077906E+00
+0.2560137698161667E+02 -0.1118641195668871E-01 +0.3905616766640871E+00 -0.1188911848595784E+00
+0.2562405313483334E+02 -0.6925770778368945E-02 +0.3907482249383692E+00 -0.1151758070772679E+00
+0.2564672928805000E+02 -0.3504204314608924E-02 +0.3909370048787783E+00 -0.1122092586365626E+00
+0.2566940544126667E+02 -0.8420244100604995E-03 +0.3908384864025528E+00 -0.1099288388903541E+00
+0.2569208159448334E+02 +0.1250092539123220E-02 +0.3902469643432808E+00 -0.1081794004354388E+00
+0.2571475774770000E+02 +0.3001194629100756E-02 +0.3890678487053608E+00 -0.1067662461196628E+00
+0.2573743390091667E+02 +0.4622377740073971E-02 +0.3872972927247658E+00 -0.1055012835173781E+00
+0.2576011005413334E+02 +0.6285357561433757E-02 +0.3849835382098570E+00 -0.1042244042590730E+00
+0.2578278620735000E+02 +0.8128770520341734E-02 +0.3822013356311090E+00 -0.1028041546102083E+00
+0.2580546236056667E+02 +0.1026697617397089E-01 +0.3790476584642323E+00 -0.1011342201446865E+00
+0.2582813851378334E+02 +0.1278528375709907E-01 +0.3756445178225814E+00 -0.9913727033995690E-01
+0.2585081466700000E+02 +0.1572567836917948E-01 +0.3721311375705518E+00 -0.9677415368218822E-01
+0.2587349082021667E+02 +0.1907941659643116E-01 +0.3686406460331793E+00 -0.9404744782640817E-01
+0.2589616697343334E+02 +0.2279998392480058E-01 +0.3652727148746441E+00 -0.9099023384914839E-01
+0.2591884312665000E+02 +0.2683531259817649E-01 +0.3620815902397641E+00 -0.8764158140918865E-01
+0.2594151927986667E+02 +0.3116148892018937E-01 +0.3590922772711831E+00 -0.8402197184069093E-01
+0.2596419543308334E+02 +0.3579456411502673E-01 +0.3563386006895656E+00 -0.8012527778221989E-01
+0.2598687158630000E+02 +0.4076995313703165E-01 +0.3538995942500142E+00 -0.7593453721166910E-01
+0.2600954773951667E+02 +0.4610136139801583E-01 +0.3519110305839503E+00 -0.7145313538813824E-01
+0.2603222389273334E+02 +0.5174359174759904E-01 +0.3505475728656978E+00 -0.6673435141148309E-01
+0.2605490004595000E+02 +0.5757475292248246E-01 +0.3499905955541689E+00 -0.6189773040014379E-01
+0.2607757619916667E+02 +0.6339360815726014E-01 +0.3503978153617806E+00 -0.5713326701632737E-01
+0.2610025235238334E+02 +0.6892052925898702E-01 +0.3518741690315239E+00 -0.5269899756790264E-01
+0.2612292850560000E+02 +0.7380504076281823E-01 +0.3544322418940048E+00 -0.4890901036903550E-01
+0.2614560465881667E+02 +0.7765979437400850E-01 +0.3579433851529571E+00 -0.4609950813401054E-01
+0.2616828081203334E+02 +0.8013430730474197E-01 +0.3621058728428965E+00 -0.4456641070957623E-01
+0.2619095696525000E+02 +0.8101159057306895E-01 +0.3664647909954863E+00 -0.4448900579573389E-01
+0.2621363311846667E+02 +0.8028307977337136E-01 +0.3704951174904814E+00 -0.4587267457637489E-01
+0.2623630927168334E+02 +0.7815923652787818E-01 +0.3737194072896777E+00 -0.4854125499640816E-01
+0.2625898542490000E+02 +0.7500802729400753E-01 +0.3758067505616284E+00 -0.5218443561949115E-01
+0.2628166157811667E+02 +0.7125523757381277E-01 +0.3766120168164402E+00 -0.5643587672482409E-01
+0.2630433773133333E+02 +0.6729572441514321E-01 +0.3761535414404223E+00 -0.6094620181401056E-01
+0.2632701388455000E+02 +0.6344477766784873E-01 +0.3745596891456994E+00 -0.6542768878875349E-01
+0.2634969003776667E+02 +0.5992678304879228E-01 +0.3720176950185873E+00 -0.6966986490835603E-01
+0.2637236619098334E+02 +0.5688105682432049E-01 +0.3687390110431853E+00 -0.7353878866893782E-01
+0.2639504234420000E+02 +0.5436930606338668E-01 +0.3649354672722031E+00 -0.7697112140708251E-01
+0.2641771849741667E+02 +0.5238515268935527E-01 +0.3607959726878069E+00 -0.7996418812251815E-01
+0.2644039465063333E+02 +0.5087475793056528E-01 +0.3564656181387278E+00 -0.8255809054902508E-01
+0.2646307080385000E+02 +0.4976717581246981E-01 +0.3520408939730554E+00 -0.8481246012763455E-01
+0.2648574695706667E+02 +0.4899593789714869E-01 +0.3475866358695208E+00 -0.8679024179806283E-01
+0.2650842311028333E+02 +0.4849516788394120E-01 +0.3431572724644018E+00 -0.8855841658351937E-01
+0.2653109926350000E+02 +0.4817916831580477E-01 +0.3387958451285260E+00 -0.9019877386148356E-01
+0.2655377541671667E+02 +0.4793619137880471E-01 +0.3345057687471562E+00 -0.9180839230873739E-01
+0.2657645156993334E+02 +0.4765735321626896E-01 +0.3302216708457505E+00 -0.9347638816063464E-01
+0.2659912772315000E+02 +0.4728861055514078E-01 +0.3258127143639989E+00 -0.9524563500534078E-01
+0.2662180387636667E+02 +0.4687045461526748E-01 +0.3211276877387149E+00 -0.9708427024685151E-01
+0.2664448002958334E+02 +0.4653632774588772E-01 +0.3160593845143836E+00 -0.9888778012796595E-01
+0.2666715618280000E+02 +0.4646856367849108E-01 +0.3105922284690361E+00 -0.1005128381869362E+00
+0.2668983233601667E+02 +0.4683743750054587E-01 +0.3048096166586413E+00 -0.1018246771915470E+00
+0.2671250848923334E+02 +0.4775572185592869E-01 +0.2988650448768209E+00 -0.1027345850345305E+00
+0.2673518464245000E+02 +0.4926402826695835E-01 +0.2929422206765772E+00 -0.1032157340863975E+00
+0.2675786079566667E+02 +0.5133683651574064E-01 +0.2872272606880324E+00 -0.1033029031825168E+00
+0.2678053694888334E+02 +0.5388887325787631E-01 +0.2818954095413124E+00 -0.1030892215087098E+00
+0.2680321310210000E+02 +0.5677316544461570E-01 +0.2770980655438954E+00 -0.1027261350436326E+00
+0.2682588925531667E+02 +0.5977980778514176E-01 +0.2729381231510138E+00 -0.1024210735989923E+00
+0.2684856540853334E+02 +0.6265065600300619E-01 +0.2694363973746676E+00 -0.1024226925978096E+00
+0.2687124156175000E+02 +0.6511713403723006E-01 +0.2665042949334157E+00 -0.1029889972585192E+00
+0.2689391771496667E+02 +0.6695443833629015E-01 +0.2639395824117182E+00 -0.1043439236830108E+00
+0.2691659386818334E+02 +0.6803474708843101E-01 +0.2614536975317750E+00 -0.1066361466141803E+00
+0.2693927002140001E+02 +0.6835956884302072E-01 +0.2587256084537008E+00 -0.1099159737204196E+00
+0.2696194617461667E+02 +0.6805871076962638E-01 +0.2554648327543144E+00 -0.1141398400879801E+00
+0.2698462232783334E+02 +0.6735799892357358E-01 +0.2514623530001143E+00 -0.1192039823104565E+00
+0.2700729848105000E+02 +0.6653011585562937E-01 +0.2466162288629310E+00 -0.1249911969286135E+00
+0.2702997463426667E+02 +0.6584453248666887E-01 +0.2409307313991266E+00 -0.1314481717072138E+00
+0.2705265078748334E+02 +0.6552784376393744E-01 +0.2344943883203843E+00 -0.1385929677460274E+00
+0.2707532694070001E+02 +0.6574215478806308E-01 +0.2274452115699598E+00 -0.1468187811065498E+00
+0.2709800309391667E+02 +0.6658466725434579E-01 +0.2199346876857169E+00 -0.1562639371752377E+00
+0.2712067924713334E+02 +0.6810394937981960E-01 +0.2121021653163755E+00 -0.1701581148898141E+00
+0.2714335540035000E+02 +0.7032265495382087E-01 +0.2040654259432409E+00 -0.1815720472555131E+00
+0.2716603155356667E+02 +0.7325640499517012E-01 +0.1959260736157917E+00 -0.2298450848415514E+00
+0.2718870770678334E+02 +0.7692167445226841E-01 +0.1877835448128900E+00 -0.2546641012283266E+00
