# Macroscopic dielectric function epsm
#
# Momentum transfer Q=G+q in lattice cooridnates
# G:   0   0   0
# q:   0.0000000   0.0000000   0.0000000
# Momentum transfer Q=G+q in Cartesian cooridnates
# G:   0.0000000   0.0000000   0.0000000
# q:   0.0000000   0.0000000   0.0000000
# Norm2(G+q)   0.0000000
#
# Energy scale=   27.211384
# Used broadening in scaled energy units:    0.190480
#
# Number of k-points=       0
# Unit cell volume [au]=  110.090925
# Coulomb potential v(Q) [au]=          0.000000
#
#             Frequency                Re(epsm)                Im(epsm)       Re(epsm) form KKT
+0.0000000000000000E+00 +0.2690592245173113E+01 +0.1204606164191680E-19 +0.2644639566110206E+01
+0.2267615321666667E-01 +0.2690596938756218E+01 +0.7891955244306268E-04 +0.2644621581273477E+01
+0.4535230643333334E-01 +0.2690611019674979E+01 +0.1578419573595316E-03 +0.2644636869431515E+01
+0.6802845965000001E-01 +0.2690634488437644E+01 +0.2367700674874510E-03 +0.2644663578958594E+01
+0.9070461286666667E-01 +0.2690667345891393E+01 +0.3157067360941869E-03 +0.2644695147206748E+01
+0.1133807660833333E+00 +0.2690709593222367E+01 +0.3946548172411856E-03 +0.2644737496468036E+01
+0.1360569193000000E+00 +0.2690761231955809E+01 +0.4736171660489111E-03 +0.2644788792872338E+01
+0.1587330725166667E+00 +0.2690822263956160E+01 +0.5525966389619188E-03 +0.2644849614594507E+01
+0.1814092257333333E+00 +0.2690892691427300E+01 +0.6315960940142030E-03 +0.2644919746823553E+01
+0.2040853789500000E+00 +0.2690972516912684E+01 +0.7106183910947984E-03 +0.2644999258233876E+01
+0.2267615321666667E+00 +0.2691061743295630E+01 +0.7896663922137234E-03 +0.2645088129041172E+01
+0.2494376853833334E+00 +0.2691160373799557E+01 +0.8687429617682684E-03 +0.2645186368775363E+01
+0.2721138386000000E+00 +0.2691268411988259E+01 +0.9478509668097091E-03 +0.2645293978761798E+01
+0.2947899918166667E+00 +0.2691385861766329E+01 +0.1026993277310544E-02 +0.2645410963412547E+01
+0.3174661450333334E+00 +0.2691512727379416E+01 +0.1106172766432138E-02 +0.2645537326733791E+01
+0.3401422982500000E+00 +0.2691649013414678E+01 +0.1185392310793008E-02 +0.2645673073330371E+01
+0.3628184514666667E+00 +0.2691794724801173E+01 +0.1264654790737678E-02 +0.2645818208092710E+01
+0.3854946046833334E+00 +0.2691949866810347E+01 +0.1343963090606203E-02 +0.2645972736280397E+01
+0.4081707579000001E+00 +0.2692114445056553E+01 +0.1423320099004428E-02 +0.2646136663494001E+01
+0.4308469111166667E+00 +0.2692288465497472E+01 +0.1502728709074861E-02 +0.2646309995681378E+01
+0.4535230643333333E+00 +0.2692471934434745E+01 +0.1582191818768524E-02 +0.2646492739135160E+01
+0.4761992175500001E+00 +0.2692664858514559E+01 +0.1661712331117545E-02 +0.2646684900493336E+01
+0.4988753707666667E+00 +0.2692867244728232E+01 +0.1741293154508659E-02 +0.2646886486739394E+01
+0.5215515239833334E+00 +0.2693079100412896E+01 +0.1820937202957679E-02 +0.2647097505202778E+01
+0.5442276772000001E+00 +0.2693300433252148E+01 +0.1900647396384895E-02 +0.2647317963559409E+01
+0.5669038304166668E+00 +0.2693531251276786E+01 +0.1980426660891586E-02 +0.2647547869832318E+01
+0.5895799836333334E+00 +0.2693771562865563E+01 +0.2060277929037611E-02 +0.2647787232392337E+01
+0.6122561368500001E+00 +0.2694021376745969E+01 +0.2140204140120123E-02 +0.2648036059958827E+01
+0.6349322900666667E+00 +0.2694280701995010E+01 +0.2220208240453419E-02 +0.2648294361600458E+01
+0.6576084432833335E+00 +0.2694549548040138E+01 +0.2300293183650215E-02 +0.2648562146736051E+01
+0.6802845965000001E+00 +0.2694827924659994E+01 +0.2380461930903884E-02 +0.2648839425135423E+01
+0.7029607497166668E+00 +0.2695115841985534E+01 +0.2460717451272547E-02 +0.2649126206920324E+01
+0.7256369029333334E+00 +0.2695413310500721E+01 +0.2541062721963894E-02 +0.2649422502565354E+01
+0.7483130561500001E+00 +0.2695720341043729E+01 +0.2621500728622128E-02 +0.2649728322898927E+01
+0.7709892093666668E+00 +0.2696036944807855E+01 +0.2702034465615947E-02 +0.2650043679104318E+01
+0.7936653625833334E+00 +0.2696363133342564E+01 +0.2782666936328215E-02 +0.2650368582720676E+01
+0.8163415158000001E+00 +0.2696698918554632E+01 +0.2863401153447380E-02 +0.2650703045644139E+01
+0.8390176690166667E+00 +0.2697044312709202E+01 +0.2944240139260239E-02 +0.2651047080128940E+01
+0.8616938222333335E+00 +0.2697399328431009E+01 +0.3025186925946870E-02 +0.2651400698788524E+01
+0.8843699754500001E+00 +0.2697763978705483E+01 +0.3106244555876739E-02 +0.2651763914596799E+01
+0.9070461286666667E+00 +0.2698138276880066E+01 +0.3187416081907321E-02 +0.2652136740889317E+01
+0.9297222818833335E+00 +0.2698522236665412E+01 +0.3268704567683961E-02 +0.2652519191364553E+01
+0.9523984351000001E+00 +0.2698915872136697E+01 +0.3350113087942102E-02 +0.2652911280085183E+01
+0.9750745883166668E+00 +0.2699319197734982E+01 +0.3431644728811417E-02 +0.2653313021479429E+01
+0.9977507415333334E+00 +0.2699732228268521E+01 +0.3513302588121765E-02 +0.2653724430342430E+01
+0.1020426894750000E+01 +0.2700154978914236E+01 +0.3595089775711617E-02 +0.2654145521837627E+01
+0.1043103047966667E+01 +0.2700587465219109E+01 +0.3677009413738385E-02 +0.2654576311498233E+01
+0.1065779201183333E+01 +0.2701029703101670E+01 +0.3759064636991045E-02 +0.2655016815228670E+01
+0.1088455354400000E+01 +0.2701481708853524E+01 +0.3841258593205114E-02 +0.2655467049306127E+01
+0.1111131507616667E+01 +0.2701943499140915E+01 +0.3923594443379983E-02 +0.2655927030382087E+01
+0.1133807660833334E+01 +0.2702415091006290E+01 +0.4006075362098517E-02 +0.2656396775483918E+01
+0.1156483814050000E+01 +0.2702896501869931E+01 +0.4088704537849245E-02 +0.2656876302016515E+01
+0.1179159967266667E+01 +0.2703387749531657E+01 +0.4171485173351178E-02 +0.2657365627763943E+01
+0.1201836120483333E+01 +0.2703888852172493E+01 +0.4254420485880970E-02 +0.2657864770891183E+01
+0.1224512273700000E+01 +0.2704399828356407E+01 +0.4337513707602907E-02 +0.2658373749945804E+01
+0.1247188426916667E+01 +0.2704920697032143E+01 +0.4420768085901733E-02 +0.2658892583859852E+01
+0.1269864580133333E+01 +0.2705451477535026E+01 +0.4504186883718143E-02 +0.2659421291951558E+01
+0.1292540733350000E+01 +0.2705992189588756E+01 +0.4587773379886831E-02 +0.2659959893927282E+01
+0.1315216886566667E+01 +0.2706542853307448E+01 +0.4671530869478317E-02 +0.2660508409883382E+01
+0.1337893039783334E+01 +0.2707103489197478E+01 +0.4755462664142895E-02 +0.2661066860308181E+01
+0.1360569193000000E+01 +0.2707674118159441E+01 +0.4839572092457838E-02 +0.2661635266083898E+01
+0.1383245346216667E+01 +0.2708254761490326E+01 +0.4923862500278494E-02 +0.2662213648488740E+01
+0.1405921499433334E+01 +0.2708845440885369E+01 +0.5008337251091264E-02 +0.2662802029198938E+01
+0.1428597652650000E+01 +0.2709446178440388E+01 +0.5092999726371233E-02 +0.2663400430290857E+01
+0.1451273805866667E+01 +0.2710056996653786E+01 +0.5177853325942209E-02 +0.2664008874243132E+01
+0.1473949959083333E+01 +0.2710677918428801E+01 +0.5262901468340569E-02 +0.2664627383938907E+01
+0.1496626112300000E+01 +0.2711308967075716E+01 +0.5348147591182469E-02 +0.2665255982668032E+01
+0.1519302265516667E+01 +0.2711950166314200E+01 +0.5433595151534946E-02 +0.2665894694129357E+01
+0.1541978418733334E+01 +0.2712601540275574E+01 +0.5519247626290254E-02 +0.2666543542433066E+01
+0.1564654571950000E+01 +0.2713263113505193E+01 +0.5605108512544140E-02 +0.2667202552103049E+01
+0.1587330725166667E+01 +0.2713934910964916E+01 +0.5691181327978196E-02 +0.2667871748079300E+01
+0.1610006878383334E+01 +0.2714616958035517E+01 +0.5777469611245576E-02 +0.2668551155720383E+01
+0.1632683031600000E+01 +0.2715309280519214E+01 +0.5863976922361208E-02 +0.2669240800805962E+01
+0.1655359184816667E+01 +0.2716011904642182E+01 +0.5950706843095522E-02 +0.2669940709539323E+01
+0.1678035338033333E+01 +0.2716724857057234E+01 +0.6037662977373068E-02 +0.2670650908549996E+01
+0.1700711491250000E+01 +0.2717448164846393E+01 +0.6124848951674706E-02 +0.2671371424896384E+01
+0.1723387644466667E+01 +0.2718181855523643E+01 +0.6212268415444385E-02 +0.2672102286068479E+01
+0.1746063797683334E+01 +0.2718925957037640E+01 +0.6299925041500446E-02 +0.2672843519990595E+01
+0.1768739950900000E+01 +0.2719680497774534E+01 +0.6387822526451211E-02 +0.2673595155024158E+01
+0.1791416104116667E+01 +0.2720445506560813E+01 +0.6475964591115405E-02 +0.2674357219970551E+01
+0.1814092257333333E+01 +0.2721221012666126E+01 +0.6564354980946801E-02 +0.2675129744074002E+01
+0.1836768410550000E+01 +0.2722007045806346E+01 +0.6652997466464416E-02 +0.2675912757024550E+01
+0.1859444563766667E+01 +0.2722803636146491E+01 +0.6741895843686938E-02 +0.2676706288961008E+01
+0.1882120716983333E+01 +0.2723610814303775E+01 +0.6831053934572311E-02 +0.2677510370474007E+01
+0.1904796870200000E+01 +0.2724428611350709E+01 +0.6920475587462430E-02 +0.2678325032609144E+01
+0.1927473023416667E+01 +0.2725257058818279E+01 +0.7010164677533078E-02 +0.2679150306870071E+01
+0.1950149176633334E+01 +0.2726096188699172E+01 +0.7100125107249375E-02 +0.2679986225221735E+01
+0.1972825329850000E+01 +0.2726946033450933E+01 +0.7190360806825561E-02 +0.2680832820093613E+01
+0.1995501483066667E+01 +0.2727806625999400E+01 +0.7280875734691855E-02 +0.2681690124383072E+01
+0.2018177636283334E+01 +0.2728677999742000E+01 +0.7371673877965496E-02 +0.2682558171458668E+01
+0.2040853789500000E+01 +0.2729560188551233E+01 +0.7462759252928563E-02 +0.2683436995163648E+01
+0.2063529942716667E+01 +0.2730453226778089E+01 +0.7554135905510727E-02 +0.2684326629819354E+01
+0.2086206095933334E+01 +0.2731357149255652E+01 +0.7645807911778658E-02 +0.2685227110228833E+01
+0.2108882249150000E+01 +0.2732271991302652E+01 +0.7737779378430930E-02 +0.2686138471680383E+01
+0.2131558402366667E+01 +0.2733197788727173E+01 +0.7830054443299667E-02 +0.2687060749951249E+01
+0.2154234555583334E+01 +0.2734134577830322E+01 +0.7922637275857765E-02 +0.2687993981311293E+01
+0.2176910708800000E+01 +0.2735082395410054E+01 +0.8015532077733267E-02 +0.2688938202526819E+01
+0.2199586862016667E+01 +0.2736041278764938E+01 +0.8108743083229515E-02 +0.2689893450864390E+01
+0.2222263015233334E+01 +0.2737011265698176E+01 +0.8202274559852889E-02 +0.2690859764094702E+01
+0.2244939168450000E+01 +0.2737992394521480E+01 +0.8296130808846431E-02 +0.2691837180496608E+01
+0.2267615321666667E+01 +0.2738984704059062E+01 +0.8390316165730459E-02 +0.2692825738861079E+01
+0.2290291474883333E+01 +0.2739988233651899E+01 +0.8484835000851603E-02 +0.2693825478495333E+01
+0.2312967628100000E+01 +0.2741003023161705E+01 +0.8579691719936767E-02 +0.2694836439226992E+01
+0.2335643781316667E+01 +0.2742029112975261E+01 +0.8674890764656315E-02 +0.2695858661408267E+01
+0.2358319934533334E+01 +0.2743066544008661E+01 +0.8770436613193860E-02 +0.2696892185920301E+01
+0.2380996087750000E+01 +0.2744115357711690E+01 +0.8866333780823507E-02 +0.2697937054177478E+01
+0.2403672240966667E+01 +0.2745175596072251E+01 +0.8962586820495650E-02 +0.2698993308131870E+01
+0.2426348394183333E+01 +0.2746247301620897E+01 +0.9059200323430019E-02 +0.2700060990277736E+01
+0.2449024547400001E+01 +0.2747330517435311E+01 +0.9156178919716672E-02 +0.2701140143656079E+01
+0.2471700700616667E+01 +0.2748425287145039E+01 +0.9253527278925738E-02 +0.2702230811859288E+01
+0.2494376853833334E+01 +0.2749531654936153E+01 +0.9351250110725282E-02 +0.2703333039035831E+01
+0.2517053007050000E+01 +0.2750649665556057E+01 +0.9449352165507387E-02 +0.2704446869895067E+01
+0.2539729160266667E+01 +0.2751779364318297E+01 +0.9547838235023177E-02 +0.2705572349712087E+01
+0.2562405313483334E+01 +0.2752920797107611E+01 +0.9646713153027273E-02 +0.2706709524332646E+01
+0.2585081466700000E+01 +0.2754074010384837E+01 +0.9745981795930093E-02 +0.2707858440178183E+01
+0.2607757619916667E+01 +0.2755239051192029E+01 +0.9845649083460077E-02 +0.2709019144250897E+01
+0.2630433773133334E+01 +0.2756415967157672E+01 +0.9945719979335427E-02 +0.2710191684138920E+01
+0.2653109926350000E+01 +0.2757604806501870E+01 +0.1004619949194471E-01 +0.2711376108021559E+01
+0.2675786079566667E+01 +0.2758805618041720E+01 +0.1014709267503799E-01 +0.2712572464674640E+01
+0.2698462232783334E+01 +0.2760018451196707E+01 +0.1024840462842720E-01 +0.2713780803475893E+01
+0.2721138386000000E+01 +0.2761243355994194E+01 +0.1035014049869696E-01 +0.2715001174410467E+01
+0.2743814539216667E+01 +0.2762480383075062E+01 +0.1045230547992607E-01 +0.2716233628076488E+01
+0.2766490692433333E+01 +0.2763729583699275E+01 +0.1055490481441826E-01 +0.2717478215690752E+01
+0.2789166845650001E+01 +0.2764991009751731E+01 +0.1065794379344512E-01 +0.2718734989094429E+01
+0.2811842998866667E+01 +0.2766264713748050E+01 +0.1076142775799896E-01 +0.2720004000758963E+01
+0.2834519152083334E+01 +0.2767550748840530E+01 +0.1086536209955710E-01 +0.2721285303791942E+01
+0.2857195305300000E+01 +0.2768849168824150E+01 +0.1096975226085743E-01 +0.2722578951943157E+01
+0.2879871458516667E+01 +0.2770160028142743E+01 +0.1107460373668592E-01 +0.2723884999610694E+01
+0.2902547611733334E+01 +0.2771483381895087E+01 +0.1117992207467454E-01 +0.2725203501847157E+01
+0.2925223764950001E+01 +0.2772819285841366E+01 +0.1128571287611335E-01 +0.2726534514365953E+01
+0.2947899918166667E+01 +0.2774167796409451E+01 +0.1139198179677270E-01 +0.2727878093547689E+01
+0.2970576071383334E+01 +0.2775528970701451E+01 +0.1149873454773914E-01 +0.2729234296446680E+01
+0.2993252224600000E+01 +0.2776902866500316E+01 +0.1160597689626373E-01 +0.2730603180797553E+01
+0.3015928377816667E+01 +0.2778289542276507E+01 +0.1171371466662288E-01 +0.2731984805021896E+01
+0.3038604531033334E+01 +0.2779689057194844E+01 +0.1182195374099316E-01 +0.2733379228235104E+01
+0.3061280684250000E+01 +0.2781101471121366E+01 +0.1193070006033881E-01 +0.2734786510253271E+01
+0.3083956837466667E+01 +0.2782526844630362E+01 +0.1203995962531313E-01 +0.2736206711600180E+01
+0.3106632990683334E+01 +0.2783965239011514E+01 +0.1214973849717446E-01 +0.2737639893514449E+01
+0.3129309143900000E+01 +0.2785416716277105E+01 +0.1226004279871553E-01 +0.2739086117956713E+01
+0.3151985297116667E+01 +0.2786881339169365E+01 +0.1237087871520784E-01 +0.2740545447616998E+01
+0.3174661450333334E+01 +0.2788359171167910E+01 +0.1248225249536066E-01 +0.2742017945922155E+01
+0.3197337603550000E+01 +0.2789850276497331E+01 +0.1259417045229520E-01 +0.2743503677043405E+01
+0.3220013756766667E+01 +0.2791354720134869E+01 +0.1270663896453417E-01 +0.2745002705904048E+01
+0.3242689909983334E+01 +0.2792872567818200E+01 +0.1281966447700685E-01 +0.2746515098187237E+01
+0.3265366063200001E+01 +0.2794403886053380E+01 +0.1293325350207053E-01 +0.2748040920343891E+01
+0.3288042216416667E+01 +0.2795948742122895E+01 +0.1304741262054801E-01 +0.2749580239600747E+01
+0.3310718369633334E+01 +0.2797507204093792E+01 +0.1316214848278156E-01 +0.2751133123968506E+01
+0.3333394522850000E+01 +0.2799079340825982E+01 +0.1327746780970395E-01 +0.2752699642250120E+01
+0.3356070676066667E+01 +0.2800665221980687E+01 +0.1339337739392729E-01 +0.2754279864049223E+01
+0.3378746829283334E+01 +0.2802264918028950E+01 +0.1350988410084849E-01 +0.2755873859778629E+01
+0.3401422982500000E+01 +0.2803878500260325E+01 +0.1362699486977358E-01 +0.2757481700669079E+01
+0.3424099135716667E+01 +0.2805506040791743E+01 +0.1374471671506020E-01 +0.2759103458777966E+01
+0.3446775288933334E+01 +0.2807147612576399E+01 +0.1386305672727840E-01 +0.2760739206998330E+01
+0.3469451442150000E+01 +0.2808803289412828E+01 +0.1398202207439036E-01 +0.2762389019067936E+01
+0.3492127595366668E+01 +0.2810473145954203E+01 +0.1410162000295073E-01 +0.2764052969578488E+01
+0.3514803748583334E+01 +0.2812157257717693E+01 +0.1422185783932572E-01 +0.2765731133984980E+01
+0.3537479901800000E+01 +0.2813855701093896E+01 +0.1434274299093221E-01 +0.2767423588615238E+01
+0.3560156055016667E+01 +0.2815568553356633E+01 +0.1446428294749889E-01 +0.2769130410679545E+01
+0.3582832208233334E+01 +0.2817295892672669E+01 +0.1458648528234701E-01 +0.2770851678280477E+01
+0.3605508361450001E+01 +0.2819037798111702E+01 +0.1470935765369315E-01 +0.2772587470422837E+01
+0.3628184514666667E+01 +0.2820794349656523E+01 +0.1483290780597448E-01 +0.2774337867023790E+01
+0.3650860667883334E+01 +0.2822565628213240E+01 +0.1495714357119500E-01 +0.2776102948923135E+01
+0.3673536821100000E+01 +0.2824351715621776E+01 +0.1508207287029627E-01 +0.2777882797893717E+01
+0.3696212974316667E+01 +0.2826152694666424E+01 +0.1520770371454982E-01 +0.2779677496652041E+01
+0.3718889127533334E+01 +0.2827968649086659E+01 +0.1533404420697461E-01 +0.2781487128869046E+01
+0.3741565280750001E+01 +0.2829799663588032E+01 +0.1546110254377758E-01 +0.2783311779180991E+01
+0.3764241433966667E+01 +0.2831645823853331E+01 +0.1558888701581988E-01 +0.2785151533200613E+01
+0.3786917587183334E+01 +0.2833507216553821E+01 +0.1571740601010772E-01 +0.2787006477528374E+01
+0.3809593740400000E+01 +0.2835383929360740E+01 +0.1584666801130919E-01 +0.2788876699763886E+01
+0.3832269893616667E+01 +0.2837276050956953E+01 +0.1597668160329751E-01 +0.2790762288517605E+01
+0.3854946046833334E+01 +0.2839183671048693E+01 +0.1610745547072005E-01 +0.2792663333422603E+01
+0.3877622200050001E+01 +0.2841106880377697E+01 +0.1623899840059660E-01 +0.2794579925146602E+01
+0.3900298353266667E+01 +0.2843045770733341E+01 +0.1637131928394401E-01 +0.2796512155404148E+01
+0.3922974506483333E+01 +0.2845000434965030E+01 +0.1650442711742956E-01 +0.2798460116968989E+01
+0.3945650659700001E+01 +0.2846970966994824E+01 +0.1663833100505404E-01 +0.2800423903686697E+01
+0.3968326812916667E+01 +0.2848957461830223E+01 +0.1677304015986398E-01 +0.2802403610487418E+01
+0.3991002966133334E+01 +0.2850960015577137E+01 +0.1690856390569424E-01 +0.2804399333398885E+01
+0.4013679119350001E+01 +0.2852978725453181E+01 +0.1704491167894235E-01 +0.2806411169559582E+01
+0.4036355272566667E+01 +0.2855013689800980E+01 +0.1718209303037289E-01 +0.2808439217232185E+01
+0.4059031425783334E+01 +0.2857065008101872E+01 +0.1732011762695539E-01 +0.2810483575817163E+01
+0.4081707579000001E+01 +0.2859132780989721E+01 +0.1745899525373481E-01 +0.2812544345866620E+01
+0.4104383732216667E+01 +0.2861217110265037E+01 +0.1759873581573559E-01 +0.2814621629098363E+01
+0.4127059885433334E+01 +0.2863318098909244E+01 +0.1773934933990030E-01 +0.2816715528410181E+01
+0.4149736038650000E+01 +0.2865435851099210E+01 +0.1788084597706264E-01 +0.2818826147894380E+01
+0.4172412191866667E+01 +0.2867570472222040E+01 +0.1802323600395725E-01 +0.2820953592852516E+01
+0.4195088345083334E+01 +0.2869722068890048E+01 +0.1816652982526522E-01 +0.2823097969810403E+01
+0.4217764498300000E+01 +0.2871890748956013E+01 +0.1831073797569739E-01 +0.2825259386533342E+01
+0.4240440651516668E+01 +0.2874076621528719E+01 +0.1845587112211604E-01 +0.2827437952041619E+01
+0.4263116804733333E+01 +0.2876279796988636E+01 +0.1860194006569482E-01 +0.2829633776626212E+01
+0.4285792957950000E+01 +0.2878500387004002E+01 +0.1874895574411941E-01 +0.2831846971864816E+01
+0.4308469111166668E+01 +0.2880738504547025E+01 +0.1889692923382787E-01 +0.2834077650638068E+01
+0.4331145264383334E+01 +0.2882994263910446E+01 +0.1904587175229305E-01 +0.2836325927146101E+01
+0.4353821417600001E+01 +0.2885267780724382E+01 +0.1919579466034814E-01 +0.2838591916925291E+01
+0.4376497570816667E+01 +0.2887559171973312E+01 +0.1934670946455339E-01 +0.2840875736865384E+01
+0.4399173724033334E+01 +0.2889868556013554E+01 +0.1949862781961014E-01 +0.2843177505226789E+01
+0.4421849877250001E+01 +0.2892196052590887E+01 +0.1965156153081798E-01 +0.2845497341658257E+01
+0.4444526030466667E+01 +0.2894541782858436E+01 +0.1980552255657841E-01 +0.2847835367214789E+01
+0.4467202183683334E+01 +0.2896905869394957E+01 +0.1996052301094617E-01 +0.2850191704375861E+01
+0.4489878336900000E+01 +0.2899288436223449E+01 +0.2011657516623003E-01 +0.2852566477063974E+01
+0.4512554490116667E+01 +0.2901689608829876E+01 +0.2027369145563997E-01 +0.2854959810663463E+01
+0.4535230643333334E+01 +0.2904109514182462E+01 +0.2043188447598827E-01 +0.2857371832039688E+01
+0.4557906796550000E+01 +0.2906548280751103E+01 +0.2059116699043918E-01 +0.2859802669558469E+01
+0.4580582949766667E+01 +0.2909006038527250E+01 +0.2075155193131419E-01 +0.2862252453105932E+01
+0.4603259102983334E+01 +0.2911482919044005E+01 +0.2091305240294834E-01 +0.2864721314108597E+01
+0.4625935256200001E+01 +0.2913979055396664E+01 +0.2107568168460409E-01 +0.2867209385553887E+01
+0.4648611409416667E+01 +0.2916494582263507E+01 +0.2123945323343945E-01 +0.2869716802010935E+01
+0.4671287562633334E+01 +0.2919029635927036E+01 +0.2140438068753582E-01 +0.2872243699651772E+01
+0.4693963715850001E+01 +0.2921584354295531E+01 +0.2157047786898315E-01 +0.2874790216272830E+01
+0.4716639869066667E+01 +0.2924158876924945E+01 +0.2173775878702605E-01 +0.2877356491316868E+01
+0.4739316022283334E+01 +0.2926753345041198E+01 +0.2190623764127090E-01 +0.2879942665895257E+01
+0.4761992175500001E+01 +0.2929367901562877E+01 +0.2207592882495680E-01 +0.2882548882810595E+01
+0.4784668328716667E+01 +0.2932002691124276E+01 +0.2224684692829012E-01 +0.2885175286579778E+01
+0.4807344481933334E+01 +0.2934657860098906E+01 +0.2241900674184622E-01 +0.2887822023457448E+01
+0.4830020635150000E+01 +0.2937333556623314E+01 +0.2259242326003678E-01 +0.2890489241459816E+01
+0.4852696788366667E+01 +0.2940029930621350E+01 +0.2276711168464699E-01 +0.2893177090388920E+01
+0.4875372941583334E+01 +0.2942747133828970E+01 +0.2294308742844476E-01 +0.2895885721857321E+01
+0.4898049094800001E+01 +0.2945485319819226E+01 +0.2312036611885838E-01 +0.2898615289313182E+01
+0.4920725248016668E+01 +0.2948244644027934E+01 +0.2329896360173228E-01 +0.2901365948065843E+01
+0.4943401401233333E+01 +0.2951025263779668E+01 +0.2347889594515547E-01 +0.2904137855311759E+01
+0.4966077554450001E+01 +0.2953827338314190E+01 +0.2366017944336812E-01 +0.2906931170161002E+01
+0.4988753707666667E+01 +0.2956651028813443E+01 +0.2384283062074786E-01 +0.2909746053664125E+01
+0.5011429860883334E+01 +0.2959496498428902E+01 +0.2402686623587556E-01 +0.2912582668839547E+01
+0.5034106014100001E+01 +0.2962363912309515E+01 +0.2421230328568602E-01 +0.2915441180701450E+01
+0.5056782167316667E+01 +0.2965253437630062E+01 +0.2439915900970171E-01 +0.2918321756288081E+01
+0.5079458320533334E+01 +0.2968165243620038E+01 +0.2458745089435384E-01 +0.2921224564690670E+01
+0.5102134473750001E+01 +0.2971099501593123E+01 +0.2477719667739366E-01 +0.2924149777082749E+01
+0.5124810626966667E+01 +0.2974056384976975E+01 +0.2496841435239132E-01 +0.2927097566750078E+01
+0.5147486780183334E+01 +0.2977036069343811E+01 +0.2516112217333195E-01 +0.2930068109121078E+01
+0.5170162933400000E+01 +0.2980038732441384E+01 +0.2535533865930481E-01 +0.2933061581797782E+01
+0.5192839086616668E+01 +0.2983064554224538E+01 +0.2555108259929028E-01 +0.2936078164587393E+01
+0.5215515239833334E+01 +0.2986113716887363E+01 +0.2574837305704722E-01 +0.2939118039534364E+01
+0.5238191393050000E+01 +0.2989186404895836E+01 +0.2594722937610183E-01 +0.2942181390953104E+01
+0.5260867546266668E+01 +0.2992282805021270E+01 +0.2614767118484424E-01 +0.2945268405461230E+01
+0.5283543699483334E+01 +0.2995403106374112E+01 +0.2634971840172811E-01 +0.2948379272013445E+01
+0.5306219852700001E+01 +0.2998547500438504E+01 +0.2655339124058376E-01 +0.2951514181936049E+01
+0.5328896005916667E+01 +0.3001716181107509E+01 +0.2675871021604363E-01 +0.2954673328962066E+01
+0.5351572159133334E+01 +0.3004909344718801E+01 +0.2696569614907982E-01 +0.2957856909266978E+01
+0.5374248312350001E+01 +0.3008127190091289E+01 +0.2717437017266629E-01 +0.2961065121505209E+01
+0.5396924465566667E+01 +0.3011369918562102E+01 +0.2738475373755495E-01 +0.2964298166847175E+01
+0.5419600618783334E+01 +0.3014637734024516E+01 +0.2759686861818180E-01 +0.2967556249017100E+01
+0.5442276772000000E+01 +0.3017930842966464E+01 +0.2781073691869737E-01 +0.2970839574331481E+01
+0.5464952925216667E+01 +0.3021249454509765E+01 +0.2802638107912830E-01 +0.2974148351738315E+01
+0.5487629078433335E+01 +0.3024593780450116E+01 +0.2824382388167283E-01 +0.2977482792856995E+01
+0.5510305231650000E+01 +0.3027964035297817E+01 +0.2846308845713277E-01 +0.2980843112019018E+01
+0.5532981384866667E+01 +0.3031360436319254E+01 +0.2868419829148654E-01 +0.2984229526309421E+01
+0.5555657538083334E+01 +0.3034783203579158E+01 +0.2890717723260531E-01 +0.2987642255609002E+01
+0.5578333691300001E+01 +0.3038232559983755E+01 +0.2913204949711927E-01 +0.2991081522637328E+01
+0.5601009844516668E+01 +0.3041708731324499E+01 +0.2935883967743001E-01 +0.2994547552996591E+01
+0.5623685997733334E+01 +0.3045211946322959E+01 +0.2958757274888498E-01 +0.2998040575216252E+01
+0.5646362150950001E+01 +0.3048742436676271E+01 +0.2981827407710495E-01 +0.3001560820798568E+01
+0.5669038304166667E+01 +0.3052300437103639E+01 +0.3005096942547875E-01 +0.3005108524264966E+01
+0.5691714457383334E+01 +0.3055886185393624E+01 +0.3028568496282277E-01 +0.3008683923203347E+01
+0.5714390610600001E+01 +0.3059499922452427E+01 +0.3052244727121403E-01 +0.3012287258316214E+01
+0.5737066763816667E+01 +0.3063141892353040E+01 +0.3076128335399866E-01 +0.3015918773469849E+01
+0.5759742917033334E+01 +0.3066812342385365E+01 +0.3100222064398019E-01 +0.3019578715744316E+01
+0.5782419070250001E+01 +0.3070511523107312E+01 +0.3124528701179476E-01 +0.3023267335484533E+01
+0.5805095223466667E+01 +0.3074239688396907E+01 +0.3149051077447526E-01 +0.3026984886352266E+01
+0.5827771376683334E+01 +0.3077997095505347E+01 +0.3173792070421054E-01 +0.3030731625379192E+01
+0.5850447529900001E+01 +0.3081784005111224E+01 +0.3198754603730715E-01 +0.3034507813020964E+01
+0.5873123683116668E+01 +0.3085600681375669E+01 +0.3223941648335261E-01 +0.3038313713212361E+01
+0.5895799836333333E+01 +0.3089447391998674E+01 +0.3249356223459309E-01 +0.3042149593423498E+01
+0.5918475989550001E+01 +0.3093324408276542E+01 +0.3275001397552636E-01 +0.3046015724717182E+01
+0.5941152142766668E+01 +0.3097232005160314E+01 +0.3300880289271546E-01 +0.3049912381807369E+01
+0.5963828295983334E+01 +0.3101170461315665E+01 +0.3326996068483448E-01 +0.3053839843118831E+01
+0.5986504449200001E+01 +0.3105140059183666E+01 +0.3353351957294394E-01 +0.3057798390847936E+01
+0.6009180602416667E+01 +0.3109141085042978E+01 +0.3379951231100972E-01 +0.3061788311024755E+01
+0.6031856755633334E+01 +0.3113173829073219E+01 +0.3406797219666873E-01 +0.3065809893576292E+01
+0.6054532908850001E+01 +0.3117238585419577E+01 +0.3433893308224636E-01 +0.3069863432391088E+01
+0.6077209062066667E+01 +0.3121335652258851E+01 +0.3461242938603729E-01 +0.3073949225385086E+01
+0.6099885215283334E+01 +0.3125465331866705E+01 +0.3488849610385226E-01 +0.3078067574568841E+01
+0.6122561368500000E+01 +0.3129627930686258E+01 +0.3516716882083758E-01 +0.3082218786116089E+01
+0.6145237521716668E+01 +0.3133823759398332E+01 +0.3544848372358336E-01 +0.3086403170433724E+01
+0.6167913674933335E+01 +0.3138053132992818E+01 +0.3573247761251561E-01 +0.3090621042233210E+01
+0.6190589828150000E+01 +0.3142316370841734E+01 +0.3601918791458969E-01 +0.3094872720603463E+01
+0.6213265981366668E+01 +0.3146613796773611E+01 +0.3630865269628810E-01 +0.3099158529085233E+01
+0.6235942134583334E+01 +0.3150945739149655E+01 +0.3660091067693703E-01 +0.3103478795746986E+01
+0.6258618287800001E+01 +0.3155312530941221E+01 +0.3689600124234152E-01 +0.3107833853262472E+01
+0.6281294441016667E+01 +0.3159714509809143E+01 +0.3719396445875827E-01 +0.3112224038989755E+01
+0.6303970594233334E+01 +0.3164152018184537E+01 +0.3749484108720626E-01 +0.3116649695052038E+01
+0.6326646747450001E+01 +0.3168625403351422E+01 +0.3779867259813202E-01 +0.3121111168420091E+01
+0.6349322900666667E+01 +0.3173135017531023E+01 +0.3810550118643546E-01 +0.3125608810996434E+01
+0.6371999053883334E+01 +0.3177681217967848E+01 +0.3841536978686657E-01 +0.3130142979701336E+01
+0.6394675207100001E+01 +0.3182264367017626E+01 +0.3872832208980571E-01 +0.3134714036560595E+01
+0.6417351360316667E+01 +0.3186884832237138E+01 +0.3904440255743837E-01 +0.3139322348795192E+01
+0.6440027513533335E+01 +0.3191542986475850E+01 +0.3936365644033091E-01 +0.3143968288912867E+01
+0.6462703666750000E+01 +0.3196239207969652E+01 +0.3968612979442569E-01 +0.3148652234801666E+01
+0.6485379819966667E+01 +0.3200973880436512E+01 +0.4001186949846312E-01 +0.3153374569825459E+01
+0.6508055973183335E+01 +0.3205747393174256E+01 +0.4034092327184489E-01 +0.3158135682921586E+01
+0.6530732126400001E+01 +0.3210560141160439E+01 +0.4067333969294967E-01 +0.3162935968700516E+01
+0.6553408279616668E+01 +0.3215412525154306E+01 +0.4100916821791452E-01 +0.3167775827547797E+01
+0.6576084432833333E+01 +0.3220304951801250E+01 +0.4134845919990190E-01 +0.3172655665728108E+01
+0.6598760586050001E+01 +0.3225237833739099E+01 +0.4169126390885099E-01 +0.3177575895491656E+01
+0.6621436739266668E+01 +0.3230211589707239E+01 +0.4203763455174917E-01 +0.3182536935182920E+01
+0.6644112892483334E+01 +0.3235226644657753E+01 +0.4238762429341840E-01 +0.3187539209351715E+01
+0.6666789045700001E+01 +0.3240283429869292E+01 +0.4274128727784798E-01 +0.3192583148866809E+01
+0.6689465198916667E+01 +0.3245382383063236E+01 +0.4309867865007624E-01 +0.3197669191031993E+01
+0.6712141352133334E+01 +0.3250523948522631E+01 +0.4345985457864995E-01 +0.3202797779704730E+01
+0.6734817505350001E+01 +0.3255708577213702E+01 +0.4382487227866957E-01 +0.3207969365417556E+01
+0.6757493658566667E+01 +0.3260936726910147E+01 +0.4419379003544500E-01 +0.3213184405502053E+01
+0.6780169811783334E+01 +0.3266208862320136E+01 +0.4456666722877220E-01 +0.3218443364215764E+01
+0.6802845965000000E+01 +0.3271525455216256E+01 +0.4494356435785746E-01 +0.3223746712871864E+01
+0.6825522118216668E+01 +0.3276886984568475E+01 +0.4532454306690713E-01 +0.3229094929971827E+01
+0.6848198271433334E+01 +0.3282293936679891E+01 +0.4570966617139498E-01 +0.3234488501341136E+01
+0.6870874424650000E+01 +0.3287746805325976E+01 +0.4609899768504584E-01 +0.3239927920268023E+01
+0.6893550577866668E+01 +0.3293246091896500E+01 +0.4649260284753259E-01 +0.3245413687645470E+01
+0.6916226731083335E+01 +0.3298792305541331E+01 +0.4689054815293801E-01 +0.3250946312116428E+01
+0.6938902884300001E+01 +0.3304385963319097E+01 +0.4729290137897703E-01 +0.3256526310222405E+01
+0.6961579037516668E+01 +0.3310027590349503E+01 +0.4769973161702111E-01 +0.3262154206555573E+01
+0.6984255190733335E+01 +0.3315717719969310E+01 +0.4811110930294701E-01 +0.3267830533914260E+01
+0.7006931343950001E+01 +0.3321456893891744E+01 +0.4852710624882745E-01 +0.3273555833462263E+01
+0.7029607497166667E+01 +0.3327245662369826E+01 +0.4894779567550289E-01 +0.3279330654891783E+01
+0.7052283650383333E+01 +0.3333084584363432E+01 +0.4937325224604926E-01 +0.3285155556590216E+01
+0.7074959803600001E+01 +0.3338974227710400E+01 +0.4980355210018106E-01 +0.3291031105810963E+01
+0.7097635956816668E+01 +0.3344915169301678E+01 +0.5023877288961504E-01 +0.3296957878848200E+01
+0.7120312110033334E+01 +0.3350907995260587E+01 +0.5067899381442085E-01 +0.3302936461215874E+01
+0.7142988263250000E+01 +0.3356953301126499E+01 +0.5112429566040165E-01 +0.3308967447830980E+01
+0.7165664416466668E+01 +0.3363051692042849E+01 +0.5157476083752591E-01 +0.3315051443201244E+01
+0.7188340569683334E+01 +0.3369203782949685E+01 +0.5203047341945255E-01 +0.3321189061617323E+01
+0.7211016722900001E+01 +0.3375410198780928E+01 +0.5249151918418093E-01 +0.3327380927349665E+01
+0.7233692876116668E+01 +0.3381671574666456E+01 +0.5295798565586724E-01 +0.3333627674850179E+01
+0.7256369029333333E+01 +0.3387988556139039E+01 +0.5342996214783652E-01 +0.3339929948958810E+01
+0.7279045182550001E+01 +0.3394361799346398E+01 +0.5390753980683954E-01 +0.3346288405115181E+01
+0.7301721335766668E+01 +0.3400791971268565E+01 +0.5439081165859385E-01 +0.3352703709575487E+01
+0.7324397488983334E+01 +0.3407279749940478E+01 +0.5487987265464236E-01 +0.3359176539634669E+01
+0.7347073642200001E+01 +0.3413825824680248E+01 +0.5537481972058905E-01 +0.3365707583854206E+01
+0.7369749795416668E+01 +0.3420430896323016E+01 +0.5587575180574335E-01 +0.3372297542295518E+01
+0.7392425948633334E+01 +0.3427095677460693E+01 +0.5638276993422896E-01 +0.3378947126759223E+01
+0.7415102101850001E+01 +0.3433820892687813E+01 +0.5689597725760667E-01 +0.3385657061030440E+01
+0.7437778255066668E+01 +0.3440607278853455E+01 +0.5741547910905613E-01 +0.3392428081130234E+01
+0.7460454408283334E+01 +0.3447455585319714E+01 +0.5794138305917991E-01 +0.3399260935573500E+01
+0.7483130561500001E+01 +0.3454366574226636E+01 +0.5847379897347395E-01 +0.3406156385633345E+01
+0.7505806714716668E+01 +0.3461341020763898E+01 +0.5901283907152853E-01 +0.3413115205612285E+01
+0.7528482867933334E+01 +0.3468379713449717E+01 +0.5955861798802410E-01 +0.3420138183120356E+01
+0.7551159021150001E+01 +0.3475483454416573E+01 +0.6011125283556817E-01 +0.3427226119360443E+01
+0.7573835174366669E+01 +0.3482653059704720E+01 +0.6067086326945931E-01 +0.3434379829420966E+01
+0.7596511327583334E+01 +0.3489889359563035E+01 +0.6123757155442354E-01 +0.3441600142576160E+01
+0.7619187480800001E+01 +0.3497193198757874E+01 +0.6181150263341013E-01 +0.3448887902594284E+01
+0.7641863634016667E+01 +0.3504565436890122E+01 +0.6239278419851211E-01 +0.3456243968053779E+01
+0.7664539787233334E+01 +0.3512006948720340E+01 +0.6298154676408237E-01 +0.3463669212667884E+01
+0.7687215940450002E+01 +0.3519518624502775E+01 +0.6357792374213223E-01 +0.3471164525617766E+01
+0.7709892093666667E+01 +0.3527101370328093E+01 +0.6418205152008892E-01 +0.3478730811894495E+01
+0.7732568246883334E+01 +0.3534756108475374E+01 +0.6479406954099953E-01 +0.3486368992650257E+01
+0.7755244400100001E+01 +0.3542483777773514E+01 +0.6541412038626766E-01 +0.3494080005558803E+01
+0.7777920553316667E+01 +0.3550285333972343E+01 +0.6604234986101343E-01 +0.3501864805185761E+01
+0.7800596706533335E+01 +0.3558161750123712E+01 +0.6667890708215415E-01 +0.3509724363368901E+01
+0.7823272859750001E+01 +0.3566114016973250E+01 +0.6732394456931254E-01 +0.3517659669608731E+01
+0.7845949012966667E+01 +0.3574143143362416E+01 +0.6797761833863770E-01 +0.3525671731469770E+01
+0.7868625166183334E+01 +0.3582250156641847E+01 +0.6864008799966521E-01 +0.3533761574992807E+01
+0.7891301319400001E+01 +0.3590436103096097E+01 +0.6931151685532365E-01 +0.3541930245118521E+01
+0.7913977472616667E+01 +0.3598702048379920E+01 +0.6999207200519353E-01 +0.3550178806122835E+01
+0.7936653625833334E+01 +0.3607049077967028E+01 +0.7068192445216245E-01 +0.3558508342064370E+01
+0.7959329779050002E+01 +0.3615478297611046E+01 +0.7138124921258043E-01 +0.3566919957244348E+01
+0.7982005932266667E+01 +0.3623990833819655E+01 +0.7209022543006557E-01 +0.3575414776679449E+01
+0.8004682085483335E+01 +0.3632587834342008E+01 +0.7280903649309117E-01 +0.3583993946588013E+01
+0.8027358238700002E+01 +0.3641270468669982E+01 +0.7353787015649757E-01 +0.3592658634889915E+01
+0.8050034391916666E+01 +0.3650039928553646E+01 +0.7427691866708169E-01 +0.3601410031720766E+01
+0.8072710545133335E+01 +0.3658897428531635E+01 +0.7502637889342487E-01 +0.3610249349960737E+01
+0.8095386698350001E+01 +0.3667844206476487E+01 +0.7578645246010871E-01 +0.3619177825778599E+01
+0.8118062851566668E+01 +0.3676881524156156E+01 +0.7655734588651796E-01 +0.3628196719191475E+01
+0.8140739004783335E+01 +0.3686010667811213E+01 +0.7733927073036544E-01 +0.3637307314640807E+01
+0.8163415158000001E+01 +0.3695232948749592E+01 +0.7813244373618108E-01 +0.3646510921585067E+01
+0.8186091311216668E+01 +0.3704549703958217E+01 +0.7893708698890831E-01 +0.3655808875109862E+01
+0.8208767464433334E+01 +0.3713962296732782E+01 +0.7975342807283907E-01 +0.3665202536556023E+01
+0.8231443617650001E+01 +0.3723472117326343E+01 +0.8058170023609972E-01 +0.3674693294166150E+01
+0.8254119770866668E+01 +0.3733080583616903E+01 +0.8142214256089524E-01 +0.3684282563750396E+01
+0.8276795924083334E+01 +0.3742789141795272E+01 +0.8227500013976474E-01 +0.3693971789372257E+01
+0.8299472077300001E+01 +0.3752599267073210E+01 +0.8314052425806451E-01 +0.3703762444054714E+01
+0.8322148230516667E+01 +0.3762512464413233E+01 +0.8401897258296018E-01 +0.3713656030507821E+01
+0.8344824383733334E+01 +0.3772530269280502E+01 +0.8491060935917785E-01 +0.3723654081878257E+01
+0.8367500536950001E+01 +0.3782654248417481E+01 +0.8581570561179017E-01 +0.3733758162521789E+01
+0.8390176690166667E+01 +0.3792886000642446E+01 +0.8673453935633713E-01 +0.3743969868799234E+01
+0.8412852843383336E+01 +0.3803227157672561E+01 +0.8766739581658120E-01 +0.3754290829897033E+01
+0.8435528996600000E+01 +0.3813679384972406E+01 +0.8861456765021526E-01 +0.3764722708673096E+01
+0.8458205149816667E+01 +0.3824244382628986E+01 +0.8957635518286135E-01 +0.3775267202529041E+01
+0.8480881303033335E+01 +0.3834923886253903E+01 +0.9055306665069870E-01 +0.3785926044309501E+01
+0.8503557456250000E+01 +0.3845719667914044E+01 +0.9154501845209961E-01 +0.3796701003229816E+01
+0.8526233609466667E+01 +0.3856633537091685E+01 +0.9255253540865463E-01 +0.3807593885832988E+01
+0.8548909762683335E+01 +0.3867667341674874E+01 +0.9357595103597524E-01 +0.3818606536976834E+01
+0.8571585915900000E+01 +0.3878822968979738E+01 +0.9461560782472198E-01 +0.3829740840852808E+01
+0.8594262069116668E+01 +0.3890102346805328E+01 +0.9567185753227159E-01 +0.3840998722037392E+01
+0.8616938222333335E+01 +0.3901507444522595E+01 +0.9674506148550573E-01 +0.3852382146577316E+01
+0.8639614375550000E+01 +0.3913040274198773E+01 +0.9783559089520534E-01 +0.3863893123110033E+01
+0.8662290528766668E+01 +0.3924702891758260E+01 +0.9894382718255240E-01 +0.3875533704020633E+01
+0.8684966681983335E+01 +0.3936497398181654E+01 +0.1000701623182852E+00 +0.3887305986636642E+01
+0.8707642835200001E+01 +0.3948425940744288E+01 +0.1012149991750635E+00 +0.3899212114462111E+01
+0.8730318988416668E+01 +0.3960490714295906E+01 +0.1023787518936448E+00 +0.3911254278452690E+01
+0.8752995141633335E+01 +0.3972693962582686E+01 +0.1035618462634689E+00 +0.3923434718332939E+01
+0.8775671294850001E+01 +0.3985037979613979E+01 +0.1047647201183429E+00 +0.3935755723957892E+01
+0.8798347448066668E+01 +0.3997525111074660E+01 +0.1059878237478661E+00 +0.3948219636720346E+01
+0.8821023601283335E+01 +0.4010157755785833E+01 +0.1072316203253693E+00 +0.3960828851005750E+01
+0.8843699754500001E+01 +0.4022938367214595E+01 +0.1084965863530582E+00 +0.3973585815696665E+01
+0.8866375907716668E+01 +0.4035869455036391E+01 +0.1097832121252478E+00 +0.3986493035728651E+01
+0.8889052060933334E+01 +0.4048953586750340E+01 +0.1110920022104335E+00 +0.3999553073699645E+01
+0.8911728214150001E+01 +0.4062193389351178E+01 +0.1124234759531622E+00 +0.4012768551535164E+01
+0.8934404367366668E+01 +0.4075591551059206E+01 +0.1137781679965920E+00 +0.4026142152211220E+01
+0.8957080520583334E+01 +0.4089150823110656E+01 +0.1151566288267130E+00 +0.4039676621537821E+01
+0.8979756673800001E+01 +0.4102874021611663E+01 +0.1165594253393145E+00 +0.4053374770005036E+01
+0.9002432827016667E+01 +0.4116764029457538E+01 +0.1179871414307258E+00 +0.4067239474694446E+01
+0.9025108980233334E+01 +0.4130823798320637E+01 +0.1194403786135171E+00 +0.4081273681258782E+01
+0.9047785133450001E+01 +0.4145056350709639E+01 +0.1209197566583649E+00 +0.4095480405972296E+01
+0.9070461286666669E+01 +0.4159464782102875E+01 +0.1224259142633419E+00 +0.4109862737855215E+01
+0.9093137439883334E+01 +0.4174052263159456E+01 +0.1239595097520115E+00 +0.4124423840874961E+01
+0.9115813593100000E+01 +0.4188822042010765E+01 +0.1255212218017129E+00 +0.4139166956227772E+01
+0.9138489746316669E+01 +0.4203777446636291E+01 +0.1271117502035613E+00 +0.4154095404704012E+01
+0.9161165899533334E+01 +0.4218921887327348E+01 +0.1287318166557503E+00 +0.4169212589140615E+01
+0.9183842052750002E+01 +0.4234258859242413E+01 +0.1303821655918320E+00 +0.4184521996964774E+01
+0.9206518205966669E+01 +0.4249791945057614E+01 +0.1320635650457121E+00 +0.4200027202832463E+01
+0.9229194359183333E+01 +0.4265524817717633E+01 +0.1337768075553055E+00 +0.4215731871366123E+01
+0.9251870512400002E+01 +0.4281461243290394E+01 +0.1355227111067668E+00 +0.4231639759996007E+01
+0.9274546665616668E+01 +0.4297605083930563E+01 +0.1373021201214178E+00 +0.4247754721909359E+01
+0.9297222818833333E+01 +0.4313960300956762E+01 +0.1391159064875985E+00 +0.4264080709112751E+01
+0.9319898972050002E+01 +0.4330530958047495E+01 +0.1409649706397793E+00 +0.4280621775612198E+01
+0.9342575125266668E+01 +0.4347321224561243E+01 +0.1428502426874305E+00 +0.4297382080716590E+01
+0.9365251278483335E+01 +0.4364335378986047E+01 +0.1447726835962642E+00 +0.4314365892470015E+01
+0.9387927431700001E+01 +0.4381577812525233E+01 +0.1467332864246964E+00 +0.4331577591218852E+01
+0.9410603584916668E+01 +0.4399053032824433E+01 +0.1487330776184112E+00 +0.4349021673319658E+01
+0.9433279738133335E+01 +0.4416765667847876E+01 +0.1507731183662686E+00 +0.4366702754994675E+01
+0.9455955891350001E+01 +0.4434720469909182E+01 +0.1528545060207811E+00 +0.4384625576341530E+01
+0.9478632044566668E+01 +0.4452922319865740E+01 +0.1549783755868150E+00 +0.4402795005504482E+01
+0.9501308197783334E+01 +0.4471376231482959E+01 +0.1571459012821854E+00 +0.4421216043014908E+01
+0.9523984351000001E+01 +0.4490087355977085E+01 +0.1593582981741820E+00 +0.4439893826308776E+01
+0.9546660504216668E+01 +0.4509060986745282E+01 +0.1616168238962793E+00 +0.4458833634429922E+01
+0.9569336657433334E+01 +0.4528302564291479E+01 +0.1639227804495156E+00 +0.4478040892927797E+01
+0.9592012810650001E+01 +0.4547817681358053E+01 +0.1662775160933767E+00 +0.4497521178959132E+01
+0.9614688963866667E+01 +0.4567612088272972E+01 +0.1686824273312772E+00 +0.4517280226603577E+01
+0.9637365117083334E+01 +0.4587691698522984E+01 +0.1711389609960678E+00 +0.4537323932403773E+01
+0.9660041270300001E+01 +0.4608062594564628E+01 +0.1736486164414135E+00 +0.4557658361140660E+01
+0.9682717423516667E+01 +0.4628731033884104E+01 +0.1762129478451650E+00 +0.4578289751856224E+01
+0.9705393576733334E+01 +0.4649703455318923E+01 +0.1788335666313268E+00 +0.4599224524135687E+01
+0.9728069729950002E+01 +0.4670986485654771E+01 +0.1815121440176695E+00 +0.4620469284662144E+01
+0.9750745883166667E+01 +0.4692586946511041E+01 +0.1842504136964332E+00 +0.4642030834057959E+01
+0.9773422036383334E+01 +0.4714511861530229E+01 +0.1870501746561532E+00 +0.4663916174027030E+01
+0.9796098189600002E+01 +0.4736768463886908E+01 +0.1899132941531524E+00 +0.4686132514813710E+01
+0.9818774342816667E+01 +0.4759364204132413E+01 +0.1928417108417942E+00 +0.4708687282994672E+01
+0.9841450496033335E+01 +0.4782306758393534E+01 +0.1958374380732996E+00 +0.4731588129621237E+01
+0.9864126649250002E+01 +0.4805604036943221E+01 +0.1989025673735335E+00 +0.4754842938730405E+01
+0.9886802802466667E+01 +0.4829264193163441E+01 +0.2020392721109434E+00 +0.4778459836244227E+01
+0.9909478955683335E+01 +0.4853295632921064E+01 +0.2052498113666022E+00 +0.4802447199278237E+01
+0.9932155108900002E+01 +0.4877707024378822E+01 +0.2085365340191575E+00 +0.4826813665880737E+01
+0.9954831262116668E+01 +0.4902507308265666E+01 +0.2119018830584599E+00 +0.4851568145226628E+01
+0.9977507415333335E+01 +0.4927705708630570E+01 +0.2153484001425176E+00 +0.4876719828290176E+01
+0.1000018356855000E+02 +0.4953311744107303E+01 +0.2188787304136301E+00 +0.4902278199023099E+01
+0.1002285972176667E+02 +0.4979335239718269E+01 +0.2224956275906478E+00 +0.4928253046066225E+01
+0.1004553587498333E+02 +0.5005786339247290E+01 +0.2262019593555372E+00 +0.4954654475024106E+01
+0.1006821202820000E+02 +0.5032675518214167E+01 +0.2300007130538892E+00 +0.4981492921334386E+01
+0.1009088818141667E+02 +0.5060013597483870E+01 +0.2338950017303110E+00 +0.5008779163765459E+01
+0.1011356433463333E+02 +0.5087811757548240E+01 +0.2378880705214626E+00 +0.5036524338578626E+01
+0.1013624048785000E+02 +0.5116081553518167E+01 +0.2419833034310629E+00 +0.5064739954392271E+01
+0.1015891664106667E+02 +0.5144834930867129E+01 +0.2461842305130723E+00 +0.5093437907789470E+01
+0.1018159279428333E+02 +0.5174084241971240E+01 +0.2504945354914632E+00 +0.5122630499711771E+01
+0.1020426894750000E+02 +0.5203842263491946E+01 +0.2549180638470196E+00 +0.5152330452685954E+01
+0.1022694510071667E+02 +0.5234122214652061E+01 +0.2594588314041638E+00 +0.5182550928932705E+01
+0.1024962125393333E+02 +0.5264937776458304E+01 +0.2641210334533392E+00 +0.5213305549410204E+01
+0.1027229740715000E+02 +0.5296303111928093E+01 +0.2689090544474437E+00 +0.5244608413848919E+01
+0.1029497356036667E+02 +0.5328232887381791E+01 +0.2738274783138759E+00 +0.5276474121837667E+01
+0.1031764971358334E+02 +0.5360742294865178E+01 +0.2788810994271087E+00 +0.5308917795025417E+01
+0.1034032586680000E+02 +0.5393847075773401E+01 +0.2840749342906019E+00 +0.5341955100507810E+01
+0.1036300202001667E+02 +0.5427563545750903E+01 +0.2894142339807677E+00 +0.5375602275471866E+01
+0.1038567817323334E+02 +0.5461908620947728E+01 +0.2949044974102185E+00 +0.5409876153178070E+01
+0.1040835432645000E+02 +0.5496899845718370E+01 +0.3005514854723567E+00 +0.5444794190364254E+01
+0.1043103047966667E+02 +0.5532555421856463E+01 +0.3063612361348356E+00 +0.5480374496162447E+01
+0.1045370663288334E+02 +0.5568894239463392E+01 +0.3123400805550149E+00 +0.5516635862625081E+01
+0.1047638278610000E+02 +0.5605935909558335E+01 +0.3184946602971899E+00 +0.5553597796966051E+01
+0.1049905893931667E+02 +0.5643700798544256E+01 +0.3248319457383140E+00 +0.5591280555628442E+01
+0.1052173509253334E+02 +0.5682210064652317E+01 +0.3313592557565763E+00 +0.5629705180298809E+01
+0.1054441124575000E+02 +0.5721485696498014E+01 +0.3380842788059113E+00 +0.5668893535998730E+01
+0.1056708739896667E+02 +0.5761550553890888E+01 +0.3450150954886502E+00 +0.5708868351392315E+01
+0.1058976355218334E+02 +0.5802428411052089E+01 +0.3521602027490720E+00 +0.5749653261459791E+01
+0.1061243970540000E+02 +0.5844144002404382E+01 +0.3595285398217363E+00 +0.5791272852699207E+01
+0.1063511585861667E+02 +0.5886723071114270E+01 +0.3671295160813548E+00 +0.5833752711029889E+01
+0.1065779201183333E+02 +0.5930192420577113E+01 +0.3749730409544345E+00 +0.5877119472586013E+01
+0.1068046816505000E+02 +0.5974579969054842E+01 +0.3830695560687357E+00 +0.5921400877602604E+01
+0.1070314431826667E+02 +0.6019914807689457E+01 +0.3914300698331484E+00 +0.5966625827612924E+01
+0.1072582047148333E+02 +0.6066227262136076E+01 +0.4000661946597616E+00 +0.6012824446193518E+01
+0.1074849662470000E+02 +0.6113548958076805E+01 +0.4089901870604633E+00 +0.6060028143512817E+01
+0.1077117277791667E+02 +0.6161912890901721E+01 +0.4182149908740463E+00 +0.6108269684958999E+01
+0.1079384893113333E+02 +0.6211353499862927E+01 +0.4277542839050830E+00 +0.6157583264146991E+01
+0.1081652508435000E+02 +0.6261906747035940E+01 +0.4376225282848395E+00 +0.6208004580628286E+01
+0.1083920123756667E+02 +0.6313610201451399E+01 +0.4478350248965262E+00 +0.6259570922654410E+01
+0.1086187739078333E+02 +0.6366503128788145E+01 +0.4584079722425338E+00 +0.6312321255375398E+01
+0.1088455354400000E+02 +0.6420626587056419E+01 +0.4693585301715634E+00 +0.6366296314886028E+01
+0.1090722969721667E+02 +0.6476023528732576E+01 +0.4807048889275711E+00 +0.6421538708568261E+01
+0.1092990585043333E+02 +0.6532738909851879E+01 +0.4924663440328716E+00 +0.6478093022218016E+01
+0.1095258200365000E+02 +0.6590819806606969E+01 +0.5046633775731421E+00 +0.6536005934485370E+01
+0.1097525815686667E+02 +0.6650315540049701E+01 +0.5173177465149140E+00 +0.6595326339205085E+01
+0.1099793431008333E+02 +0.6711277809549164E+01 +0.5304525787567946E+00 +0.6656105476244901E+01
+0.1102061046330000E+02 +0.6773760835714167E+01 +0.5440924776943713E+00 +0.6718397071555579E+01
+0.1104328661651667E+02 +0.6837821513558938E+01 +0.5582636361688822E+00 +0.6782257487166551E+01
+0.1106596276973333E+02 +0.6903519576754700E+01 +0.5729939607692881E+00 +0.6847745881941174E+01
+0.1108863892295000E+02 +0.6970917773896304E+01 +0.5883132075724183E+00 +0.6914924383977173E+01
+0.1111131507616667E+02 +0.7040082057793855E+01 +0.6042531305336338E+00 +0.6983858275620777E+01
+0.1113399122938333E+02 +0.7111081788897405E+01 +0.6208476438867507E+00 +0.7054616192151909E+01
+0.1115666738260000E+02 +0.7183989954066605E+01 +0.6381330000771737E+00 +0.7127270335297137E+01
+0.1117934353581667E+02 +0.7258883402015738E+01 +0.6561479849407101E+00 +0.7201896702833454E+01
+0.1120201968903334E+02 +0.7335843096887444E+01 +0.6749341320536171E+00 +0.7278575335667475E+01
+0.1122469584225000E+02 +0.7414954391556368E+01 +0.6945359584245699E+00 +0.7357390583903502E+01
+0.1124737199546667E+02 +0.7496307322412859E+01 +0.7150012239766165E+00 +0.7438431393557888E+01
+0.1127004814868334E+02 +0.7579996927555144E+01 +0.7363812175867970E+00 +0.7521791615737230E+01
+0.1129272430190000E+02 +0.7666123590501730E+01 +0.7587310728149744E+00 +0.7607570340269111E+01
+0.1131540045511667E+02 +0.7754793411751475E+01 +0.7821101168733688E+00 +0.7695872255966083E+01
+0.1133807660833333E+02 +0.7846118610744616E+01 +0.8065822568689027E+00 +0.7786808039913400E+01
+0.1136075276155000E+02 +0.7940217961035199E+01 +0.8322164079054828E+00 +0.7880494778398378E+01
+0.1138342891476667E+02 +0.8037217261764750E+01 +0.8590869682731461E+00 +0.7977056422352449E+01
+0.1140610506798333E+02 +0.8137249848835241E+01 +0.8872743476907281E+00 +0.8076624280447938E+01
+0.1142878122120000E+02 +0.8240457149518868E+01 +0.9168655554257686E+00 +0.8179337553291973E+01
+0.1145145737441667E+02 +0.8346989284611496E+01 +0.9479548561095623E+00 +0.8285343912482087E+01
+0.1147413352763333E+02 +0.8457005722644832E+01 +0.9806445022222210E+00 +0.8394800128638259E+01
+0.1149680968085000E+02 +0.8570675991114147E+01 +0.1015045553570515E+01 +0.8507872752901275E+01
+0.1151948583406667E+02 +0.8688180450156738E+01 +0.1051278795654793E+01 +0.8624738856790664E+01
+0.1154216198728333E+02 +0.8809711134638425E+01 +0.1089475770664479E+01 +0.8745586835738543E+01
+0.1156483814050000E+02 +0.8935472671157777E+01 +0.1129779937001714E+01 +0.8870617282061760E+01
+0.1158751429371667E+02 +0.9065683277072765E+01 +0.1172347975774056E+01 +0.9000043933594217E+01
+0.1161019044693333E+02 +0.9200575849271761E+01 +0.1217351265689796E+01 +0.9134094704661669E+01
+0.1163286660015000E+02 +0.9340399151054424E+01 +0.1264977551325334E+01 +0.9273012806534544E+01
+0.1165554275336667E+02 +0.9485419106133889E+01 +0.1315432833919309E+01 +0.9417057964915088E+01
+0.1167821890658333E+02 +0.9635920209408583E+01 +0.1368943518816513E+01 +0.9566507742371106E+01
+0.1170089505980000E+02 +0.9792207064730571E+01 +0.1425758859592627E+01 +0.9721658973885242E+01
+0.1172357121301667E+02 +0.9954606060393273E+01 +0.1486153745939958E+01 +0.9882829323779722E+01
+0.1174624736623334E+02 +0.1012346719339500E+02 +0.1550431890822009E+01 +0.1005035897212387E+02
+0.1176892351945000E+02 +0.1029916605361348E+02 +0.1618929482506325E+01 +0.1022461243822207E+02
+0.1179159967266667E+02 +0.1048210597872575E+02 +0.1692019379225786E+01 +0.1040598054776400E+02
+0.1181427582588334E+02 +0.1067272038985066E+02 +0.1770115938848826E+01 +0.1059488254847543E+02
+0.1183695197910000E+02 +0.1087147531621371E+02 +0.1853680593610007E+01 +0.1079176837636189E+02
+0.1185962813231667E+02 +0.1107887211430156E+02 +0.1943228301355277E+01 +0.1099712107048352E+02
+0.1188230428553334E+02 +0.1129545038250159E+02 +0.2039335030742083E+01 +0.1121145932810584E+02
+0.1190498043875000E+02 +0.1152179106544378E+02 +0.2142646469461937E+01 +0.1143534018328955E+02
+0.1192765659196667E+02 +0.1175851973225522E+02 +0.2253888183135298E+01 +0.1166936177951865E+02
+0.1195033274518333E+02 +0.1200630999843550E+02 +0.2373877499703476E+01 +0.1191416618940771E+02
+0.1197300889840000E+02 +0.1226588704027363E+02 +0.2503537451930071E+01 +0.1217044220997741E+02
+0.1199568505161667E+02 +0.1253803112121132E+02 +0.2643913181545697E+01 +0.1243892802782006E+02
+0.1201836120483333E+02 +0.1282358100786072E+02 +0.2796191295719539E+01 +0.1272041360100759E+02
+0.1204103735805000E+02 +0.1312343709471024E+02 +0.2961722773730472E+01 +0.1301574253884102E+02
+0.1206371351126667E+02 +0.1343856397418502E+02 +0.3142050153582432E+01 +0.1332581316942441E+02
+0.1208638966448333E+02 +0.1376999207317887E+02 +0.3338939890422161E+01 +0.1365157835885001E+02
+0.1210906581770000E+02 +0.1411881781517640E+02 +0.3554420977566579E+01 +0.1399404347083889E+02
+0.1213174197091667E+02 +0.1448620153971549E+02 +0.3790831164182089E+01 +0.1435426161289234E+02
+0.1215441812413333E+02 +0.1487336209160897E+02 +0.4050872399326742E+01 +0.1473332497759370E+02
+0.1217709427735000E+02 +0.1528156654305866E+02 +0.4337677488029849E+01 +0.1513235061800112E+02
+0.1219977043056667E+02 +0.1571211287864724E+02 +0.4654890367347233E+01 +0.1555245834119589E+02
+0.1222244658378334E+02 +0.1616630257940660E+02 +0.5006762899646571E+01 +0.1599473748963926E+02
+0.1224512273700000E+02 +0.1664539877840554E+02 +0.5398271625964050E+01 +0.1646019810190964E+02
+0.1226779889021667E+02 +0.1715056387140405E+02 +0.5835258490471796E+01 +0.1694970015734393E+02
+0.1229047504343334E+02 +0.1768276793303381E+02 +0.6324600061133004E+01 +0.1746385211241935E+02
+0.1231315119665000E+02 +0.1824265570520468E+02 +0.6874410075784748E+01 +0.1800286645718059E+02
+0.1233582734986667E+02 +0.1883035486864606E+02 +0.7494279940716108E+01 +0.1856635519510655E+02
+0.1235850350308334E+02 +0.1944520121731677E+02 +0.8195560556634717E+01 +0.1915304151870959E+02
+0.1238117965630000E+02 +0.2008534651217091E+02 +0.8991685573945158E+01 +0.1976035497517295E+02
+0.1240385580951667E+02 +0.2074720136715682E+02 +0.9898529189568583E+01 +0.2038386555915679E+02
+0.1242653196273334E+02 +0.2142464775537512E+02 +0.1093477799073396E+02 +0.2101649715819785E+02
+0.1244920811595000E+02 +0.2210793342031226E+02 +0.1212227128920561E+02 +0.2164744317947574E+02
+0.1247188426916667E+02 +0.2278213518491975E+02 +0.1348622007319272E+02 +0.2226068968676825E+02
+0.1249456042238334E+02 +0.2342505572362190E+02 +0.1505513920662054E+02 +0.2283304130371593E+02
+0.1251723657560000E+02 +0.2400441408931865E+02 +0.1686020419029748E+02 +0.2333155917980118E+02
+0.1253991272881667E+02 +0.2447423830759800E+02 +0.1893355357871608E+02 +0.2371039236494092E+02
+0.1256258888203333E+02 +0.2477053669724326E+02 +0.2130479024584268E+02 +0.2390717594824998E+02
+0.1258526503525000E+02 +0.2480673312383518E+02 +0.2399461792234622E+02 +0.2383957991609195E+02
+0.1260794118846667E+02 +0.2447017494516040E+02 +0.2700432358499099E+02 +0.2340334402304410E+02
+0.1263061734168333E+02 +0.2362242301516257E+02 +0.3030005895157179E+02 +0.2247428771882746E+02
+0.1265329349490000E+02 +0.2210790180131541E+02 +0.3379233671567641E+02 +0.2091810428571860E+02
+0.1267596964811667E+02 +0.1977686004878127E+02 +0.3731485636233568E+02 +0.1861227191511252E+02
+0.1269864580133333E+02 +0.1652692502515036E+02 +0.4061303274686208E+02 +0.1548212238699367E+02
+0.1272132195455000E+02 +0.1235913049423447E+02 +0.4335869138383719E+02 +0.1154574026127364E+02
+0.1274399810776667E+02 +0.7428401616966081E+01 +0.4520540489796553E+02 +0.6950703743306263E+01
+0.1276667426098333E+02 +0.2054669536893103E+01 +0.4587994848651996E+02 +0.1977732177320488E+01
+0.1278935041420000E+02 -0.3331284240858092E+01 +0.4527411384523413E+02 -0.3005265918115597E+01
+0.1281202656741667E+02 -0.8295456564428248E+01 +0.4348535123999245E+02 -0.7627927381144229E+01
+0.1283470272063333E+02 -0.1250990625552428E+02 +0.4078006739347171E+02 -0.1160332968114670E+02
+0.1285737887385000E+02 -0.1581054340572048E+02 +0.3750329116553160E+02 -0.1477656745283256E+02
+0.1288005502706667E+02 -0.1818910864989510E+02 +0.3398600338763228E+02 -0.1712349367584226E+02
+0.1290273118028333E+02 -0.1974388917136640E+02 +0.3048746875865238E+02 -0.1871508043865913E+02
+0.1292540733350000E+02 -0.2062331183463147E+02 +0.2717862622779834E+02 -0.1967240495392030E+02
+0.1294808348671667E+02 -0.2098338346425409E+02 +0.2415260392413143E+02 -0.2012987847345441E+02
+0.1297075963993333E+02 -0.2096379416551318E+02 +0.2144570017014367E+02 -0.2021259212013783E+02
+0.1299343579315000E+02 -0.2067865038775209E+02 +0.1905807573228785E+02 -0.2002598637955172E+02
+0.1301611194636667E+02 -0.2021586782533830E+02 +0.1696976373182495E+02 -0.1965353787195103E+02
+0.1303878809958333E+02 -0.1964054402795537E+02 +0.1515144785434694E+02 -0.1915859159452856E+02
+0.1306146425280000E+02 -0.1899950868482988E+02 +0.1357101655484282E+02 -0.1858777838822056E+02
+0.1308414040601667E+02 -0.1832568281115866E+02 +0.1219718657379388E+02 -0.1797463077497979E+02
+0.1310681655923334E+02 -0.1764172950308905E+02 +0.1100127599383374E+02 -0.1734278301125603E+02
+0.1312949271245000E+02 -0.1696290504246723E+02 +0.9957890124589495E+01 -0.1670856690367900E+02
+0.1315216886566667E+02 -0.1629919685157352E+02 +0.9045011620335579E+01 -0.1608301573894186E+02
+0.1317484501888334E+02 -0.1565688718640217E+02 +0.8243791920265490E+01 -0.1547336520879986E+02
+0.1319752117210000E+02 -0.1503967890522340E+02 +0.7538214652648904E+01 -0.1488415624426128E+02
+0.1322019732531667E+02 -0.1444949769075682E+02 +0.6914724028059245E+01 -0.1431803531715476E+02
+0.1324287347853334E+02 -0.1388705975986858E+02 +0.6361865592814082E+01 -0.1377633039581857E+02
+0.1326554963175000E+02 -0.1335227156588042E+02 +0.5869960843038566E+01 -0.1325946303877331E+02
+0.1328822578496667E+02 -0.1284450998429593E+02 +0.5430823119422473E+01 -0.1276724192422908E+02
+0.1331090193818333E+02 -0.1236281783179691E+02 +0.5037514943472474E+01 -0.1229907108425591E+02
+0.1333357809140000E+02 -0.1190603955328545E+02 +0.4684143534022231E+01 -0.1185409698964006E+02
+0.1335625424461667E+02 -0.1147291469147036E+02 +0.4365689911213467E+01 -0.1143131188705020E+02
+0.1337893039783333E+02 -0.1106214160347461E+02 +0.4077866753064481E+01 -0.1102962588012156E+02
+0.1340160655105000E+02 -0.1067242023758480E+02 +0.3817000455817752E+01 -0.1064791670412259E+02
+0.1342428270426667E+02 -0.1030248020211385E+02 +0.3579933356869415E+01 -0.1028506360205377E+02
+0.1344695885748333E+02 -0.9951098535518188E+01 +0.3363942646853784E+01 -0.9939969890674133E+01
+0.1346963501070000E+02 -0.9617110299233858E+01 +0.3166673045414455E+01 -0.9611577503797198E+01
+0.1349231116391667E+02 -0.9299414204041067E+01 +0.2986080807969314E+01 -0.9298875869398959E+01
+0.1351498731713333E+02 -0.8996974835739788E+01 +0.2820387056717206E+01 -0.9000906810538035E+01
+0.1353766347035000E+02 -0.8708822588270442E+01 +0.2668038788577503E+01 -0.8716766682103893E+01
+0.1356033962356667E+02 -0.8434052087108082E+01 +0.2527676211466188E+01 -0.8445606612084221E+01
+0.1358301577678334E+02 -0.8171819654218606E+01 +0.2398105306195304E+01 -0.8186631469044219E+01
+0.1360569193000000E+02 -0.7921340200849520E+01 +0.2278274712417480E+01 -0.7939097999567966E+01
+0.1362836808321667E+02 -0.7681883816764365E+01 +0.2167256200978640E+01 -0.7702312451039775E+01
+0.1365104423643334E+02 -0.7452772240623245E+01 +0.2064228128393611E+01 -0.7475627902516196E+01
+0.1367372038965000E+02 -0.7233375336455644E+01 +0.1968461377567829E+01 -0.7258441459538250E+01
+0.1369639654286667E+02 -0.7023107658690968E+01 +0.1879307377021846E+01 -0.7050191420494185E+01
+0.1371907269608333E+02 -0.6821425158126414E+01 +0.1796187862593946E+01 -0.6850354487387312E+01
+0.1374174884930000E+02 -0.6627822060024847E+01 +0.1718586104034980E+01 -0.6658443068886953E+01
+0.1376442500251667E+02 -0.6441827930738062E+01 +0.1646039366612292E+01 -0.6474002705705267E+01
+0.1378710115573334E+02 -0.6263004939031025E+01 +0.1578132416851062E+01 -0.6296609635633843E+01
+0.1380977730895000E+02 -0.6090945311352945E+01 +0.1514491913522286E+01 -0.6125868506656415E+01
+0.1383245346216667E+02 -0.5925268975715650E+01 +0.1454781551262666E+01 -0.5961410240332508E+01
+0.1385512961538333E+02 -0.5765621385927937E+01 +0.1398697845857072E+01 -0.5802890043420577E+01
+0.1387780576860000E+02 -0.5611671516196606E+01 +0.1345966468086873E+01 -0.5649985562889571E+01
+0.1390048192181667E+02 -0.5463110015204283E+01 +0.1296339047851880E+01 -0.5502395177696823E+01
+0.1392315807503334E+02 -0.5319647508437138E+01 +0.1249590382562209E+01 -0.5359836419644788E+01
+0.1394583422825000E+02 -0.5181013037592995E+01 +0.1205515994032095E+01 -0.5222044515107843E+01
+0.1396851038146667E+02 -0.5046952626214076E+01 +0.1163929986655715E+01 -0.5088771039241767E+01
+0.1399118653468333E+02 -0.4917227961160513E+01 +0.1124663166803970E+01 -0.4959782674370624E+01
+0.1401386268790000E+02 -0.4791615180118027E+01 +0.1087561389402490E+01 -0.4834860064486600E+01
+0.1403653884111667E+02 -0.4669903755949013E+01 +0.1052484102724335E+01 -0.4713796758152732E+01
+0.1405921499433333E+02 -0.4551895469338154E+01 +0.1019303066731380E+01 -0.4596398232507474E+01
+0.1408189114755000E+02 -0.4437403461815313E+01 +0.9879012239524896E+00 -0.4482480991525484E+01
+0.1410456730076667E+02 -0.4326251361855839E+01 +0.9581717050130452E+00 -0.4371871732148120E+01
+0.1412724345398333E+02 -0.4218272477345579E+01 +0.9300169536179543E+00 -0.4264406572361874E+01
+0.1414991960720000E+02 -0.4113309048257953E+01 +0.9033479581211182E+00 -0.4159930335762952E+01
+0.1417259576041667E+02 -0.4011211553917542E+01 +0.8780835788534969E+00 -0.4058295887583960E+01
+0.1419527191363334E+02 -0.3911838069724054E+01 +0.8541499621873757E+00 -0.3959363517601615E+01
+0.1421794806685000E+02 -0.3815053668685009E+01 +0.8314800339372075E+00 -0.3863000365761621E+01
+0.1424062422006667E+02 -0.3720729863565677E+01 +0.8100130661838852E+00 -0.3769079886783303E+01
+0.1426330037328333E+02 -0.3628744085913655E+01 +0.7896943129986933E+00 -0.3677481350432778E+01
+0.1428597652650000E+02 -0.3538979198676778E+01 +0.7704747118809130E+00 -0.3588089374602695E+01
+0.1430865267971667E+02 -0.3451323039614014E+01 +0.7523106490441311E+00 -0.3500793488820340E+01
+0.1433132883293334E+02 -0.3365667993233315E+01 +0.7351637880366177E+00 -0.3415487726357070E+01
+0.1435400498615000E+02 -0.3281910589604743E+01 +0.7190009626024921E+00 -0.3332070243755723E+01
+0.1437668113936667E+02 -0.3199951129141002E+01 +0.7037941362332920E+00 -0.3250442967385352E+01
+0.1439935729258333E+02 -0.3119693333371027E+01 +0.6895204325780486E+00 -0.3170511267629548E+01
+0.1442203344580000E+02 -0.3041044022943726E+01 +0.6761622428369648E+00 -0.3092183662618305E+01
+0.1444470959901667E+02 -0.2963912825710365E+01 +0.6637074185299463E+00 -0.3015371555127719E+01
+0.1446738575223334E+02 -0.2888211919915051E+01 +0.6521495606839430E+00 -0.2939989008598903E+01
+0.1449006190545000E+02 -0.2813855820517174E+01 +0.6414884196074607E+00 -0.2865952571378332E+01
+0.1451273805866667E+02 -0.2740761220816544E+01 +0.6317304230962565E+00 -0.2793181162621829E+01
+0.1453541421188334E+02 -0.2668846907339450E+01 +0.6228893552066954E+00 -0.2721596039292466E+01
+0.1455809036510000E+02 -0.2598033774057107E+01 +0.6149872126556979E+00 -0.2651120871992797E+01
+0.1458076651831667E+02 -0.2528244973425313E+01 +0.6080552713690044E+00 -0.2581681968927411E+01
+0.1460344267153334E+02 -0.2459406257833518E+01 +0.6021354013982058E+00 -0.2513208703386303E+01
+0.1462611882475000E+02 -0.2391446587767660E+01 +0.5972816736607023E+00 -0.2445634222528012E+01
+0.1464879497796667E+02 -0.2324299115002909E+01 +0.5935623052940445E+00 -0.2378896546311053E+01
+0.1467147113118333E+02 -0.2257902694082729E+01 +0.5910619891333049E+00 -0.2312940208245026E+01
+0.1469414728440000E+02 -0.2192204137947835E+01 +0.5898846419282731E+00 -0.2247718648037636E+01
+0.1471682343761667E+02 -0.2127161519637057E+01 +0.5901565765652158E+00 -0.2183197644377510E+01
+0.1473949959083334E+02 -0.2062748937603184E+01 +0.5920300404254125E+00 -0.2119360177533550E+01
+0.1476217574405000E+02 -0.1998963311571057E+01 +0.5956869393230743E+00 -0.2056213236209892E+01
+0.1478485189726667E+02 -0.1935833955686735E+01 +0.6013423423403932E+00 -0.1993797221668026E+01
+0.1480752805048333E+02 -0.1873435862676516E+01 +0.6092469727387496E+00 -0.1932198723040053E+01
+0.1483020420370000E+02 -0.1811907758503233E+01 +0.6196872428203621E+00 -0.1871567464549419E+01
+0.1485288035691667E+02 -0.1751475892581592E+01 +0.6329803787013241E+00 -0.1812137998825595E+01
+0.1487555651013334E+02 -0.1692483894460814E+01 +0.6494607333898685E+00 -0.1754255949498488E+01
+0.1489823266335000E+02 -0.1635427302548972E+01 +0.6694516191865378E+00 -0.1698406839196868E+01
+0.1492090881656667E+02 -0.1580987805412370E+01 +0.6932155245264588E+00 -0.1645242258964868E+01
+0.1494358496978333E+02 -0.1530056305030280E+01 +0.7208759978670922E+00 -0.1595593182993079E+01
+0.1496626112300000E+02 -0.1483726491831715E+01 +0.7523094336617138E+00 -0.1550454714686822E+01
+0.1498893727621667E+02 -0.1443235616433915E+01 +0.7870166643046361E+00 -0.1510923681499573E+01
+0.1501161342943334E+02 -0.1409832754381531E+01 +0.8240003239601500E+00 -0.1478074358569152E+01
+0.1503428958265000E+02 -0.1384568461653804E+01 +0.8616857971123686E+00 -0.1452768482262341E+01
+0.1505696573586667E+02 -0.1368013451941922E+01 +0.8979278860979931E+00 -0.1435408758041253E+01
+0.1507964188908334E+02 -0.1359926558099507E+01 +0.9301591402796743E+00 -0.1425664053650291E+01
+0.1510231804230000E+02 -0.1358944401096509E+01 +0.9557612650719516E+00 -0.1422242254913447E+01
+0.1512499419551667E+02 -0.1362481635236292E+01 +0.9726946741644780E+00 -0.1422860158531071E+01
+0.1514767034873334E+02 -0.1367082340181526E+01 +0.9802141933982247E+00 -0.1424566261473192E+01
+0.1517034650195000E+02 -0.1369253907627267E+01 +0.9792735689953644E+00 -0.1424408923229259E+01
+0.1519302265516667E+02 -0.1366434916129903E+01 +0.9722940679635681E+00 -0.1420189059178208E+01
+0.1521569880838334E+02 -0.1357592574332727E+01 +0.9623743699182814E+00 -0.1410937225747529E+01
+0.1523837496160000E+02 -0.1343196514974466E+01 +0.9523674399322057E+00 -0.1396921571003655E+01
+0.1526105111481667E+02 -0.1324701044880096E+01 +0.9442463925784779E+00 -0.1379264922696501E+01
+0.1528372726803333E+02 -0.1303864759540084E+01 +0.9389358486058643E+00 -0.1359412582371681E+01
+0.1530640342125000E+02 -0.1282214206188822E+01 +0.9365443450085507E+00 -0.1338695454387420E+01
+0.1532907957446667E+02 -0.1260832302353047E+01 +0.9367854981350359E+00 -0.1318136041625391E+01
+0.1535175572768333E+02 -0.1240473769831393E+01 +0.9393198147898996E+00 -0.1298499935394754E+01
+0.1537443188090000E+02 -0.1221819201918729E+01 +0.9438265165307608E+00 -0.1280454229511332E+01
+0.1539710803411667E+02 -0.1205600267351935E+01 +0.9498278960225489E+00 -0.1264642844871486E+01
+0.1541978418733333E+02 -0.1192455246843930E+01 +0.9564944514355594E+00 -0.1251580877414481E+01
+0.1544246034055000E+02 -0.1182623200478620E+01 +0.9626793214356237E+00 -0.1241444573637053E+01
+0.1546513649376667E+02 -0.1175752818323555E+01 +0.9672333671007775E+00 -0.1233947633480205E+01
+0.1548781264698334E+02 -0.1171032435200588E+01 +0.9693871909276162E+00 -0.1228440696074764E+01
+0.1551048880020000E+02 -0.1167567372187102E+01 +0.9688929713711401E+00 -0.1224178457412602E+01
+0.1553316495341667E+02 -0.1164689296054657E+01 +0.9658260261013415E+00 -0.1220542352148235E+01
+0.1555584110663333E+02 -0.1161948902351145E+01 +0.9602751806576661E+00 -0.1217055047339032E+01
+0.1557851725985000E+02 -0.1158874659100429E+01 +0.9522502543295901E+00 -0.1213240540042956E+01
+0.1560119341306667E+02 -0.1154824851107376E+01 +0.9418849618393389E+00 -0.1208543043592168E+01
+0.1562386956628334E+02 -0.1149152322139453E+01 +0.9296808718783676E+00 -0.1202447618220229E+01
+0.1564654571950000E+02 -0.1141559828776779E+01 +0.9164777854924955E+00 -0.1194721387851535E+01
+0.1566922187271667E+02 -0.1132311475602068E+01 +0.9030998384879212E+00 -0.1185550330542623E+01
+0.1569189802593333E+02 -0.1122079082184147E+01 +0.8899295281962016E+00 -0.1175417811082901E+01
+0.1571457417915000E+02 -0.1111496080545107E+01 +0.8767309580761307E+00 -0.1164774535532899E+01
+0.1573725033236667E+02 -0.1100710129537787E+01 +0.8628670386989929E+00 -0.1153710634497340E+01
+0.1575992648558334E+02 -0.1089236636869308E+01 +0.8477843555439183E+00 -0.1141849173224911E+01
+0.1578260263880000E+02 -0.1076216555999814E+01 +0.8314468802721452E+00 -0.1128533236458505E+01
+0.1580527879201667E+02 -0.1060893755718715E+01 +0.8144324410565507E+00 -0.1113174453602308E+01
+0.1582795494523333E+02 -0.1042977664504842E+01 +0.7976632154967008E+00 -0.1095526910710565E+01
+0.1585063109845000E+02 -0.1022678954473101E+01 +0.7820060302520044E+00 -0.1075730997121408E+01
+0.1587330725166667E+02 -0.1000472494172808E+01 +0.7680264631643416E+00 -0.1054156022672943E+01
+0.1589598340488334E+02 -0.9768177991933970E+00 +0.7560132754695859E+00 -0.1031200730171578E+01
+0.1591865955810000E+02 -0.9520440868129076E+00 +0.7461746593523534E+00 -0.1007202001570621E+01
+0.1594133571131667E+02 -0.9264405872182229E+00 +0.7388063633268862E+00 -0.9824878214739767E+00
+0.1596401186453333E+02 -0.9004299049542098E+00 +0.7343000808068448E+00 -0.9574954548917949E+00
+0.1598668801775000E+02 -0.8746730241231505E+00 +0.7330142112527669E+00 -0.9328490015785982E+00
+0.1600936417096667E+02 -0.8500521660991234E+00 +0.7351172158705348E+00 -0.9093498858730886E+00
+0.1603204032418333E+02 -0.8275741412255313E+00 +0.7404813874740304E+00 -0.8879004095222405E+00
+0.1605471647740000E+02 -0.8082466134617959E+00 +0.7486364949784716E+00 -0.8693971926267203E+00
+0.1607739263061667E+02 -0.7929476241926984E+00 +0.7587758311735484E+00 -0.8546179881725509E+00
+0.1610006878383333E+02 -0.7823097775105834E+00 +0.7698192506786417E+00 -0.8441235066744612E+00
+0.1612274493705000E+02 -0.7766575699215861E+00 +0.7805142717506253E+00 -0.8381986362177731E+00
+0.1614542109026667E+02 -0.7760031032997796E+00 +0.7895150759391152E+00 -0.8368312476126163E+00
+0.1616809724348333E+02 -0.7800318108589580E+00 +0.7954012896843057E+00 -0.8396826677094567E+00
+0.1619077339670000E+02 -0.7879960253096271E+00 +0.7967022102073456E+00 -0.8460049963923983E+00
+0.1621344954991667E+02 -0.7985518479988457E+00 +0.7920687201572936E+00 -0.8545432477951647E+00
+0.1623612570313334E+02 -0.8097337706970656E+00 +0.7806415982390731E+00 -0.8635558620324961E+00
+0.1625880185635000E+02 -0.8192482673228318E+00 +0.7624321615185529E+00 -0.8710629841382906E+00
+0.1628147800956667E+02 -0.8250139121352684E+00 +0.7384156546081271E+00 -0.8752602853775553E+00
+0.1630415416278334E+02 -0.8256278941691253E+00 +0.7102273444056494E+00 -0.8748781137838488E+00
+0.1632683031600000E+02 -0.8204900436274147E+00 +0.6796720924518935E+00 -0.8692999872379887E+00
+0.1634950646921667E+02 -0.8096119939238564E+00 +0.6483630753655438E+00 -0.8584475887979135E+00
+0.1637218262243334E+02 -0.7933500270043474E+00 +0.6176162977000045E+00 -0.8425868355118089E+00
+0.1639485877565000E+02 -0.7722451852194731E+00 +0.5884964013701125E+00 -0.8221889405275427E+00
+0.1641753492886667E+02 -0.7469744678717636E+00 +0.5618624789567308E+00 -0.7978671368740071E+00
+0.1644021108208334E+02 -0.7183267903016618E+00 +0.5383638311934187E+00 -0.7703401671866161E+00
+0.1646288723530000E+02 -0.6871527042964287E+00 +0.5184216161129778E+00 -0.7403852886464806E+00
+0.1648556338851667E+02 -0.6542979435978795E+00 +0.5022351732949539E+00 -0.7087820540847141E+00
+0.1650823954173334E+02 -0.6205491890833038E+00 +0.4898164348963596E+00 -0.6762645667452576E+00
+0.1653091569495000E+02 -0.5866044968801571E+00 +0.4810344626180592E+00 -0.6434921360119212E+00
+0.1655359184816667E+02 -0.5530624219484965E+00 +0.4756551686762410E+00 -0.6110359160867795E+00
+0.1657626800138334E+02 -0.5204200251785122E+00 +0.4733742556026908E+00 -0.5793754360325671E+00
+0.1659894415460000E+02 -0.4890785823309229E+00 +0.4738469932522159E+00 -0.5489032822330122E+00
+0.1662162030781667E+02 -0.4593614998862211E+00 +0.4767104394909740E+00 -0.5199386472233847E+00
+0.1664429646103333E+02 -0.4315391780632470E+00 +0.4815847701041928E+00 -0.4927437018988661E+00
+0.1666697261425000E+02 -0.4058384802278959E+00 +0.4880486445846706E+00 -0.4675265074300070E+00
+0.1668964876746667E+02 -0.3824121832607928E+00 +0.4956091986164740E+00 -0.4444149254527490E+00
+0.1671232492068334E+02 -0.3612693233950849E+00 +0.5037094066925927E+00 -0.4234059156393459E+00
+0.1673500107390000E+02 -0.3422105201229763E+00 +0.5118067929041248E+00 -0.4043244499074785E+00
+0.1675767722711667E+02 -0.3248366179492088E+00 +0.5195060460536711E+00 -0.3868392300999439E+00
+0.1678035338033333E+02 -0.3086633809233529E+00 +0.5266666956091657E+00 -0.3705541204225897E+00
+0.1680302953355000E+02 -0.2932915118437940E+00 +0.5334035432660731E+00 -0.3551377079558915E+00
+0.1682570568676667E+02 -0.2785314970464923E+00 +0.5399737688325901E+00 -0.3404212802500721E+00
+0.1684838183998334E+02 -0.2644247033909266E+00 +0.5466253288979839E+00 -0.3264219944777755E+00
+0.1687105799320000E+02 -0.2511852181031570E+00 +0.5534816964035487E+00 -0.3133017583118360E+00
+0.1689373414641667E+02 -0.2391160666012344E+00 +0.5604743158745180E+00 -0.3012944235792443E+00
+0.1691641029963333E+02 -0.2285102459092228E+00 +0.5672962223330278E+00 -0.2906115424421081E+00
+0.1693908645285000E+02 -0.2195058919440342E+00 +0.5733865360903574E+00 -0.2813161807752700E+00
+0.1696176260606667E+02 -0.2119002666690489E+00 +0.5780141367148827E+00 -0.2731807744773318E+00
+0.1698443875928334E+02 -0.2050194872321852E+00 +0.5805129746243406E+00 -0.2656027695590337E+00
+0.1700711491250000E+02 -0.1977801105999514E+00 +0.5806044170364768E+00 -0.2576687394795154E+00
+0.1702979106571667E+02 -0.1889795417353975E+00 +0.5786261376450228E+00 -0.2483842948111661E+00
+0.1705246721893333E+02 -0.1776796941535576E+00 +0.5755144511146763E+00 -0.2369714660620128E+00
+0.1707514337215000E+02 -0.1634782657474854E+00 +0.5725570116294930E+00 -0.2230883901450194E+00
+0.1709781952536667E+02 -0.1465663614308999E+00 +0.5710754601853252E+00 -0.2068927565299985E+00
+0.1712049567858334E+02 -0.1276259080046609E+00 +0.5721859591666806E+00 -0.1889762298259643E+00
+0.1714317183180000E+02 -0.1076803178240242E+00 +0.5766753541559591E+00 -0.1702468821231773E+00
+0.1716584798501667E+02 -0.8796808001575010E-01 +0.5849455508848068E+00 -0.1518140272812905E+00
+0.1718852413823334E+02 -0.6983748698050787E-01 +0.5969682096152704E+00 -0.1348806528223472E+00
+0.1721120029145000E+02 -0.5461976769321827E-01 +0.6122329083646865E+00 -0.1206176492554352E+00
+0.1723387644466667E+02 -0.4344487132970162E-01 +0.6297246398429397E+00 -0.1099988781265155E+00
+0.1725655259788333E+02 -0.3701251256149393E-01 +0.6479958902972334E+00 -0.1036120450237268E+00
+0.1727922875110000E+02 -0.3539383745607230E-01 +0.6653767710552111E+00 -0.1015042141283911E+00
+0.1730190490431667E+02 -0.3796628852812543E-01 +0.6802914398439922E+00 -0.1031359374609169E+00
+0.1732458105753334E+02 -0.4353396186440219E-01 +0.6915705030502346E+00 -0.1074795354011773E+00
+0.1734725721075000E+02 -0.5058464542099094E-01 +0.6986438203976144E+00 -0.1132269894532716E+00
+0.1736993336396667E+02 -0.5757512982324382E-01 +0.7015785803414736E+00 -0.1190308298052436E+00
+0.1739260951718333E+02 -0.6317118599987552E-01 +0.7010094302375309E+00 -0.1237196909684435E+00
+0.1741528567040000E+02 -0.6643917596752899E-01 +0.6980085368971118E+00 -0.1264726027638536E+00
+0.1743796182361667E+02 -0.6699579628307861E-01 +0.6938912631808045E+00 -0.1269445657439350E+00
+0.1746063797683334E+02 -0.6507092574055517E-01 +0.6899480123861725E+00 -0.1253105105748502E+00
+0.1748331413005000E+02 -0.6142348393983946E-01 +0.6871571998288111E+00 -0.1221907147987793E+00
+0.1750599028326667E+02 -0.5711361423336447E-01 +0.6859802100292905E+00 -0.1184636181024115E+00
+0.1752866643648333E+02 -0.5320820256004938E-01 +0.6863090220795678E+00 -0.1150239000605342E+00
+0.1755134258970000E+02 -0.5051786178808404E-01 +0.6875685689722808E+00 -0.1125624146432471E+00
+0.1757401874291667E+02 -0.4943592317694886E-01 +0.6889206729649616E+00 -0.1114258264767347E+00
+0.1759669489613334E+02 -0.4989944467476475E-01 +0.6894962440333725E+00 -0.1115763253301243E+00
+0.1761937104935000E+02 -0.5145124989477734E-01 +0.6886031714388614E+00 -0.1126415385673674E+00
+0.1764204720256667E+02 -0.5338301704179510E-01 +0.6858869403303255E+00 -0.1140388778969277E+00
+0.1766472335578333E+02 -0.5495269880360266E-01 +0.6814083228443201E+00 -0.1151570324699354E+00
+0.1768739950900000E+02 -0.5562768490959310E-01 +0.6755785429917391E+00 -0.1155472083630371E+00
+0.1771007566221667E+02 -0.5523936714884833E-01 +0.6689445097709654E+00 -0.1150406871522898E+00
+0.1773275181543334E+02 -0.5395388095708873E-01 +0.6619251719062621E+00 -0.1137280577987339E+00
+0.1775542796865000E+02 -0.5207627896928514E-01 +0.6546461151146357E+00 -0.1118136409277459E+00
+0.1777810412186667E+02 -0.4980836553510168E-01 +0.6469573122048211E+00 -0.1094332870217916E+00
+0.1780078027508333E+02 -0.4710071635827653E-01 +0.6386064156885185E+00 -0.1065403752449305E+00
+0.1782345642830000E+02 -0.4367410155397609E-01 +0.6294492931765088E+00 -0.1029162142445017E+00
+0.1784613258151667E+02 -0.3917292358316678E-01 +0.6195665602865379E+00 -0.9827938139555892E-01
+0.1786880873473334E+02 -0.3333327470153583E-01 +0.6092345795370744E+00 -0.9241132413496644E-01
+0.1789148488795000E+02 -0.2606420631574837E-01 +0.5988032899711627E+00 -0.8522296007349928E-01
+0.1791416104116667E+02 -0.1742010781740607E-01 +0.5885754072000305E+00 -0.7674090138566392E-01
+0.1793683719438333E+02 -0.7509603974596690E-02 +0.5787557290293113E+00 -0.6704414404482040E-01
+0.1795951334760000E+02 +0.3586695271959314E-02 +0.5694854221362178E+00 -0.5620502096792457E-01
+0.1798218950081667E+02 +0.1583188249514725E-01 +0.5609207547981443E+00 -0.4427699157688680E-01
+0.1800486565403333E+02 +0.2917585424609451E-01 +0.5532882776669488E+00 -0.3133452612580312E-01
+0.1802754180725000E+02 +0.4347181501475884E-01 +0.5468722554861348E+00 -0.1753342886346831E-01
+0.1805021796046667E+02 +0.5842203590411637E-01 +0.5419396905451513E+00 -0.3150094908226153E-02
+0.1807289411368334E+02 +0.7358347497686792E-01 +0.5386379153726212E+00 +0.1142662304561948E-01
+0.1809557026690000E+02 +0.8843915253219486E-01 +0.5369029366717293E+00 +0.2575752842325507E-01
+0.1811824642011667E+02 +0.1025262203461749E+00 +0.5364162459082605E+00 +0.3945939659077358E-01
+0.1814092257333334E+02 +0.1155888436828071E+00 +0.5366483012222032E+00 +0.5232550080965537E-01
+0.1816359872655000E+02 +0.1276902887715816E+00 +0.5370045519552107E+00 +0.6440808541284870E-01
+0.1818627487976667E+02 +0.1392086678322728E+00 +0.5370308506279354E+00 +0.7600935255714758E-01
+0.1820895103298334E+02 +0.1506924597263129E+00 +0.5365771088487344E+00 +0.8756791353302196E-01
+0.1823162718620000E+02 +0.1626420599713585E+00 +0.5358256329050113E+00 +0.9949077147468610E-01
+0.1825430333941667E+02 +0.1753340926565239E+00 +0.5351716014632606E+00 +0.1120163736905442E+00
+0.1827697949263334E+02 +0.1887740951315046E+00 +0.5350299089362081E+00 +0.1251738556549330E+00
+0.1829965564585000E+02 +0.2027862271257984E+00 +0.5356742058832571E+00 +0.1388472523903506E+00
+0.1832233179906667E+02 +0.2171791543606181E+00 +0.5371886970636585E+00 +0.1528983664372972E+00
+0.1834500795228334E+02 +0.2318893048425937E+00 +0.5395536634300739E+00 +0.1672720862738191E+00
+0.1836768410550000E+02 +0.2470104534284527E+00 +0.5428102072938263E+00 +0.1820167142781444E+00
+0.1839036025871667E+02 +0.2626843129488572E+00 +0.5471940056185635E+00 +0.1972027549669848E+00
+0.1841303641193334E+02 +0.2789215127344934E+00 +0.5531425446967317E+00 +0.2127910985680506E+00
+0.1843571256515000E+02 +0.2954712373014218E+00 +0.5611681517412878E+00 +0.2285356908224371E+00
+0.1845838871836667E+02 +0.3118184620847191E+00 +0.5716796247595486E+00 +0.2439792223305585E+00
+0.1848106487158334E+02 +0.3272992974276849E+00 +0.5848601425348878E+00 +0.2585368054619680E+00
+0.1850374102480000E+02 +0.3412530970635027E+00 +0.6006650327245928E+00 +0.2716078138905750E+00
+0.1852641717801667E+02 +0.3531097906078479E+00 +0.6189248034038678E+00 +0.2826405525815403E+00
+0.1854909333123334E+02 +0.3623513377100231E+00 +0.6394663346090255E+00 +0.2911061465523784E+00
+0.1857176948445000E+02 +0.3683715643079401E+00 +0.6621422341918206E+00 +0.2964015618318780E+00
+0.1859444563766667E+02 +0.3703362303605917E+00 +0.6867073842969227E+00 +0.2977587964073827E+00
+0.1861712179088333E+02 +0.3671643259407851E+00 +0.7125696147740319E+00 +0.2942531674409884E+00
+0.1863979794410000E+02 +0.3577131509852278E+00 +0.7385174777933277E+00 +0.2849735991853612E+00
+0.1866247409731667E+02 +0.3411762251590425E+00 +0.7625743018756959E+00 +0.2693545368925739E+00
+0.1868515025053334E+02 +0.3175993435441974E+00 +0.7821325159659176E+00 +0.2475831815970549E+00
+0.1870782640375000E+02 +0.2883042699523250E+00 +0.7944509065768230E+00 +0.2209101352365269E+00
+0.1873050255696667E+02 +0.2559498653766450E+00 +0.7974263791819662E+00 +0.1916611079743725E+00
+0.1875317871018333E+02 +0.2240586208663996E+00 +0.7903342449219541E+00 +0.1628386944039010E+00
+0.1877585486340000E+02 +0.1961243017034717E+00 +0.7741384105351019E+00 +0.1374173427649336E+00
+0.1879853101661667E+02 +0.1747138139490980E+00 +0.7511707838815775E+00 +0.1176367737282648E+00
+0.1882120716983334E+02 +0.1609937458153574E+00 +0.7243648783684765E+00 +0.1046075573782812E+00
+0.1884388332305000E+02 +0.1548140076694050E+00 +0.6964614599989349E+00 +0.9833990024017414E-01
+0.1886655947626667E+02 +0.1551579948876209E+00 +0.6695115887640835E+00 +0.9807443984321307E-01
+0.1888923562948333E+02 +0.1606677406447914E+00 +0.6447496732094022E+00 +0.1027010993981990E+00
+0.1891191178270000E+02 +0.1700470677591809E+00 +0.6227305969870471E+00 +0.1111018958602317E+00
+0.1893458793591667E+02 +0.1822769629744669E+00 +0.6035877282016857E+00 +0.1223474266625674E+00
+0.1895726408913334E+02 +0.1966509641789866E+00 +0.5873013377056918E+00 +0.1357429517532002E+00
+0.1897994024235000E+02 +0.2126689187253062E+00 +0.5738953408130951E+00 +0.1507559939305880E+00
+0.1900261639556667E+02 +0.2298596545355073E+00 +0.5635040239176997E+00 +0.1668850797694138E+00
+0.1902529254878334E+02 +0.2476286333326857E+00 +0.5563015582381785E+00 +0.1835449462228156E+00
+0.1904796870200000E+02 +0.2652072253702019E+00 +0.5523513175783230E+00 +0.2000276941818823E+00
+0.1907064485521667E+02 +0.2817206452392875E+00 +0.5514620354985464E+00 +0.2155556899613830E+00
+0.1909332100843334E+02 +0.2963347514093964E+00 +0.5531193183805850E+00 +0.2293979488301231E+00
+0.1911599716165000E+02 +0.3084153959064513E+00 +0.5565166002031903E+00 +0.2409991523788568E+00
+0.1913867331486667E+02 +0.3176408418082380E+00 +0.5606633188923977E+00 +0.2500748341341099E+00
+0.1916134946808334E+02 +0.3240429307215950E+00 +0.5645199806743473E+00 +0.2566520898424579E+00
+0.1918402562130000E+02 +0.3279949544065361E+00 +0.5671191578792509E+00 +0.2610644828928501E+00
+0.1920670177451667E+02 +0.3301753678406532E+00 +0.5676697546587145E+00 +0.2639180132717861E+00
+0.1922937792773333E+02 +0.3315055556389123E+00 +0.5656625992213418E+00 +0.2660274740299424E+00
+0.1925205408095000E+02 +0.3330310679736975E+00 +0.5609665650350399E+00 +0.2683079561046756E+00
+0.1927473023416667E+02 +0.3357411413196257E+00 +0.5538589311445651E+00 +0.2716256834931385E+00
+0.1929740638738334E+02 +0.3403879841077078E+00 +0.5449409745166003E+00 +0.2766545672066394E+00
+0.1932008254060000E+02 +0.3473954242213851E+00 +0.5349648590483994E+00 +0.2838001437644561E+00
+0.1934275869381667E+02 +0.3568898132901666E+00 +0.5246634283690752E+00 +0.2932144572588505E+00
+0.1936543484703333E+02 +0.3688034276766731E+00 +0.5146588412389830E+00 +0.3048694338484688E+00
+0.1938811100025000E+02 +0.3829734080130283E+00 +0.5054576370824078E+00 +0.3186335993216269E+00
+0.1941078715346667E+02 +0.3991904777816311E+00 +0.4974896569845147E+00 +0.3343154414715110E+00
+0.1943346330668334E+02 +0.4171972017144844E+00 +0.4911397884626544E+00 +0.3516703978641003E+00
+0.1945613945990000E+02 +0.4366689983557134E+00 +0.4867429582267353E+00 +0.3703943550489036E+00
+0.1947881561311667E+02 +0.4572185432716543E+00 +0.4845511826269082E+00 +0.3901315714887791E+00
+0.1950149176633333E+02 +0.4784367564969174E+00 +0.4847114682473556E+00 +0.4105056825961363E+00
+0.1952416791955000E+02 +0.4999421855495647E+00 +0.4872856668052453E+00 +0.4311547532340309E+00
+0.1954684407276667E+02 +0.5213959504149734E+00 +0.4923029306222318E+00 +0.4517417760322805E+00
+0.1956952022598334E+02 +0.5424671240720074E+00 +0.4998017586148918E+00 +0.4719307335609574E+00
+0.1959219637920000E+02 +0.5627767236436254E+00 +0.5098249457461839E+00 +0.4913475175844908E+00
+0.1961487253241667E+02 +0.5818652537700436E+00 +0.5223706889262894E+00 +0.5095564669676630E+00
+0.1963754868563333E+02 +0.5992031107882783E+00 +0.5373367226710599E+00 +0.5260666556211981E+00
+0.1966022483885000E+02 +0.6142224565534706E+00 +0.5544870763584766E+00 +0.5403559768261095E+00
+0.1968290099206667E+02 +0.6263396689485697E+00 +0.5734299596138132E+00 +0.5518959699226975E+00
+0.1970557714528334E+02 +0.6349766960027294E+00 +0.5935693876418361E+00 +0.5601856935194924E+00
+0.1972825329850000E+02 +0.6396364723657690E+00 +0.6140254653567547E+00 +0.5648304509762088E+00
+0.1975092945171667E+02 +0.6400781734791077E+00 +0.6335877856332861E+00 +0.5656905273470467E+00
+0.1977360560493333E+02 +0.6365622910776827E+00 +0.6508021289995806E+00 +0.5630702345300991E+00
+0.1979628175815000E+02 +0.6300482167203451E+00 +0.6642488160930864E+00 +0.5578553534579952E+00
+0.1981895791136667E+02 +0.6221907621659414E+00 +0.6729640289483123E+00 +0.5514857744442522E+00
+0.1984163406458334E+02 +0.6150422669051497E+00 +0.6768306907774895E+00 +0.5457039925538661E+00
+0.1986431021780000E+02 +0.6105328472032880E+00 +0.6767164523970901E+00 +0.5421431547248918E+00
+0.1988698637101667E+02 +0.6099690888601939E+00 +0.6742569525278189E+00 +0.5419303703771858E+00
+0.1990966252423334E+02 +0.6137870736075312E+00 +0.6714087570778595E+00 +0.5454749895584858E+00
+0.1993233867745000E+02 +0.6216057179615927E+00 +0.6700145195805904E+00 +0.5524845075643744E+00
+0.1995501483066667E+02 +0.6324463711590160E+00 +0.6715376937075737E+00 +0.5621231614801261E+00
+0.1997769098388334E+02 +0.6449611416198308E+00 +0.6769648867605709E+00 +0.5731990450482373E+00
+0.2000036713710000E+02 +0.6575987708749287E+00 +0.6867904870550667E+00 +0.5843178677585115E+00
+0.2002304329031667E+02 +0.6687218044880546E+00 +0.7010096910021389E+00 +0.5940038774287631E+00
+0.2004571944353334E+02 +0.6767223274084634E+00 +0.7190983876088533E+00 +0.6008176200093802E+00
+0.2006839559675000E+02 +0.6801685008240878E+00 +0.7400041866316418E+00 +0.6034927928867657E+00
+0.2009107174996667E+02 +0.6779765004718745E+00 +0.7621833253601364E+00 +0.6010901601373082E+00
+0.2011374790318334E+02 +0.6695838892244457E+00 +0.7836952938583657E+00 +0.5931529967401028E+00
+0.2013642405640000E+02 +0.6551169609912293E+00 +0.8023563815969608E+00 +0.5798526965425144E+00
+0.2015910020961667E+02 +0.6355448329473720E+00 +0.8159861982046344E+00 +0.5621038401464332E+00
+0.2018177636283334E+02 +0.6127420793079441E+00 +0.8227964158417771E+00 +0.5415806615209861E+00
+0.2020445251605000E+02 +0.5893036568775767E+00 +0.8218709725250433E+00 +0.5205303955967489E+00
+0.2022712866926667E+02 +0.5680277076172782E+00 +0.8135123549157037E+00 +0.5013456381815931E+00
+0.2024980482248334E+02 +0.5512282393528672E+00 +0.7991920761110116E+00 +0.4860260671609904E+00
+0.2027248097570000E+02 +0.5402275807404595E+00 +0.7810713956706854E+00 +0.4757777053121350E+00
+0.2029515712891667E+02 +0.5352749592594426E+00 +0.7613569468296064E+00 +0.4709262598655390E+00
+0.2031783328213334E+02 +0.5358396830763303E+00 +0.7418251505829738E+00 +0.4711195168349842E+00
+0.2034050943535000E+02 +0.5410308495989380E+00 +0.7236658106728853E+00 +0.4756470924747525E+00
+0.2036318558856667E+02 +0.5499197375811897E+00 +0.7075794285484188E+00 +0.4837059863498007E+00
+0.2038586174178334E+02 +0.5616773748099028E+00 +0.6939706992850803E+00 +0.4945320587441085E+00
+0.2040853789500000E+02 +0.5755581177106578E+00 +0.6831037085566112E+00 +0.5074100724834687E+00
+0.2043121404821667E+02 +0.5908148099249049E+00 +0.6751537593187971E+00 +0.5216245673207150E+00
+0.2045389020143334E+02 +0.6066329116401391E+00 +0.6701568159845913E+00 +0.5364211130529495E+00
+0.2047656635465000E+02 +0.6221453084723723E+00 +0.6679022949802892E+00 +0.5510287200414186E+00
+0.2049924250786667E+02 +0.6365518040650504E+00 +0.6678410635346307E+00 +0.5647615640267427E+00
+0.2052191866108334E+02 +0.6493171019899622E+00 +0.6690882661474515E+00 +0.5771757354050264E+00
+0.2054459481430000E+02 +0.6603628534130483E+00 +0.6705728877656449E+00 +0.5882133337725617E+00
+0.2056727096751667E+02 +0.6701379014764026E+00 +0.6713087084826371E+00 +0.5982488201155960E+00
+0.2058994712073333E+02 +0.6794968706461426E+00 +0.6706675618343858E+00 +0.6079915759059256E+00
+0.2061262327395000E+02 +0.6894385782634349E+00 +0.6685120650318972E+00 +0.6182840912831680E+00
+0.2063529942716667E+02 +0.7008514189926283E+00 +0.6651417133198124E+00 +0.6298983761466572E+00
+0.2065797558038334E+02 +0.7143781136211895E+00 +0.6611393660752229E+00 +0.6434114911225701E+00
+0.2068065173360000E+02 +0.7303880886309956E+00 +0.6572348711713956E+00 +0.6591616498185529E+00
+0.2070332788681667E+02 +0.7489769503030741E+00 +0.6542169504825696E+00 +0.6772380219489836E+00
+0.2072600404003333E+02 +0.7699569461060587E+00 +0.6528453168951559E+00 +0.6974797290729124E+00
+0.2074868019325000E+02 +0.7928777875326656E+00 +0.6537289074963475E+00 +0.7195055072194659E+00
+0.2077135634646667E+02 +0.8171282152547884E+00 +0.6572054761171077E+00 +0.7428033924321259E+00
+0.2079403249968334E+02 +0.8421119637595456E+00 +0.6632962078068834E+00 +0.7668724356694067E+00
+0.2081670865290000E+02 +0.8674292203046039E+00 +0.6717823834704049E+00 +0.7913643942608515E+00
+0.2083938480611667E+02 +0.8929750048187983E+00 +0.6823860167763262E+00 +0.8161590975259145E+00
+0.2086206095933333E+02 +0.9188998361214186E+00 +0.6949750416804985E+00 +0.8413336461904410E+00
+0.2088473711255000E+02 +0.9454499652080609E+00 +0.7096934941518076E+00 +0.8670394290203126E+00
+0.2090741326576667E+02 +0.9727713127732646E+00 +0.7269593380007351E+00 +0.8933489304408764E+00
+0.2093008941898334E+02 +0.1000770831914233E+01 +0.7473511380283169E+00 +0.9201421334738067E+00
+0.2095276557220000E+02 +0.1029077621699169E+01 +0.7714553217507347E+00 +0.9470683726863913E+00
+0.2097544172541667E+02 +0.1057088642965961E+01 +0.7997382504151311E+00 +0.9735775168673234E+00
+0.2099811787863334E+02 +0.1084061124119241E+01 +0.8324747743971843E+00 +0.9989921214816875E+00
+0.2102079403185000E+02 +0.1109212332166285E+01 +0.8697421527668262E+00 +0.1022586760859809E+01
+0.2104347018506667E+02 +0.1131785739143437E+01 +0.9114688344065019E+00 +0.1043641445292000E+01
+0.2106614633828334E+02 +0.1151053079237841E+01 +0.9574971581313116E+00 +0.1061448850860038E+01
+0.2108882249150000E+02 +0.1166266215740673E+01 +0.1007600202839466E+01 +0.1075288258063617E+01
+0.2111149864471667E+02 +0.1176625416127551E+01 +0.1061428558249951E+01 +0.1084411764120458E+01
+0.2113417479793334E+02 +0.1181323513846880E+01 +0.1118439113496837E+01 +0.1088079938790491E+01
+0.2115685095115000E+02 +0.1179644222058746E+01 +0.1177889790448347E+01 +0.1085630448649646E+01
+0.2117952710436667E+02 +0.1171021193763028E+01 +0.1238920054031321E+01 +0.1076518279132704E+01
+0.2120220325758334E+02 +0.1154988704191718E+01 +0.1300634273259628E+01 +0.1060285662082652E+01
+0.2122487941080000E+02 +0.1131067885529326E+01 +0.1362069124854458E+01 +0.1036497937954227E+01
+0.2124755556401667E+02 +0.1098738161131963E+01 +0.1422014504072993E+01 +0.1004749172775199E+01
+0.2127023171723334E+02 +0.1057623661369653E+01 +0.1478818470818191E+01 +0.9648195872968686E+00
+0.2129290787045000E+02 +0.1007855517598334E+01 +0.1530387777305630E+01 +0.9169485553458293E+00
+0.2131558402366667E+02 +0.9503951861093853E+00 +0.1574488971995828E+01 +0.8620681435729858E+00
+0.2133826017688333E+02 +0.8870899746439189E+00 +0.1609244278225431E+01 +0.8018320202134536E+00
+0.2136093633010000E+02 +0.8203826201147266E+00 +0.1633577727104363E+01 +0.7383824433857820E+00
+0.2138361248331667E+02 +0.7527923668669304E+00 +0.1647376680393087E+01 +0.6739475236874597E+00
+0.2140628863653334E+02 +0.6864305338292653E+00 +0.1651273033839731E+01 +0.6104699056744325E+00
+0.2142896478975000E+02 +0.6228293703447583E+00 +0.1646178607104276E+01 +0.5494672925641305E+00
+0.2145164094296667E+02 +0.5631716542365954E+00 +0.1632906952274874E+01 +0.4921771838426806E+00
+0.2147431709618333E+02 +0.5086917038807570E+00 +0.1612175325394338E+01 +0.4398190242548223E+00
+0.2149699324940000E+02 +0.4608568892669011E+00 +0.1584968556832081E+01 +0.3937029653805246E+00
+0.2151966940261667E+02 +0.4211189959757690E+00 +0.1552928208993097E+01 +0.3550388337119780E+00
+0.2154234555583334E+02 +0.3903838910954085E+00 +0.1518407790672027E+01 +0.3245450144471070E+00
+0.2156502170905000E+02 +0.3685531260999061E+00 +0.1484097529033178E+01 +0.3021089047988179E+00
+0.2158769786226667E+02 +0.3544165461751161E+00 +0.1452403250321551E+01 +0.2867118211149444E+00
+0.2161037401548333E+02 +0.3459600559533841E+00 +0.1424872870880583E+01 +0.2766775571891821E+00
+0.2163305016870000E+02 +0.3409639147827044E+00 +0.1401913971367051E+01 +0.2701515205102150E+00
+0.2165572632191667E+02 +0.3376580585463530E+00 +0.1382921239294808E+01 +0.2656227435472793E+00
+0.2167840247513334E+02 +0.3351685319751908E+00 +0.1366774173201679E+01 +0.2622772409128260E+00
+0.2170107862835000E+02 +0.3335564359484232E+00 +0.1352496250083363E+01 +0.2600329649805859E+00
+0.2172375478156667E+02 +0.3334378243436210E+00 +0.1339768027067286E+01 +0.2592525808625816E+00
+0.2174643093478333E+02 +0.3353960502771529E+00 +0.1329058730108958E+01 +0.2602929009192082E+00
+0.2176910708800000E+02 +0.3394946233757316E+00 +0.1321362805589131E+01 +0.2631202678320167E+00
+0.2179178324121667E+02 +0.3450962084049789E+00 +0.1317735088564087E+01 +0.2671529568539419E+00
+0.2181445939443334E+02 +0.3509970844725997E+00 +0.1318866907741158E+01 +0.2713518115801998E+00
+0.2183713554765000E+02 +0.3557535977717322E+00 +0.1324856797390531E+01 +0.2744727893997481E+00
+0.2185981170086667E+02 +0.3580474365242660E+00 +0.1335220326032966E+01 +0.2753578967793935E+00
+0.2188248785408334E+02 +0.3569526981125369E+00 +0.1349105344130636E+01 +0.2731492884241429E+00
+0.2190516400730000E+02 +0.3520049257439861E+00 +0.1365613897603854E+01 +0.2673458836546068E+00
+0.2192784016051667E+02 +0.3430446262648937E+00 +0.1384087091523380E+01 +0.2576824804764632E+00
+0.2195051631373334E+02 +0.3299004207513563E+00 +0.1404215221772476E+01 +0.2438851157928237E+00
+0.2197319246695000E+02 +0.3120505554424499E+00 +0.1425896131056869E+01 +0.2254156568209726E+00
+0.2199586862016667E+02 +0.2884309657937495E+00 +0.1448856486556517E+01 +0.2013424567702927E+00
+0.2201854477338334E+02 +0.2575393710592776E+00 +0.1472150847989985E+01 +0.1704544904147666E+00
+0.2204122092660000E+02 +0.2179107150552293E+00 +0.1493750968953550E+01 +0.1316657471699060E+00
+0.2206389707981667E+02 +0.1688832249961815E+00 +0.1510496310437847E+01 +0.8462613702360111E-01
+0.2208657323303334E+02 +0.1113595548996607E+00 +0.1518598599662038E+01 +0.3030008647401594E-01
+0.2210924938625000E+02 +0.4815061667958965E-01 +0.1514625616941835E+01 -0.2879459082773828E-01
+0.2213192553946667E+02 -0.1636367248095971E-01 +0.1496584869473562E+01 -0.8887992415927548E-01
+0.2215460169268334E+02 -0.7718289699869706E-01 +0.1464638794236207E+01 -0.1456885245301391E+00
+0.2217727784590000E+02 -0.1298925238233477E+00 +0.1421158822524264E+01 -0.1954422660401396E+00
+0.2219995399911667E+02 -0.1716942348762919E+00 +0.1370101973141258E+01 -0.2356924911259164E+00
+0.2222263015233334E+02 -0.2019076673415280E+00 +0.1315945430150387E+01 -0.2657394779343660E+00
+0.2224530630555000E+02 -0.2218064933668414E+00 +0.1262577332419293E+01 -0.2865217209412263E+00
+0.2226798245876667E+02 -0.2339307925361881E+00 +0.1212524407699691E+01 -0.3000776202940478E+00
+0.2229065861198334E+02 -0.2411968838076841E+00 +0.1166696263797247E+01 -0.3088214435632688E+00
+0.2231333476520000E+02 -0.2461090198432830E+00 +0.1124592756315162E+01 -0.3148774731737769E+00
+0.2233601091841667E+02 -0.2502414011880702E+00 +0.1084802775713091E+01 -0.3196257759452306E+00
+0.2235868707163334E+02 -0.2540415896120818E+00 +0.1045621400356598E+01 -0.3235188323198002E+00
+0.2238136322485000E+02 -0.2569476292306376E+00 +0.1005635426574244E+01 -0.3261657429294209E+00
+0.2240403937806667E+02 -0.2577575531927108E+00 +0.9641381888512355E+00 -0.3266281859629649E+00
+0.2242671553128334E+02 -0.2551210424944231E+00 +0.9212758722246350E+00 -0.3238199376398059E+00
+0.2244939168450000E+02 -0.2479867187297987E+00 +0.8779193730922703E+00 -0.3168771621371111E+00
+0.2247206783771667E+02 -0.2358742288212671E+00 +0.8353542686975556E+00 -0.3053942369772593E+00
+0.2249474399093334E+02 -0.2189300364721510E+00 +0.7949284722279510E+00 -0.2894873060513654E+00
+0.2251742014415000E+02 -0.1978140066523223E+00 +0.7577732198908371E+00 -0.2697159112115532E+00
+0.2254009629736667E+02 -0.1735044838714632E+00 +0.7246472891552098E+00 -0.2469280778396294E+00
+0.2256277245058333E+02 -0.1470970253550281E+00 +0.6958948795914627E+00 -0.2220901541496465E+00
+0.2258544860380000E+02 -0.1196364999379691E+00 +0.6714835131497512E+00 -0.1961390862647940E+00
+0.2260812475701667E+02 -0.9199732321521156E-01 +0.6510916382223098E+00 -0.1698745115990818E+00
+0.2263080091023333E+02 -0.6481781446134831E-01 +0.6342218973541507E+00 -0.1438976299877182E+00
+0.2265347706345000E+02 -0.3848867147668500E-01 +0.6203172173712355E+00 -0.1185971609472953E+00
+0.2267615321666667E+02 -0.1318812203685593E-01 +0.6088598371627526E+00 -0.9417646147534842E-01
+0.2269882936988333E+02 +0.1104783503836861E-01 +0.5994376953277392E+00 -0.7071104405450535E-01
+0.2272150552310000E+02 +0.3423731705914888E-01 +0.5917638183425695E+00 -0.4821985925261996E-01
+0.2274418167631667E+02 +0.5637634963647792E-01 +0.5856426715031499E+00 -0.2672602533760493E-01
+0.2276685782953334E+02 +0.7740738642476214E-01 +0.5809024564339510E+00 -0.6283417659879387E-02
+0.2278953398275000E+02 +0.9724115913471354E-01 +0.5773336358909904E+00 +0.1303694032876368E-01
+0.2281221013596667E+02 +0.1158076492054685E+00 +0.5746642041499604E+00 +0.3118453161177026E-01
+0.2283488628918334E+02 +0.1331041725627415E+00 +0.5725721613863952E+00 +0.4816801567117901E-01
+0.2285756244240000E+02 +0.1492257435965254E+00 +0.5707185846031730E+00 +0.6408150082776454E-01
+0.2288023859561667E+02 +0.1643779660518153E+00 +0.5687895051327618E+00 +0.7911539201761153E-01
+0.2290291474883334E+02 +0.1788722978872897E+00 +0.5665428228476306E+00 +0.9355068650203602E-01
+0.2292559090205000E+02 +0.1930995423647912E+00 +0.5638537478829904E+00 +0.1077347287510273E+00
+0.2294826705526667E+02 +0.2074825733581083E+00 +0.5607467858876439E+00 +0.1220400237931483E+00
+0.2297094320848334E+02 +0.2224175882717746E+00 +0.5574053357095052E+00 +0.1368132113156740E+00
+0.2299361936170000E+02 +0.2382150469511262E+00 +0.5541573427005184E+00 +0.1523232841847150E+00
+0.2301629551491667E+02 +0.2550486875363215E+00 +0.5514401737180724E+00 +0.1687164939636837E+00
+0.2303897166813334E+02 +0.2729169769074596E+00 +0.5497487605212523E+00 +0.1859828305176605E+00
+0.2306164782135000E+02 +0.2916207531409450E+00 +0.5495671831246081E+00 +0.2039392881644544E+00
+0.2308432397456667E+02 +0.3107694902868139E+00 +0.5512840746198191E+00 +0.2222398719663872E+00
+0.2310700012778334E+02 +0.3298336505799600E+00 +0.5551085550300634E+00 +0.2404227657815129E+00
+0.2312967628100001E+02 +0.3482423002231885E+00 +0.5610210973054727E+00 +0.2579913727381210E+00
+0.2315235243421667E+02 +0.3654954125726948E+00 +0.5687856510807925E+00 +0.2745059848204990E+00
+0.2317502858743334E+02 +0.3812501254947138E+00 +0.5780194420998114E+00 +0.2896552262089540E+00
+0.2319770474065000E+02 +0.3953553363923711E+00 +0.5882940513214359E+00 +0.3032856119403669E+00
+0.2322038089386667E+02 +0.4078273585043341E+00 +0.5992373854183475E+00 +0.3153816361860694E+00
+0.2324305704708334E+02 +0.4187697501906708E+00 +0.6106050359459484E+00 +0.3260010685877119E+00
+0.2326573320030001E+02 +0.4282596153284043E+00 +0.6222847510957833E+00 +0.3351875447726347E+00
+0.2328840935351667E+02 +0.4362556048606842E+00 +0.6342153344854633E+00 +0.3429036792230127E+00
+0.2331108550673333E+02 +0.4425913543482637E+00 +0.6462542097304098E+00 +0.3490293769661951E+00
+0.2333376165995000E+02 +0.4470712188076989E+00 +0.6580727675330413E+00 +0.3534359081372741E+00
+0.2335643781316667E+02 +0.4496173031335628E+00 +0.6691437458450277E+00 +0.3560997683878753E+00
+0.2337911396638334E+02 +0.4503930469204094E+00 +0.6788223611289856E+00 +0.3572023578700125E+00
+0.2340179011960000E+02 +0.4498638291084548E+00 +0.6864782437156574E+00 +0.3571813164594088E+00
+0.2342446627281667E+02 +0.4487932611010674E+00 +0.6916444494484988E+00 +0.3567238384680994E+00
+0.2344714242603333E+02 +0.4481679339061570E+00 +0.6941674492877932E+00 +0.3566954246957345E+00
+0.2346981857925000E+02 +0.4490352739888306E+00 +0.6943158838400764E+00 +0.3580017962620775E+00
+0.2349249473246667E+02 +0.4522881085322145E+00 +0.6927813721299548E+00 +0.3614151661536862E+00
+0.2351517088568334E+02 +0.4584871282158889E+00 +0.6905545930699482E+00 +0.3674293746381202E+00
+0.2353784703890000E+02 +0.4677896446416046E+00 +0.6887417488271373E+00 +0.3761932237902126E+00
+0.2356052319211667E+02 +0.4799750466342780E+00 +0.6884017641856164E+00 +0.3875213367838589E+00
+0.2358319934533333E+02 +0.4945183102652219E+00 +0.6904359287973667E+00 +0.4009509461681606E+00
+0.2360587549855000E+02 +0.5106773841108854E+00 +0.6955251630958056E+00 +0.4158156782057632E+00
+0.2362855165176667E+02 +0.5275759433562573E+00 +0.7041056115313986E+00 +0.4313178052851314E+00
+0.2365122780498334E+02 +0.5442656068848679E+00 +0.7163675533703945E+00 +0.4465869522281879E+00
+0.2367390395820000E+02 +0.5597659830883370E+00 +0.7322504764284623E+00 +0.4607258072902632E+00
+0.2369658011141667E+02 +0.5731084210396251E+00 +0.7514133258680595E+00 +0.4728622051956403E+00
+0.2371925626463334E+02 +0.5834251686087766E+00 +0.7731913214854029E+00 +0.4822360700181269E+00
+0.2374193241785000E+02 +0.5901087823263044E+00 +0.7965941208104139E+00 +0.4883331494558140E+00
+0.2376460857106667E+02 +0.5930069781399611E+00 +0.8204243658729972E+00 +0.4910309488671644E+00
+0.2378728472428334E+02 +0.5925369097586084E+00 +0.8435536289015284E+00 +0.4906687276398686E+00
+0.2380996087750000E+02 +0.5895809340461258E+00 +0.8652692871747141E+00 +0.4879493289536037E+00
+0.2383263703071667E+02 +0.5851389951475009E+00 +0.8854907421697868E+00 +0.4836669343504446E+00
+0.2385531318393334E+02 +0.5799026006099832E+00 +0.9046870830299840E+00 +0.4783843041936953E+00
+0.2387798933715000E+02 +0.5740026453550240E+00 +0.9235229838824427E+00 +0.4722394472233528E+00
+0.2390066549036667E+02 +0.5670706093466037E+00 +0.9424473208326074E+00 +0.4649836139861744E+00
+0.2392334164358334E+02 +0.5585435464513835E+00 +0.9614593426656826E+00 +0.4562045513444174E+00
+0.2394601779680000E+02 +0.5480077698266270E+00 +0.9801506413650363E+00 +0.4455861630494518E+00
+0.2396869395001667E+02 +0.5353854962177615E+00 +0.9979474785655251E+00 +0.4330574030820077E+00
+0.2399137010323334E+02 +0.5208897801909984E+00 +0.1014373682028902E+01 +0.4187708886216299E+00
+0.2401404625645000E+02 +0.5048204075165051E+00 +0.1029168064886432E+01 +0.4029617672556073E+00
+0.2403672240966667E+02 +0.4873585435050631E+00 +0.1042191672194048E+01 +0.3858070749534888E+00
+0.2405939856288334E+02 +0.4685265290777166E+00 +0.1053175663626371E+01 +0.3674159285749866E+00
+0.2408207471610000E+02 +0.4484365898530421E+00 +0.1061486494011933E+01 +0.3480285206994577E+00
+0.2410475086931667E+02 +0.4277723121536942E+00 +0.1066215345677155E+01 +0.3283448059945369E+00
+0.2412742702253334E+02 +0.4080910325401932E+00 +0.1066788633258992E+01 +0.3096803639388218E+00
+0.2415010317575000E+02 +0.3914330161504756E+00 +0.1063748495844704E+01 +0.2936412641864549E+00
+0.2417277932896667E+02 +0.3793363901390160E+00 +0.1058945744760977E+01 +0.2814166076198449E+00
+0.2419545548218334E+02 +0.3720432682608533E+00 +0.1054887804357419E+01 +0.2731938667774254E+00
+0.2421813163540000E+02 +0.3684401637929556E+00 +0.1053799177466641E+01 +0.2680733449261822E+00
+0.2424080778861667E+02 +0.3665446214307446E+00 +0.1056998669177595E+01 +0.2644102924692501E+00
+0.2426348394183334E+02 +0.3641133343807571E+00 +0.1064712603161553E+01 +0.2603037454798922E+00
+0.2428616009505000E+02 +0.3591541121554310E+00 +0.1076180311460977E+01 +0.2540387032932698E+00
+0.2430883624826667E+02 +0.3502885778267340E+00 +0.1089929768677980E+01 +0.2444077775969600E+00
+0.2433151240148334E+02 +0.3369436568114028E+00 +0.1104144552067889E+01 +0.2308858600094117E+00
+0.2435418855470000E+02 +0.3193696834528983E+00 +0.1117045780135221E+01 +0.2136542360470945E+00
+0.2437686470791667E+02 +0.2985102718435668E+00 +0.1127232253160474E+01 +0.1934893221366972E+00
+0.2439954086113334E+02 +0.2757403407831774E+00 +0.1133944818732603E+01 +0.1715317235797146E+00
+0.2442221701435000E+02 +0.2524732927285502E+00 +0.1137189336032181E+01 +0.1489565444246359E+00
+0.2444489316756667E+02 +0.2297128934457843E+00 +0.1137592517906108E+01 +0.1266291027286536E+00
+0.2446756932078333E+02 +0.2077976630277419E+00 +0.1135940035193977E+01 +0.1049299953937060E+00
+0.2449024547400000E+02 +0.1866084320176640E+00 +0.1132647373105525E+01 +0.8391039716684923E-01
+0.2451292162721667E+02 +0.1661506850568213E+00 +0.1127632260936744E+01 +0.6368693160593175E-01
+0.2453559778043333E+02 +0.1469792184760986E+00 +0.1120777519247780E+01 +0.4471442855959218E-01
+0.2455827393365000E+02 +0.1299969159272203E+00 +0.1112572702299406E+01 +0.2763604715257817E-01
+0.2458095008686667E+02 +0.1157672176527654E+00 +0.1104307577273271E+01 +0.1280164883544277E-01
+0.2460362624008334E+02 +0.1039265761340782E+00 +0.1097640272503489E+01 -0.1594726938904945E-03
+0.2462630239330000E+02 +0.9309503070807942E-01 +0.1093896880225467E+01 -0.1241912499554387E-01
+0.2464897854651667E+02 +0.8123285320568424E-01 +0.1093522996548357E+01 -0.2568291542647749E-01
+0.2467165469973334E+02 +0.6618931098826937E-01 +0.1095850625638955E+01 -0.4174186431603855E-01
+0.2469433085295000E+02 +0.4625969699009357E-01 +0.1099147330932098E+01 -0.6199443781137193E-01
+0.2471700700616667E+02 +0.2067802205657627E-01 +0.1100897070953927E+01 -0.8702615037348016E-01
+0.2473968315938334E+02 -0.1002656829098818E-01 +0.1098315515678896E+01 -0.1163286373243204E+00
+0.2476235931260000E+02 -0.4396768613162747E-01 +0.1089065268859521E+01 -0.1482791740137075E+00
+0.2478503546581667E+02 -0.7829230232336762E-01 +0.1071961864087779E+01 -0.1804751986465047E+00
+0.2480771161903334E+02 -0.1099663346098763E+00 +0.1047325266491129E+01 -0.2103577108353718E+00
+0.2483038777225000E+02 -0.1366051645273590E+00 +0.1016764256855430E+01 -0.2358639438359604E+00
+0.2485306392546667E+02 -0.1569427013259478E+00 +0.9825357880197494E+00 -0.2558179472299169E+00
+0.2487574007868334E+02 -0.1708010639272459E+00 +0.9468661771054250E+00 -0.2699488784060333E+00
+0.2489841623190000E+02 -0.1787473556900838E+00 +0.9115386123088851E+00 -0.2786526914689342E+00
+0.2492109238511667E+02 -0.1817176986308615E+00 +0.8777858567627080E+00 -0.2826958060098428E+00
+0.2494376853833334E+02 -0.1807608664294146E+00 +0.8463524730763995E+00 -0.2829877965041812E+00
+0.2496644469155000E+02 -0.1769017782293960E+00 +0.8175918882723046E+00 -0.2804427111999623E+00
+0.2498912084476667E+02 -0.1710629430736582E+00 +0.7915423932148713E+00 -0.2758929441649196E+00
+0.2501179699798334E+02 -0.1639939471768341E+00 +0.7679930291811683E+00 -0.2700213325221754E+00
+0.2503447315120000E+02 -0.1562061627418396E+00 +0.7465758649968568E+00 -0.2633085081798876E+00
+0.2505714930441667E+02 -0.1479523911781496E+00 +0.7268940319571389E+00 -0.2560194914958229E+00
+0.2507982545763334E+02 -0.1392816506333374E+00 +0.7086430979742173E+00 -0.2482466821825648E+00
+0.2510250161085001E+02 -0.1301457581712285E+00 +0.6916727786733324E+00 -0.2399929279381767E+00
+0.2512517776406667E+02 -0.1205049526190254E+00 +0.6759777469008889E+00 -0.2312575919509354E+00
+0.2514785391728334E+02 -0.1103981226794570E+00 +0.6616423562685746E+00 -0.2220969976665943E+00
+0.2517053007050000E+02 -0.9996863367398429E-01 +0.6487680136184720E+00 -0.2126486451083012E+00
+0.2519320622371667E+02 -0.8944897841395695E-01 +0.6374064481302251E+00 -0.2031209746790608E+00
+0.2521588237693334E+02 -0.7911698235295241E-01 +0.6275164883601588E+00 -0.1937587223435731E+00
+0.2523855853015001E+02 -0.6924168486902385E-01 +0.6189500756492949E+00 -0.1847976387168073E+00
+0.2526123468336667E+02 -0.6003068480163486E-01 +0.6114633821573561E+00 -0.1764192614649061E+00
+0.2528391083658333E+02 -0.5158431351790486E-01 +0.6047525959353421E+00 -0.1687137332819471E+00
+0.2530658698980000E+02 -0.4387174979780510E-01 +0.5985174721998145E+00 -0.1616638469593481E+00
+0.2532926314301667E+02 -0.3675476477008024E-01 +0.5925361883560369E+00 -0.1551662578761670E+00
+0.2535193929623334E+02 -0.3006314724375409E-01 +0.5867064464297773E+00 -0.1490882684038051E+00
+0.2537461544945000E+02 -0.2367746491086406E-01 +0.5810153449088828E+00 -0.1433272274461228E+00
+0.2539729160266667E+02 -0.1755393398578063E-01 +0.5754571772723045E+00 -0.1378287797532014E+00
+0.2541996775588333E+02 -0.1167086635914763E-01 +0.5699705074293621E+00 -0.1325513520483810E+00
+0.2544264390910000E+02 -0.5947675237544135E-02 +0.5644516903413248E+00 -0.1274116764570632E+00
+0.2546532006231667E+02 -0.2110360281511684E-03 +0.5588332409880168E+00 -0.1222626418940855E+00
+0.2548799621553334E+02 +0.5761094853113323E-02 +0.5531622821528275E+00 -0.1169262165071394E+00
+0.2551067236875000E+02 +0.1214913668525539E-01 +0.5476215373055869E+00 -0.1112611981343128E+00
+0.2553334852196667E+02 +0.1901183694151417E-01 +0.5424834862775948E+00 -0.1052255206497488E+00
+0.2555602467518334E+02 +0.2625328963704457E-01 +0.5380275014608145E+00 -0.9890361264114178E-01
+0.2557870082840000E+02 +0.3364252759599245E-01 +0.5344562774857630E+00 -0.9249129498469588E-01
+0.2560137698161667E+02 +0.4087442896676716E-01 +0.5318377883038210E+00 -0.8624625816235065E-01
+0.2562405313483334E+02 +0.4765250166547424E-01 +0.5300913227451027E+00 -0.8042148172076180E-01
+0.2564672928805000E+02 +0.5376286745183859E-01 +0.5290257474696219E+00 -0.7520695306075242E-01
+0.2566940544126667E+02 +0.5910376531452286E-01 +0.5284138230497695E+00 -0.7070577501890352E-01
+0.2569208159448334E+02 +0.6365508377230072E-01 +0.5280587644007484E+00 -0.6695394171467428E-01
+0.2571475774770000E+02 +0.6741471047830019E-01 +0.5278079088482532E+00 -0.6396321382885306E-01
+0.2573743390091667E+02 +0.7035830300761767E-01 +0.5275064339938265E+00 -0.6174688755563951E-01
+0.2576011005413334E+02 +0.7246511764130006E-01 +0.5269345353455717E+00 -0.6029912461237741E-01
+0.2578278620735000E+02 +0.7380124347552161E-01 +0.5257927993060376E+00 -0.5953568277607424E-01
+0.2580546236056667E+02 +0.7459851966845753E-01 +0.5237722252389295E+00 -0.5924113875160897E-01
+0.2582813851378334E+02 +0.7525518192459389E-01 +0.5206789742678162E+00 -0.5907366046433049E-01
+0.2585081466700000E+02 +0.7623720968256245E-01 +0.5165290189070035E+00 -0.5864000497455857E-01
+0.2587349082021667E+02 +0.7794064570801482E-01 +0.5115441046397896E+00 -0.5759878847351874E-01
+0.2589616697343334E+02 +0.8060350847984582E-01 +0.5060595935082357E+00 -0.5573041934062295E-01
+0.2591884312665000E+02 +0.8430612520526337E-01 +0.5004156736728009E+00 -0.5294368149677520E-01
+0.2594151927986667E+02 +0.8903074907822027E-01 +0.4948955449708544E+00 -0.4923615314378615E-01
+0.2596419543308334E+02 +0.9472413208584918E-01 +0.4897244188609011E+00 -0.4464792387351291E-01
+0.2598687158630000E+02 +0.1013255148989884E+00 +0.4851007248300604E+00 -0.3923736274550937E-01
+0.2600954773951667E+02 +0.1087597477412139E+00 +0.4812216559661955E+00 -0.3308188392378630E-01
+0.2603222389273334E+02 +0.1169199496812994E+00 +0.4782857725696739E+00 -0.2628839877448552E-01
+0.2605490004595000E+02 +0.1256610159580396E+00 +0.4764826548887462E+00 -0.1899902184432789E-01
+0.2607757619916667E+02 +0.1348025942537831E+00 +0.4759891935925927E+00 -0.1139216466065474E-01
+0.2610025235238334E+02 +0.1441220935520293E+00 +0.4769759731748421E+00 -0.3690378780733194E-02
+0.2612292850560000E+02 +0.1533265721319783E+00 +0.4796022828933316E+00 +0.3819853596822798E-02
+0.2614560465881667E+02 +0.1620220989530127E+00 +0.4839749557151907E+00 +0.1077053477784984E-01
+0.2616828081203334E+02 +0.1697181936912415E+00 +0.4900739778833940E+00 +0.1672276281955121E-01
+0.2619095696525000E+02 +0.1758906052157632E+00 +0.4976805451645996E+00 +0.2122137453473238E-01
+0.2621363311846667E+02 +0.1800912609832246E+00 +0.5063509957254257E+00 +0.2388492456684066E-01
+0.2623630927168334E+02 +0.1820678077102313E+00 +0.5154614612136814E+00 +0.2450163810925454E-01
+0.2625898542490000E+02 +0.1818473920055591E+00 +0.5243208844947473E+00 +0.2309460033771971E-01
+0.2628166157811667E+02 +0.1797451473313339E+00 +0.5323233225205852E+00 +0.1992518887255657E-01
+0.2630433773133333E+02 +0.1762799231267533E+00 +0.5390852670640639E+00 +0.1542384441497158E-01
+0.2632701388455000E+02 +0.1720234545012716E+00 +0.5445070074707498E+00 +0.1007057591161697E-01
+0.2634969003776667E+02 +0.1674511773540915E+00 +0.5487316918754782E+00 +0.4275932464502974E-02
+0.2637236619098334E+02 +0.1628604291720963E+00 +0.5520367279769576E+00 -0.1689863382176693E-02
+0.2639504234420000E+02 +0.1583686901900384E+00 +0.5547249121925635E+00 -0.7707796615586071E-02
+0.2641771849741667E+02 +0.1539529569720031E+00 +0.5570557913425921E+00 -0.1378420184791174E-01
+0.2644039465063333E+02 +0.1494920945089490E+00 +0.5592081437165484E+00 -0.2001403372815025E-01
+0.2646307080385000E+02 +0.1448118541809919E+00 +0.5612511143589821E+00 -0.2653769976645282E-01
+0.2648574695706667E+02 +0.1397505405921693E+00 +0.5631313586702191E+00 -0.3348551735837746E-01
+0.2650842311028333E+02 +0.1342344897370084E+00 +0.5647096281289508E+00 -0.4092235323217031E-01
+0.2653109926350000E+02 +0.1283077257046415E+00 +0.5658545602123204E+00 -0.4883018550605422E-01
+0.2655377541671667E+02 +0.1220680314800843E+00 +0.5665313719089746E+00 -0.5715472336668248E-01
+0.2657645156993334E+02 +0.1155488685080443E+00 +0.5667943594161319E+00 -0.6588458855035806E-01
+0.2659912772315000E+02 +0.1086616661092924E+00 +0.5666732555074701E+00 -0.7508748664344278E-01
+0.2662180387636667E+02 +0.1012663332317842E+00 +0.5660558548342521E+00 -0.8485945724852173E-01
+0.2664448002958334E+02 +0.9331544155983328E-01 +0.5646764967499325E+00 -0.9522274735030267E-01
+0.2666715618280000E+02 +0.8495728242597603E-01 +0.5622225495773228E+00 -0.1060510646775272E+00
+0.2668983233601667E+02 +0.7652831409409702E-01 +0.5584802419421375E+00 -0.1170738396821438E+00
+0.2671250848923334E+02 +0.6845240653185965E-01 +0.5534278278467695E+00 -0.1279505607394540E+00
+0.2673518464245000E+02 +0.6111978845057862E-01 +0.5472372395399255E+00 -0.1383647721363817E+00
+0.2675786079566667E+02 +0.5481060570179998E-01 +0.5402134336627578E+00 -0.1480905559269770E+00
+0.2678053694888334E+02 +0.4967374656406139E-01 +0.5327286789355596E+00 -0.1570199627834836E+00
+0.2680321310210000E+02 +0.4572730922845946E-01 +0.5251801129094835E+00 -0.1651701644083423E+00
+0.2682588925531667E+02 +0.4285377538680264E-01 +0.5179552900519226E+00 -0.1726876605089087E+00
+0.2684856540853334E+02 +0.4079865409733274E-01 +0.5113835237644409E+00 -0.1798459108106560E+00
+0.2687124156175000E+02 +0.3919613254157567E-01 +0.5056780016290012E+00 -0.1870227450057012E+00
+0.2689391771496667E+02 +0.3762734363858346E-01 +0.5008941361777879E+00 -0.1946544745828882E+00
+0.2691659386818334E+02 +0.3569403407940817E-01 +0.4969238859523774E+00 -0.2031794168363832E+00
+0.2693927002140001E+02 +0.3308285990465321E-01 +0.4935279967523201E+00 -0.2129909555939098E+00
+0.2696194617461667E+02 +0.2960038519274458E-01 +0.4903924571690457E+00 -0.2244159214908974E+00
+0.2698462232783334E+02 +0.2517246258143097E-01 +0.4871852328089253E+00 -0.2377288281344550E+00
+0.2700729848105000E+02 +0.1982114433951588E-01 +0.4835921488883104E+00 -0.2531822727188919E+00
+0.2702997463426667E+02 +0.1364229672947877E-01 +0.4793298033347796E+00 -0.2710981514183963E+00
+0.2705265078748334E+02 +0.6795888910762342E-02 +0.4741519228116657E+00 -0.2918324312090326E+00
+0.2707532694070001E+02 -0.4999483350995714E-03 +0.4678645286288859E+00 -0.3163795001638936E+00
+0.2709800309391667E+02 -0.7988398758760371E-02 +0.4603464735523982E+00 -0.3450977003131304E+00
+0.2712067924713334E+02 -0.1541039851868182E-01 +0.4515549227926537E+00 -0.3848972865596048E+00
+0.2714335540035000E+02 -0.2253667233620632E-01 +0.4415008773029100E+00 -0.4208084735133704E+00
+0.2716603155356667E+02 -0.2916674709785028E-01 +0.4302094236764163E+00 -0.5394798173585624E+00
+0.2718870770678334E+02 -0.3509385198944154E-01 +0.4177023314744518E+00 -0.6070766334251252E+00
